experiment,corruption,severity,intervention_type,fraction,alpha,norm_cap,layer_id,n_seeds,U_mean,U_std,U_min,U_max,n_images_mean,n_images_std,n_images_min,n_images_max,recovery_rate_mean,recovery_rate_std,recovery_rate_min,recovery_rate_max,new_error_rate_mean,new_error_rate_std,new_error_rate_min,new_error_rate_max,corruption_failure_set_size_mean,corruption_failure_set_size_std,corruption_failure_set_size_min,corruption_failure_set_size_max,still_correct_set_size_mean,still_correct_set_size_std,still_correct_set_size_min,still_correct_set_size_max,margin_change_mean,margin_change_std,margin_change_min,margin_change_max,model_fingerprint
E1,gaussian_noise,1,partial_channel,0.01,1.0,,0,20,-0.034999999999997256,0.15736314020359787,-0.30000000000000027,0.35000000000000586,2000.0,0.0,2000,2000,0.037686567164179105,0.01720170766650343,0.007462686567164179,0.06716417910447761,0.006699470098410295,0.0015968980401006047,0.004542013626040878,0.009084027252081756,134.0,0.0,134,134,1321.0,0.0,1321,1321,0.0008336217463016509,0.0036918008560029793,-0.009757674813270568,0.006529875040054321,274f49f21a03df6f7da7f330fed2fe31ff1b6bdd1be8fc9ce8088bf297fdd4e6
E1,gaussian_noise,1,partial_channel,0.05,1.0,,0,20,-0.09499999999999675,0.21636956688426529,-0.5499999999999949,0.20000000000000018,2000.0,0.0,2000,2000,0.08656716417910447,0.02532456883509051,0.05223880597014925,0.13432835820895522,0.014193792581377745,0.0028097244267150435,0.009084027252081756,0.01968205904617714,134.0,0.0,134,134,1321.0,0.0,1321,1321,0.013166580480337146,0.012362462994858716,-0.0016548657417297364,0.048488503932952884,274f49f21a03df6f7da7f330fed2fe31ff1b6bdd1be8fc9ce8088bf297fdd4e6
E1,gaussian_noise,1,partial_channel,0.1,1.0,,0,20,-0.19749999999999712,0.3925205324834012,-1.100000000000001,0.40000000000000036,2000.0,0.0,2000,2000,0.13843283582089555,0.06165666326850621,0.07462686567164178,0.3208955223880597,0.023618470855412563,0.01423782961055664,0.011355034065102196,0.06510219530658592,134.0,0.0,134,134,1321.0,0.0,1321,1321,0.004797668230533597,0.08303149245457898,-0.2403620376586914,0.07585544657707215,274f49f21a03df6f7da7f330fed2fe31ff1b6bdd1be8fc9ce8088bf297fdd4e6
E1,gaussian_noise,1,partial_channel,0.2,1.0,,0,20,0.13750000000000318,0.3605095078679039,-0.5499999999999949,0.8500000000000063,2000.0,0.0,2000,2000,0.22761194029850743,0.0684609045517269,0.15671641791044777,0.3880597014925373,0.030847842543527633,0.01113340695560309,0.018168054504163512,0.056018168054504165,134.0,0.0,134,134,1321.0,0.0,1321,1321,0.03488640710115433,0.05370095508788579,-0.09646105754375457,0.10512727308273316,274f49f21a03df6f7da7f330fed2fe31ff1b6bdd1be8fc9ce8088bf297fdd4e6
E1,gaussian_noise,1,partial_channel,0.01,1.0,,1,20,-0.019999999999997242,0.14635932710824848,-0.24999999999999467,0.35000000000000586,2000.0,0.0,2000,2000,0.03283582089552238,0.0161333622022263,0.007462686567164179,0.06716417910447761,0.00575321725965178,0.002256350705134276,0.001514004542013626,0.00984102952308857,134.0,0.0,134,134,1321.0,0.0,1321,1321,0.002355723136663437,0.003005979920091468,-0.003566826581954956,0.008933749556541443,274f49f21a03df6f7da7f330fed2fe31ff1b6bdd1be8fc9ce8088bf297fdd4e6
E1,gaussian_noise,1,partial_channel,0.05,1.0,,1,20,0.027500000000003078,0.22033168776092812,-0.40000000000000036,0.35000000000000586,2000.0,0.0,2000,2000,0.08358208955223881,0.024644117835280498,0.03731343283582089,0.12686567164179105,0.01267978803936412,0.0028311117909172443,0.008327024981074944,0.018168054504163512,134.0,0.0,134,134,1321.0,0.0,1321,1321,0.019543185281753545,0.009103309166572126,-0.004021432757377624,0.03515281355381012,274f49f21a03df6f7da7f330fed2fe31ff1b6bdd1be8fc9ce8088bf297fdd4e6
E1,gaussian_noise,1,partial_channel,0.1,1.0,,1,20,0.05250000000000421,0.30714089000943806,-0.5499999999999949,0.6500000000000061,2000.0,0.0,2000,2000,0.15597014925373137,0.06709431646265594,0.08955223880597014,0.34328358208955223,0.022142316426949284,0.008810560986676593,0.015897047691143074,0.04920514761544285,134.0,0.0,134,134,1321.0,0.0,1321,1321,0.03988169600367546,0.01093311045999931,0.018475744128227233,0.05321799373626709,274f49f21a03df6f7da7f330fed2fe31ff1b6bdd1be8fc9ce8088bf297fdd4e6
E1,gaussian_noise,1,partial_channel,0.2,1.0,,1,20,0.25500000000000406,0.314098543035212,-0.30000000000000027,0.8500000000000063,2000.0,0.0,2000,2000,0.24141791044776123,0.05474704434572686,0.1865671641791045,0.373134328358209,0.029788039364118085,0.00574038528633114,0.01968205904617714,0.0408781226343679,134.0,0.0,134,134,1321.0,0.0,1321,1321,0.07805786789655686,0.02595407019779731,0.038524137616157535,0.15030336904525757,274f49f21a03df6f7da7f330fed2fe31ff1b6bdd1be8fc9ce8088bf297fdd4e6
E1,gaussian_noise,1,partial_channel,0.01,1.0,,2,20,-0.10999999999999788,0.12732056517228316,-0.40000000000000036,0.050000000000005596,2000.0,0.0,2000,2000,0.035447761194029856,0.015479690808278516,0.014925373134328358,0.07462686567164178,0.0070022710068130215,0.0020822089486002304,0.003028009084027252,0.011355034065102196,134.0,0.0,134,134,1321.0,0.0,1321,1321,0.0023785531938076026,0.0036893597066474508,-0.00459157657623291,0.01013502824306488,274f49f21a03df6f7da7f330fed2fe31ff1b6bdd1be8fc9ce8088bf297fdd4e6
E1,gaussian_noise,1,partial_channel,0.05,1.0,,2,20,-0.10249999999999759,0.22388613177238167,-0.6000000000000005,0.20000000000000018,2000.0,0.0,2000,2000,0.09029850746268656,0.019655138403300104,0.03731343283582089,0.12686567164179105,0.015556396669190009,0.0033085963193540723,0.010598031794095382,0.02043906131718395,134.0,0.0,134,134,1321.0,0.0,1321,1321,0.022134182637929913,0.011564887810660177,-0.009827341437339782,0.03991610527038574,274f49f21a03df6f7da7f330fed2fe31ff1b6bdd1be8fc9ce8088bf297fdd4e6
E1,gaussian_noise,1,partial_channel,0.1,1.0,,2,20,0.03250000000000142,0.3635624177207364,-0.5000000000000004,0.8000000000000007,2000.0,0.0,2000,2000,0.15746268656716417,0.04835767555688099,0.1044776119402985,0.291044776119403,0.022369417108251324,0.005720384800011559,0.014383043149129448,0.03860711582134747,134.0,0.0,134,134,1321.0,0.0,1321,1321,0.04481274991631508,0.021697447694453986,0.017682629346847535,0.09840923738479614,274f49f21a03df6f7da7f330fed2fe31ff1b6bdd1be8fc9ce8088bf297fdd4e6
E1,gaussian_noise,1,partial_channel,0.2,1.0,,2,20,0.27250000000000274,0.4603988545415355,-0.44999999999999485,1.5000000000000013,2000.0,0.0,2000,2000,0.24738805970149258,0.0628245871439636,0.17164179104477612,0.417910447761194,0.02925813777441333,0.004422747174763002,0.02195306585919758,0.04012112036336109,134.0,0.0,134,134,1321.0,0.0,1321,1321,0.09288377531766892,0.03158356757423265,0.041372802376747134,0.1667954088449478,274f49f21a03df6f7da7f330fed2fe31ff1b6bdd1be8fc9ce8088bf297fdd4e6
E1,gaussian_noise,1,partial_channel,0.01,1.0,,3,20,-0.052499999999996994,0.11973105827557586,-0.24999999999999467,0.20000000000000018,2000.0,0.0,2000,2000,0.03246268656716418,0.00946289472216235,0.014925373134328358,0.04477611940298507,0.006093868281604844,0.0017099928269179092,0.003028009084027252,0.009084027252081756,134.0,0.0,134,134,1321.0,0.0,1321,1321,0.004293437391519547,0.0035777466709870625,-0.00017796385288238524,0.01157332479953766,274f49f21a03df6f7da7f330fed2fe31ff1b6bdd1be8fc9ce8088bf297fdd4e6
E1,gaussian_noise,1,partial_channel,0.05,1.0,,3,20,-0.024999999999998357,0.22970232453054776,-0.5000000000000004,0.35000000000000586,2000.0,0.0,2000,2000,0.0873134328358209,0.019384848614759514,0.05223880597014925,0.12686567164179105,0.013474640423921273,0.0031795992574481778,0.008327024981074944,0.018168054504163512,134.0,0.0,134,134,1321.0,0.0,1321,1321,0.03183878322243691,0.007986101936879904,0.0184331134557724,0.04921330142021179,274f49f21a03df6f7da7f330fed2fe31ff1b6bdd1be8fc9ce8088bf297fdd4e6
E1,gaussian_noise,1,partial_channel,0.1,1.0,,3,20,0.11500000000000288,0.3301116238646057,-0.5000000000000004,0.9500000000000064,2000.0,0.0,2000,2000,0.15149253731343285,0.03912342207049809,0.08955223880597014,0.26119402985074625,0.02017411052233157,0.0034583533076612705,0.012112036336109008,0.025738077214231644,134.0,0.0,134,134,1321.0,0.0,1321,1321,0.06515012500882149,0.01666116276992448,0.040709981799125675,0.10438421607017517,274f49f21a03df6f7da7f330fed2fe31ff1b6bdd1be8fc9ce8088bf297fdd4e6
E1,gaussian_noise,1,partial_channel,0.2,1.0,,3,20,0.8025000000000038,0.2890433404034406,0.30000000000000027,1.3000000000000012,2000.0,0.0,2000,2000,0.2727611940298508,0.03839554242749209,0.23134328358208955,0.3582089552238806,0.025246025738077216,0.004298244874893812,0.018925056775170326,0.03709311127933384,134.0,0.0,134,134,1321.0,0.0,1321,1321,0.12895082562565802,0.022354172771745746,0.09294810473918914,0.17780272603034974,274f49f21a03df6f7da7f330fed2fe31ff1b6bdd1be8fc9ce8088bf297fdd4e6
E1,gaussian_noise,1,partial_channel,0.01,1.0,,4,20,-0.017499999999997518,0.14624690729973305,-0.24999999999999467,0.20000000000000018,2000.0,0.0,2000,2000,0.03246268656716418,0.012172477518709956,0.007462686567164179,0.05970149253731343,0.005904617713853142,0.001989240530906242,0.002271006813020439,0.011355034065102196,134.0,0.0,134,134,1321.0,0.0,1321,1321,0.005220070844888688,0.0030717848576400455,-0.0008933665752410889,0.011634141325950623,274f49f21a03df6f7da7f330fed2fe31ff1b6bdd1be8fc9ce8088bf297fdd4e6
E1,gaussian_noise,1,partial_channel,0.05,1.0,,4,20,0.040000000000003366,0.2198085291195143,-0.34999999999999476,0.550000000000006,2000.0,0.0,2000,2000,0.09477611940298507,0.01764333415639729,0.06716417910447761,0.1417910447761194,0.012906888720666162,0.002616287555360344,0.008327024981074944,0.0174110522331567,134.0,0.0,134,134,1321.0,0.0,1321,1321,0.03285107155442238,0.005521698477183841,0.024907794237136842,0.04359522843360901,274f49f21a03df6f7da7f330fed2fe31ff1b6bdd1be8fc9ce8088bf297fdd4e6
E1,gaussian_noise,1,partial_channel,0.1,1.0,,4,20,0.28000000000000363,0.29486839169543466,-0.24999999999999467,0.9000000000000008,2000.0,0.0,2000,2000,0.16380597014925374,0.028077224559744526,0.11940298507462686,0.23880597014925373,0.017978803936411804,0.0032478745300721624,0.011355034065102196,0.026495079485238455,134.0,0.0,134,134,1321.0,0.0,1321,1321,0.06787836599349976,0.012282995054895196,0.04058184719085693,0.09504022634029388,274f49f21a03df6f7da7f330fed2fe31ff1b6bdd1be8fc9ce8088bf297fdd4e6
E1,gaussian_noise,1,partial_channel,0.2,1.0,,4,20,0.9125000000000032,0.37970729724216307,0.30000000000000027,1.550000000000007,2000.0,0.0,2000,2000,0.2708955223880597,0.042567966243714755,0.22388059701492538,0.3805970149253731,0.021763815291445873,0.0032292485727332923,0.016654049962149888,0.028766086298258896,134.0,0.0,134,134,1321.0,0.0,1321,1321,0.1379555849134922,0.014947558211136856,0.11185766851902008,0.16491792345046996,274f49f21a03df6f7da7f330fed2fe31ff1b6bdd1be8fc9ce8088bf297fdd4e6
E1,gaussian_noise,1,partial_channel,0.01,1.0,,5,20,-0.032499999999998086,0.11616118565438059,-0.24999999999999467,0.15000000000000568,2000.0,0.0,2000,2000,0.03246268656716418,0.013322185449613172,0.007462686567164179,0.05970149253731343,0.005753217259651779,0.0017086694735710365,0.003028009084027252,0.00984102952308857,134.0,0.0,134,134,1321.0,0.0,1321,1321,0.006021876215934753,0.0032347536088325884,0.0001665351390838623,0.01202780282497406,274f49f21a03df6f7da7f330fed2fe31ff1b6bdd1be8fc9ce8088bf297fdd4e6
E1,gaussian_noise,1,partial_channel,0.05,1.0,,5,20,0.14250000000000373,0.24130947589743468,-0.30000000000000027,0.550000000000006,2000.0,0.0,2000,2000,0.09328358208955224,0.022124661595455872,0.05970149253731343,0.13432835820895522,0.012339137017411054,0.0023312979147988846,0.009084027252081756,0.015897047691143074,134.0,0.0,134,134,1321.0,0.0,1321,1321,0.038253649264574044,0.00814595564761859,0.02687861883640289,0.05757853543758392,274f49f21a03df6f7da7f330fed2fe31ff1b6bdd1be8fc9ce8088bf297fdd4e6
E1,gaussian_noise,1,partial_channel,0.1,1.0,,5,20,0.3425000000000028,0.3415425534094879,-0.34999999999999476,0.8500000000000063,2000.0,0.0,2000,2000,0.16865671641791047,0.030568741367401665,0.1044776119402985,0.22388059701492538,0.017827403482210447,0.003253441523781996,0.012112036336109008,0.024224072672218017,134.0,0.0,134,134,1321.0,0.0,1321,1321,0.07424211698174477,0.010815269081104757,0.05881098449230194,0.09070486092567444,274f49f21a03df6f7da7f330fed2fe31ff1b6bdd1be8fc9ce8088bf297fdd4e6
E1,gaussian_noise,1,partial_channel,0.2,1.0,,5,20,0.9200000000000053,0.4098780306383848,0.2500000000000058,2.0500000000000074,2000.0,0.0,2000,2000,0.273134328358209,0.04210409068492185,0.21641791044776118,0.373134328358209,0.021915215745647233,0.0027620893528591635,0.018168054504163512,0.028009084027252083,134.0,0.0,134,134,1321.0,0.0,1321,1321,0.1459680496931076,0.017656584639263517,0.11878556251525879,0.18860459733009338,274f49f21a03df6f7da7f330fed2fe31ff1b6bdd1be8fc9ce8088bf297fdd4e6
E1,gaussian_noise,1,partial_channel,0.01,1.0,,6,20,0.040000000000003366,0.14473205733717995,-0.24999999999999467,0.2500000000000058,2000.0,0.0,2000,2000,0.03395522388059701,0.010407001628585192,0.014925373134328358,0.05223880597014925,0.004958364875094626,0.0019873443904210916,0.002271006813020439,0.011355034065102196,134.0,0.0,134,134,1321.0,0.0,1321,1321,0.006412476950883865,0.0031575483857049997,0.001362966537475586,0.014159204840660095,274f49f21a03df6f7da7f330fed2fe31ff1b6bdd1be8fc9ce8088bf297fdd4e6
E1,gaussian_noise,1,partial_channel,0.05,1.0,,6,20,0.16000000000000347,0.2731878089288919,-0.24999999999999467,0.8500000000000063,2000.0,0.0,2000,2000,0.09402985074626866,0.020458910613331948,0.04477611940298507,0.11940298507462686,0.011430734292202876,0.0028631566379243452,0.006813020439061317,0.0174110522331567,134.0,0.0,134,134,1321.0,0.0,1321,1321,0.03890976512432099,0.006415619498718112,0.026588189125061036,0.050530054092407226,274f49f21a03df6f7da7f330fed2fe31ff1b6bdd1be8fc9ce8088bf297fdd4e6
E1,gaussian_noise,1,partial_channel,0.1,1.0,,6,20,0.34750000000000225,0.22505847193445888,-0.04999999999999449,0.7000000000000006,2000.0,0.0,2000,2000,0.15373134328358212,0.030376362229584692,0.09701492537313433,0.19402985074626866,0.01623769871309614,0.0019721096361111482,0.012869038607115822,0.01968205904617714,134.0,0.0,134,134,1321.0,0.0,1321,1321,0.07765793763399123,0.009592183006925865,0.06243818366527557,0.09513203895092011,274f49f21a03df6f7da7f330fed2fe31ff1b6bdd1be8fc9ce8088bf297fdd4e6
E1,gaussian_noise,1,partial_channel,0.2,1.0,,6,20,0.8675000000000022,0.31299697324919723,0.30000000000000027,1.3500000000000068,2000.0,0.0,2000,2000,0.2608208955223881,0.04231762012889559,0.19402985074626866,0.34328358208955223,0.021915215745647237,0.0031973354364055245,0.016654049962149888,0.028009084027252083,134.0,0.0,134,134,1321.0,0.0,1321,1321,0.1524345429122448,0.01831377868424796,0.12619831383228303,0.20669859158992768,274f49f21a03df6f7da7f330fed2fe31ff1b6bdd1be8fc9ce8088bf297fdd4e6
E1,gaussian_noise,1,partial_channel,0.01,1.0,,7,20,0.0025000000000036104,0.1437056567761825,-0.24999999999999467,0.35000000000000586,2000.0,0.0,2000,2000,0.03283582089552239,0.010385856327439692,0.014925373134328358,0.04477611940298507,0.005223315669947009,0.0017174725687944452,0.002271006813020439,0.00757002271006813,134.0,0.0,134,134,1321.0,0.0,1321,1321,0.006426539891958237,0.0029280996860633567,0.0008299273252487183,0.012806692600250243,274f49f21a03df6f7da7f330fed2fe31ff1b6bdd1be8fc9ce8088bf297fdd4e6
E1,gaussian_noise,1,partial_channel,0.05,1.0,,7,20,0.09000000000000286,0.19775050735180053,-0.24999999999999467,0.5000000000000004,2000.0,0.0,2000,2000,0.09029850746268656,0.01980370543345259,0.06716417910447761,0.13432835820895522,0.011506434519303558,0.0030339795316595333,0.006813020439061317,0.016654049962149888,134.0,0.0,134,134,1321.0,0.0,1321,1321,0.04287120515108108,0.009148327473249597,0.03261800456047058,0.06935186815261841,274f49f21a03df6f7da7f330fed2fe31ff1b6bdd1be8fc9ce8088bf297fdd4e6
E1,gaussian_noise,1,partial_channel,0.1,1.0,,7,20,0.3700000000000031,0.2806946271024979,-0.34999999999999476,0.7500000000000062,2000.0,0.0,2000,2000,0.14477611940298504,0.02088429728792755,0.09701492537313433,0.1791044776119403,0.01442089326267979,0.0032994678806055355,0.009084027252081756,0.02195306585919758,134.0,0.0,134,134,1321.0,0.0,1321,1321,0.08483381130695342,0.010365101212670435,0.07055466067790984,0.10855915021896362,274f49f21a03df6f7da7f330fed2fe31ff1b6bdd1be8fc9ce8088bf297fdd4e6
E1,gaussian_noise,1,partial_channel,0.2,1.0,,7,20,0.7750000000000041,0.24788579713459272,0.2500000000000058,1.1500000000000066,2000.0,0.0,2000,2000,0.24701492537313433,0.030036734026116573,0.17164179104477612,0.2835820895522388,0.020552611657834976,0.002792496599676713,0.015897047691143074,0.028009084027252083,134.0,0.0,134,134,1321.0,0.0,1321,1321,0.16248935586214067,0.0159598383942529,0.13946227073669434,0.20482044756412507,274f49f21a03df6f7da7f330fed2fe31ff1b6bdd1be8fc9ce8088bf297fdd4e6
E1,gaussian_noise,1,partial_channel,0.01,1.0,,8,20,-0.019999999999997242,0.13707470110932418,-0.30000000000000027,0.30000000000000027,2000.0,0.0,2000,2000,0.028731343283582084,0.011929246652719617,0.007462686567164179,0.05970149253731343,0.004996214988644966,0.001636540904692146,0.0,0.008327024981074944,134.0,0.0,134,134,1321.0,0.0,1321,1321,0.006781678205728529,0.0022430870594040537,0.0031697288751602174,0.012071106672286988,274f49f21a03df6f7da7f330fed2fe31ff1b6bdd1be8fc9ce8088bf297fdd4e6
E1,gaussian_noise,1,partial_channel,0.05,1.0,,8,20,0.1525000000000032,0.20031225624010202,-0.14999999999999458,0.45000000000000595,2000.0,0.0,2000,2000,0.08134328358208955,0.013887732668234128,0.05970149253731343,0.1044776119402985,0.009727479182437548,0.0029192281464035684,0.004542013626040878,0.016654049962149888,134.0,0.0,134,134,1321.0,0.0,1321,1321,0.043649606764316555,0.009756858791185279,0.033546988487243655,0.07080286359786987,274f49f21a03df6f7da7f330fed2fe31ff1b6bdd1be8fc9ce8088bf297fdd4e6
E1,gaussian_noise,1,partial_channel,0.1,1.0,,8,20,0.44750000000000345,0.26580315233170837,0.050000000000005596,0.9000000000000008,2000.0,0.0,2000,2000,0.1458955223880597,0.03188980378458496,0.07462686567164178,0.19402985074626866,0.013209689629068887,0.00258147179811173,0.009084027252081756,0.01968205904617714,134.0,0.0,134,134,1321.0,0.0,1321,1321,0.08656246388554573,0.012745998596539323,0.07323129856586456,0.12000859558582305,274f49f21a03df6f7da7f330fed2fe31ff1b6bdd1be8fc9ce8088bf297fdd4e6
E1,gaussian_noise,1,partial_channel,0.2,1.0,,8,20,0.9700000000000044,0.3036618618065003,0.550000000000006,1.550000000000007,2000.0,0.0,2000,2000,0.2492537313432836,0.035203503765606964,0.1865671641791045,0.3208955223880597,0.01733535200605602,0.002263024339066598,0.012869038607115822,0.021196063588190765,134.0,0.0,134,134,1321.0,0.0,1321,1321,0.16767556369900702,0.01828461796123286,0.13801279401779173,0.20797312760353087,274f49f21a03df6f7da7f330fed2fe31ff1b6bdd1be8fc9ce8088bf297fdd4e6
E1,gaussian_noise,1,partial_channel,0.01,1.0,,9,20,2.7755575615628914e-15,0.1597695709122156,-0.24999999999999467,0.20000000000000018,2000.0,0.0,2000,2000,0.02798507462686567,0.010236616284306478,0.007462686567164179,0.04477611940298507,0.004239212717638153,0.0012378050153847501,0.002271006813020439,0.006056018168054504,134.0,0.0,134,134,1321.0,0.0,1321,1321,0.007245175141096116,0.0016311527604991373,0.0035738015174865724,0.009731885194778443,274f49f21a03df6f7da7f330fed2fe31ff1b6bdd1be8fc9ce8088bf297fdd4e6
E1,gaussian_noise,1,partial_channel,0.05,1.0,,9,20,0.2775000000000033,0.23253466068750436,-0.20000000000000018,0.550000000000006,2000.0,0.0,2000,2000,0.08134328358208956,0.017939881548941012,0.04477611940298507,0.11194029850746269,0.007910673732021197,0.0026047340100358953,0.003785011355034065,0.012112036336109008,134.0,0.0,134,134,1321.0,0.0,1321,1321,0.04585564194321632,0.006207984862876583,0.037668992400169375,0.06234971749782562,274f49f21a03df6f7da7f330fed2fe31ff1b6bdd1be8fc9ce8088bf297fdd4e6
E1,gaussian_noise,1,partial_channel,0.1,1.0,,9,20,0.48500000000000265,0.22542357790099044,0.050000000000005596,0.8500000000000063,2000.0,0.0,2000,2000,0.1384328358208955,0.021584831726563895,0.09701492537313433,0.17164179104477612,0.01090083270249811,0.002256350705134276,0.006813020439061317,0.01514004542013626,134.0,0.0,134,134,1321.0,0.0,1321,1321,0.09159198416471481,0.00813421741643992,0.07848209857940674,0.11299564802646637,274f49f21a03df6f7da7f330fed2fe31ff1b6bdd1be8fc9ce8088bf297fdd4e6
E1,gaussian_noise,1,partial_channel,0.2,1.0,,9,20,0.9800000000000042,0.3488326397089526,0.45000000000000595,1.7000000000000015,2000.0,0.0,2000,2000,0.24514925373134328,0.03729575386372891,0.1865671641791045,0.3283582089552239,0.015632096896290686,0.00309962522542291,0.010598031794095382,0.02043906131718395,134.0,0.0,134,134,1321.0,0.0,1321,1321,0.17665742990374564,0.013390122392547534,0.15585069465637208,0.20505895030498505,274f49f21a03df6f7da7f330fed2fe31ff1b6bdd1be8fc9ce8088bf297fdd4e6
E1,gaussian_noise,1,partial_channel,0.01,1.0,,10,20,0.07000000000000228,0.14725559590832582,-0.20000000000000018,0.35000000000000586,2000.0,0.0,2000,2000,0.02574626865671642,0.010407001628585193,0.007462686567164179,0.05223880597014925,0.003028009084027252,0.0015726327228965738,0.0,0.005299015897047691,134.0,0.0,134,134,1321.0,0.0,1321,1321,0.007867561435699463,0.0017394899585985665,0.0054372276067733765,0.011094300627708435,274f49f21a03df6f7da7f330fed2fe31ff1b6bdd1be8fc9ce8088bf297fdd4e6
E1,gaussian_noise,1,partial_channel,0.05,1.0,,10,20,0.2975000000000033,0.1970005343300276,0.0,0.6500000000000061,2000.0,0.0,2000,2000,0.07873134328358208,0.01336611693059358,0.05223880597014925,0.1044776119402985,0.006472369417108252,0.001744912057010946,0.004542013626040878,0.00984102952308857,134.0,0.0,134,134,1321.0,0.0,1321,1321,0.050951578640937814,0.006044922583741395,0.0400184041261673,0.060360540747642515,274f49f21a03df6f7da7f330fed2fe31ff1b6bdd1be8fc9ce8088bf297fdd4e6
E1,gaussian_noise,1,partial_channel,0.1,1.0,,10,20,0.4225000000000029,0.21056003019516586,0.050000000000005596,0.8000000000000007,2000.0,0.0,2000,2000,0.12164179104477613,0.021259869189723304,0.09701492537313433,0.1791044776119403,0.009424678274034823,0.002270674770206614,0.005299015897047691,0.013626040878122634,134.0,0.0,134,134,1321.0,0.0,1321,1321,0.10098449573516846,0.006400077802163591,0.0910484219789505,0.11445083785057068,274f49f21a03df6f7da7f330fed2fe31ff1b6bdd1be8fc9ce8088bf297fdd4e6
E1,gaussian_noise,1,partial_channel,0.2,1.0,,10,20,0.9575000000000033,0.206011624608138,0.5000000000000004,1.2500000000000067,2000.0,0.0,2000,2000,0.23656716417910445,0.025520573429975442,0.1791044776119403,0.26865671641791045,0.014269492808478427,0.0017240453925425772,0.010598031794095382,0.018168054504163512,134.0,0.0,134,134,1321.0,0.0,1321,1321,0.19122824472188948,0.009802261333212782,0.17737365412712097,0.20676392936706542,274f49f21a03df6f7da7f330fed2fe31ff1b6bdd1be8fc9ce8088bf297fdd4e6
E1,gaussian_noise,1,partial_channel,0.01,1.0,,11,20,0.07750000000000368,0.14552536403990732,-0.20000000000000018,0.40000000000000036,2000.0,0.0,2000,2000,0.02761194029850746,0.01030084106670887,0.007462686567164179,0.04477611940298507,0.003103709311127933,0.0014715756873898292,0.0,0.005299015897047691,134.0,0.0,134,134,1321.0,0.0,1321,1321,0.006806699663400649,0.0011162559763416393,0.004800144672393799,0.009655502915382386,274f49f21a03df6f7da7f330fed2fe31ff1b6bdd1be8fc9ce8088bf297fdd4e6
E1,gaussian_noise,1,partial_channel,0.05,1.0,,11,20,0.28000000000000247,0.20672890969882055,-0.14999999999999458,0.5000000000000004,2000.0,0.0,2000,2000,0.07425373134328359,0.015212285527855255,0.03731343283582089,0.09701492537313433,0.006056018168054504,0.0018214477789015437,0.003785011355034065,0.010598031794095382,134.0,0.0,134,134,1321.0,0.0,1321,1321,0.043605880141258234,0.003968646000666758,0.03825128674507141,0.05373182761669159,274f49f21a03df6f7da7f330fed2fe31ff1b6bdd1be8fc9ce8088bf297fdd4e6
E1,gaussian_noise,1,partial_channel,0.1,1.0,,11,20,0.43500000000000316,0.23061702132825201,0.050000000000005596,0.8000000000000007,2000.0,0.0,2000,2000,0.12201492537313433,0.01629155835962422,0.1044776119402985,0.16417910447761194,0.009765329295987888,0.002111337196412439,0.006056018168054504,0.013626040878122634,134.0,0.0,134,134,1321.0,0.0,1321,1321,0.08319281514883041,0.0052961697353341485,0.07539992296695709,0.09452334809303284,274f49f21a03df6f7da7f330fed2fe31ff1b6bdd1be8fc9ce8088bf297fdd4e6
E1,gaussian_noise,1,partial_channel,0.2,1.0,,11,20,1.007500000000004,0.2759075932264288,0.5000000000000004,1.4500000000000068,2000.0,0.0,2000,2000,0.2421641791044776,0.024026825472033223,0.16417910447761194,0.26865671641791045,0.014307342922028768,0.002082571040412132,0.00984102952308857,0.018168054504163512,134.0,0.0,134,134,1321.0,0.0,1321,1321,0.15875795173048973,0.008545061645446512,0.14716326332092286,0.18256850838661193,274f49f21a03df6f7da7f330fed2fe31ff1b6bdd1be8fc9ce8088bf297fdd4e6
E1,gaussian_noise,1,none,0.01,1.0,,0,1,0.0,,0.0,0.0,2000.0,,2000,2000,0.0,,0.0,0.0,0.0,,0.0,0.0,134.0,,134,134,1321.0,,1321,1321,0.0,,0.0,0.0,274f49f21a03df6f7da7f330fed2fe31ff1b6bdd1be8fc9ce8088bf297fdd4e6
E1,gaussian_noise,1,none,0.01,1.0,,1,1,0.0,,0.0,0.0,2000.0,,2000,2000,0.0,,0.0,0.0,0.0,,0.0,0.0,134.0,,134,134,1321.0,,1321,1321,0.0,,0.0,0.0,274f49f21a03df6f7da7f330fed2fe31ff1b6bdd1be8fc9ce8088bf297fdd4e6
E1,gaussian_noise,1,none,0.01,1.0,,2,1,0.0,,0.0,0.0,2000.0,,2000,2000,0.0,,0.0,0.0,0.0,,0.0,0.0,134.0,,134,134,1321.0,,1321,1321,0.0,,0.0,0.0,274f49f21a03df6f7da7f330fed2fe31ff1b6bdd1be8fc9ce8088bf297fdd4e6
E1,gaussian_noise,1,none,0.01,1.0,,3,1,0.0,,0.0,0.0,2000.0,,2000,2000,0.0,,0.0,0.0,0.0,,0.0,0.0,134.0,,134,134,1321.0,,1321,1321,0.0,,0.0,0.0,274f49f21a03df6f7da7f330fed2fe31ff1b6bdd1be8fc9ce8088bf297fdd4e6
E1,gaussian_noise,1,none,0.01,1.0,,4,1,0.0,,0.0,0.0,2000.0,,2000,2000,0.0,,0.0,0.0,0.0,,0.0,0.0,134.0,,134,134,1321.0,,1321,1321,0.0,,0.0,0.0,274f49f21a03df6f7da7f330fed2fe31ff1b6bdd1be8fc9ce8088bf297fdd4e6
E1,gaussian_noise,1,none,0.01,1.0,,5,1,0.0,,0.0,0.0,2000.0,,2000,2000,0.0,,0.0,0.0,0.0,,0.0,0.0,134.0,,134,134,1321.0,,1321,1321,0.0,,0.0,0.0,274f49f21a03df6f7da7f330fed2fe31ff1b6bdd1be8fc9ce8088bf297fdd4e6
E1,gaussian_noise,1,none,0.01,1.0,,6,1,0.0,,0.0,0.0,2000.0,,2000,2000,0.0,,0.0,0.0,0.0,,0.0,0.0,134.0,,134,134,1321.0,,1321,1321,0.0,,0.0,0.0,274f49f21a03df6f7da7f330fed2fe31ff1b6bdd1be8fc9ce8088bf297fdd4e6
E1,gaussian_noise,1,none,0.01,1.0,,7,1,0.0,,0.0,0.0,2000.0,,2000,2000,0.0,,0.0,0.0,0.0,,0.0,0.0,134.0,,134,134,1321.0,,1321,1321,0.0,,0.0,0.0,274f49f21a03df6f7da7f330fed2fe31ff1b6bdd1be8fc9ce8088bf297fdd4e6
E1,gaussian_noise,1,none,0.01,1.0,,8,1,0.0,,0.0,0.0,2000.0,,2000,2000,0.0,,0.0,0.0,0.0,,0.0,0.0,134.0,,134,134,1321.0,,1321,1321,0.0,,0.0,0.0,274f49f21a03df6f7da7f330fed2fe31ff1b6bdd1be8fc9ce8088bf297fdd4e6
E1,gaussian_noise,1,none,0.01,1.0,,9,1,0.0,,0.0,0.0,2000.0,,2000,2000,0.0,,0.0,0.0,0.0,,0.0,0.0,134.0,,134,134,1321.0,,1321,1321,0.0,,0.0,0.0,274f49f21a03df6f7da7f330fed2fe31ff1b6bdd1be8fc9ce8088bf297fdd4e6
E1,gaussian_noise,1,none,0.01,1.0,,10,1,0.0,,0.0,0.0,2000.0,,2000,2000,0.0,,0.0,0.0,0.0,,0.0,0.0,134.0,,134,134,1321.0,,1321,1321,0.0,,0.0,0.0,274f49f21a03df6f7da7f330fed2fe31ff1b6bdd1be8fc9ce8088bf297fdd4e6
E1,gaussian_noise,1,none,0.01,1.0,,11,1,0.0,,0.0,0.0,2000.0,,2000,2000,0.0,,0.0,0.0,0.0,,0.0,0.0,134.0,,134,134,1321.0,,1321,1321,0.0,,0.0,0.0,274f49f21a03df6f7da7f330fed2fe31ff1b6bdd1be8fc9ce8088bf297fdd4e6
E1,gaussian_noise,1,clean_to_clean,0.01,1.0,,0,1,3.500000000000003,,3.500000000000003,3.500000000000003,2000.0,,2000,2000,1.0,,1.0,1.0,0.04844814534443603,,0.04844814534443603,0.04844814534443603,134.0,,134,134,1321.0,,1321,1321,0.5209339153766632,,0.5209339153766632,0.5209339153766632,274f49f21a03df6f7da7f330fed2fe31ff1b6bdd1be8fc9ce8088bf297fdd4e6
E1,gaussian_noise,1,clean_to_clean,0.01,1.0,,1,1,3.500000000000003,,3.500000000000003,3.500000000000003,2000.0,,2000,2000,1.0,,1.0,1.0,0.04844814534443603,,0.04844814534443603,0.04844814534443603,134.0,,134,134,1321.0,,1321,1321,0.5209339153766632,,0.5209339153766632,0.5209339153766632,274f49f21a03df6f7da7f330fed2fe31ff1b6bdd1be8fc9ce8088bf297fdd4e6
E1,gaussian_noise,1,clean_to_clean,0.01,1.0,,2,1,3.500000000000003,,3.500000000000003,3.500000000000003,2000.0,,2000,2000,1.0,,1.0,1.0,0.04844814534443603,,0.04844814534443603,0.04844814534443603,134.0,,134,134,1321.0,,1321,1321,0.5209339153766632,,0.5209339153766632,0.5209339153766632,274f49f21a03df6f7da7f330fed2fe31ff1b6bdd1be8fc9ce8088bf297fdd4e6
E1,gaussian_noise,1,clean_to_clean,0.01,1.0,,3,1,3.500000000000003,,3.500000000000003,3.500000000000003,2000.0,,2000,2000,1.0,,1.0,1.0,0.04844814534443603,,0.04844814534443603,0.04844814534443603,134.0,,134,134,1321.0,,1321,1321,0.5209339153766632,,0.5209339153766632,0.5209339153766632,274f49f21a03df6f7da7f330fed2fe31ff1b6bdd1be8fc9ce8088bf297fdd4e6
E1,gaussian_noise,1,clean_to_clean,0.01,1.0,,4,1,3.500000000000003,,3.500000000000003,3.500000000000003,2000.0,,2000,2000,1.0,,1.0,1.0,0.04844814534443603,,0.04844814534443603,0.04844814534443603,134.0,,134,134,1321.0,,1321,1321,0.5209339153766632,,0.5209339153766632,0.5209339153766632,274f49f21a03df6f7da7f330fed2fe31ff1b6bdd1be8fc9ce8088bf297fdd4e6
E1,gaussian_noise,1,clean_to_clean,0.01,1.0,,5,1,3.500000000000003,,3.500000000000003,3.500000000000003,2000.0,,2000,2000,1.0,,1.0,1.0,0.04844814534443603,,0.04844814534443603,0.04844814534443603,134.0,,134,134,1321.0,,1321,1321,0.5209339153766632,,0.5209339153766632,0.5209339153766632,274f49f21a03df6f7da7f330fed2fe31ff1b6bdd1be8fc9ce8088bf297fdd4e6
E1,gaussian_noise,1,clean_to_clean,0.01,1.0,,6,1,3.500000000000003,,3.500000000000003,3.500000000000003,2000.0,,2000,2000,1.0,,1.0,1.0,0.04844814534443603,,0.04844814534443603,0.04844814534443603,134.0,,134,134,1321.0,,1321,1321,0.5209339153766632,,0.5209339153766632,0.5209339153766632,274f49f21a03df6f7da7f330fed2fe31ff1b6bdd1be8fc9ce8088bf297fdd4e6
E1,gaussian_noise,1,clean_to_clean,0.01,1.0,,7,1,3.500000000000003,,3.500000000000003,3.500000000000003,2000.0,,2000,2000,1.0,,1.0,1.0,0.04844814534443603,,0.04844814534443603,0.04844814534443603,134.0,,134,134,1321.0,,1321,1321,0.5209339153766632,,0.5209339153766632,0.5209339153766632,274f49f21a03df6f7da7f330fed2fe31ff1b6bdd1be8fc9ce8088bf297fdd4e6
E1,gaussian_noise,1,clean_to_clean,0.01,1.0,,8,1,3.500000000000003,,3.500000000000003,3.500000000000003,2000.0,,2000,2000,1.0,,1.0,1.0,0.04844814534443603,,0.04844814534443603,0.04844814534443603,134.0,,134,134,1321.0,,1321,1321,0.5209339153766632,,0.5209339153766632,0.5209339153766632,274f49f21a03df6f7da7f330fed2fe31ff1b6bdd1be8fc9ce8088bf297fdd4e6
E1,gaussian_noise,1,clean_to_clean,0.01,1.0,,9,1,3.500000000000003,,3.500000000000003,3.500000000000003,2000.0,,2000,2000,1.0,,1.0,1.0,0.04844814534443603,,0.04844814534443603,0.04844814534443603,134.0,,134,134,1321.0,,1321,1321,0.5209339153766632,,0.5209339153766632,0.5209339153766632,274f49f21a03df6f7da7f330fed2fe31ff1b6bdd1be8fc9ce8088bf297fdd4e6
E1,gaussian_noise,1,clean_to_clean,0.01,1.0,,10,1,3.500000000000003,,3.500000000000003,3.500000000000003,2000.0,,2000,2000,1.0,,1.0,1.0,0.04844814534443603,,0.04844814534443603,0.04844814534443603,134.0,,134,134,1321.0,,1321,1321,0.5209339153766632,,0.5209339153766632,0.5209339153766632,274f49f21a03df6f7da7f330fed2fe31ff1b6bdd1be8fc9ce8088bf297fdd4e6
E1,gaussian_noise,1,clean_to_clean,0.01,1.0,,11,1,3.500000000000003,,3.500000000000003,3.500000000000003,2000.0,,2000,2000,1.0,,1.0,1.0,0.04844814534443603,,0.04844814534443603,0.04844814534443603,134.0,,134,134,1321.0,,1321,1321,0.5209339153766632,,0.5209339153766632,0.5209339153766632,274f49f21a03df6f7da7f330fed2fe31ff1b6bdd1be8fc9ce8088bf297fdd4e6
E1,gaussian_noise,1,full_state,0.01,1.0,,0,1,3.500000000000003,,3.500000000000003,3.500000000000003,2000.0,,2000,2000,1.0,,1.0,1.0,0.04844814534443603,,0.04844814534443603,0.04844814534443603,134.0,,134,134,1321.0,,1321,1321,0.5209339153766632,,0.5209339153766632,0.5209339153766632,274f49f21a03df6f7da7f330fed2fe31ff1b6bdd1be8fc9ce8088bf297fdd4e6
E1,gaussian_noise,1,full_state,0.01,1.0,,1,1,3.500000000000003,,3.500000000000003,3.500000000000003,2000.0,,2000,2000,1.0,,1.0,1.0,0.04844814534443603,,0.04844814534443603,0.04844814534443603,134.0,,134,134,1321.0,,1321,1321,0.5209339153766632,,0.5209339153766632,0.5209339153766632,274f49f21a03df6f7da7f330fed2fe31ff1b6bdd1be8fc9ce8088bf297fdd4e6
E1,gaussian_noise,1,full_state,0.01,1.0,,2,1,3.500000000000003,,3.500000000000003,3.500000000000003,2000.0,,2000,2000,1.0,,1.0,1.0,0.04844814534443603,,0.04844814534443603,0.04844814534443603,134.0,,134,134,1321.0,,1321,1321,0.5209339153766632,,0.5209339153766632,0.5209339153766632,274f49f21a03df6f7da7f330fed2fe31ff1b6bdd1be8fc9ce8088bf297fdd4e6
E1,gaussian_noise,1,full_state,0.01,1.0,,3,1,3.500000000000003,,3.500000000000003,3.500000000000003,2000.0,,2000,2000,1.0,,1.0,1.0,0.04844814534443603,,0.04844814534443603,0.04844814534443603,134.0,,134,134,1321.0,,1321,1321,0.5209339153766632,,0.5209339153766632,0.5209339153766632,274f49f21a03df6f7da7f330fed2fe31ff1b6bdd1be8fc9ce8088bf297fdd4e6
E1,gaussian_noise,1,full_state,0.01,1.0,,4,1,3.500000000000003,,3.500000000000003,3.500000000000003,2000.0,,2000,2000,1.0,,1.0,1.0,0.04844814534443603,,0.04844814534443603,0.04844814534443603,134.0,,134,134,1321.0,,1321,1321,0.5209339153766632,,0.5209339153766632,0.5209339153766632,274f49f21a03df6f7da7f330fed2fe31ff1b6bdd1be8fc9ce8088bf297fdd4e6
E1,gaussian_noise,1,full_state,0.01,1.0,,5,1,3.500000000000003,,3.500000000000003,3.500000000000003,2000.0,,2000,2000,1.0,,1.0,1.0,0.04844814534443603,,0.04844814534443603,0.04844814534443603,134.0,,134,134,1321.0,,1321,1321,0.5209339153766632,,0.5209339153766632,0.5209339153766632,274f49f21a03df6f7da7f330fed2fe31ff1b6bdd1be8fc9ce8088bf297fdd4e6
E1,gaussian_noise,1,full_state,0.01,1.0,,6,1,3.500000000000003,,3.500000000000003,3.500000000000003,2000.0,,2000,2000,1.0,,1.0,1.0,0.04844814534443603,,0.04844814534443603,0.04844814534443603,134.0,,134,134,1321.0,,1321,1321,0.5209339153766632,,0.5209339153766632,0.5209339153766632,274f49f21a03df6f7da7f330fed2fe31ff1b6bdd1be8fc9ce8088bf297fdd4e6
E1,gaussian_noise,1,full_state,0.01,1.0,,7,1,3.500000000000003,,3.500000000000003,3.500000000000003,2000.0,,2000,2000,1.0,,1.0,1.0,0.04844814534443603,,0.04844814534443603,0.04844814534443603,134.0,,134,134,1321.0,,1321,1321,0.5209339153766632,,0.5209339153766632,0.5209339153766632,274f49f21a03df6f7da7f330fed2fe31ff1b6bdd1be8fc9ce8088bf297fdd4e6
E1,gaussian_noise,1,full_state,0.01,1.0,,8,1,3.500000000000003,,3.500000000000003,3.500000000000003,2000.0,,2000,2000,1.0,,1.0,1.0,0.04844814534443603,,0.04844814534443603,0.04844814534443603,134.0,,134,134,1321.0,,1321,1321,0.5209339153766632,,0.5209339153766632,0.5209339153766632,274f49f21a03df6f7da7f330fed2fe31ff1b6bdd1be8fc9ce8088bf297fdd4e6
E1,gaussian_noise,1,full_state,0.01,1.0,,9,1,3.500000000000003,,3.500000000000003,3.500000000000003,2000.0,,2000,2000,1.0,,1.0,1.0,0.04844814534443603,,0.04844814534443603,0.04844814534443603,134.0,,134,134,1321.0,,1321,1321,0.5209339153766632,,0.5209339153766632,0.5209339153766632,274f49f21a03df6f7da7f330fed2fe31ff1b6bdd1be8fc9ce8088bf297fdd4e6
E1,gaussian_noise,1,full_state,0.01,1.0,,10,1,3.500000000000003,,3.500000000000003,3.500000000000003,2000.0,,2000,2000,1.0,,1.0,1.0,0.04844814534443603,,0.04844814534443603,0.04844814534443603,134.0,,134,134,1321.0,,1321,1321,0.5209339153766632,,0.5209339153766632,0.5209339153766632,274f49f21a03df6f7da7f330fed2fe31ff1b6bdd1be8fc9ce8088bf297fdd4e6
E1,gaussian_noise,1,full_state,0.01,1.0,,11,1,3.500000000000003,,3.500000000000003,3.500000000000003,2000.0,,2000,2000,1.0,,1.0,1.0,0.04844814534443603,,0.04844814534443603,0.04844814534443603,134.0,,134,134,1321.0,,1321,1321,0.5209339153766632,,0.5209339153766632,0.5209339153766632,274f49f21a03df6f7da7f330fed2fe31ff1b6bdd1be8fc9ce8088bf297fdd4e6
E1,gaussian_noise,1,random_direction,0.01,1.0,,0,1,0.35000000000000586,,0.35000000000000586,0.35000000000000586,2000.0,,2000,2000,0.04477611940298507,,0.04477611940298507,0.04477611940298507,0.004542013626040878,,0.004542013626040878,0.004542013626040878,134.0,,134,134,1321.0,,1321,1321,-0.004181433439254761,,-0.004181433439254761,-0.004181433439254761,274f49f21a03df6f7da7f330fed2fe31ff1b6bdd1be8fc9ce8088bf297fdd4e6
E1,gaussian_noise,1,random_direction,0.01,1.0,,1,1,-0.10000000000000009,,-0.10000000000000009,-0.10000000000000009,2000.0,,2000,2000,0.007462686567164179,,0.007462686567164179,0.007462686567164179,0.006056018168054504,,0.006056018168054504,0.006056018168054504,134.0,,134,134,1321.0,,1321,1321,-0.0016916229724884032,,-0.0016916229724884032,-0.0016916229724884032,274f49f21a03df6f7da7f330fed2fe31ff1b6bdd1be8fc9ce8088bf297fdd4e6
E1,gaussian_noise,1,random_direction,0.01,1.0,,2,1,-0.10000000000000009,,-0.10000000000000009,-0.10000000000000009,2000.0,,2000,2000,0.014925373134328358,,0.014925373134328358,0.014925373134328358,0.006056018168054504,,0.006056018168054504,0.006056018168054504,134.0,,134,134,1321.0,,1321,1321,-0.0036874651908874513,,-0.0036874651908874513,-0.0036874651908874513,274f49f21a03df6f7da7f330fed2fe31ff1b6bdd1be8fc9ce8088bf297fdd4e6
E1,gaussian_noise,1,random_direction,0.01,1.0,,3,1,-0.30000000000000027,,-0.30000000000000027,-0.30000000000000027,2000.0,,2000,2000,0.014925373134328358,,0.014925373134328358,0.014925373134328358,0.009084027252081756,,0.009084027252081756,0.009084027252081756,134.0,,134,134,1321.0,,1321,1321,-0.0036670994758605958,,-0.0036670994758605958,-0.0036670994758605958,274f49f21a03df6f7da7f330fed2fe31ff1b6bdd1be8fc9ce8088bf297fdd4e6
E1,gaussian_noise,1,random_direction,0.01,1.0,,4,1,-0.10000000000000009,,-0.10000000000000009,-0.10000000000000009,2000.0,,2000,2000,0.029850746268656716,,0.029850746268656716,0.029850746268656716,0.009084027252081756,,0.009084027252081756,0.009084027252081756,134.0,,134,134,1321.0,,1321,1321,-0.0059370436668395995,,-0.0059370436668395995,-0.0059370436668395995,274f49f21a03df6f7da7f330fed2fe31ff1b6bdd1be8fc9ce8088bf297fdd4e6
E1,gaussian_noise,1,random_direction,0.01,1.0,,5,1,-0.20000000000000018,,-0.20000000000000018,-0.20000000000000018,2000.0,,2000,2000,0.029850746268656716,,0.029850746268656716,0.029850746268656716,0.00984102952308857,,0.00984102952308857,0.00984102952308857,134.0,,134,134,1321.0,,1321,1321,-0.007571474432945252,,-0.007571474432945252,-0.007571474432945252,274f49f21a03df6f7da7f330fed2fe31ff1b6bdd1be8fc9ce8088bf297fdd4e6
E1,gaussian_noise,1,random_direction,0.01,1.0,,6,1,-0.24999999999999467,,-0.24999999999999467,-0.24999999999999467,2000.0,,2000,2000,0.029850746268656716,,0.029850746268656716,0.029850746268656716,0.012112036336109008,,0.012112036336109008,0.012112036336109008,134.0,,134,134,1321.0,,1321,1321,-0.009557289361953736,,-0.009557289361953736,-0.009557289361953736,274f49f21a03df6f7da7f330fed2fe31ff1b6bdd1be8fc9ce8088bf297fdd4e6
E1,gaussian_noise,1,random_direction,0.01,1.0,,7,1,0.0,,0.0,0.0,2000.0,,2000,2000,0.04477611940298507,,0.04477611940298507,0.04477611940298507,0.010598031794095382,,0.010598031794095382,0.010598031794095382,134.0,,134,134,1321.0,,1321,1321,-0.010612981915473938,,-0.010612981915473938,-0.010612981915473938,274f49f21a03df6f7da7f330fed2fe31ff1b6bdd1be8fc9ce8088bf297fdd4e6
E1,gaussian_noise,1,random_direction,0.01,1.0,,8,1,-0.04999999999999449,,-0.04999999999999449,-0.04999999999999449,2000.0,,2000,2000,0.03731343283582089,,0.03731343283582089,0.03731343283582089,0.009084027252081756,,0.009084027252081756,0.009084027252081756,134.0,,134,134,1321.0,,1321,1321,-0.011019057869911194,,-0.011019057869911194,-0.011019057869911194,274f49f21a03df6f7da7f330fed2fe31ff1b6bdd1be8fc9ce8088bf297fdd4e6
E1,gaussian_noise,1,random_direction,0.01,1.0,,9,1,0.0,,0.0,0.0,2000.0,,2000,2000,0.05223880597014925,,0.05223880597014925,0.05223880597014925,0.010598031794095382,,0.010598031794095382,0.010598031794095382,134.0,,134,134,1321.0,,1321,1321,-0.006520151257514954,,-0.006520151257514954,-0.006520151257514954,274f49f21a03df6f7da7f330fed2fe31ff1b6bdd1be8fc9ce8088bf297fdd4e6
E1,gaussian_noise,1,random_direction,0.01,1.0,,10,1,-0.04999999999999449,,-0.04999999999999449,-0.04999999999999449,2000.0,,2000,2000,0.03731343283582089,,0.03731343283582089,0.03731343283582089,0.009084027252081756,,0.009084027252081756,0.009084027252081756,134.0,,134,134,1321.0,,1321,1321,-0.00424896252155304,,-0.00424896252155304,-0.00424896252155304,274f49f21a03df6f7da7f330fed2fe31ff1b6bdd1be8fc9ce8088bf297fdd4e6
E1,gaussian_noise,1,random_direction,0.01,1.0,,11,1,0.2500000000000058,,0.2500000000000058,0.2500000000000058,2000.0,,2000,2000,0.05970149253731343,,0.05970149253731343,0.05970149253731343,0.00757002271006813,,0.00757002271006813,0.00757002271006813,134.0,,134,134,1321.0,,1321,1321,-0.006494802594184876,,-0.006494802594184876,-0.006494802594184876,274f49f21a03df6f7da7f330fed2fe31ff1b6bdd1be8fc9ce8088bf297fdd4e6
E1,gaussian_noise,1,shuffled_donor,0.01,1.0,,0,1,-0.14999999999999458,,-0.14999999999999458,-0.14999999999999458,2000.0,,2000,2000,0.11194029850746269,,0.11194029850746269,0.11194029850746269,0.018925056775170326,,0.018925056775170326,0.018925056775170326,134.0,,134,134,1321.0,,1321,1321,-0.02172088634967804,,-0.02172088634967804,-0.02172088634967804,274f49f21a03df6f7da7f330fed2fe31ff1b6bdd1be8fc9ce8088bf297fdd4e6
E1,gaussian_noise,1,shuffled_donor,0.01,1.0,,1,1,-0.6000000000000005,,-0.6000000000000005,-0.6000000000000005,2000.0,,2000,2000,0.029850746268656716,,0.029850746268656716,0.029850746268656716,0.014383043149129448,,0.014383043149129448,0.014383043149129448,134.0,,134,134,1321.0,,1321,1321,-0.010371034383773804,,-0.010371034383773804,-0.010371034383773804,274f49f21a03df6f7da7f330fed2fe31ff1b6bdd1be8fc9ce8088bf297fdd4e6
E1,gaussian_noise,1,shuffled_donor,0.01,1.0,,2,1,-0.5000000000000004,,-0.5000000000000004,-0.5000000000000004,2000.0,,2000,2000,0.014925373134328358,,0.014925373134328358,0.014925373134328358,0.010598031794095382,,0.010598031794095382,0.010598031794095382,134.0,,134,134,1321.0,,1321,1321,-0.00863754105567932,,-0.00863754105567932,-0.00863754105567932,274f49f21a03df6f7da7f330fed2fe31ff1b6bdd1be8fc9ce8088bf297fdd4e6
E1,gaussian_noise,1,shuffled_donor,0.01,1.0,,3,1,0.050000000000005596,,0.050000000000005596,0.050000000000005596,2000.0,,2000,2000,0.05223880597014925,,0.05223880597014925,0.05223880597014925,0.010598031794095382,,0.010598031794095382,0.010598031794095382,134.0,,134,134,1321.0,,1321,1321,-0.0042852056026458744,,-0.0042852056026458744,-0.0042852056026458744,274f49f21a03df6f7da7f330fed2fe31ff1b6bdd1be8fc9ce8088bf297fdd4e6
E1,gaussian_noise,1,shuffled_donor,0.01,1.0,,4,1,-0.04999999999999449,,-0.04999999999999449,-0.04999999999999449,2000.0,,2000,2000,0.05223880597014925,,0.05223880597014925,0.05223880597014925,0.011355034065102196,,0.011355034065102196,0.011355034065102196,134.0,,134,134,1321.0,,1321,1321,-0.009354937195777893,,-0.009354937195777893,-0.009354937195777893,274f49f21a03df6f7da7f330fed2fe31ff1b6bdd1be8fc9ce8088bf297fdd4e6
E1,gaussian_noise,1,shuffled_donor,0.01,1.0,,5,1,-0.24999999999999467,,-0.24999999999999467,-0.24999999999999467,2000.0,,2000,2000,0.05223880597014925,,0.05223880597014925,0.05223880597014925,0.012869038607115822,,0.012869038607115822,0.012869038607115822,134.0,,134,134,1321.0,,1321,1321,-0.009323427200317383,,-0.009323427200317383,-0.009323427200317383,274f49f21a03df6f7da7f330fed2fe31ff1b6bdd1be8fc9ce8088bf297fdd4e6
E1,gaussian_noise,1,shuffled_donor,0.01,1.0,,6,1,-0.24999999999999467,,-0.24999999999999467,-0.24999999999999467,2000.0,,2000,2000,0.05970149253731343,,0.05970149253731343,0.05970149253731343,0.01514004542013626,,0.01514004542013626,0.01514004542013626,134.0,,134,134,1321.0,,1321,1321,-0.007685146689414978,,-0.007685146689414978,-0.007685146689414978,274f49f21a03df6f7da7f330fed2fe31ff1b6bdd1be8fc9ce8088bf297fdd4e6
E1,gaussian_noise,1,shuffled_donor,0.01,1.0,,7,1,-0.10000000000000009,,-0.10000000000000009,-0.10000000000000009,2000.0,,2000,2000,0.029850746268656716,,0.029850746268656716,0.029850746268656716,0.011355034065102196,,0.011355034065102196,0.011355034065102196,134.0,,134,134,1321.0,,1321,1321,-0.011957545042037963,,-0.011957545042037963,-0.011957545042037963,274f49f21a03df6f7da7f330fed2fe31ff1b6bdd1be8fc9ce8088bf297fdd4e6
E1,gaussian_noise,1,shuffled_donor,0.01,1.0,,8,1,-0.20000000000000018,,-0.20000000000000018,-0.20000000000000018,2000.0,,2000,2000,0.05223880597014925,,0.05223880597014925,0.05223880597014925,0.012112036336109008,,0.012112036336109008,0.012112036336109008,134.0,,134,134,1321.0,,1321,1321,-0.004086421370506287,,-0.004086421370506287,-0.004086421370506287,274f49f21a03df6f7da7f330fed2fe31ff1b6bdd1be8fc9ce8088bf297fdd4e6
E1,gaussian_noise,1,shuffled_donor,0.01,1.0,,9,1,-0.24999999999999467,,-0.24999999999999467,-0.24999999999999467,2000.0,,2000,2000,0.03731343283582089,,0.03731343283582089,0.03731343283582089,0.010598031794095382,,0.010598031794095382,0.010598031794095382,134.0,,134,134,1321.0,,1321,1321,0.0032759926319122314,,0.0032759926319122314,0.0032759926319122314,274f49f21a03df6f7da7f330fed2fe31ff1b6bdd1be8fc9ce8088bf297fdd4e6
E1,gaussian_noise,1,shuffled_donor,0.01,1.0,,10,1,-0.10000000000000009,,-0.10000000000000009,-0.10000000000000009,2000.0,,2000,2000,0.029850746268656716,,0.029850746268656716,0.029850746268656716,0.00757002271006813,,0.00757002271006813,0.00757002271006813,134.0,,134,134,1321.0,,1321,1321,0.004919901728630066,,0.004919901728630066,0.004919901728630066,274f49f21a03df6f7da7f330fed2fe31ff1b6bdd1be8fc9ce8088bf297fdd4e6
E1,gaussian_noise,1,shuffled_donor,0.01,1.0,,11,1,0.10000000000000009,,0.10000000000000009,0.10000000000000009,2000.0,,2000,2000,0.022388059701492536,,0.022388059701492536,0.022388059701492536,0.006813020439061317,,0.006813020439061317,0.006813020439061317,134.0,,134,134,1321.0,,1321,1321,-0.007552623867988586,,-0.007552623867988586,-0.007552623867988586,274f49f21a03df6f7da7f330fed2fe31ff1b6bdd1be8fc9ce8088bf297fdd4e6
E1,gaussian_noise,3,partial_channel,0.01,1.0,,0,20,0.12000000000000122,0.2647739850474254,-0.40000000000000036,0.7499999999999951,2000.0,0.0,2000,2000,0.04313432835820895,0.01933276313365136,0.020895522388059702,0.10149253731343283,0.014879356568364612,0.006413345304427805,0.008936550491510277,0.03395889186773905,335.0,0.0,335,335,1119.0,0.0,1119,1119,0.005961543497443199,0.009705541802431673,-0.015775277853012085,0.016420454025268556,274f49f21a03df6f7da7f330fed2fe31ff1b6bdd1be8fc9ce8088bf297fdd4e6
E1,gaussian_noise,3,partial_channel,0.05,1.0,,0,20,0.7074999999999987,0.36065547052700053,-0.14999999999999458,1.3499999999999956,2000.0,0.0,2000,2000,0.12477611940298508,0.017286866417836503,0.08955223880597014,0.16417910447761194,0.03471849865951742,0.006581541844311733,0.025915996425379804,0.05540661304736372,335.0,0.0,335,335,1119.0,0.0,1119,1119,0.04344251362681388,0.023196916379493348,-0.0076308252215385435,0.08131867098808289,274f49f21a03df6f7da7f330fed2fe31ff1b6bdd1be8fc9ce8088bf297fdd4e6
E1,gaussian_noise,3,partial_channel,0.1,1.0,,0,20,1.0150000000000001,1.0962975969382722,-2.4499999999999966,2.200000000000002,2000.0,0.0,2000,2000,0.18686567164179102,0.03293422375860828,0.12835820895522387,0.2746268656716418,0.05232350312779268,0.026265546182725936,0.035746201966041107,0.13315460232350312,335.0,0.0,335,335,1119.0,0.0,1119,1119,0.04672460442483425,0.15608984566639583,-0.4258166880607605,0.15401333045959473,274f49f21a03df6f7da7f330fed2fe31ff1b6bdd1be8fc9ce8088bf297fdd4e6
E1,gaussian_noise,3,partial_channel,0.2,1.0,,0,20,1.4949999999999988,0.8068620178131302,0.2500000000000058,3.400000000000003,2000.0,0.0,2000,2000,0.26238805970149254,0.03336571648868662,0.18208955223880596,0.3283582089552239,0.0698391420911528,0.021281031934629678,0.03485254691689008,0.1161751563896336,335.0,0.0,335,335,1119.0,0.0,1119,1119,0.10876529408693314,0.10562782633106693,-0.09731615006923676,0.23575564289093018,274f49f21a03df6f7da7f330fed2fe31ff1b6bdd1be8fc9ce8088bf297fdd4e6
E1,gaussian_noise,3,partial_channel,0.01,1.0,,1,20,0.10500000000000231,0.23220907095025067,-0.5499999999999949,0.6000000000000005,2000.0,0.0,2000,2000,0.036417910447761194,0.012723710701411041,0.01791044776119403,0.06865671641791045,0.012377122430741735,0.0038165948908672202,0.006255585344057194,0.02323503127792672,335.0,0.0,335,335,1119.0,0.0,1119,1119,0.008788363197445869,0.004956535161669548,-0.0004133846759796143,0.016294650077819824,274f49f21a03df6f7da7f330fed2fe31ff1b6bdd1be8fc9ce8088bf297fdd4e6
E1,gaussian_noise,3,partial_channel,0.05,1.0,,1,20,0.7874999999999982,0.2723557078141518,0.34999999999999476,1.3499999999999956,2000.0,0.0,2000,2000,0.11701492537313433,0.01176620928952453,0.0955223880597015,0.14029850746268657,0.03092046470062556,0.00547364917462778,0.01876675603217158,0.03932082216264522,335.0,0.0,335,335,1119.0,0.0,1119,1119,0.059579218405485156,0.02342731698763322,-0.006010167121887207,0.11737672936916352,274f49f21a03df6f7da7f330fed2fe31ff1b6bdd1be8fc9ce8088bf297fdd4e6
E1,gaussian_noise,3,partial_channel,0.1,1.0,,1,20,1.1949999999999987,0.6484597134749379,0.050000000000005596,2.200000000000002,2000.0,0.0,2000,2000,0.1834328358208955,0.04060111573022494,0.14029850746268657,0.28955223880597014,0.04718498659517426,0.018001047146316534,0.03038427167113494,0.10008936550491511,335.0,0.0,335,335,1119.0,0.0,1119,1119,0.11432338671386241,0.04511227803221609,0.016350916862487793,0.20205107998847963,274f49f21a03df6f7da7f330fed2fe31ff1b6bdd1be8fc9ce8088bf297fdd4e6
E1,gaussian_noise,3,partial_channel,0.2,1.0,,1,20,2.0275,1.053125048805248,0.40000000000000036,4.300000000000004,2000.0,0.0,2000,2000,0.2752238805970149,0.053060311916789483,0.19402985074626866,0.3940298507462687,0.06344950848972296,0.012888476409165286,0.0420017873100983,0.08668453976764968,335.0,0.0,335,335,1119.0,0.0,1119,1119,0.20857343653440474,0.06721936893114508,0.08608085346221923,0.35166927456855773,274f49f21a03df6f7da7f330fed2fe31ff1b6bdd1be8fc9ce8088bf297fdd4e6
E1,gaussian_noise,3,partial_channel,0.01,1.0,,2,20,-0.06499999999999895,0.25240944181188785,-0.5499999999999949,0.40000000000000036,2000.0,0.0,2000,2000,0.03283582089552238,0.012775209018228513,0.011940298507462687,0.05970149253731343,0.01416443252904379,0.0034826004541391974,0.009830205540661306,0.024128686327077747,335.0,0.0,335,335,1119.0,0.0,1119,1119,0.008104190510511398,0.0064048926691557895,-0.004241946697235107,0.024011240243911745,274f49f21a03df6f7da7f330fed2fe31ff1b6bdd1be8fc9ce8088bf297fdd4e6
E1,gaussian_noise,3,partial_channel,0.05,1.0,,2,20,0.7774999999999987,0.5590111099545612,-0.44999999999999485,1.8000000000000016,2000.0,0.0,2000,2000,0.12343283582089551,0.02263596705445802,0.08955223880597014,0.1761194029850746,0.03136729222520107,0.007236311878060173,0.022341376228775692,0.044682752457551385,335.0,0.0,335,335,1119.0,0.0,1119,1119,0.059620501783490175,0.027304165986357924,-0.007960753202438355,0.10178358954191208,274f49f21a03df6f7da7f330fed2fe31ff1b6bdd1be8fc9ce8088bf297fdd4e6
E1,gaussian_noise,3,partial_channel,0.1,1.0,,2,20,1.2849999999999995,0.5631443677667098,-0.14999999999999458,2.200000000000002,2000.0,0.0,2000,2000,0.1904477611940298,0.035407406640668354,0.14029850746268657,0.2865671641791045,0.0469615728328865,0.011272197643644049,0.03038427167113494,0.07059874888293119,335.0,0.0,335,335,1119.0,0.0,1119,1119,0.12614646550416947,0.048049632352392006,0.037070590853691104,0.21899549680948258,274f49f21a03df6f7da7f330fed2fe31ff1b6bdd1be8fc9ce8088bf297fdd4e6
E1,gaussian_noise,3,partial_channel,0.2,1.0,,2,20,2.424999999999999,0.8974378735278039,1.3000000000000012,4.649999999999999,2000.0,0.0,2000,2000,0.27985074626865675,0.04942008138716661,0.2208955223880597,0.40298507462686567,0.05741733690795352,0.007408377946549803,0.044682752457551385,0.07864164432529044,335.0,0.0,335,335,1119.0,0.0,1119,1119,0.2428822706133127,0.07998928380877161,0.13341220712661744,0.4031169710159302,274f49f21a03df6f7da7f330fed2fe31ff1b6bdd1be8fc9ce8088bf297fdd4e6
E1,gaussian_noise,3,partial_channel,0.01,1.0,,3,20,0.0075000000000019496,0.24130947589743337,-0.44999999999999485,0.40000000000000036,2000.0,0.0,2000,2000,0.031641791044776116,0.010083424048932269,0.01791044776119403,0.04776119402985075,0.012287756925826631,0.0031744787256528795,0.006255585344057194,0.016979445933869526,335.0,0.0,335,335,1119.0,0.0,1119,1119,0.012381335774064065,0.006575718355909315,5.107581615447998e-05,0.023801676988601684,274f49f21a03df6f7da7f330fed2fe31ff1b6bdd1be8fc9ce8088bf297fdd4e6
E1,gaussian_noise,3,partial_channel,0.05,1.0,,3,20,1.0299999999999987,0.47195004195916973,-0.04999999999999449,1.649999999999996,2000.0,0.0,2000,2000,0.1252238805970149,0.02230621331500571,0.08059701492537313,0.15522388059701492,0.028641644325290438,0.005294680415767028,0.01966041108132261,0.03932082216264522,335.0,0.0,335,335,1119.0,0.0,1119,1119,0.08283281368017197,0.022358375582994784,0.037969516992568966,0.11210605227947235,274f49f21a03df6f7da7f330fed2fe31ff1b6bdd1be8fc9ce8088bf297fdd4e6
E1,gaussian_noise,3,partial_channel,0.1,1.0,,3,20,1.9324999999999986,0.6831188152799436,0.9000000000000008,3.3499999999999974,2000.0,0.0,2000,2000,0.20134328358208956,0.0377395931001129,0.15223880597014924,0.29850746268656714,0.03798033958891867,0.005895842423910504,0.02770330652368186,0.04736371760500447,335.0,0.0,335,335,1119.0,0.0,1119,1119,0.17397422789931297,0.04977902795848496,0.08755324339866638,0.2768511587381363,274f49f21a03df6f7da7f330fed2fe31ff1b6bdd1be8fc9ce8088bf297fdd4e6
E1,gaussian_noise,3,partial_channel,0.2,1.0,,3,20,3.590000000000002,0.7949842765740714,2.400000000000002,5.549999999999999,2000.0,0.0,2000,2000,0.3064179104477612,0.037587680301842986,0.25671641791044775,0.3970149253731343,0.04548704200178731,0.005658659960617175,0.03753351206434316,0.05987488829311886,335.0,0.0,335,335,1119.0,0.0,1119,1119,0.3353643381267786,0.07673230905151364,0.237856995344162,0.4923894774913788,274f49f21a03df6f7da7f330fed2fe31ff1b6bdd1be8fc9ce8088bf297fdd4e6
E1,gaussian_noise,3,partial_channel,0.01,1.0,,4,20,0.04250000000000198,0.17567538844488972,-0.30000000000000027,0.44999999999999485,2000.0,0.0,2000,2000,0.030597014925373135,0.008267661253499642,0.020895522388059702,0.04776119402985075,0.010947274352100089,0.0031612102089571695,0.005361930294906166,0.01876675603217158,335.0,0.0,335,335,1119.0,0.0,1119,1119,0.015060508739948275,0.0073843902332750766,-0.0027630271911621095,0.03200496518611908,274f49f21a03df6f7da7f330fed2fe31ff1b6bdd1be8fc9ce8088bf297fdd4e6
E1,gaussian_noise,3,partial_channel,0.05,1.0,,4,20,1.2049999999999983,0.41195937459388987,0.40000000000000036,1.849999999999996,2000.0,0.0,2000,2000,0.12343283582089551,0.021224544599453117,0.08955223880597014,0.1582089552238806,0.023324396782841823,0.004727889084253855,0.01519213583556747,0.03395889186773905,335.0,0.0,335,335,1119.0,0.0,1119,1119,0.09850323790311813,0.013834954267256882,0.07845470345020295,0.13182434737682341,274f49f21a03df6f7da7f330fed2fe31ff1b6bdd1be8fc9ce8088bf297fdd4e6
E1,gaussian_noise,3,partial_channel,0.1,1.0,,4,20,2.2624999999999984,0.5796720942413098,1.4499999999999957,3.400000000000003,2000.0,0.0,2000,2000,0.1944776119402985,0.028652706579893085,0.14626865671641792,0.25671641791044775,0.029714030384271665,0.003778964792110083,0.02323503127792672,0.03842716711349419,335.0,0.0,335,335,1119.0,0.0,1119,1119,0.19968467858433725,0.03754739193269778,0.14446288061141968,0.27531369459629057,274f49f21a03df6f7da7f330fed2fe31ff1b6bdd1be8fc9ce8088bf297fdd4e6
E1,gaussian_noise,3,partial_channel,0.2,1.0,,4,20,4.355000000000001,0.590249724135562,3.5499999999999976,5.600000000000005,2000.0,0.0,2000,2000,0.3185074626865672,0.032787223911138544,0.2537313432835821,0.3850746268656716,0.03449508489722966,0.004145229274350619,0.028596961572832886,0.044682752457551385,335.0,0.0,335,335,1119.0,0.0,1119,1119,0.3925033436477184,0.049399060215324815,0.3119121350646019,0.4878052508831024,274f49f21a03df6f7da7f330fed2fe31ff1b6bdd1be8fc9ce8088bf297fdd4e6
E1,gaussian_noise,3,partial_channel,0.01,1.0,,5,20,0.052500000000002545,0.21304496683737165,-0.40000000000000036,0.40000000000000036,2000.0,0.0,2000,2000,0.02940298507462687,0.009453287562653729,0.01791044776119403,0.050746268656716415,0.010411081322609473,0.0025651906541741725,0.0035746201966041107,0.01519213583556747,335.0,0.0,335,335,1119.0,0.0,1119,1119,0.01595396875143051,0.007281899023184325,0.004795501351356506,0.037238759398460386,274f49f21a03df6f7da7f330fed2fe31ff1b6bdd1be8fc9ce8088bf297fdd4e6
E1,gaussian_noise,3,partial_channel,0.05,1.0,,5,20,1.1249999999999978,0.340085128661695,0.5499999999999949,1.749999999999996,2000.0,0.0,2000,2000,0.11477611940298507,0.0197170782693985,0.08059701492537313,0.15223880597014924,0.021715817694369973,0.005251836848681186,0.013404825737265416,0.032171581769437,335.0,0.0,335,335,1119.0,0.0,1119,1119,0.10501890698373317,0.011727899461834244,0.08613573884963989,0.14005487668514252,274f49f21a03df6f7da7f330fed2fe31ff1b6bdd1be8fc9ce8088bf297fdd4e6
E1,gaussian_noise,3,partial_channel,0.1,1.0,,5,20,2.37,0.5976709180776577,1.5000000000000013,3.9000000000000035,2000.0,0.0,2000,2000,0.19746268656716415,0.032818319980879244,0.14925373134328357,0.28059701492537314,0.0275692582663092,0.004143961581341264,0.01966041108132261,0.035746201966041107,335.0,0.0,335,335,1119.0,0.0,1119,1119,0.21383938106000425,0.02967028686948536,0.1648840514421463,0.2720383448600769,274f49f21a03df6f7da7f330fed2fe31ff1b6bdd1be8fc9ce8088bf297fdd4e6
E1,gaussian_noise,3,partial_channel,0.2,1.0,,5,20,4.732500000000002,0.5319465248153783,4.0000000000000036,5.549999999999999,2000.0,0.0,2000,2000,0.3313432835820895,0.0340626349431735,0.27761194029850744,0.3880597014925373,0.03168007149240393,0.004125663611796112,0.025022341376228777,0.040214477211796246,335.0,0.0,335,335,1119.0,0.0,1119,1119,0.4122820830196143,0.0373123376361505,0.35391537177562715,0.4905152269601822,274f49f21a03df6f7da7f330fed2fe31ff1b6bdd1be8fc9ce8088bf297fdd4e6
E1,gaussian_noise,3,partial_channel,0.01,1.0,,6,20,0.09250000000000314,0.15917137404630624,-0.24999999999999467,0.44999999999999485,2000.0,0.0,2000,2000,0.02985074626865671,0.007311909679949786,0.01791044776119403,0.04477611940298507,0.00969615728328865,0.0023063445484461024,0.005361930294906166,0.013404825737265416,335.0,0.0,335,335,1119.0,0.0,1119,1119,0.017833584025502204,0.00598833730953262,0.00944633960723877,0.02930326819419861,274f49f21a03df6f7da7f330fed2fe31ff1b6bdd1be8fc9ce8088bf297fdd4e6
E1,gaussian_noise,3,partial_channel,0.05,1.0,,6,20,1.1349999999999985,0.4094604922783658,0.30000000000000027,1.849999999999996,2000.0,0.0,2000,2000,0.11477611940298507,0.011396698974328517,0.09253731343283582,0.13134328358208955,0.020464700625558534,0.006305111453051414,0.009830205540661306,0.035746201966041107,335.0,0.0,335,335,1119.0,0.0,1119,1119,0.10825934067070483,0.010772283409506093,0.0799543560743332,0.13160827815532683,274f49f21a03df6f7da7f330fed2fe31ff1b6bdd1be8fc9ce8088bf297fdd4e6
E1,gaussian_noise,3,partial_channel,0.1,1.0,,6,20,2.3174999999999986,0.5368708067662984,1.4499999999999957,3.300000000000003,2000.0,0.0,2000,2000,0.19119402985074627,0.024356510730505647,0.1582089552238806,0.2417910447761194,0.025647899910634493,0.004426691407409632,0.016979445933869526,0.03842716711349419,335.0,0.0,335,335,1119.0,0.0,1119,1119,0.22027317045331,0.023103254609405356,0.18559611624479294,0.27184768962860106,274f49f21a03df6f7da7f330fed2fe31ff1b6bdd1be8fc9ce8088bf297fdd4e6
E1,gaussian_noise,3,partial_channel,0.2,1.0,,6,20,4.722500000000002,0.5711196298315673,3.500000000000003,5.6499999999999995,2000.0,0.0,2000,2000,0.3297014925373134,0.023494023515375433,0.29850746268656714,0.3761194029850746,0.030116175156389636,0.004852490180680024,0.025022341376228777,0.04289544235924933,335.0,0.0,335,335,1119.0,0.0,1119,1119,0.4260370408117772,0.03287103079552712,0.38268127024173737,0.5115857828855515,274f49f21a03df6f7da7f330fed2fe31ff1b6bdd1be8fc9ce8088bf297fdd4e6
E1,gaussian_noise,3,partial_channel,0.01,1.0,,7,20,0.10250000000000314,0.13618389270239922,-0.24999999999999467,0.34999999999999476,2000.0,0.0,2000,2000,0.026417910447761195,0.006798399891190282,0.014925373134328358,0.041791044776119404,0.008534405719392315,0.001751079086169658,0.004468275245755138,0.01161751563896336,335.0,0.0,335,335,1119.0,0.0,1119,1119,0.017823028004169465,0.0046055430197976515,0.0070639666318893434,0.02680102598667145,274f49f21a03df6f7da7f330fed2fe31ff1b6bdd1be8fc9ce8088bf297fdd4e6
E1,gaussian_noise,3,partial_channel,0.05,1.0,,7,20,1.2149999999999994,0.2838179549974735,0.8000000000000007,1.7000000000000015,2000.0,0.0,2000,2000,0.11044776119402985,0.012627513776848462,0.08358208955223881,0.13134328358208955,0.01814119749776586,0.004369348423963016,0.010723860589812333,0.024128686327077747,335.0,0.0,335,335,1119.0,0.0,1119,1119,0.11338469089567664,0.007909790081856898,0.09631685519218444,0.12993563950061798,274f49f21a03df6f7da7f330fed2fe31ff1b6bdd1be8fc9ce8088bf297fdd4e6
E1,gaussian_noise,3,partial_channel,0.1,1.0,,7,20,2.5024999999999995,0.4231694322857601,1.6000000000000014,3.1499999999999972,2000.0,0.0,2000,2000,0.18940298507462688,0.015986622539535804,0.15522388059701492,0.21194029850746268,0.021939231456657726,0.0041762933577201,0.016979445933869526,0.03127792672028597,335.0,0.0,335,335,1119.0,0.0,1119,1119,0.22685711950063708,0.015403524700732165,0.2027797157764435,0.2559294202327728,274f49f21a03df6f7da7f330fed2fe31ff1b6bdd1be8fc9ce8088bf297fdd4e6
E1,gaussian_noise,3,partial_channel,0.2,1.0,,7,20,4.725000000000001,0.48922602676386523,3.7000000000000033,5.6499999999999995,2000.0,0.0,2000,2000,0.31865671641791044,0.022997721498013626,0.28955223880597014,0.373134328358209,0.027077747989276136,0.00434039284705486,0.020554066130473638,0.03753351206434316,335.0,0.0,335,335,1119.0,0.0,1119,1119,0.43996280305087565,0.028773346243513347,0.3974904682636261,0.4907958901524544,274f49f21a03df6f7da7f330fed2fe31ff1b6bdd1be8fc9ce8088bf297fdd4e6
E1,gaussian_noise,3,partial_channel,0.01,1.0,,8,20,0.13250000000000095,0.17341386455832208,-0.14999999999999458,0.44999999999999485,2000.0,0.0,2000,2000,0.022089552238805966,0.006380258210525931,0.011940298507462687,0.03283582089552239,0.006344950848972297,0.0016117116699949315,0.002680965147453083,0.008936550491510277,335.0,0.0,335,335,1119.0,0.0,1119,1119,0.018678254657983777,0.0038965497849185976,0.013428595900535583,0.02777359789609909,274f49f21a03df6f7da7f330fed2fe31ff1b6bdd1be8fc9ce8088bf297fdd4e6
E1,gaussian_noise,3,partial_channel,0.05,1.0,,8,20,1.2899999999999983,0.3089029825553306,0.649999999999995,1.9000000000000017,2000.0,0.0,2000,2000,0.10626865671641791,0.011310988881397203,0.08955223880597014,0.12835820895522387,0.015102770330652372,0.004601741243409823,0.0071492403932082215,0.02680965147453083,335.0,0.0,335,335,1119.0,0.0,1119,1119,0.11129291490614415,0.006099055102109041,0.10157374048233032,0.1214691653251648,274f49f21a03df6f7da7f330fed2fe31ff1b6bdd1be8fc9ce8088bf297fdd4e6
E1,gaussian_noise,3,partial_channel,0.1,1.0,,8,20,2.6774999999999993,0.5066595971344273,1.3000000000000012,3.749999999999998,2000.0,0.0,2000,2000,0.18686567164179102,0.020735556469670752,0.1373134328358209,0.23283582089552238,0.017426273458445045,0.003895352049634204,0.012511170688114389,0.025022341376228777,335.0,0.0,335,335,1119.0,0.0,1119,1119,0.2250266354680061,0.009881076788213346,0.20924618911743165,0.24553275209665298,274f49f21a03df6f7da7f330fed2fe31ff1b6bdd1be8fc9ce8088bf297fdd4e6
E1,gaussian_noise,3,partial_channel,0.2,1.0,,8,20,4.965000000000002,0.41710152746127305,4.300000000000004,6.000000000000005,2000.0,0.0,2000,2000,0.322089552238806,0.019488000347771046,0.29850746268656714,0.3761194029850746,0.02363717605004468,0.0028478394671193476,0.01966041108132261,0.029490616621983913,335.0,0.0,335,335,1119.0,0.0,1119,1119,0.4463649460643529,0.03114470069885886,0.4076690388917923,0.5195684213638305,274f49f21a03df6f7da7f330fed2fe31ff1b6bdd1be8fc9ce8088bf297fdd4e6
E1,gaussian_noise,3,partial_channel,0.01,1.0,,9,20,0.10500000000000231,0.1708338682062643,-0.24999999999999467,0.40000000000000036,2000.0,0.0,2000,2000,0.019701492537313438,0.006667799945102801,0.011940298507462687,0.03283582089552239,0.005898123324396784,0.0019536017572958577,0.0017873100983020554,0.008936550491510277,335.0,0.0,335,335,1119.0,0.0,1119,1119,0.020503826558589934,0.0037767662032179967,0.016039958477020264,0.03104282069206238,274f49f21a03df6f7da7f330fed2fe31ff1b6bdd1be8fc9ce8088bf297fdd4e6
E1,gaussian_noise,3,partial_channel,0.05,1.0,,9,20,1.414999999999999,0.3048295468480363,0.8499999999999952,1.9000000000000017,2000.0,0.0,2000,2000,0.1053731343283582,0.010832334068584465,0.08656716417910448,0.1253731343283582,0.01188561215370867,0.003203804026025914,0.006255585344057194,0.01876675603217158,335.0,0.0,335,335,1119.0,0.0,1119,1119,0.12180085796415807,0.005522192115271837,0.11325960981845856,0.13596881061792374,274f49f21a03df6f7da7f330fed2fe31ff1b6bdd1be8fc9ce8088bf297fdd4e6
E1,gaussian_noise,3,partial_channel,0.1,1.0,,9,20,2.819999999999999,0.2853437446862626,2.2499999999999964,3.3499999999999974,2000.0,0.0,2000,2000,0.18970149253731344,0.011801033882621648,0.16119402985074627,0.20597014925373133,0.014789991063449507,0.002485294783140537,0.008936550491510277,0.01966041108132261,335.0,0.0,335,335,1119.0,0.0,1119,1119,0.24172784573733805,0.008907540249668378,0.2228934552669525,0.25739515751600267,274f49f21a03df6f7da7f330fed2fe31ff1b6bdd1be8fc9ce8088bf297fdd4e6
E1,gaussian_noise,3,partial_channel,0.2,1.0,,9,20,5.6125000000000025,0.4160829244273308,5.000000000000004,6.65,2000.0,0.0,2000,2000,0.3471641791044776,0.017109616476600614,0.3194029850746269,0.3880597014925373,0.018632707774798928,0.0017701779914875576,0.01519213583556747,0.021447721179624665,335.0,0.0,335,335,1119.0,0.0,1119,1119,0.4738469219565391,0.02469353061531741,0.4420848622322083,0.5277035353183747,274f49f21a03df6f7da7f330fed2fe31ff1b6bdd1be8fc9ce8088bf297fdd4e6
E1,gaussian_noise,3,partial_channel,0.01,1.0,,10,20,0.08000000000000285,0.15508910851167848,-0.20000000000000018,0.40000000000000036,2000.0,0.0,2000,2000,0.015671641791044775,0.0060384933357353066,0.005970149253731343,0.03283582089552239,0.004602323503127793,0.0018627374745727623,0.002680965147453083,0.00804289544235925,335.0,0.0,335,335,1119.0,0.0,1119,1119,0.02168859183490276,0.0029933240385903656,0.01761124128103256,0.030678803443908692,274f49f21a03df6f7da7f330fed2fe31ff1b6bdd1be8fc9ce8088bf297fdd4e6
E1,gaussian_noise,3,partial_channel,0.05,1.0,,10,20,1.587499999999998,0.3060250247765274,0.8499999999999952,2.0499999999999963,2000.0,0.0,2000,2000,0.1053731343283582,0.012330619537010794,0.07462686567164178,0.12238805970149254,0.00835567470956211,0.002378126563868678,0.004468275245755138,0.01519213583556747,335.0,0.0,335,335,1119.0,0.0,1119,1119,0.1347840422540903,0.006235479773513016,0.12350906604528428,0.14541015434265137,274f49f21a03df6f7da7f330fed2fe31ff1b6bdd1be8fc9ce8088bf297fdd4e6
E1,gaussian_noise,3,partial_channel,0.1,1.0,,10,20,3.0875,0.2990665301796317,2.300000000000002,3.600000000000003,2000.0,0.0,2000,2000,0.19432835820895522,0.013829357486503997,0.16119402985074627,0.21791044776119403,0.011215370866845396,0.002518892722590814,0.008936550491510277,0.016979445933869526,335.0,0.0,335,335,1119.0,0.0,1119,1119,0.2654787708699703,0.009512781735022135,0.24660276210308074,0.2802712416648865,274f49f21a03df6f7da7f330fed2fe31ff1b6bdd1be8fc9ce8088bf297fdd4e6
E1,gaussian_noise,3,partial_channel,0.2,1.0,,10,20,6.062500000000002,0.41035126159759294,5.200000000000005,6.799999999999995,2000.0,0.0,2000,2000,0.3676119402985075,0.01833165362341404,0.33432835820895523,0.4,0.015594280607685432,0.0029350606121388355,0.010723860589812333,0.020554066130473638,335.0,0.0,335,335,1119.0,0.0,1119,1119,0.5094138325542212,0.0201245654636755,0.4915183063149452,0.5601458708047867,274f49f21a03df6f7da7f330fed2fe31ff1b6bdd1be8fc9ce8088bf297fdd4e6
E1,gaussian_noise,3,partial_channel,0.01,1.0,,11,20,0.09500000000000342,0.17688830850061799,-0.24999999999999467,0.34999999999999476,2000.0,0.0,2000,2000,0.015223880597014924,0.006117582546841551,0.0029850746268656717,0.026865671641791045,0.00420017873100983,0.0016169191526107269,0.0017873100983020554,0.0071492403932082215,335.0,0.0,335,335,1119.0,0.0,1119,1119,0.020993584650754925,0.001977525183063835,0.017775036573410036,0.02590670168399811,274f49f21a03df6f7da7f330fed2fe31ff1b6bdd1be8fc9ce8088bf297fdd4e6
E1,gaussian_noise,3,partial_channel,0.05,1.0,,11,20,1.3499999999999985,0.3422064627646519,0.8499999999999952,2.0000000000000018,2000.0,0.0,2000,2000,0.0908955223880597,0.014830017468289287,0.06865671641791045,0.11940298507462686,0.008087578194816803,0.002416698032745254,0.002680965147453083,0.012511170688114389,335.0,0.0,335,335,1119.0,0.0,1119,1119,0.12586358971297743,0.01791728497201481,0.0751298177242279,0.14266219174861908,274f49f21a03df6f7da7f330fed2fe31ff1b6bdd1be8fc9ce8088bf297fdd4e6
E1,gaussian_noise,3,partial_channel,0.1,1.0,,11,20,2.8375000000000004,0.3852118350917289,2.0499999999999963,3.400000000000003,2000.0,0.0,2000,2000,0.17970149253731343,0.01715068290052795,0.14925373134328357,0.2208955223880597,0.011394101876675604,0.0024580858097416483,0.005361930294906166,0.014298480786416443,335.0,0.0,335,335,1119.0,0.0,1119,1119,0.2482517284661531,0.023725851863908836,0.192157759308815,0.27572985565662383,274f49f21a03df6f7da7f330fed2fe31ff1b6bdd1be8fc9ce8088bf297fdd4e6
E1,gaussian_noise,3,partial_channel,0.2,1.0,,11,20,5.575000000000003,0.45029230272650317,4.600000000000004,6.15,2000.0,0.0,2000,2000,0.33985074626865674,0.017786293961234587,0.3074626865671642,0.36716417910447763,0.015058087578194814,0.0026458512929303122,0.009830205540661306,0.020554066130473638,335.0,0.0,335,335,1119.0,0.0,1119,1119,0.47339603374004363,0.024762763673948522,0.41637378388643265,0.49633637130260466,274f49f21a03df6f7da7f330fed2fe31ff1b6bdd1be8fc9ce8088bf297fdd4e6
E1,gaussian_noise,3,none,0.01,1.0,,0,1,0.0,,0.0,0.0,2000.0,,2000,2000,0.0,,0.0,0.0,0.0,,0.0,0.0,335.0,,335,335,1119.0,,1119,1119,0.0,,0.0,0.0,274f49f21a03df6f7da7f330fed2fe31ff1b6bdd1be8fc9ce8088bf297fdd4e6
E1,gaussian_noise,3,none,0.01,1.0,,1,1,0.0,,0.0,0.0,2000.0,,2000,2000,0.0,,0.0,0.0,0.0,,0.0,0.0,335.0,,335,335,1119.0,,1119,1119,0.0,,0.0,0.0,274f49f21a03df6f7da7f330fed2fe31ff1b6bdd1be8fc9ce8088bf297fdd4e6
E1,gaussian_noise,3,none,0.01,1.0,,2,1,0.0,,0.0,0.0,2000.0,,2000,2000,0.0,,0.0,0.0,0.0,,0.0,0.0,335.0,,335,335,1119.0,,1119,1119,0.0,,0.0,0.0,274f49f21a03df6f7da7f330fed2fe31ff1b6bdd1be8fc9ce8088bf297fdd4e6
E1,gaussian_noise,3,none,0.01,1.0,,3,1,0.0,,0.0,0.0,2000.0,,2000,2000,0.0,,0.0,0.0,0.0,,0.0,0.0,335.0,,335,335,1119.0,,1119,1119,0.0,,0.0,0.0,274f49f21a03df6f7da7f330fed2fe31ff1b6bdd1be8fc9ce8088bf297fdd4e6
E1,gaussian_noise,3,none,0.01,1.0,,4,1,0.0,,0.0,0.0,2000.0,,2000,2000,0.0,,0.0,0.0,0.0,,0.0,0.0,335.0,,335,335,1119.0,,1119,1119,0.0,,0.0,0.0,274f49f21a03df6f7da7f330fed2fe31ff1b6bdd1be8fc9ce8088bf297fdd4e6
E1,gaussian_noise,3,none,0.01,1.0,,5,1,0.0,,0.0,0.0,2000.0,,2000,2000,0.0,,0.0,0.0,0.0,,0.0,0.0,335.0,,335,335,1119.0,,1119,1119,0.0,,0.0,0.0,274f49f21a03df6f7da7f330fed2fe31ff1b6bdd1be8fc9ce8088bf297fdd4e6
E1,gaussian_noise,3,none,0.01,1.0,,6,1,0.0,,0.0,0.0,2000.0,,2000,2000,0.0,,0.0,0.0,0.0,,0.0,0.0,335.0,,335,335,1119.0,,1119,1119,0.0,,0.0,0.0,274f49f21a03df6f7da7f330fed2fe31ff1b6bdd1be8fc9ce8088bf297fdd4e6
E1,gaussian_noise,3,none,0.01,1.0,,7,1,0.0,,0.0,0.0,2000.0,,2000,2000,0.0,,0.0,0.0,0.0,,0.0,0.0,335.0,,335,335,1119.0,,1119,1119,0.0,,0.0,0.0,274f49f21a03df6f7da7f330fed2fe31ff1b6bdd1be8fc9ce8088bf297fdd4e6
E1,gaussian_noise,3,none,0.01,1.0,,8,1,0.0,,0.0,0.0,2000.0,,2000,2000,0.0,,0.0,0.0,0.0,,0.0,0.0,335.0,,335,335,1119.0,,1119,1119,0.0,,0.0,0.0,274f49f21a03df6f7da7f330fed2fe31ff1b6bdd1be8fc9ce8088bf297fdd4e6
E1,gaussian_noise,3,none,0.01,1.0,,9,1,0.0,,0.0,0.0,2000.0,,2000,2000,0.0,,0.0,0.0,0.0,,0.0,0.0,335.0,,335,335,1119.0,,1119,1119,0.0,,0.0,0.0,274f49f21a03df6f7da7f330fed2fe31ff1b6bdd1be8fc9ce8088bf297fdd4e6
E1,gaussian_noise,3,none,0.01,1.0,,10,1,0.0,,0.0,0.0,2000.0,,2000,2000,0.0,,0.0,0.0,0.0,,0.0,0.0,335.0,,335,335,1119.0,,1119,1119,0.0,,0.0,0.0,274f49f21a03df6f7da7f330fed2fe31ff1b6bdd1be8fc9ce8088bf297fdd4e6
E1,gaussian_noise,3,none,0.01,1.0,,11,1,0.0,,0.0,0.0,2000.0,,2000,2000,0.0,,0.0,0.0,0.0,,0.0,0.0,335.0,,335,335,1119.0,,1119,1119,0.0,,0.0,0.0,274f49f21a03df6f7da7f330fed2fe31ff1b6bdd1be8fc9ce8088bf297fdd4e6
E1,gaussian_noise,3,clean_to_clean,0.01,1.0,,0,1,13.600000000000001,,13.600000000000001,13.600000000000001,2000.0,,2000,2000,1.0,,1.0,1.0,0.05630026809651475,,0.05630026809651475,0.05630026809651475,335.0,,335,335,1119.0,,1119,1119,1.4181153472661971,,1.4181153472661971,1.4181153472661971,274f49f21a03df6f7da7f330fed2fe31ff1b6bdd1be8fc9ce8088bf297fdd4e6
E1,gaussian_noise,3,clean_to_clean,0.01,1.0,,1,1,13.600000000000001,,13.600000000000001,13.600000000000001,2000.0,,2000,2000,1.0,,1.0,1.0,0.05630026809651475,,0.05630026809651475,0.05630026809651475,335.0,,335,335,1119.0,,1119,1119,1.4181153472661971,,1.4181153472661971,1.4181153472661971,274f49f21a03df6f7da7f330fed2fe31ff1b6bdd1be8fc9ce8088bf297fdd4e6
E1,gaussian_noise,3,clean_to_clean,0.01,1.0,,2,1,13.600000000000001,,13.600000000000001,13.600000000000001,2000.0,,2000,2000,1.0,,1.0,1.0,0.05630026809651475,,0.05630026809651475,0.05630026809651475,335.0,,335,335,1119.0,,1119,1119,1.4181153472661971,,1.4181153472661971,1.4181153472661971,274f49f21a03df6f7da7f330fed2fe31ff1b6bdd1be8fc9ce8088bf297fdd4e6
E1,gaussian_noise,3,clean_to_clean,0.01,1.0,,3,1,13.600000000000001,,13.600000000000001,13.600000000000001,2000.0,,2000,2000,1.0,,1.0,1.0,0.05630026809651475,,0.05630026809651475,0.05630026809651475,335.0,,335,335,1119.0,,1119,1119,1.4181153472661971,,1.4181153472661971,1.4181153472661971,274f49f21a03df6f7da7f330fed2fe31ff1b6bdd1be8fc9ce8088bf297fdd4e6
E1,gaussian_noise,3,clean_to_clean,0.01,1.0,,4,1,13.600000000000001,,13.600000000000001,13.600000000000001,2000.0,,2000,2000,1.0,,1.0,1.0,0.05630026809651475,,0.05630026809651475,0.05630026809651475,335.0,,335,335,1119.0,,1119,1119,1.4181153472661971,,1.4181153472661971,1.4181153472661971,274f49f21a03df6f7da7f330fed2fe31ff1b6bdd1be8fc9ce8088bf297fdd4e6
E1,gaussian_noise,3,clean_to_clean,0.01,1.0,,5,1,13.600000000000001,,13.600000000000001,13.600000000000001,2000.0,,2000,2000,1.0,,1.0,1.0,0.05630026809651475,,0.05630026809651475,0.05630026809651475,335.0,,335,335,1119.0,,1119,1119,1.4181153472661971,,1.4181153472661971,1.4181153472661971,274f49f21a03df6f7da7f330fed2fe31ff1b6bdd1be8fc9ce8088bf297fdd4e6
E1,gaussian_noise,3,clean_to_clean,0.01,1.0,,6,1,13.600000000000001,,13.600000000000001,13.600000000000001,2000.0,,2000,2000,1.0,,1.0,1.0,0.05630026809651475,,0.05630026809651475,0.05630026809651475,335.0,,335,335,1119.0,,1119,1119,1.4181153472661971,,1.4181153472661971,1.4181153472661971,274f49f21a03df6f7da7f330fed2fe31ff1b6bdd1be8fc9ce8088bf297fdd4e6
E1,gaussian_noise,3,clean_to_clean,0.01,1.0,,7,1,13.600000000000001,,13.600000000000001,13.600000000000001,2000.0,,2000,2000,1.0,,1.0,1.0,0.05630026809651475,,0.05630026809651475,0.05630026809651475,335.0,,335,335,1119.0,,1119,1119,1.4181153472661971,,1.4181153472661971,1.4181153472661971,274f49f21a03df6f7da7f330fed2fe31ff1b6bdd1be8fc9ce8088bf297fdd4e6
E1,gaussian_noise,3,clean_to_clean,0.01,1.0,,8,1,13.600000000000001,,13.600000000000001,13.600000000000001,2000.0,,2000,2000,1.0,,1.0,1.0,0.05630026809651475,,0.05630026809651475,0.05630026809651475,335.0,,335,335,1119.0,,1119,1119,1.4181153472661971,,1.4181153472661971,1.4181153472661971,274f49f21a03df6f7da7f330fed2fe31ff1b6bdd1be8fc9ce8088bf297fdd4e6
E1,gaussian_noise,3,clean_to_clean,0.01,1.0,,9,1,13.600000000000001,,13.600000000000001,13.600000000000001,2000.0,,2000,2000,1.0,,1.0,1.0,0.05630026809651475,,0.05630026809651475,0.05630026809651475,335.0,,335,335,1119.0,,1119,1119,1.4181153472661971,,1.4181153472661971,1.4181153472661971,274f49f21a03df6f7da7f330fed2fe31ff1b6bdd1be8fc9ce8088bf297fdd4e6
E1,gaussian_noise,3,clean_to_clean,0.01,1.0,,10,1,13.600000000000001,,13.600000000000001,13.600000000000001,2000.0,,2000,2000,1.0,,1.0,1.0,0.05630026809651475,,0.05630026809651475,0.05630026809651475,335.0,,335,335,1119.0,,1119,1119,1.4181153472661971,,1.4181153472661971,1.4181153472661971,274f49f21a03df6f7da7f330fed2fe31ff1b6bdd1be8fc9ce8088bf297fdd4e6
E1,gaussian_noise,3,clean_to_clean,0.01,1.0,,11,1,13.600000000000001,,13.600000000000001,13.600000000000001,2000.0,,2000,2000,1.0,,1.0,1.0,0.05630026809651475,,0.05630026809651475,0.05630026809651475,335.0,,335,335,1119.0,,1119,1119,1.4181153472661971,,1.4181153472661971,1.4181153472661971,274f49f21a03df6f7da7f330fed2fe31ff1b6bdd1be8fc9ce8088bf297fdd4e6
E1,gaussian_noise,3,full_state,0.01,1.0,,0,1,13.600000000000001,,13.600000000000001,13.600000000000001,2000.0,,2000,2000,1.0,,1.0,1.0,0.05630026809651475,,0.05630026809651475,0.05630026809651475,335.0,,335,335,1119.0,,1119,1119,1.4181153472661971,,1.4181153472661971,1.4181153472661971,274f49f21a03df6f7da7f330fed2fe31ff1b6bdd1be8fc9ce8088bf297fdd4e6
E1,gaussian_noise,3,full_state,0.01,1.0,,1,1,13.600000000000001,,13.600000000000001,13.600000000000001,2000.0,,2000,2000,1.0,,1.0,1.0,0.05630026809651475,,0.05630026809651475,0.05630026809651475,335.0,,335,335,1119.0,,1119,1119,1.4181153472661971,,1.4181153472661971,1.4181153472661971,274f49f21a03df6f7da7f330fed2fe31ff1b6bdd1be8fc9ce8088bf297fdd4e6
E1,gaussian_noise,3,full_state,0.01,1.0,,2,1,13.600000000000001,,13.600000000000001,13.600000000000001,2000.0,,2000,2000,1.0,,1.0,1.0,0.05630026809651475,,0.05630026809651475,0.05630026809651475,335.0,,335,335,1119.0,,1119,1119,1.4181153472661971,,1.4181153472661971,1.4181153472661971,274f49f21a03df6f7da7f330fed2fe31ff1b6bdd1be8fc9ce8088bf297fdd4e6
E1,gaussian_noise,3,full_state,0.01,1.0,,3,1,13.600000000000001,,13.600000000000001,13.600000000000001,2000.0,,2000,2000,1.0,,1.0,1.0,0.05630026809651475,,0.05630026809651475,0.05630026809651475,335.0,,335,335,1119.0,,1119,1119,1.4181153472661971,,1.4181153472661971,1.4181153472661971,274f49f21a03df6f7da7f330fed2fe31ff1b6bdd1be8fc9ce8088bf297fdd4e6
E1,gaussian_noise,3,full_state,0.01,1.0,,4,1,13.600000000000001,,13.600000000000001,13.600000000000001,2000.0,,2000,2000,1.0,,1.0,1.0,0.05630026809651475,,0.05630026809651475,0.05630026809651475,335.0,,335,335,1119.0,,1119,1119,1.4181153472661971,,1.4181153472661971,1.4181153472661971,274f49f21a03df6f7da7f330fed2fe31ff1b6bdd1be8fc9ce8088bf297fdd4e6
E1,gaussian_noise,3,full_state,0.01,1.0,,5,1,13.600000000000001,,13.600000000000001,13.600000000000001,2000.0,,2000,2000,1.0,,1.0,1.0,0.05630026809651475,,0.05630026809651475,0.05630026809651475,335.0,,335,335,1119.0,,1119,1119,1.4181153472661971,,1.4181153472661971,1.4181153472661971,274f49f21a03df6f7da7f330fed2fe31ff1b6bdd1be8fc9ce8088bf297fdd4e6
E1,gaussian_noise,3,full_state,0.01,1.0,,6,1,13.600000000000001,,13.600000000000001,13.600000000000001,2000.0,,2000,2000,1.0,,1.0,1.0,0.05630026809651475,,0.05630026809651475,0.05630026809651475,335.0,,335,335,1119.0,,1119,1119,1.4181153472661971,,1.4181153472661971,1.4181153472661971,274f49f21a03df6f7da7f330fed2fe31ff1b6bdd1be8fc9ce8088bf297fdd4e6
E1,gaussian_noise,3,full_state,0.01,1.0,,7,1,13.600000000000001,,13.600000000000001,13.600000000000001,2000.0,,2000,2000,1.0,,1.0,1.0,0.05630026809651475,,0.05630026809651475,0.05630026809651475,335.0,,335,335,1119.0,,1119,1119,1.4181153472661971,,1.4181153472661971,1.4181153472661971,274f49f21a03df6f7da7f330fed2fe31ff1b6bdd1be8fc9ce8088bf297fdd4e6
E1,gaussian_noise,3,full_state,0.01,1.0,,8,1,13.600000000000001,,13.600000000000001,13.600000000000001,2000.0,,2000,2000,1.0,,1.0,1.0,0.05630026809651475,,0.05630026809651475,0.05630026809651475,335.0,,335,335,1119.0,,1119,1119,1.4181153472661971,,1.4181153472661971,1.4181153472661971,274f49f21a03df6f7da7f330fed2fe31ff1b6bdd1be8fc9ce8088bf297fdd4e6
E1,gaussian_noise,3,full_state,0.01,1.0,,9,1,13.600000000000001,,13.600000000000001,13.600000000000001,2000.0,,2000,2000,1.0,,1.0,1.0,0.05630026809651475,,0.05630026809651475,0.05630026809651475,335.0,,335,335,1119.0,,1119,1119,1.4181153472661971,,1.4181153472661971,1.4181153472661971,274f49f21a03df6f7da7f330fed2fe31ff1b6bdd1be8fc9ce8088bf297fdd4e6
E1,gaussian_noise,3,full_state,0.01,1.0,,10,1,13.600000000000001,,13.600000000000001,13.600000000000001,2000.0,,2000,2000,1.0,,1.0,1.0,0.05630026809651475,,0.05630026809651475,0.05630026809651475,335.0,,335,335,1119.0,,1119,1119,1.4181153472661971,,1.4181153472661971,1.4181153472661971,274f49f21a03df6f7da7f330fed2fe31ff1b6bdd1be8fc9ce8088bf297fdd4e6
E1,gaussian_noise,3,full_state,0.01,1.0,,11,1,13.600000000000001,,13.600000000000001,13.600000000000001,2000.0,,2000,2000,1.0,,1.0,1.0,0.05630026809651475,,0.05630026809651475,0.05630026809651475,335.0,,335,335,1119.0,,1119,1119,1.4181153472661971,,1.4181153472661971,1.4181153472661971,274f49f21a03df6f7da7f330fed2fe31ff1b6bdd1be8fc9ce8088bf297fdd4e6
E1,gaussian_noise,3,random_direction,0.01,1.0,,0,1,-0.04999999999999449,,-0.04999999999999449,-0.04999999999999449,2000.0,,2000,2000,0.050746268656716415,,0.050746268656716415,0.050746268656716415,0.020554066130473638,,0.020554066130473638,0.020554066130473638,335.0,,335,335,1119.0,,1119,1119,-0.005170063853263855,,-0.005170063853263855,-0.005170063853263855,274f49f21a03df6f7da7f330fed2fe31ff1b6bdd1be8fc9ce8088bf297fdd4e6
E1,gaussian_noise,3,random_direction,0.01,1.0,,1,1,-0.20000000000000018,,-0.20000000000000018,-0.20000000000000018,2000.0,,2000,2000,0.023880597014925373,,0.023880597014925373,0.023880597014925373,0.013404825737265416,,0.013404825737265416,0.013404825737265416,335.0,,335,335,1119.0,,1119,1119,-0.00021798181533813477,,-0.00021798181533813477,-0.00021798181533813477,274f49f21a03df6f7da7f330fed2fe31ff1b6bdd1be8fc9ce8088bf297fdd4e6
E1,gaussian_noise,3,random_direction,0.01,1.0,,2,1,0.0,,0.0,0.0,2000.0,,2000,2000,0.023880597014925373,,0.023880597014925373,0.023880597014925373,0.01161751563896336,,0.01161751563896336,0.01161751563896336,335.0,,335,335,1119.0,,1119,1119,-0.004891548752784729,,-0.004891548752784729,-0.004891548752784729,274f49f21a03df6f7da7f330fed2fe31ff1b6bdd1be8fc9ce8088bf297fdd4e6
E1,gaussian_noise,3,random_direction,0.01,1.0,,3,1,-0.10000000000000009,,-0.10000000000000009,-0.10000000000000009,2000.0,,2000,2000,0.020895522388059702,,0.020895522388059702,0.020895522388059702,0.010723860589812333,,0.010723860589812333,0.010723860589812333,335.0,,335,335,1119.0,,1119,1119,-0.005611120104789734,,-0.005611120104789734,-0.005611120104789734,274f49f21a03df6f7da7f330fed2fe31ff1b6bdd1be8fc9ce8088bf297fdd4e6
E1,gaussian_noise,3,random_direction,0.01,1.0,,4,1,0.0,,0.0,0.0,2000.0,,2000,2000,0.023880597014925373,,0.023880597014925373,0.023880597014925373,0.009830205540661306,,0.009830205540661306,0.009830205540661306,335.0,,335,335,1119.0,,1119,1119,-0.006579240679740906,,-0.006579240679740906,-0.006579240679740906,274f49f21a03df6f7da7f330fed2fe31ff1b6bdd1be8fc9ce8088bf297fdd4e6
E1,gaussian_noise,3,random_direction,0.01,1.0,,5,1,-0.20000000000000018,,-0.20000000000000018,-0.20000000000000018,2000.0,,2000,2000,0.023880597014925373,,0.023880597014925373,0.023880597014925373,0.012511170688114389,,0.012511170688114389,0.012511170688114389,335.0,,335,335,1119.0,,1119,1119,-0.008017942309379578,,-0.008017942309379578,-0.008017942309379578,274f49f21a03df6f7da7f330fed2fe31ff1b6bdd1be8fc9ce8088bf297fdd4e6
E1,gaussian_noise,3,random_direction,0.01,1.0,,6,1,-0.30000000000000027,,-0.30000000000000027,-0.30000000000000027,2000.0,,2000,2000,0.029850746268656716,,0.029850746268656716,0.029850746268656716,0.017873100983020553,,0.017873100983020553,0.017873100983020553,335.0,,335,335,1119.0,,1119,1119,-0.01113543689250946,,-0.01113543689250946,-0.01113543689250946,274f49f21a03df6f7da7f330fed2fe31ff1b6bdd1be8fc9ce8088bf297fdd4e6
E1,gaussian_noise,3,random_direction,0.01,1.0,,7,1,-0.5000000000000004,,-0.5000000000000004,-0.5000000000000004,2000.0,,2000,2000,0.03283582089552239,,0.03283582089552239,0.03283582089552239,0.022341376228775692,,0.022341376228775692,0.022341376228775692,335.0,,335,335,1119.0,,1119,1119,-0.014828681349754333,,-0.014828681349754333,-0.014828681349754333,274f49f21a03df6f7da7f330fed2fe31ff1b6bdd1be8fc9ce8088bf297fdd4e6
E1,gaussian_noise,3,random_direction,0.01,1.0,,8,1,-0.14999999999999458,,-0.14999999999999458,-0.14999999999999458,2000.0,,2000,2000,0.03582089552238806,,0.03582089552238806,0.03582089552238806,0.0160857908847185,,0.0160857908847185,0.0160857908847185,335.0,,335,335,1119.0,,1119,1119,-0.011133145809173585,,-0.011133145809173585,-0.011133145809173585,274f49f21a03df6f7da7f330fed2fe31ff1b6bdd1be8fc9ce8088bf297fdd4e6
E1,gaussian_noise,3,random_direction,0.01,1.0,,9,1,-0.10000000000000009,,-0.10000000000000009,-0.10000000000000009,2000.0,,2000,2000,0.020895522388059702,,0.020895522388059702,0.020895522388059702,0.010723860589812333,,0.010723860589812333,0.010723860589812333,335.0,,335,335,1119.0,,1119,1119,-0.0047719086408615115,,-0.0047719086408615115,-0.0047719086408615115,274f49f21a03df6f7da7f330fed2fe31ff1b6bdd1be8fc9ce8088bf297fdd4e6
E1,gaussian_noise,3,random_direction,0.01,1.0,,10,1,-0.10000000000000009,,-0.10000000000000009,-0.10000000000000009,2000.0,,2000,2000,0.014925373134328358,,0.014925373134328358,0.014925373134328358,0.00804289544235925,,0.00804289544235925,0.00804289544235925,335.0,,335,335,1119.0,,1119,1119,-0.002976423144340515,,-0.002976423144340515,-0.002976423144340515,274f49f21a03df6f7da7f330fed2fe31ff1b6bdd1be8fc9ce8088bf297fdd4e6
E1,gaussian_noise,3,random_direction,0.01,1.0,,11,1,-0.14999999999999458,,-0.14999999999999458,-0.14999999999999458,2000.0,,2000,2000,0.020895522388059702,,0.020895522388059702,0.020895522388059702,0.010723860589812333,,0.010723860589812333,0.010723860589812333,335.0,,335,335,1119.0,,1119,1119,-0.007497372448444366,,-0.007497372448444366,-0.007497372448444366,274f49f21a03df6f7da7f330fed2fe31ff1b6bdd1be8fc9ce8088bf297fdd4e6
E1,gaussian_noise,3,shuffled_donor,0.01,1.0,,0,1,-0.6000000000000005,,-0.6000000000000005,-0.6000000000000005,2000.0,,2000,2000,0.08358208955223881,,0.08358208955223881,0.08358208955223881,0.0420017873100983,,0.0420017873100983,0.0420017873100983,335.0,,335,335,1119.0,,1119,1119,-0.0446272943019867,,-0.0446272943019867,-0.0446272943019867,274f49f21a03df6f7da7f330fed2fe31ff1b6bdd1be8fc9ce8088bf297fdd4e6
E1,gaussian_noise,3,shuffled_donor,0.01,1.0,,1,1,-0.24999999999999467,,-0.24999999999999467,-0.24999999999999467,2000.0,,2000,2000,0.05970149253731343,,0.05970149253731343,0.05970149253731343,0.028596961572832886,,0.028596961572832886,0.028596961572832886,335.0,,335,335,1119.0,,1119,1119,-0.014484211683273315,,-0.014484211683273315,-0.014484211683273315,274f49f21a03df6f7da7f330fed2fe31ff1b6bdd1be8fc9ce8088bf297fdd4e6
E1,gaussian_noise,3,shuffled_donor,0.01,1.0,,2,1,-0.5000000000000004,,-0.5000000000000004,-0.5000000000000004,2000.0,,2000,2000,0.03880597014925373,,0.03880597014925373,0.03880597014925373,0.024128686327077747,,0.024128686327077747,0.024128686327077747,335.0,,335,335,1119.0,,1119,1119,-0.02023678129911423,,-0.02023678129911423,-0.02023678129911423,274f49f21a03df6f7da7f330fed2fe31ff1b6bdd1be8fc9ce8088bf297fdd4e6
E1,gaussian_noise,3,shuffled_donor,0.01,1.0,,3,1,-0.24999999999999467,,-0.24999999999999467,-0.24999999999999467,2000.0,,2000,2000,0.026865671641791045,,0.026865671641791045,0.026865671641791045,0.016979445933869526,,0.016979445933869526,0.016979445933869526,335.0,,335,335,1119.0,,1119,1119,-0.006145787715911865,,-0.006145787715911865,-0.006145787715911865,274f49f21a03df6f7da7f330fed2fe31ff1b6bdd1be8fc9ce8088bf297fdd4e6
E1,gaussian_noise,3,shuffled_donor,0.01,1.0,,4,1,-0.649999999999995,,-0.649999999999995,-0.649999999999995,2000.0,,2000,2000,0.026865671641791045,,0.026865671641791045,0.026865671641791045,0.02323503127792672,,0.02323503127792672,0.02323503127792672,335.0,,335,335,1119.0,,1119,1119,-0.009763209700584412,,-0.009763209700584412,-0.009763209700584412,274f49f21a03df6f7da7f330fed2fe31ff1b6bdd1be8fc9ce8088bf297fdd4e6
E1,gaussian_noise,3,shuffled_donor,0.01,1.0,,5,1,-0.40000000000000036,,-0.40000000000000036,-0.40000000000000036,2000.0,,2000,2000,0.03880597014925373,,0.03880597014925373,0.03880597014925373,0.02323503127792672,,0.02323503127792672,0.02323503127792672,335.0,,335,335,1119.0,,1119,1119,-0.00784601080417633,,-0.00784601080417633,-0.00784601080417633,274f49f21a03df6f7da7f330fed2fe31ff1b6bdd1be8fc9ce8088bf297fdd4e6
E1,gaussian_noise,3,shuffled_donor,0.01,1.0,,6,1,-0.7000000000000006,,-0.7000000000000006,-0.7000000000000006,2000.0,,2000,2000,0.029850746268656716,,0.029850746268656716,0.029850746268656716,0.022341376228775692,,0.022341376228775692,0.022341376228775692,335.0,,335,335,1119.0,,1119,1119,-0.005737962305545807,,-0.005737962305545807,-0.005737962305545807,274f49f21a03df6f7da7f330fed2fe31ff1b6bdd1be8fc9ce8088bf297fdd4e6
E1,gaussian_noise,3,shuffled_donor,0.01,1.0,,7,1,-0.30000000000000027,,-0.30000000000000027,-0.30000000000000027,2000.0,,2000,2000,0.026865671641791045,,0.026865671641791045,0.026865671641791045,0.014298480786416443,,0.014298480786416443,0.014298480786416443,335.0,,335,335,1119.0,,1119,1119,-0.003376707434654236,,-0.003376707434654236,-0.003376707434654236,274f49f21a03df6f7da7f330fed2fe31ff1b6bdd1be8fc9ce8088bf297fdd4e6
E1,gaussian_noise,3,shuffled_donor,0.01,1.0,,8,1,-0.44999999999999485,,-0.44999999999999485,-0.44999999999999485,2000.0,,2000,2000,0.020895522388059702,,0.020895522388059702,0.020895522388059702,0.01519213583556747,,0.01519213583556747,0.01519213583556747,335.0,,335,335,1119.0,,1119,1119,0.0024797183275222776,,0.0024797183275222776,0.0024797183275222776,274f49f21a03df6f7da7f330fed2fe31ff1b6bdd1be8fc9ce8088bf297fdd4e6
E1,gaussian_noise,3,shuffled_donor,0.01,1.0,,9,1,-0.24999999999999467,,-0.24999999999999467,-0.24999999999999467,2000.0,,2000,2000,0.029850746268656716,,0.029850746268656716,0.029850746268656716,0.014298480786416443,,0.014298480786416443,0.014298480786416443,335.0,,335,335,1119.0,,1119,1119,0.00927546888589859,,0.00927546888589859,0.00927546888589859,274f49f21a03df6f7da7f330fed2fe31ff1b6bdd1be8fc9ce8088bf297fdd4e6
E1,gaussian_noise,3,shuffled_donor,0.01,1.0,,10,1,-0.14999999999999458,,-0.14999999999999458,-0.14999999999999458,2000.0,,2000,2000,0.020895522388059702,,0.020895522388059702,0.020895522388059702,0.008936550491510277,,0.008936550491510277,0.008936550491510277,335.0,,335,335,1119.0,,1119,1119,0.009976799190044404,,0.009976799190044404,0.009976799190044404,274f49f21a03df6f7da7f330fed2fe31ff1b6bdd1be8fc9ce8088bf297fdd4e6
E1,gaussian_noise,3,shuffled_donor,0.01,1.0,,11,1,-0.10000000000000009,,-0.10000000000000009,-0.10000000000000009,2000.0,,2000,2000,0.01791044776119403,,0.01791044776119403,0.01791044776119403,0.00804289544235925,,0.00804289544235925,0.00804289544235925,335.0,,335,335,1119.0,,1119,1119,-3.997510671615601e-05,,-3.997510671615601e-05,-3.997510671615601e-05,274f49f21a03df6f7da7f330fed2fe31ff1b6bdd1be8fc9ce8088bf297fdd4e6
E1,gaussian_noise,5,partial_channel,0.01,1.0,,0,20,0.48750000000000104,0.3896270146259303,-0.4999999999999949,0.9500000000000008,2000.0,0.0,2000,2000,0.028321678321678322,0.010252366452797956,0.01048951048951049,0.054778554778554776,0.029313380281690136,0.01951535490432957,0.01056338028169014,0.07746478873239436,858.0,0.0,858,858,568.0,0.0,568,568,0.024921136727929116,0.042384315498929355,-0.07600068694353104,0.08552410554885864,274f49f21a03df6f7da7f330fed2fe31ff1b6bdd1be8fc9ce8088bf297fdd4e6
E1,gaussian_noise,5,partial_channel,0.05,1.0,,0,20,1.9650000000000012,1.2320393876137166,-0.050000000000000044,4.150000000000004,2000.0,0.0,2000,2000,0.08543123543123543,0.020621900781537562,0.05128205128205128,0.12004662004662005,0.07332746478873238,0.020253729323490118,0.03169014084507042,0.10915492957746478,858.0,0.0,858,858,568.0,0.0,568,568,0.11822206182777881,0.10912529713345083,-0.04839677423238754,0.2984019718170166,274f49f21a03df6f7da7f330fed2fe31ff1b6bdd1be8fc9ce8088bf297fdd4e6
E1,gaussian_noise,5,partial_channel,0.1,1.0,,0,20,3.9900000000000033,1.753237606619011,-0.599999999999995,6.15,2000.0,0.0,2000,2000,0.14557109557109554,0.035251961401240255,0.08391608391608392,0.2191142191142191,0.10026408450704224,0.056243767860733644,0.061619718309859156,0.2764084507042254,858.0,0.0,858,858,568.0,0.0,568,568,0.23689364316910497,0.15509800811998906,-0.12682902002334595,0.5327318233847618,274f49f21a03df6f7da7f330fed2fe31ff1b6bdd1be8fc9ce8088bf297fdd4e6
E1,gaussian_noise,5,partial_channel,0.2,1.0,,0,20,6.067500000000003,2.4796686429737678,2.200000000000002,10.950000000000005,2000.0,0.0,2000,2000,0.2117132867132867,0.04768636228838439,0.14801864801864803,0.29836829836829837,0.13776408450704225,0.0458596569082323,0.07570422535211267,0.22535211267605634,858.0,0.0,858,858,568.0,0.0,568,568,0.34821235636472697,0.2359792148209733,-0.05031305474042892,0.8343383532762527,274f49f21a03df6f7da7f330fed2fe31ff1b6bdd1be8fc9ce8088bf297fdd4e6
E1,gaussian_noise,5,partial_channel,0.01,1.0,,1,20,0.5450000000000005,0.2919534930519984,0.15000000000000013,1.050000000000001,2000.0,0.0,2000,2000,0.024766899766899764,0.007282234992061372,0.013986013986013986,0.039627039627039624,0.0204225352112676,0.007120579979665122,0.01232394366197183,0.03873239436619718,858.0,0.0,858,858,568.0,0.0,568,568,0.023328922462463382,0.02475911366122783,-0.019455438554286955,0.08929549717903137,274f49f21a03df6f7da7f330fed2fe31ff1b6bdd1be8fc9ce8088bf297fdd4e6
E1,gaussian_noise,5,partial_channel,0.05,1.0,,1,20,2.012500000000002,0.9140532922388239,-0.050000000000000044,3.8000000000000034,2000.0,0.0,2000,2000,0.07931235431235431,0.01789068765800007,0.05710955710955711,0.12237762237762238,0.0602112676056338,0.01710366686069529,0.03345070422535211,0.10387323943661972,858.0,0.0,858,858,568.0,0.0,568,568,0.11816438636779784,0.0764624157974033,-0.036404893279075624,0.2606410991549492,274f49f21a03df6f7da7f330fed2fe31ff1b6bdd1be8fc9ce8088bf297fdd4e6
E1,gaussian_noise,5,partial_channel,0.1,1.0,,1,20,4.0275000000000025,1.6737505158994532,1.250000000000001,6.3,2000.0,0.0,2000,2000,0.14044289044289043,0.038702435015943754,0.09207459207459208,0.22843822843822845,0.09242957746478872,0.03975706737405404,0.04929577464788732,0.176056338028169,858.0,0.0,858,858,568.0,0.0,568,568,0.23674811530411244,0.14576357992706154,-0.07622775501012802,0.43173460841178896,274f49f21a03df6f7da7f330fed2fe31ff1b6bdd1be8fc9ce8088bf297fdd4e6
E1,gaussian_noise,5,partial_channel,0.2,1.0,,1,20,7.522500000000003,3.5295920071365328,1.8000000000000016,15.700000000000003,2000.0,0.0,2000,2000,0.23187645687645686,0.06717519160057046,0.1456876456876457,0.4090909090909091,0.11874999999999998,0.040444483022995345,0.06514084507042253,0.22887323943661972,858.0,0.0,858,858,568.0,0.0,568,568,0.4503131150573492,0.2915277182455632,-0.039125819981098174,1.0485344527363778,274f49f21a03df6f7da7f330fed2fe31ff1b6bdd1be8fc9ce8088bf297fdd4e6
E1,gaussian_noise,5,partial_channel,0.01,1.0,,2,20,0.3125000000000008,0.4189193491027012,-0.7499999999999951,0.9000000000000008,2000.0,0.0,2000,2000,0.021678321678321677,0.007481028688056508,0.01048951048951049,0.039627039627039624,0.02455985915492958,0.010225556195085247,0.007042253521126761,0.04929577464788732,858.0,0.0,858,858,568.0,0.0,568,568,0.0059621309995651255,0.03771966876825199,-0.074319296002388,0.060305506587028504,274f49f21a03df6f7da7f330fed2fe31ff1b6bdd1be8fc9ce8088bf297fdd4e6
E1,gaussian_noise,5,partial_channel,0.05,1.0,,2,20,1.7000000000000022,1.063385853622386,-0.5499999999999949,3.600000000000003,2000.0,0.0,2000,2000,0.07622377622377621,0.019208543087005838,0.037296037296037296,0.11538461538461539,0.06602112676056338,0.02099896485345731,0.04401408450704225,0.11443661971830986,858.0,0.0,858,858,568.0,0.0,568,568,0.06396566720604897,0.0865561296308542,-0.09437001395225525,0.2574159924983978,274f49f21a03df6f7da7f330fed2fe31ff1b6bdd1be8fc9ce8088bf297fdd4e6
E1,gaussian_noise,5,partial_channel,0.1,1.0,,2,20,3.520000000000002,2.612842775296871,-1.1999999999999955,8.800000000000002,2000.0,0.0,2000,2000,0.1335081585081585,0.049193589448135656,0.0641025641025641,0.2505827505827506,0.09630281690140845,0.035063161459808555,0.045774647887323945,0.18485915492957747,858.0,0.0,858,858,568.0,0.0,568,568,0.1525647207468748,0.21726694646981556,-0.27689330852031707,0.5203756511807441,274f49f21a03df6f7da7f330fed2fe31ff1b6bdd1be8fc9ce8088bf297fdd4e6
E1,gaussian_noise,5,partial_channel,0.2,1.0,,2,20,7.312500000000003,3.7974324774843105,3.450000000000003,16.150000000000002,2000.0,0.0,2000,2000,0.22395104895104892,0.07255952372839827,0.1445221445221445,0.4020979020979021,0.10915492957746478,0.02694960732843757,0.07922535211267606,0.1936619718309859,858.0,0.0,858,858,568.0,0.0,568,568,0.4138048884749413,0.3084054016611572,0.002848584532737732,1.1351789937019348,274f49f21a03df6f7da7f330fed2fe31ff1b6bdd1be8fc9ce8088bf297fdd4e6
E1,gaussian_noise,5,partial_channel,0.01,1.0,,3,20,0.43000000000000044,0.35333002315563017,-0.20000000000000018,1.100000000000001,2000.0,0.0,2000,2000,0.02226107226107226,0.007542891819340368,0.011655011655011656,0.038461538461538464,0.020598591549295775,0.006540202683453066,0.008802816901408451,0.035211267605633804,858.0,0.0,858,858,568.0,0.0,568,568,0.02791241749227047,0.027539391971169627,-0.04061770665645599,0.06041563600301743,274f49f21a03df6f7da7f330fed2fe31ff1b6bdd1be8fc9ce8088bf297fdd4e6
E1,gaussian_noise,5,partial_channel,0.05,1.0,,3,20,2.280000000000002,0.954408055729889,0.8500000000000008,3.9500000000000037,2000.0,0.0,2000,2000,0.08292540792540792,0.020949265966609922,0.054778554778554776,0.12703962703962704,0.05343309859154929,0.019739767460183497,0.028169014084507043,0.10211267605633803,858.0,0.0,858,858,568.0,0.0,568,568,0.147019174811244,0.0584796695325622,0.05000990867614746,0.23705994296073912,274f49f21a03df6f7da7f330fed2fe31ff1b6bdd1be8fc9ce8088bf297fdd4e6
E1,gaussian_noise,5,partial_channel,0.1,1.0,,3,20,4.802500000000004,2.1113399960563832,2.400000000000002,9.500000000000004,2000.0,0.0,2000,2000,0.14906759906759906,0.044060682402362335,0.09906759906759907,0.2529137529137529,0.075,0.021761229091560925,0.04401408450704225,0.12147887323943662,858.0,0.0,858,858,568.0,0.0,568,568,0.3117910818874836,0.16213702624310009,0.08290969413518906,0.6486542390584946,274f49f21a03df6f7da7f330fed2fe31ff1b6bdd1be8fc9ce8088bf297fdd4e6
E1,gaussian_noise,5,partial_channel,0.2,1.0,,3,20,9.640000000000002,3.1905122505724113,5.9500000000000055,17.050000000000004,2000.0,0.0,2000,2000,0.26241258741258744,0.06610968126238667,0.18181818181818182,0.4090909090909091,0.08547535211267607,0.01734870907275191,0.051056338028169015,0.11267605633802817,858.0,0.0,858,858,568.0,0.0,568,568,0.6394377900362014,0.2671189707274142,0.3089834847450256,1.2127437421679497,274f49f21a03df6f7da7f330fed2fe31ff1b6bdd1be8fc9ce8088bf297fdd4e6
E1,gaussian_noise,5,partial_channel,0.01,1.0,,4,20,0.4675000000000004,0.34840803362542755,-0.15000000000000013,1.250000000000001,2000.0,0.0,2000,2000,0.02057109557109557,0.006375587986363422,0.009324009324009324,0.038461538461538464,0.0164612676056338,0.004579424510645829,0.008802816901408451,0.02640845070422535,858.0,0.0,858,858,568.0,0.0,568,568,0.030718245708942417,0.027977393574158613,-0.018340190052986146,0.08350648152828216,274f49f21a03df6f7da7f330fed2fe31ff1b6bdd1be8fc9ce8088bf297fdd4e6
E1,gaussian_noise,5,partial_channel,0.05,1.0,,4,20,2.8500000000000028,0.666293755351987,1.8000000000000016,4.650000000000004,2000.0,0.0,2000,2000,0.08624708624708624,0.015503678942567049,0.06293706293706294,0.12004662004662005,0.03776408450704225,0.013230145056660488,0.022887323943661973,0.06338028169014084,858.0,0.0,858,858,568.0,0.0,568,568,0.21630070063173773,0.05488062375379733,0.11255412447452545,0.3096918143630028,274f49f21a03df6f7da7f330fed2fe31ff1b6bdd1be8fc9ce8088bf297fdd4e6
E1,gaussian_noise,5,partial_channel,0.1,1.0,,4,20,5.965000000000003,1.4201649274125274,4.350000000000004,9.350000000000003,2000.0,0.0,2000,2000,0.15926573426573426,0.033089334431656944,0.12354312354312354,0.23193473193473194,0.04903169014084507,0.009442561305094048,0.03697183098591549,0.0721830985915493,858.0,0.0,858,858,568.0,0.0,568,568,0.44951086479127406,0.09178840031759525,0.3384248564243317,0.6526803737878799,274f49f21a03df6f7da7f330fed2fe31ff1b6bdd1be8fc9ce8088bf297fdd4e6
E1,gaussian_noise,5,partial_channel,0.2,1.0,,4,20,12.042500000000004,2.2054522748955834,8.650000000000002,15.850000000000003,2000.0,0.0,2000,2000,0.2946969696969697,0.045491925213323674,0.2202797202797203,0.3822843822843823,0.05528169014084507,0.01091878044183912,0.03697183098591549,0.08098591549295775,858.0,0.0,858,858,568.0,0.0,568,568,0.8745445903897286,0.1604013186571163,0.6480234813690186,1.1651248071789742,274f49f21a03df6f7da7f330fed2fe31ff1b6bdd1be8fc9ce8088bf297fdd4e6
E1,gaussian_noise,5,partial_channel,0.01,1.0,,5,20,0.5175000000000004,0.34038484411804143,-0.10000000000000009,1.3500000000000012,2000.0,0.0,2000,2000,0.020163170163170163,0.006733626611561979,0.01282051282051282,0.038461538461538464,0.014700704225352112,0.0062643720679819125,0.0035211267605633804,0.02992957746478873,858.0,0.0,858,858,568.0,0.0,568,568,0.036417806598544114,0.02280755645673732,0.00619967269897461,0.08884309273958206,274f49f21a03df6f7da7f330fed2fe31ff1b6bdd1be8fc9ce8088bf297fdd4e6
E1,gaussian_noise,5,partial_channel,0.05,1.0,,5,20,3.070000000000003,0.7609550785551986,1.6500000000000015,4.750000000000004,2000.0,0.0,2000,2000,0.08706293706293705,0.01836250887277119,0.06177156177156177,0.12703962703962704,0.0323943661971831,0.0095648654753975,0.017605633802816902,0.051056338028169015,858.0,0.0,858,858,568.0,0.0,568,568,0.2311778660565615,0.052427792868059035,0.10930388659238816,0.3424207495450973,274f49f21a03df6f7da7f330fed2fe31ff1b6bdd1be8fc9ce8088bf297fdd4e6
E1,gaussian_noise,5,partial_channel,0.1,1.0,,5,20,6.115000000000004,1.227760048560834,4.650000000000004,9.000000000000002,2000.0,0.0,2000,2000,0.15716783216783217,0.027221442616057648,0.1258741258741259,0.21561771561771562,0.03855633802816901,0.006993437179593412,0.02640845070422535,0.051056338028169015,858.0,0.0,858,858,568.0,0.0,568,568,0.458489494651556,0.08524807448012656,0.3313241342306137,0.6429834262132644,274f49f21a03df6f7da7f330fed2fe31ff1b6bdd1be8fc9ce8088bf297fdd4e6
E1,gaussian_noise,5,partial_channel,0.2,1.0,,5,20,12.072500000000003,1.3032827984100668,9.750000000000004,14.05,2000.0,0.0,2000,2000,0.29003496503496506,0.02859206026923021,0.22843822843822845,0.32867132867132864,0.04471830985915493,0.010287984100763255,0.02464788732394366,0.061619718309859156,858.0,0.0,858,858,568.0,0.0,568,568,0.9125730166941881,0.09743635434347682,0.7365758019685745,1.0797947574853897,274f49f21a03df6f7da7f330fed2fe31ff1b6bdd1be8fc9ce8088bf297fdd4e6
E1,gaussian_noise,5,partial_channel,0.01,1.0,,6,20,0.4550000000000004,0.202549539099633,0.0,0.7000000000000006,2000.0,0.0,2000,2000,0.019988344988344987,0.004164247667527136,0.01048951048951049,0.02564102564102564,0.015669014084507042,0.0042706675547923055,0.008802816901408451,0.02464788732394366,858.0,0.0,858,858,568.0,0.0,568,568,0.038364248585700984,0.013975390449634655,0.0077772682905197146,0.05781666785478592,274f49f21a03df6f7da7f330fed2fe31ff1b6bdd1be8fc9ce8088bf297fdd4e6
E1,gaussian_noise,5,partial_channel,0.05,1.0,,6,20,2.8325000000000022,0.4353688696169941,2.2500000000000018,4.100000000000003,2000.0,0.0,2000,2000,0.08041958041958043,0.00993288608655933,0.06876456876456877,0.11421911421911422,0.029753521126760562,0.006228461566923241,0.02112676056338028,0.045774647887323945,858.0,0.0,858,858,568.0,0.0,568,568,0.2290201125383377,0.04415824941388571,0.1404042626619339,0.32287731575965883,274f49f21a03df6f7da7f330fed2fe31ff1b6bdd1be8fc9ce8088bf297fdd4e6
E1,gaussian_noise,5,partial_channel,0.1,1.0,,6,20,5.890000000000004,0.6967216464496969,5.050000000000004,7.550000000000001,2000.0,0.0,2000,2000,0.14761072261072264,0.01352486272946523,0.12937062937062938,0.17832167832167833,0.030281690140845068,0.00499924299179648,0.01936619718309859,0.040492957746478875,858.0,0.0,858,858,568.0,0.0,568,568,0.47200617984533305,0.06954060542810195,0.3588944549560547,0.5947225850224495,274f49f21a03df6f7da7f330fed2fe31ff1b6bdd1be8fc9ce8088bf297fdd4e6
E1,gaussian_noise,5,partial_channel,0.2,1.0,,6,20,12.005000000000003,1.06436291792444,9.800000000000002,13.600000000000001,2000.0,0.0,2000,2000,0.2846736596736596,0.021619720065615355,0.24358974358974358,0.3135198135198135,0.03873239436619717,0.007225199662571508,0.02640845070422535,0.056338028169014086,858.0,0.0,858,858,568.0,0.0,568,568,0.9432310030013322,0.06838771953000676,0.7979827967882156,1.0414010375738143,274f49f21a03df6f7da7f330fed2fe31ff1b6bdd1be8fc9ce8088bf297fdd4e6
E1,gaussian_noise,5,partial_channel,0.01,1.0,,7,20,0.4075000000000003,0.2545765317666102,-0.15000000000000013,0.9500000000000008,2000.0,0.0,2000,2000,0.01625874125874126,0.004368686436827812,0.008158508158508158,0.024475524475524476,0.01170774647887324,0.004579424510645828,0.0035211267605633804,0.02464788732394366,858.0,0.0,858,858,568.0,0.0,568,568,0.03954828116595745,0.011258507993881214,0.01249820911884308,0.06627469497919082,274f49f21a03df6f7da7f330fed2fe31ff1b6bdd1be8fc9ce8088bf297fdd4e6
E1,gaussian_noise,5,partial_channel,0.05,1.0,,7,20,2.8600000000000025,0.38306245196477223,2.0000000000000018,3.650000000000003,2000.0,0.0,2000,2000,0.07686480186480185,0.0061028673849456115,0.0641025641025641,0.09090909090909091,0.022359154929577463,0.00467897927704722,0.017605633802816902,0.03169014084507042,858.0,0.0,858,858,568.0,0.0,568,568,0.24278747150748967,0.047750243141453035,0.11373364448547363,0.3071295746564865,274f49f21a03df6f7da7f330fed2fe31ff1b6bdd1be8fc9ce8088bf297fdd4e6
E1,gaussian_noise,5,partial_channel,0.1,1.0,,7,20,6.090000000000002,0.5270573722890223,5.300000000000004,7.650000000000001,2000.0,0.0,2000,2000,0.14895104895104896,0.011008962275521398,0.1317016317016317,0.18181818181818182,0.02517605633802817,0.003961524989579081,0.017605633802816902,0.03169014084507042,858.0,0.0,858,858,568.0,0.0,568,568,0.5013701811403036,0.05918933112250513,0.36884303915500644,0.5916397477984429,274f49f21a03df6f7da7f330fed2fe31ff1b6bdd1be8fc9ce8088bf297fdd4e6
E1,gaussian_noise,5,partial_channel,0.2,1.0,,7,20,12.452500000000004,0.9494423571095202,11.050000000000004,14.650000000000002,2000.0,0.0,2000,2000,0.2891608391608392,0.021483792318087835,0.26223776223776224,0.34032634032634035,0.0289612676056338,0.0053423438510158796,0.01936619718309859,0.03697183098591549,858.0,0.0,858,858,568.0,0.0,568,568,0.9997060981333258,0.057497612254092625,0.8814855973124505,1.0869473769664764,274f49f21a03df6f7da7f330fed2fe31ff1b6bdd1be8fc9ce8088bf297fdd4e6
E1,gaussian_noise,5,partial_channel,0.01,1.0,,8,20,0.41500000000000037,0.18144159564879,0.050000000000000044,0.8000000000000007,2000.0,0.0,2000,2000,0.014393939393939395,0.0036520232889214084,0.006993006993006993,0.022144522144522144,0.008010563380281688,0.002825863707860476,0.0017605633802816902,0.01232394366197183,858.0,0.0,858,858,568.0,0.0,568,568,0.04081329881548881,0.006899811003455047,0.022722369849681855,0.05367813909053803,274f49f21a03df6f7da7f330fed2fe31ff1b6bdd1be8fc9ce8088bf297fdd4e6
E1,gaussian_noise,5,partial_channel,0.05,1.0,,8,20,2.8850000000000025,0.3095412564969077,2.2500000000000018,3.350000000000003,2000.0,0.0,2000,2000,0.07365967365967366,0.0057422296984297625,0.0641025641025641,0.08275058275058275,0.014788732394366195,0.004174077325259179,0.008802816901408451,0.02464788732394366,858.0,0.0,858,858,568.0,0.0,568,568,0.2439111237883568,0.03789015993040018,0.13104119223356248,0.27955856615304947,274f49f21a03df6f7da7f330fed2fe31ff1b6bdd1be8fc9ce8088bf297fdd4e6
E1,gaussian_noise,5,partial_channel,0.1,1.0,,8,20,6.235000000000001,0.38970299081817494,5.650000000000005,7.15,2000.0,0.0,2000,2000,0.14778554778554778,0.008298395867835586,0.1351981351981352,0.16783216783216784,0.014700704225352112,0.0055754424885369695,0.0017605633802816902,0.022887323943661973,858.0,0.0,858,858,568.0,0.0,568,568,0.5015728079408407,0.050043326908623974,0.38795750224590303,0.5548656117320061,274f49f21a03df6f7da7f330fed2fe31ff1b6bdd1be8fc9ce8088bf297fdd4e6
E1,gaussian_noise,5,partial_channel,0.2,1.0,,8,20,12.775000000000002,0.9603316313155893,11.550000000000004,15.000000000000002,2000.0,0.0,2000,2000,0.2900932400932401,0.020783519061125345,0.26573426573426573,0.34265734265734266,0.019894366197183096,0.004608720342783563,0.01056338028169014,0.028169014084507043,858.0,0.0,858,858,568.0,0.0,568,568,1.0248692773520949,0.0731903995505756,0.9058843212723732,1.1851655446887017,274f49f21a03df6f7da7f330fed2fe31ff1b6bdd1be8fc9ce8088bf297fdd4e6
E1,gaussian_noise,5,partial_channel,0.01,1.0,,9,20,0.4400000000000004,0.19029063643750194,0.10000000000000009,0.7500000000000007,2000.0,0.0,2000,2000,0.013403263403263404,0.0036171078365367605,0.008158508158508158,0.022144522144522144,0.00545774647887324,0.0029625521339423613,0.0,0.01056338028169014,858.0,0.0,858,858,568.0,0.0,568,568,0.04604324288070201,0.004756872485251201,0.03868169230222702,0.05467283236980438,274f49f21a03df6f7da7f330fed2fe31ff1b6bdd1be8fc9ce8088bf297fdd4e6
E1,gaussian_noise,5,partial_channel,0.05,1.0,,9,20,3.232500000000003,0.2907680392195454,2.7500000000000027,3.9000000000000035,2000.0,0.0,2000,2000,0.07872960372960373,0.006079392473885971,0.06876456876456877,0.09207459207459208,0.008274647887323943,0.0036171127622536695,0.0035211267605633804,0.014084507042253521,858.0,0.0,858,858,568.0,0.0,568,568,0.2808620708197355,0.032177371816029185,0.19332839000225066,0.31633749657869337,274f49f21a03df6f7da7f330fed2fe31ff1b6bdd1be8fc9ce8088bf297fdd4e6
E1,gaussian_noise,5,partial_channel,0.1,1.0,,9,20,7.0725,0.3915135945747507,6.550000000000001,7.950000000000001,2000.0,0.0,2000,2000,0.16427738927738927,0.007433812663754494,0.15268065268065267,0.18065268065268064,0.008274647887323943,0.003431969839721466,0.0017605633802816902,0.01584507042253521,858.0,0.0,858,858,568.0,0.0,568,568,0.5702742832034826,0.04441890741281242,0.4657210826277733,0.6244413504004478,274f49f21a03df6f7da7f330fed2fe31ff1b6bdd1be8fc9ce8088bf297fdd4e6
E1,gaussian_noise,5,partial_channel,0.2,1.0,,9,20,14.757500000000002,0.7400702313756593,13.600000000000001,16.500000000000004,2000.0,0.0,2000,2000,0.33449883449883455,0.016246759730981577,0.3041958041958042,0.36946386946386944,0.01408450704225352,0.0026791757403263456,0.01056338028169014,0.017605633802816902,858.0,0.0,858,858,568.0,0.0,568,568,1.1476239129304886,0.06660684230500846,1.0317515617012978,1.2739172511696815,274f49f21a03df6f7da7f330fed2fe31ff1b6bdd1be8fc9ce8088bf297fdd4e6
E1,gaussian_noise,5,partial_channel,0.01,1.0,,10,20,0.3900000000000004,0.10587977293038314,0.2500000000000002,0.6000000000000005,2000.0,0.0,2000,2000,0.011188811188811187,0.0020503338168124958,0.008158508158508158,0.015151515151515152,0.003345070422535211,0.0017040599323010336,0.0,0.007042253521126761,858.0,0.0,858,858,568.0,0.0,568,568,0.05167372591793536,0.0051138218631517,0.04524092489480972,0.06630991286039352,274f49f21a03df6f7da7f330fed2fe31ff1b6bdd1be8fc9ce8088bf297fdd4e6
E1,gaussian_noise,5,partial_channel,0.05,1.0,,10,20,3.2775000000000025,0.23646241495047501,2.650000000000002,3.7500000000000036,2000.0,0.0,2000,2000,0.07727272727272727,0.005349022858661526,0.06526806526806526,0.08741258741258741,0.00466549295774648,0.002571996025190814,0.0,0.008802816901408451,858.0,0.0,858,858,568.0,0.0,568,568,0.3097232724964619,0.019763661169097887,0.2571224781870842,0.34196259605884555,274f49f21a03df6f7da7f330fed2fe31ff1b6bdd1be8fc9ce8088bf297fdd4e6
E1,gaussian_noise,5,partial_channel,0.1,1.0,,10,20,7.100000000000001,0.4126295649789738,6.35,7.850000000000001,2000.0,0.0,2000,2000,0.16427738927738927,0.0076704816702369005,0.14801864801864803,0.1794871794871795,0.005897887323943663,0.00250776626005539,0.0017605633802816902,0.01232394366197183,858.0,0.0,858,858,568.0,0.0,568,568,0.6228183749377728,0.03250348022548597,0.5492459591627121,0.6560910531878471,274f49f21a03df6f7da7f330fed2fe31ff1b6bdd1be8fc9ce8088bf297fdd4e6
E1,gaussian_noise,5,partial_channel,0.2,1.0,,10,20,15.860000000000003,0.8095807882055875,14.450000000000001,17.650000000000006,2000.0,0.0,2000,2000,0.35745920745920745,0.016655702974179128,0.32867132867132864,0.3927738927738928,0.009683098591549295,0.002940443226950043,0.0035211267605633804,0.01584507042253521,858.0,0.0,858,858,568.0,0.0,568,568,1.2292285757333041,0.05948849583663209,1.1137774794101716,1.334416699707508,274f49f21a03df6f7da7f330fed2fe31ff1b6bdd1be8fc9ce8088bf297fdd4e6
E1,gaussian_noise,5,partial_channel,0.01,1.0,,11,20,0.33750000000000024,0.10243740065343125,0.15000000000000013,0.5500000000000005,2000.0,0.0,2000,2000,0.010664335664335663,0.0022458690008037305,0.006993006993006993,0.015151515151515152,0.004577464788732394,0.0020909433221005685,0.0017605633802816902,0.008802816901408451,858.0,0.0,858,858,568.0,0.0,568,568,0.04976624331772327,0.004053850286303347,0.04427210688591003,0.060360753655433655,274f49f21a03df6f7da7f330fed2fe31ff1b6bdd1be8fc9ce8088bf297fdd4e6
E1,gaussian_noise,5,partial_channel,0.05,1.0,,11,20,2.7100000000000017,0.27701415506299176,2.0500000000000016,3.300000000000003,2000.0,0.0,2000,2000,0.06398601398601397,0.005905501846839703,0.05011655011655012,0.07692307692307693,0.005281690140845071,0.001978702418834565,0.0,0.008802816901408451,858.0,0.0,858,858,568.0,0.0,568,568,0.2955357445597649,0.04082795132428075,0.17950920844078064,0.3355513862371445,274f49f21a03df6f7da7f330fed2fe31ff1b6bdd1be8fc9ce8088bf297fdd4e6
E1,gaussian_noise,5,partial_channel,0.1,1.0,,11,20,5.942500000000003,0.3117332699263042,5.350000000000005,6.35,2000.0,0.0,2000,2000,0.1372960372960373,0.00811545504448457,0.12004662004662005,0.14918414918414918,0.005897887323943663,0.0019179979423531784,0.0017605633802816902,0.008802816901408451,858.0,0.0,858,858,568.0,0.0,568,568,0.5941264432162047,0.054323073474097844,0.4579434875845909,0.655421391427517,274f49f21a03df6f7da7f330fed2fe31ff1b6bdd1be8fc9ce8088bf297fdd4e6
E1,gaussian_noise,5,partial_channel,0.2,1.0,,11,20,13.497499999999999,0.47668675580290193,12.6,14.200000000000001,2000.0,0.0,2000,2000,0.30582750582750584,0.009856294711254274,0.2878787878787879,0.3181818181818182,0.00941901408450704,0.0033925274695239447,0.00528169014084507,0.01584507042253521,858.0,0.0,858,858,568.0,0.0,568,568,1.1607179801911118,0.06217495482669351,1.0388838208913802,1.240443343102932,274f49f21a03df6f7da7f330fed2fe31ff1b6bdd1be8fc9ce8088bf297fdd4e6
E1,gaussian_noise,5,none,0.01,1.0,,0,1,0.0,,0.0,0.0,2000.0,,2000,2000,0.0,,0.0,0.0,0.0,,0.0,0.0,858.0,,858,858,568.0,,568,568,0.0,,0.0,0.0,274f49f21a03df6f7da7f330fed2fe31ff1b6bdd1be8fc9ce8088bf297fdd4e6
E1,gaussian_noise,5,none,0.01,1.0,,1,1,0.0,,0.0,0.0,2000.0,,2000,2000,0.0,,0.0,0.0,0.0,,0.0,0.0,858.0,,858,858,568.0,,568,568,0.0,,0.0,0.0,274f49f21a03df6f7da7f330fed2fe31ff1b6bdd1be8fc9ce8088bf297fdd4e6
E1,gaussian_noise,5,none,0.01,1.0,,2,1,0.0,,0.0,0.0,2000.0,,2000,2000,0.0,,0.0,0.0,0.0,,0.0,0.0,858.0,,858,858,568.0,,568,568,0.0,,0.0,0.0,274f49f21a03df6f7da7f330fed2fe31ff1b6bdd1be8fc9ce8088bf297fdd4e6
E1,gaussian_noise,5,none,0.01,1.0,,3,1,0.0,,0.0,0.0,2000.0,,2000,2000,0.0,,0.0,0.0,0.0,,0.0,0.0,858.0,,858,858,568.0,,568,568,0.0,,0.0,0.0,274f49f21a03df6f7da7f330fed2fe31ff1b6bdd1be8fc9ce8088bf297fdd4e6
E1,gaussian_noise,5,none,0.01,1.0,,4,1,0.0,,0.0,0.0,2000.0,,2000,2000,0.0,,0.0,0.0,0.0,,0.0,0.0,858.0,,858,858,568.0,,568,568,0.0,,0.0,0.0,274f49f21a03df6f7da7f330fed2fe31ff1b6bdd1be8fc9ce8088bf297fdd4e6
E1,gaussian_noise,5,none,0.01,1.0,,5,1,0.0,,0.0,0.0,2000.0,,2000,2000,0.0,,0.0,0.0,0.0,,0.0,0.0,858.0,,858,858,568.0,,568,568,0.0,,0.0,0.0,274f49f21a03df6f7da7f330fed2fe31ff1b6bdd1be8fc9ce8088bf297fdd4e6
E1,gaussian_noise,5,none,0.01,1.0,,6,1,0.0,,0.0,0.0,2000.0,,2000,2000,0.0,,0.0,0.0,0.0,,0.0,0.0,858.0,,858,858,568.0,,568,568,0.0,,0.0,0.0,274f49f21a03df6f7da7f330fed2fe31ff1b6bdd1be8fc9ce8088bf297fdd4e6
E1,gaussian_noise,5,none,0.01,1.0,,7,1,0.0,,0.0,0.0,2000.0,,2000,2000,0.0,,0.0,0.0,0.0,,0.0,0.0,858.0,,858,858,568.0,,568,568,0.0,,0.0,0.0,274f49f21a03df6f7da7f330fed2fe31ff1b6bdd1be8fc9ce8088bf297fdd4e6
E1,gaussian_noise,5,none,0.01,1.0,,8,1,0.0,,0.0,0.0,2000.0,,2000,2000,0.0,,0.0,0.0,0.0,,0.0,0.0,858.0,,858,858,568.0,,568,568,0.0,,0.0,0.0,274f49f21a03df6f7da7f330fed2fe31ff1b6bdd1be8fc9ce8088bf297fdd4e6
E1,gaussian_noise,5,none,0.01,1.0,,9,1,0.0,,0.0,0.0,2000.0,,2000,2000,0.0,,0.0,0.0,0.0,,0.0,0.0,858.0,,858,858,568.0,,568,568,0.0,,0.0,0.0,274f49f21a03df6f7da7f330fed2fe31ff1b6bdd1be8fc9ce8088bf297fdd4e6
E1,gaussian_noise,5,none,0.01,1.0,,10,1,0.0,,0.0,0.0,2000.0,,2000,2000,0.0,,0.0,0.0,0.0,,0.0,0.0,858.0,,858,858,568.0,,568,568,0.0,,0.0,0.0,274f49f21a03df6f7da7f330fed2fe31ff1b6bdd1be8fc9ce8088bf297fdd4e6
E1,gaussian_noise,5,none,0.01,1.0,,11,1,0.0,,0.0,0.0,2000.0,,2000,2000,0.0,,0.0,0.0,0.0,,0.0,0.0,858.0,,858,858,568.0,,568,568,0.0,,0.0,0.0,274f49f21a03df6f7da7f330fed2fe31ff1b6bdd1be8fc9ce8088bf297fdd4e6
E1,gaussian_noise,5,clean_to_clean,0.01,1.0,,0,1,41.150000000000006,,41.150000000000006,41.150000000000006,2000.0,,2000,2000,1.0,,1.0,1.0,0.061619718309859156,,0.061619718309859156,0.061619718309859156,858.0,,858,858,568.0,,568,568,3.3295205273628237,,3.3295205273628237,3.3295205273628237,274f49f21a03df6f7da7f330fed2fe31ff1b6bdd1be8fc9ce8088bf297fdd4e6
E1,gaussian_noise,5,clean_to_clean,0.01,1.0,,1,1,41.150000000000006,,41.150000000000006,41.150000000000006,2000.0,,2000,2000,1.0,,1.0,1.0,0.061619718309859156,,0.061619718309859156,0.061619718309859156,858.0,,858,858,568.0,,568,568,3.3295205273628237,,3.3295205273628237,3.3295205273628237,274f49f21a03df6f7da7f330fed2fe31ff1b6bdd1be8fc9ce8088bf297fdd4e6
E1,gaussian_noise,5,clean_to_clean,0.01,1.0,,2,1,41.150000000000006,,41.150000000000006,41.150000000000006,2000.0,,2000,2000,1.0,,1.0,1.0,0.061619718309859156,,0.061619718309859156,0.061619718309859156,858.0,,858,858,568.0,,568,568,3.3295205273628237,,3.3295205273628237,3.3295205273628237,274f49f21a03df6f7da7f330fed2fe31ff1b6bdd1be8fc9ce8088bf297fdd4e6
E1,gaussian_noise,5,clean_to_clean,0.01,1.0,,3,1,41.150000000000006,,41.150000000000006,41.150000000000006,2000.0,,2000,2000,1.0,,1.0,1.0,0.061619718309859156,,0.061619718309859156,0.061619718309859156,858.0,,858,858,568.0,,568,568,3.3295205273628237,,3.3295205273628237,3.3295205273628237,274f49f21a03df6f7da7f330fed2fe31ff1b6bdd1be8fc9ce8088bf297fdd4e6
E1,gaussian_noise,5,clean_to_clean,0.01,1.0,,4,1,41.150000000000006,,41.150000000000006,41.150000000000006,2000.0,,2000,2000,1.0,,1.0,1.0,0.061619718309859156,,0.061619718309859156,0.061619718309859156,858.0,,858,858,568.0,,568,568,3.3295205273628237,,3.3295205273628237,3.3295205273628237,274f49f21a03df6f7da7f330fed2fe31ff1b6bdd1be8fc9ce8088bf297fdd4e6
E1,gaussian_noise,5,clean_to_clean,0.01,1.0,,5,1,41.150000000000006,,41.150000000000006,41.150000000000006,2000.0,,2000,2000,1.0,,1.0,1.0,0.061619718309859156,,0.061619718309859156,0.061619718309859156,858.0,,858,858,568.0,,568,568,3.3295205273628237,,3.3295205273628237,3.3295205273628237,274f49f21a03df6f7da7f330fed2fe31ff1b6bdd1be8fc9ce8088bf297fdd4e6
E1,gaussian_noise,5,clean_to_clean,0.01,1.0,,6,1,41.150000000000006,,41.150000000000006,41.150000000000006,2000.0,,2000,2000,1.0,,1.0,1.0,0.061619718309859156,,0.061619718309859156,0.061619718309859156,858.0,,858,858,568.0,,568,568,3.3295205273628237,,3.3295205273628237,3.3295205273628237,274f49f21a03df6f7da7f330fed2fe31ff1b6bdd1be8fc9ce8088bf297fdd4e6
E1,gaussian_noise,5,clean_to_clean,0.01,1.0,,7,1,41.150000000000006,,41.150000000000006,41.150000000000006,2000.0,,2000,2000,1.0,,1.0,1.0,0.061619718309859156,,0.061619718309859156,0.061619718309859156,858.0,,858,858,568.0,,568,568,3.3295205273628237,,3.3295205273628237,3.3295205273628237,274f49f21a03df6f7da7f330fed2fe31ff1b6bdd1be8fc9ce8088bf297fdd4e6
E1,gaussian_noise,5,clean_to_clean,0.01,1.0,,8,1,41.150000000000006,,41.150000000000006,41.150000000000006,2000.0,,2000,2000,1.0,,1.0,1.0,0.061619718309859156,,0.061619718309859156,0.061619718309859156,858.0,,858,858,568.0,,568,568,3.3295205273628237,,3.3295205273628237,3.3295205273628237,274f49f21a03df6f7da7f330fed2fe31ff1b6bdd1be8fc9ce8088bf297fdd4e6
E1,gaussian_noise,5,clean_to_clean,0.01,1.0,,9,1,41.150000000000006,,41.150000000000006,41.150000000000006,2000.0,,2000,2000,1.0,,1.0,1.0,0.061619718309859156,,0.061619718309859156,0.061619718309859156,858.0,,858,858,568.0,,568,568,3.3295205273628237,,3.3295205273628237,3.3295205273628237,274f49f21a03df6f7da7f330fed2fe31ff1b6bdd1be8fc9ce8088bf297fdd4e6
E1,gaussian_noise,5,clean_to_clean,0.01,1.0,,10,1,41.150000000000006,,41.150000000000006,41.150000000000006,2000.0,,2000,2000,1.0,,1.0,1.0,0.061619718309859156,,0.061619718309859156,0.061619718309859156,858.0,,858,858,568.0,,568,568,3.3295205273628237,,3.3295205273628237,3.3295205273628237,274f49f21a03df6f7da7f330fed2fe31ff1b6bdd1be8fc9ce8088bf297fdd4e6
E1,gaussian_noise,5,clean_to_clean,0.01,1.0,,11,1,41.150000000000006,,41.150000000000006,41.150000000000006,2000.0,,2000,2000,1.0,,1.0,1.0,0.061619718309859156,,0.061619718309859156,0.061619718309859156,858.0,,858,858,568.0,,568,568,3.3295205273628237,,3.3295205273628237,3.3295205273628237,274f49f21a03df6f7da7f330fed2fe31ff1b6bdd1be8fc9ce8088bf297fdd4e6
E1,gaussian_noise,5,full_state,0.01,1.0,,0,1,41.150000000000006,,41.150000000000006,41.150000000000006,2000.0,,2000,2000,1.0,,1.0,1.0,0.061619718309859156,,0.061619718309859156,0.061619718309859156,858.0,,858,858,568.0,,568,568,3.3295205273628237,,3.3295205273628237,3.3295205273628237,274f49f21a03df6f7da7f330fed2fe31ff1b6bdd1be8fc9ce8088bf297fdd4e6
E1,gaussian_noise,5,full_state,0.01,1.0,,1,1,41.150000000000006,,41.150000000000006,41.150000000000006,2000.0,,2000,2000,1.0,,1.0,1.0,0.061619718309859156,,0.061619718309859156,0.061619718309859156,858.0,,858,858,568.0,,568,568,3.3295205273628237,,3.3295205273628237,3.3295205273628237,274f49f21a03df6f7da7f330fed2fe31ff1b6bdd1be8fc9ce8088bf297fdd4e6
E1,gaussian_noise,5,full_state,0.01,1.0,,2,1,41.150000000000006,,41.150000000000006,41.150000000000006,2000.0,,2000,2000,1.0,,1.0,1.0,0.061619718309859156,,0.061619718309859156,0.061619718309859156,858.0,,858,858,568.0,,568,568,3.3295205273628237,,3.3295205273628237,3.3295205273628237,274f49f21a03df6f7da7f330fed2fe31ff1b6bdd1be8fc9ce8088bf297fdd4e6
E1,gaussian_noise,5,full_state,0.01,1.0,,3,1,41.150000000000006,,41.150000000000006,41.150000000000006,2000.0,,2000,2000,1.0,,1.0,1.0,0.061619718309859156,,0.061619718309859156,0.061619718309859156,858.0,,858,858,568.0,,568,568,3.3295205273628237,,3.3295205273628237,3.3295205273628237,274f49f21a03df6f7da7f330fed2fe31ff1b6bdd1be8fc9ce8088bf297fdd4e6
E1,gaussian_noise,5,full_state,0.01,1.0,,4,1,41.150000000000006,,41.150000000000006,41.150000000000006,2000.0,,2000,2000,1.0,,1.0,1.0,0.061619718309859156,,0.061619718309859156,0.061619718309859156,858.0,,858,858,568.0,,568,568,3.3295205273628237,,3.3295205273628237,3.3295205273628237,274f49f21a03df6f7da7f330fed2fe31ff1b6bdd1be8fc9ce8088bf297fdd4e6
E1,gaussian_noise,5,full_state,0.01,1.0,,5,1,41.150000000000006,,41.150000000000006,41.150000000000006,2000.0,,2000,2000,1.0,,1.0,1.0,0.061619718309859156,,0.061619718309859156,0.061619718309859156,858.0,,858,858,568.0,,568,568,3.3295205273628237,,3.3295205273628237,3.3295205273628237,274f49f21a03df6f7da7f330fed2fe31ff1b6bdd1be8fc9ce8088bf297fdd4e6
E1,gaussian_noise,5,full_state,0.01,1.0,,6,1,41.150000000000006,,41.150000000000006,41.150000000000006,2000.0,,2000,2000,1.0,,1.0,1.0,0.061619718309859156,,0.061619718309859156,0.061619718309859156,858.0,,858,858,568.0,,568,568,3.3295205273628237,,3.3295205273628237,3.3295205273628237,274f49f21a03df6f7da7f330fed2fe31ff1b6bdd1be8fc9ce8088bf297fdd4e6
E1,gaussian_noise,5,full_state,0.01,1.0,,7,1,41.150000000000006,,41.150000000000006,41.150000000000006,2000.0,,2000,2000,1.0,,1.0,1.0,0.061619718309859156,,0.061619718309859156,0.061619718309859156,858.0,,858,858,568.0,,568,568,3.3295205273628237,,3.3295205273628237,3.3295205273628237,274f49f21a03df6f7da7f330fed2fe31ff1b6bdd1be8fc9ce8088bf297fdd4e6
E1,gaussian_noise,5,full_state,0.01,1.0,,8,1,41.150000000000006,,41.150000000000006,41.150000000000006,2000.0,,2000,2000,1.0,,1.0,1.0,0.061619718309859156,,0.061619718309859156,0.061619718309859156,858.0,,858,858,568.0,,568,568,3.3295205273628237,,3.3295205273628237,3.3295205273628237,274f49f21a03df6f7da7f330fed2fe31ff1b6bdd1be8fc9ce8088bf297fdd4e6
E1,gaussian_noise,5,full_state,0.01,1.0,,9,1,41.150000000000006,,41.150000000000006,41.150000000000006,2000.0,,2000,2000,1.0,,1.0,1.0,0.061619718309859156,,0.061619718309859156,0.061619718309859156,858.0,,858,858,568.0,,568,568,3.3295205273628237,,3.3295205273628237,3.3295205273628237,274f49f21a03df6f7da7f330fed2fe31ff1b6bdd1be8fc9ce8088bf297fdd4e6
E1,gaussian_noise,5,full_state,0.01,1.0,,10,1,41.150000000000006,,41.150000000000006,41.150000000000006,2000.0,,2000,2000,1.0,,1.0,1.0,0.061619718309859156,,0.061619718309859156,0.061619718309859156,858.0,,858,858,568.0,,568,568,3.3295205273628237,,3.3295205273628237,3.3295205273628237,274f49f21a03df6f7da7f330fed2fe31ff1b6bdd1be8fc9ce8088bf297fdd4e6
E1,gaussian_noise,5,full_state,0.01,1.0,,11,1,41.150000000000006,,41.150000000000006,41.150000000000006,2000.0,,2000,2000,1.0,,1.0,1.0,0.061619718309859156,,0.061619718309859156,0.061619718309859156,858.0,,858,858,568.0,,568,568,3.3295205273628237,,3.3295205273628237,3.3295205273628237,274f49f21a03df6f7da7f330fed2fe31ff1b6bdd1be8fc9ce8088bf297fdd4e6
E1,gaussian_noise,5,random_direction,0.01,1.0,,0,1,0.40000000000000036,,0.40000000000000036,0.40000000000000036,2000.0,,2000,2000,0.022144522144522144,,0.022144522144522144,0.022144522144522144,0.022887323943661973,,0.022887323943661973,0.022887323943661973,858.0,,858,858,568.0,,568,568,-0.007002645015716553,,-0.007002645015716553,-0.007002645015716553,274f49f21a03df6f7da7f330fed2fe31ff1b6bdd1be8fc9ce8088bf297fdd4e6
E1,gaussian_noise,5,random_direction,0.01,1.0,,1,1,0.10000000000000009,,0.10000000000000009,0.10000000000000009,2000.0,,2000,2000,0.016317016317016316,,0.016317016317016316,0.016317016317016316,0.022887323943661973,,0.022887323943661973,0.022887323943661973,858.0,,858,858,568.0,,568,568,0.002135073661804199,,0.002135073661804199,0.002135073661804199,274f49f21a03df6f7da7f330fed2fe31ff1b6bdd1be8fc9ce8088bf297fdd4e6
E1,gaussian_noise,5,random_direction,0.01,1.0,,2,1,0.4500000000000004,,0.4500000000000004,0.4500000000000004,2000.0,,2000,2000,0.018648018648018648,,0.018648018648018648,0.018648018648018648,0.01584507042253521,,0.01584507042253521,0.01584507042253521,858.0,,858,858,568.0,,568,568,-0.0061207513213157655,,-0.0061207513213157655,-0.0061207513213157655,274f49f21a03df6f7da7f330fed2fe31ff1b6bdd1be8fc9ce8088bf297fdd4e6
E1,gaussian_noise,5,random_direction,0.01,1.0,,3,1,0.050000000000000044,,0.050000000000000044,0.050000000000000044,2000.0,,2000,2000,0.013986013986013986,,0.013986013986013986,0.013986013986013986,0.02112676056338028,,0.02112676056338028,0.02112676056338028,858.0,,858,858,568.0,,568,568,-0.0038762333393096925,,-0.0038762333393096925,-0.0038762333393096925,274f49f21a03df6f7da7f330fed2fe31ff1b6bdd1be8fc9ce8088bf297fdd4e6
E1,gaussian_noise,5,random_direction,0.01,1.0,,4,1,0.20000000000000018,,0.20000000000000018,0.20000000000000018,2000.0,,2000,2000,0.017482517482517484,,0.017482517482517484,0.017482517482517484,0.02112676056338028,,0.02112676056338028,0.02112676056338028,858.0,,858,858,568.0,,568,568,-0.004677412509918213,,-0.004677412509918213,-0.004677412509918213,274f49f21a03df6f7da7f330fed2fe31ff1b6bdd1be8fc9ce8088bf297fdd4e6
E1,gaussian_noise,5,random_direction,0.01,1.0,,5,1,-0.10000000000000009,,-0.10000000000000009,-0.10000000000000009,2000.0,,2000,2000,0.013986013986013986,,0.013986013986013986,0.013986013986013986,0.02640845070422535,,0.02640845070422535,0.02640845070422535,858.0,,858,858,568.0,,568,568,-0.005624290823936462,,-0.005624290823936462,-0.005624290823936462,274f49f21a03df6f7da7f330fed2fe31ff1b6bdd1be8fc9ce8088bf297fdd4e6
E1,gaussian_noise,5,random_direction,0.01,1.0,,6,1,-0.10000000000000009,,-0.10000000000000009,-0.10000000000000009,2000.0,,2000,2000,0.01048951048951049,,0.01048951048951049,0.01048951048951049,0.01936619718309859,,0.01936619718309859,0.01936619718309859,858.0,,858,858,568.0,,568,568,-0.009783729016780852,,-0.009783729016780852,-0.009783729016780852,274f49f21a03df6f7da7f330fed2fe31ff1b6bdd1be8fc9ce8088bf297fdd4e6
E1,gaussian_noise,5,random_direction,0.01,1.0,,7,1,0.2500000000000002,,0.2500000000000002,0.2500000000000002,2000.0,,2000,2000,0.018648018648018648,,0.018648018648018648,0.018648018648018648,0.02112676056338028,,0.02112676056338028,0.02112676056338028,858.0,,858,858,568.0,,568,568,-0.0125781210064888,,-0.0125781210064888,-0.0125781210064888,274f49f21a03df6f7da7f330fed2fe31ff1b6bdd1be8fc9ce8088bf297fdd4e6
E1,gaussian_noise,5,random_direction,0.01,1.0,,8,1,0.20000000000000018,,0.20000000000000018,0.20000000000000018,2000.0,,2000,2000,0.017482517482517484,,0.017482517482517484,0.017482517482517484,0.02112676056338028,,0.02112676056338028,0.02112676056338028,858.0,,858,858,568.0,,568,568,-0.010665297985076904,,-0.010665297985076904,-0.010665297985076904,274f49f21a03df6f7da7f330fed2fe31ff1b6bdd1be8fc9ce8088bf297fdd4e6
E1,gaussian_noise,5,random_direction,0.01,1.0,,9,1,-0.2500000000000002,,-0.2500000000000002,-0.2500000000000002,2000.0,,2000,2000,0.013986013986013986,,0.013986013986013986,0.013986013986013986,0.03169014084507042,,0.03169014084507042,0.03169014084507042,858.0,,858,858,568.0,,568,568,-0.0047936526536941524,,-0.0047936526536941524,-0.0047936526536941524,274f49f21a03df6f7da7f330fed2fe31ff1b6bdd1be8fc9ce8088bf297fdd4e6
E1,gaussian_noise,5,random_direction,0.01,1.0,,10,1,0.0,,0.0,0.0,2000.0,,2000,2000,0.011655011655011656,,0.011655011655011656,0.011655011655011656,0.01936619718309859,,0.01936619718309859,0.01936619718309859,858.0,,858,858,568.0,,568,568,-0.001939473032951355,,-0.001939473032951355,-0.001939473032951355,274f49f21a03df6f7da7f330fed2fe31ff1b6bdd1be8fc9ce8088bf297fdd4e6
E1,gaussian_noise,5,random_direction,0.01,1.0,,11,1,0.0,,0.0,0.0,2000.0,,2000,2000,0.013986013986013986,,0.013986013986013986,0.013986013986013986,0.022887323943661973,,0.022887323943661973,0.022887323943661973,858.0,,858,858,568.0,,568,568,-0.00090582275390625,,-0.00090582275390625,-0.00090582275390625,274f49f21a03df6f7da7f330fed2fe31ff1b6bdd1be8fc9ce8088bf297fdd4e6
E1,gaussian_noise,5,shuffled_donor,0.01,1.0,,0,1,-0.649999999999995,,-0.649999999999995,-0.649999999999995,2000.0,,2000,2000,0.0337995337995338,,0.0337995337995338,0.0337995337995338,0.07570422535211267,,0.07570422535211267,0.07570422535211267,858.0,,858,858,568.0,,568,568,-0.08150174444913864,,-0.08150174444913864,-0.08150174444913864,274f49f21a03df6f7da7f330fed2fe31ff1b6bdd1be8fc9ce8088bf297fdd4e6
E1,gaussian_noise,5,shuffled_donor,0.01,1.0,,1,1,0.20000000000000018,,0.20000000000000018,0.20000000000000018,2000.0,,2000,2000,0.03146853146853147,,0.03146853146853147,0.03146853146853147,0.04225352112676056,,0.04225352112676056,0.04225352112676056,858.0,,858,858,568.0,,568,568,-0.008722114741802216,,-0.008722114741802216,-0.008722114741802216,274f49f21a03df6f7da7f330fed2fe31ff1b6bdd1be8fc9ce8088bf297fdd4e6
E1,gaussian_noise,5,shuffled_donor,0.01,1.0,,2,1,-0.7499999999999951,,-0.7499999999999951,-0.7499999999999951,2000.0,,2000,2000,0.009324009324009324,,0.009324009324009324,0.009324009324009324,0.040492957746478875,,0.040492957746478875,0.040492957746478875,858.0,,858,858,568.0,,568,568,-0.0666056467294693,,-0.0666056467294693,-0.0666056467294693,274f49f21a03df6f7da7f330fed2fe31ff1b6bdd1be8fc9ce8088bf297fdd4e6
E1,gaussian_noise,5,shuffled_donor,0.01,1.0,,3,1,0.0,,0.0,0.0,2000.0,,2000,2000,0.018648018648018648,,0.018648018648018648,0.018648018648018648,0.028169014084507043,,0.028169014084507043,0.028169014084507043,858.0,,858,858,568.0,,568,568,-0.036296326398849485,,-0.036296326398849485,-0.036296326398849485,274f49f21a03df6f7da7f330fed2fe31ff1b6bdd1be8fc9ce8088bf297fdd4e6
E1,gaussian_noise,5,shuffled_donor,0.01,1.0,,4,1,-0.050000000000000044,,-0.050000000000000044,-0.050000000000000044,2000.0,,2000,2000,0.019813519813519812,,0.019813519813519812,0.019813519813519812,0.03697183098591549,,0.03697183098591549,0.03697183098591549,858.0,,858,858,568.0,,568,568,-0.009374097228050231,,-0.009374097228050231,-0.009374097228050231,274f49f21a03df6f7da7f330fed2fe31ff1b6bdd1be8fc9ce8088bf297fdd4e6
E1,gaussian_noise,5,shuffled_donor,0.01,1.0,,5,1,0.050000000000000044,,0.050000000000000044,0.050000000000000044,2000.0,,2000,2000,0.017482517482517484,,0.017482517482517484,0.017482517482517484,0.02640845070422535,,0.02640845070422535,0.02640845070422535,858.0,,858,858,568.0,,568,568,-0.003082533895969391,,-0.003082533895969391,-0.003082533895969391,274f49f21a03df6f7da7f330fed2fe31ff1b6bdd1be8fc9ce8088bf297fdd4e6
E1,gaussian_noise,5,shuffled_donor,0.01,1.0,,6,1,-0.44999999999999485,,-0.44999999999999485,-0.44999999999999485,2000.0,,2000,2000,0.011655011655011656,,0.011655011655011656,0.011655011655011656,0.035211267605633804,,0.035211267605633804,0.035211267605633804,858.0,,858,858,568.0,,568,568,0.008819230079650879,,0.008819230079650879,0.008819230079650879,274f49f21a03df6f7da7f330fed2fe31ff1b6bdd1be8fc9ce8088bf297fdd4e6
E1,gaussian_noise,5,shuffled_donor,0.01,1.0,,7,1,-0.2500000000000002,,-0.2500000000000002,-0.2500000000000002,2000.0,,2000,2000,0.006993006993006993,,0.006993006993006993,0.006993006993006993,0.02112676056338028,,0.02112676056338028,0.02112676056338028,858.0,,858,858,568.0,,568,568,0.008033056020736694,,0.008033056020736694,0.008033056020736694,274f49f21a03df6f7da7f330fed2fe31ff1b6bdd1be8fc9ce8088bf297fdd4e6
E1,gaussian_noise,5,shuffled_donor,0.01,1.0,,8,1,-0.10000000000000009,,-0.10000000000000009,-0.10000000000000009,2000.0,,2000,2000,0.006993006993006993,,0.006993006993006993,0.006993006993006993,0.017605633802816902,,0.017605633802816902,0.017605633802816902,858.0,,858,858,568.0,,568,568,0.011168479979038238,,0.011168479979038238,0.011168479979038238,274f49f21a03df6f7da7f330fed2fe31ff1b6bdd1be8fc9ce8088bf297fdd4e6
E1,gaussian_noise,5,shuffled_donor,0.01,1.0,,9,1,0.050000000000000044,,0.050000000000000044,0.050000000000000044,2000.0,,2000,2000,0.005827505827505828,,0.005827505827505828,0.005827505827505828,0.008802816901408451,,0.008802816901408451,0.008802816901408451,858.0,,858,858,568.0,,568,568,0.009856417834758758,,0.009856417834758758,0.009856417834758758,274f49f21a03df6f7da7f330fed2fe31ff1b6bdd1be8fc9ce8088bf297fdd4e6
E1,gaussian_noise,5,shuffled_donor,0.01,1.0,,10,1,0.10000000000000009,,0.10000000000000009,0.10000000000000009,2000.0,,2000,2000,0.005827505827505828,,0.005827505827505828,0.005827505827505828,0.007042253521126761,,0.007042253521126761,0.007042253521126761,858.0,,858,858,568.0,,568,568,0.007994506180286408,,0.007994506180286408,0.007994506180286408,274f49f21a03df6f7da7f330fed2fe31ff1b6bdd1be8fc9ce8088bf297fdd4e6
E1,gaussian_noise,5,shuffled_donor,0.01,1.0,,11,1,0.2500000000000002,,0.2500000000000002,0.2500000000000002,2000.0,,2000,2000,0.008158508158508158,,0.008158508158508158,0.008158508158508158,0.00528169014084507,,0.00528169014084507,0.00528169014084507,858.0,,858,858,568.0,,568,568,0.014255856454372407,,0.014255856454372407,0.014255856454372407,274f49f21a03df6f7da7f330fed2fe31ff1b6bdd1be8fc9ce8088bf297fdd4e6
E1,defocus_blur,1,partial_channel,0.01,1.0,,0,20,0.3674999999999956,0.2647118592376483,-0.15000000000000568,0.8499999999999952,2000.0,0.0,2000,2000,0.05583333333333333,0.02897493371218873,0.016666666666666666,0.12083333333333333,0.008367514356029533,0.004983568678165522,0.002461033634126333,0.022149302707136997,240.0,0.0,240,240,1219.0,0.0,1219,1219,0.01438378481268883,0.01755768612310203,-0.0330370192527771,0.04153705775737762,274f49f21a03df6f7da7f330fed2fe31ff1b6bdd1be8fc9ce8088bf297fdd4e6
E1,defocus_blur,1,partial_channel,0.05,1.0,,0,20,0.9324999999999983,0.31965236050895507,0.5000000000000004,1.5499999999999958,2000.0,0.0,2000,2000,0.173125,0.024537945016118102,0.1375,0.24583333333333332,0.029368334700574244,0.007573031120039213,0.017227235438884332,0.04922067268252666,240.0,0.0,240,240,1219.0,0.0,1219,1219,0.07315385094285011,0.030705449591922403,0.008336668372154236,0.11375315487384796,274f49f21a03df6f7da7f330fed2fe31ff1b6bdd1be8fc9ce8088bf297fdd4e6
E1,defocus_blur,1,partial_channel,0.1,1.0,,0,20,-0.24000000000000296,3.7559636789903514,-11.300000000000004,1.9999999999999907,2000.0,0.0,2000,2000,0.24333333333333332,0.03531396357521785,0.15,0.2916666666666667,0.06940114848236259,0.056016220847452614,0.03281378178835111,0.2321575061525841,240.0,0.0,240,240,1219.0,0.0,1219,1219,-0.029812584853172307,0.3167613088688761,-0.9555682264566422,0.14219481217861177,274f49f21a03df6f7da7f330fed2fe31ff1b6bdd1be8fc9ce8088bf297fdd4e6
E1,defocus_blur,1,partial_channel,0.2,1.0,,0,20,-2.0175000000000027,2.452725390683854,-8.450000000000003,0.24999999999999467,2000.0,0.0,2000,2000,0.2947916666666667,0.03571213182728137,0.22083333333333333,0.35833333333333334,0.115422477440525,0.0332865004283662,0.07793273174733388,0.20508613617719443,240.0,0.0,240,240,1219.0,0.0,1219,1219,-0.1418535543054342,0.22471480865574134,-0.7075093196630478,0.05825525963306427,274f49f21a03df6f7da7f330fed2fe31ff1b6bdd1be8fc9ce8088bf297fdd4e6
E1,defocus_blur,1,partial_channel,0.01,1.0,,1,20,0.23249999999999665,0.2782818525769949,-0.20000000000000018,0.8000000000000007,2000.0,0.0,2000,2000,0.04083333333333333,0.01806623615723233,0.016666666666666666,0.09166666666666666,0.006726825266611979,0.003898965124752961,0.002461033634126333,0.01804757998359311,240.0,0.0,240,240,1219.0,0.0,1219,1219,0.009337172156572341,0.010999921778678073,-0.005463690280914307,0.03334388935565948,274f49f21a03df6f7da7f330fed2fe31ff1b6bdd1be8fc9ce8088bf297fdd4e6
E1,defocus_blur,1,partial_channel,0.05,1.0,,1,20,0.859999999999998,0.3181360185766301,0.5000000000000004,1.649999999999996,2000.0,0.0,2000,2000,0.11874999999999998,0.027456105319186217,0.075,0.17916666666666667,0.0155045118949959,0.005049233036233682,0.009023789991796555,0.02461033634126333,240.0,0.0,240,240,1219.0,0.0,1219,1219,0.05434679031968117,0.01678271805877854,0.029653024315834046,0.09289090919494629,274f49f21a03df6f7da7f330fed2fe31ff1b6bdd1be8fc9ce8088bf297fdd4e6
E1,defocus_blur,1,partial_channel,0.1,1.0,,1,20,0.9374999999999961,1.7114071618654074,-4.400000000000004,2.2499999999999964,2000.0,0.0,2000,2000,0.19520833333333332,0.032083902934109815,0.15,0.25416666666666665,0.034208367514356026,0.033923112003781716,0.012305168170631665,0.13781788351107466,240.0,0.0,240,240,1219.0,0.0,1219,1219,0.0615707785964012,0.12709661480095719,-0.30638577353954316,0.15401449072360993,274f49f21a03df6f7da7f330fed2fe31ff1b6bdd1be8fc9ce8088bf297fdd4e6
E1,defocus_blur,1,partial_channel,0.2,1.0,,1,20,1.567499999999994,1.5155574795052174,-2.4500000000000077,3.0999999999999917,2000.0,0.0,2000,2000,0.2991666666666667,0.03274145574003404,0.24583333333333332,0.36666666666666664,0.04954881050041017,0.02587239353078652,0.026251025430680888,0.1140278917145201,240.0,0.0,240,240,1219.0,0.0,1219,1219,0.14601953675150875,0.11718934321258248,-0.14618383705615998,0.2490485419034958,274f49f21a03df6f7da7f330fed2fe31ff1b6bdd1be8fc9ce8088bf297fdd4e6
E1,defocus_blur,1,partial_channel,0.01,1.0,,2,20,0.1899999999999985,0.251626289313506,-0.30000000000000027,0.6000000000000005,2000.0,0.0,2000,2000,0.03979166666666668,0.01821106557444471,0.016666666666666666,0.07916666666666666,0.006767842493847416,0.0030680054764574897,0.003281378178835111,0.015586546349466776,240.0,0.0,240,240,1219.0,0.0,1219,1219,0.008727075773477555,0.01005224270079622,-0.007325665354728699,0.02906790816783905,274f49f21a03df6f7da7f330fed2fe31ff1b6bdd1be8fc9ce8088bf297fdd4e6
E1,defocus_blur,1,partial_channel,0.05,1.0,,2,20,0.879999999999997,0.3233866839689316,0.34999999999999476,1.4000000000000012,2000.0,0.0,2000,2000,0.12666666666666665,0.03148377471294442,0.07916666666666666,0.17916666666666667,0.016694011484823627,0.005331575252633803,0.009023789991796555,0.027071369975389663,240.0,0.0,240,240,1219.0,0.0,1219,1219,0.056032691973447804,0.025307591190465408,0.02045442867279053,0.12376144480705262,274f49f21a03df6f7da7f330fed2fe31ff1b6bdd1be8fc9ce8088bf297fdd4e6
E1,defocus_blur,1,partial_channel,0.1,1.0,,2,20,1.1674999999999969,0.7136405921308285,-1.0000000000000009,2.0499999999999963,2000.0,0.0,2000,2000,0.19,0.03513237290208269,0.13333333333333333,0.2708333333333333,0.028465955701394586,0.014619393106210262,0.014766201804757998,0.07383100902378999,240.0,0.0,240,240,1219.0,0.0,1219,1219,0.09598950617909432,0.046304997445785895,-0.029412718176841737,0.18717680728435515,274f49f21a03df6f7da7f330fed2fe31ff1b6bdd1be8fc9ce8088bf297fdd4e6
E1,defocus_blur,1,partial_channel,0.2,1.0,,2,20,2.1274999999999933,0.7109065746599443,0.5499999999999949,3.1999999999999917,2000.0,0.0,2000,2000,0.3014583333333333,0.050928423428037675,0.225,0.375,0.03884331419196062,0.014003580976649105,0.022969647251845776,0.07383100902378999,240.0,0.0,240,240,1219.0,0.0,1219,1219,0.19547568506002427,0.05041879724568405,0.1107614928483963,0.27612974190711975,274f49f21a03df6f7da7f330fed2fe31ff1b6bdd1be8fc9ce8088bf297fdd4e6
E1,defocus_blur,1,partial_channel,0.01,1.0,,3,20,0.13749999999999762,0.21452211271126626,-0.2500000000000058,0.5499999999999949,2000.0,0.0,2000,2000,0.031875,0.012410130152796815,0.016666666666666666,0.06666666666666667,0.006111566858080393,0.002614218510013577,0.002461033634126333,0.01066447908121411,240.0,0.0,240,240,1219.0,0.0,1219,1219,0.006467643135786058,0.006840685493216942,-0.004310084700584411,0.02220171082019806,274f49f21a03df6f7da7f330fed2fe31ff1b6bdd1be8fc9ce8088bf297fdd4e6
E1,defocus_blur,1,partial_channel,0.05,1.0,,3,20,0.8724999999999976,0.3526124307448474,0.34999999999999476,1.4499999999999957,2000.0,0.0,2000,2000,0.11375000000000002,0.022134787787764235,0.075,0.15,0.01353568498769483,0.004336773639164943,0.006562756357670222,0.02461033634126333,240.0,0.0,240,240,1219.0,0.0,1219,1219,0.05483120597600938,0.021056858094219377,0.020158081650733947,0.0935856934785843,274f49f21a03df6f7da7f330fed2fe31ff1b6bdd1be8fc9ce8088bf297fdd4e6
E1,defocus_blur,1,partial_channel,0.1,1.0,,3,20,1.272499999999996,0.4629638499016832,0.10000000000000009,1.9999999999999907,2000.0,0.0,2000,2000,0.18666666666666665,0.02785588434061394,0.13333333333333333,0.23333333333333334,0.023748974569319115,0.008764845481215092,0.014766201804757998,0.052502050861361775,240.0,0.0,240,240,1219.0,0.0,1219,1219,0.10504631052017213,0.0311629454764397,0.05297700667381287,0.16814948117733003,274f49f21a03df6f7da7f330fed2fe31ff1b6bdd1be8fc9ce8088bf297fdd4e6
E1,defocus_blur,1,partial_channel,0.2,1.0,,3,20,2.467499999999994,0.5161280440886135,1.4499999999999957,3.4499999999999975,2000.0,0.0,2000,2000,0.2972916666666666,0.0511789908867607,0.19166666666666668,0.36666666666666664,0.03096800656275635,0.008297355485936537,0.01804757998359311,0.051681706316652996,240.0,0.0,240,240,1219.0,0.0,1219,1219,0.21213107671737674,0.045135550100484235,0.1321301612854004,0.292875217795372,274f49f21a03df6f7da7f330fed2fe31ff1b6bdd1be8fc9ce8088bf297fdd4e6
E1,defocus_blur,1,partial_channel,0.01,1.0,,4,20,0.12749999999999762,0.16973276208886692,-0.10000000000000009,0.5499999999999949,2000.0,0.0,2000,2000,0.030833333333333334,0.011893164777343859,0.0125,0.06666666666666667,0.0058244462674323216,0.0018031872774365377,0.003281378178835111,0.009844134536505332,240.0,0.0,240,240,1219.0,0.0,1219,1219,0.008461897277832033,0.006528574115760741,-0.00039267683029174807,0.027517525792121886,274f49f21a03df6f7da7f330fed2fe31ff1b6bdd1be8fc9ce8088bf297fdd4e6
E1,defocus_blur,1,partial_channel,0.05,1.0,,4,20,1.0024999999999984,0.38982958489980946,0.34999999999999476,1.6999999999999904,2000.0,0.0,2000,2000,0.12125000000000001,0.02341074252340314,0.08333333333333333,0.16666666666666666,0.01251025430680886,0.003973426371294752,0.005742411812961444,0.022969647251845776,240.0,0.0,240,240,1219.0,0.0,1219,1219,0.06306647763252257,0.01550256279633089,0.03809633886814118,0.09668732190132141,274f49f21a03df6f7da7f330fed2fe31ff1b6bdd1be8fc9ce8088bf297fdd4e6
E1,defocus_blur,1,partial_channel,0.1,1.0,,4,20,1.6324999999999956,0.3399980650099732,0.9499999999999953,2.2499999999999964,2000.0,0.0,2000,2000,0.18687499999999999,0.02504655752513006,0.125,0.225,0.01743232157506153,0.005896848210981869,0.009844134536505332,0.033634126333059886,240.0,0.0,240,240,1219.0,0.0,1219,1219,0.12536652255058287,0.02371942941801849,0.08777073061466217,0.18758214282989502,274f49f21a03df6f7da7f330fed2fe31ff1b6bdd1be8fc9ce8088bf297fdd4e6
E1,defocus_blur,1,partial_channel,0.2,1.0,,4,20,2.857499999999993,0.4206120227528112,2.199999999999991,3.4499999999999975,2000.0,0.0,2000,2000,0.30791666666666667,0.03649731625157186,0.24583333333333332,0.3541666666666667,0.025553732567678428,0.005947088507187022,0.016406890894175553,0.03773584905660377,240.0,0.0,240,240,1219.0,0.0,1219,1219,0.2478052715599537,0.03991401149980336,0.19128228509426118,0.3319151015281677,274f49f21a03df6f7da7f330fed2fe31ff1b6bdd1be8fc9ce8088bf297fdd4e6
E1,defocus_blur,1,partial_channel,0.01,1.0,,5,20,0.19499999999999906,0.17763060428582553,-0.10000000000000009,0.6000000000000005,2000.0,0.0,2000,2000,0.03395833333333333,0.010582020916000244,0.020833333333333332,0.058333333333333334,0.005537325676784251,0.001782939975817622,0.0016406890894175555,0.009023789991796555,240.0,0.0,240,240,1219.0,0.0,1219,1219,0.008522588652372359,0.004589206486107426,0.0002837412357330322,0.02234926927089691,274f49f21a03df6f7da7f330fed2fe31ff1b6bdd1be8fc9ce8088bf297fdd4e6
E1,defocus_blur,1,partial_channel,0.05,1.0,,5,20,0.9049999999999979,0.38726435959241823,0.20000000000000018,1.5999999999999903,2000.0,0.0,2000,2000,0.11625,0.021498163936289515,0.07083333333333333,0.15,0.012797374897456932,0.0031760657638949534,0.006562756357670222,0.01804757998359311,240.0,0.0,240,240,1219.0,0.0,1219,1219,0.06530374281406404,0.015498206713214877,0.04201154494285583,0.09962227439880371,274f49f21a03df6f7da7f330fed2fe31ff1b6bdd1be8fc9ce8088bf297fdd4e6
E1,defocus_blur,1,partial_channel,0.1,1.0,,5,20,1.5799999999999963,0.2764435794725184,1.0499999999999954,2.1499999999999964,2000.0,0.0,2000,2000,0.179375,0.019377888390625337,0.1375,0.20833333333333334,0.017186218211648892,0.0028352057921501353,0.012305168170631665,0.02378999179655455,240.0,0.0,240,240,1219.0,0.0,1219,1219,0.12745625943541525,0.0200388971998371,0.10300893318653107,0.17884505712985993,274f49f21a03df6f7da7f330fed2fe31ff1b6bdd1be8fc9ce8088bf297fdd4e6
E1,defocus_blur,1,partial_channel,0.2,1.0,,5,20,2.7474999999999943,0.41309964389899145,1.749999999999996,3.5499999999999976,2000.0,0.0,2000,2000,0.30020833333333335,0.029601242417026673,0.2375,0.3458333333333333,0.024528301886792454,0.0030100226525302267,0.01804757998359311,0.029532403609515995,240.0,0.0,240,240,1219.0,0.0,1219,1219,0.2549635354697704,0.03198641767811225,0.20518184566497802,0.3243300757408142,274f49f21a03df6f7da7f330fed2fe31ff1b6bdd1be8fc9ce8088bf297fdd4e6
E1,defocus_blur,1,partial_channel,0.01,1.0,,6,20,0.2124999999999977,0.20253329810701562,-0.10000000000000009,0.649999999999995,2000.0,0.0,2000,2000,0.036458333333333336,0.013305549451218857,0.016666666666666666,0.0625,0.0053322395406070556,0.0015404829476198154,0.003281378178835111,0.008203445447087777,240.0,0.0,240,240,1219.0,0.0,1219,1219,0.010636095494031907,0.00353904388648047,0.004849920988082886,0.019447365522384644,274f49f21a03df6f7da7f330fed2fe31ff1b6bdd1be8fc9ce8088bf297fdd4e6
E1,defocus_blur,1,partial_channel,0.05,1.0,,6,20,1.0624999999999987,0.2630164093339952,0.6000000000000005,1.5499999999999958,2000.0,0.0,2000,2000,0.11750000000000001,0.018015587792486038,0.0875,0.15,0.010910582444626744,0.002867811497752318,0.006562756357670222,0.01804757998359311,240.0,0.0,240,240,1219.0,0.0,1219,1219,0.06728973067998886,0.01126738863902409,0.050634161353111266,0.0917427191734314,274f49f21a03df6f7da7f330fed2fe31ff1b6bdd1be8fc9ce8088bf297fdd4e6
E1,defocus_blur,1,partial_channel,0.1,1.0,,6,20,1.6849999999999938,0.29695826394682906,1.100000000000001,2.199999999999991,2000.0,0.0,2000,2000,0.1802083333333333,0.01772283977548752,0.14583333333333334,0.20416666666666666,0.015217391304347827,0.00244623734501798,0.01066447908121411,0.019688269073010665,240.0,0.0,240,240,1219.0,0.0,1219,1219,0.13390456482172014,0.017302103662133535,0.11165851712226868,0.18188516998291016,274f49f21a03df6f7da7f330fed2fe31ff1b6bdd1be8fc9ce8088bf297fdd4e6
E1,defocus_blur,1,partial_channel,0.2,1.0,,6,20,2.772499999999996,0.4537780004409766,1.9499999999999962,3.6499999999999977,2000.0,0.0,2000,2000,0.3022916666666666,0.028500378319023863,0.24166666666666667,0.3416666666666667,0.024077112387202625,0.003316540161190403,0.01804757998359311,0.030352748154224774,240.0,0.0,240,240,1219.0,0.0,1219,1219,0.26908467548489573,0.030823979397280255,0.22634698450565338,0.33381010818481444,274f49f21a03df6f7da7f330fed2fe31ff1b6bdd1be8fc9ce8088bf297fdd4e6
E1,defocus_blur,1,partial_channel,0.01,1.0,,7,20,0.1599999999999957,0.16670175069329823,-0.050000000000005596,0.5499999999999949,2000.0,0.0,2000,2000,0.03166666666666666,0.012196610592353945,0.0125,0.058333333333333334,0.004922067268252667,0.0019007262815124684,0.0008203445447087777,0.009023789991796555,240.0,0.0,240,240,1219.0,0.0,1219,1219,0.011479600918293,0.004146464781506203,0.0057810268402099605,0.02011675190925598,274f49f21a03df6f7da7f330fed2fe31ff1b6bdd1be8fc9ce8088bf297fdd4e6
E1,defocus_blur,1,partial_channel,0.05,1.0,,7,20,1.0074999999999974,0.19886189336214938,0.7000000000000006,1.4499999999999957,2000.0,0.0,2000,2000,0.11229166666666665,0.014273014143779792,0.0875,0.14583333333333334,0.010336341263330601,0.0026132021611732412,0.005742411812961444,0.016406890894175553,240.0,0.0,240,240,1219.0,0.0,1219,1219,0.0738715467095375,0.010742879003907866,0.057986843943595885,0.09616582560539245,274f49f21a03df6f7da7f330fed2fe31ff1b6bdd1be8fc9ce8088bf297fdd4e6
E1,defocus_blur,1,partial_channel,0.1,1.0,,7,20,1.8074999999999946,0.2834352241973258,1.3499999999999956,2.199999999999991,2000.0,0.0,2000,2000,0.18583333333333335,0.01825741858350554,0.15416666666666667,0.21666666666666667,0.013535684987694831,0.003297529440547476,0.007383100902378999,0.019688269073010665,240.0,0.0,240,240,1219.0,0.0,1219,1219,0.1430410340487957,0.012611728687062144,0.12181969833374023,0.17130221116542815,274f49f21a03df6f7da7f330fed2fe31ff1b6bdd1be8fc9ce8088bf297fdd4e6
E1,defocus_blur,1,partial_channel,0.2,1.0,,7,20,2.9524999999999944,0.3948600684852941,2.0999999999999908,3.499999999999992,2000.0,0.0,2000,2000,0.30333333333333334,0.031198056244745316,0.25833333333333336,0.35833333333333334,0.020754716981132078,0.0035118331762773874,0.014766201804757998,0.02871205906480722,240.0,0.0,240,240,1219.0,0.0,1219,1219,0.28174397247433663,0.032373788992513294,0.24604079008102417,0.3498127386569977,274f49f21a03df6f7da7f330fed2fe31ff1b6bdd1be8fc9ce8088bf297fdd4e6
E1,defocus_blur,1,partial_channel,0.01,1.0,,8,20,0.1624999999999982,0.18769726465213893,-0.35000000000000586,0.40000000000000036,2000.0,0.0,2000,2000,0.03020833333333333,0.009055849293840337,0.0125,0.041666666666666664,0.004593929450369157,0.001514980339420244,0.002461033634126333,0.008203445447087777,240.0,0.0,240,240,1219.0,0.0,1219,1219,0.012544974303245544,0.002264244572276124,0.008784395694732666,0.017337497115135193,274f49f21a03df6f7da7f330fed2fe31ff1b6bdd1be8fc9ce8088bf297fdd4e6
E1,defocus_blur,1,partial_channel,0.05,1.0,,8,20,1.0824999999999978,0.267677634085244,0.5000000000000004,1.4499999999999957,2000.0,0.0,2000,2000,0.11104166666666668,0.017948258561211922,0.08333333333333333,0.14166666666666666,0.008367514356029535,0.0022677898234004846,0.004101722723543888,0.011484823625922888,240.0,0.0,240,240,1219.0,0.0,1219,1219,0.07704814826250077,0.007350519805358211,0.064617338180542,0.09059427630901337,274f49f21a03df6f7da7f330fed2fe31ff1b6bdd1be8fc9ce8088bf297fdd4e6
E1,defocus_blur,1,partial_channel,0.1,1.0,,8,20,1.9274999999999942,0.2250584719344578,1.4000000000000012,2.299999999999991,2000.0,0.0,2000,2000,0.18375000000000002,0.012007855615855318,0.1625,0.20833333333333334,0.010951599671862183,0.0025427895183161033,0.006562756357670222,0.015586546349466776,240.0,0.0,240,240,1219.0,0.0,1219,1219,0.14974998571276665,0.009972674480905752,0.12755269539356232,0.1692118639945984,274f49f21a03df6f7da7f330fed2fe31ff1b6bdd1be8fc9ce8088bf297fdd4e6
E1,defocus_blur,1,partial_channel,0.2,1.0,,8,20,3.3024999999999958,0.3278618932609157,2.649999999999997,3.949999999999998,2000.0,0.0,2000,2000,0.30791666666666667,0.026244604012369513,0.2791666666666667,0.3625,0.01616078753076292,0.003249924811279043,0.01066447908121411,0.022969647251845776,240.0,0.0,240,240,1219.0,0.0,1219,1219,0.2952501406908036,0.02630229925809965,0.2623446593284607,0.3593440967798233,274f49f21a03df6f7da7f330fed2fe31ff1b6bdd1be8fc9ce8088bf297fdd4e6
E1,defocus_blur,1,partial_channel,0.01,1.0,,9,20,0.10499999999999676,0.16850737919184794,-0.20000000000000018,0.44999999999999485,2000.0,0.0,2000,2000,0.023958333333333335,0.008851747605558723,0.008333333333333333,0.0375,0.003978671041837573,0.0015807675165624287,0.002461033634126333,0.008203445447087777,240.0,0.0,240,240,1219.0,0.0,1219,1219,0.013838226217031476,0.0020147256546549203,0.009685563802719116,0.016809828400611876,274f49f21a03df6f7da7f330fed2fe31ff1b6bdd1be8fc9ce8088bf297fdd4e6
E1,defocus_blur,1,partial_channel,0.05,1.0,,9,20,1.0599999999999983,0.15269508660623038,0.8000000000000007,1.3499999999999956,2000.0,0.0,2000,2000,0.10520833333333338,0.008096977090970178,0.09583333333333334,0.125,0.006603773584905661,0.0018720928869879975,0.0016406890894175555,0.009844134536505332,240.0,0.0,240,240,1219.0,0.0,1219,1219,0.08213131323456764,0.005588732990047518,0.07194904839992523,0.0917156857252121,274f49f21a03df6f7da7f330fed2fe31ff1b6bdd1be8fc9ce8088bf297fdd4e6
E1,defocus_blur,1,partial_channel,0.1,1.0,,9,20,1.9874999999999936,0.16848785681685505,1.6999999999999904,2.299999999999991,2000.0,0.0,2000,2000,0.18229166666666663,0.010719288375393857,0.16666666666666666,0.20833333333333334,0.008736669401148485,0.001390006628807079,0.006562756357670222,0.011484823625922888,240.0,0.0,240,240,1219.0,0.0,1219,1219,0.16201509253978727,0.006999325806950784,0.14909209775924684,0.17247768902778626,274f49f21a03df6f7da7f330fed2fe31ff1b6bdd1be8fc9ce8088bf297fdd4e6
E1,defocus_blur,1,partial_channel,0.2,1.0,,9,20,3.5174999999999947,0.27543028538137043,2.949999999999997,4.249999999999998,2000.0,0.0,2000,2000,0.31625000000000003,0.022372935560941377,0.2833333333333333,0.37083333333333335,0.012879409351927811,0.002426246956579991,0.009844134536505332,0.01804757998359311,240.0,0.0,240,240,1219.0,0.0,1219,1219,0.3166922682464123,0.01595244907696498,0.294620504617691,0.3599901033639908,274f49f21a03df6f7da7f330fed2fe31ff1b6bdd1be8fc9ce8088bf297fdd4e6
E1,defocus_blur,1,partial_channel,0.01,1.0,,10,20,0.10749999999999704,0.13501949177024347,-0.2500000000000058,0.34999999999999476,2000.0,0.0,2000,2000,0.021041666666666667,0.007339286857654998,0.004166666666666667,0.0375,0.0032813781788351105,0.0014818878547325689,0.0008203445447087777,0.006562756357670222,240.0,0.0,240,240,1219.0,0.0,1219,1219,0.014216756021976473,0.0019798118181436107,0.010414743185043335,0.018455915093421937,274f49f21a03df6f7da7f330fed2fe31ff1b6bdd1be8fc9ce8088bf297fdd4e6
E1,defocus_blur,1,partial_channel,0.05,1.0,,10,20,1.0599999999999976,0.20235456115702594,0.6000000000000005,1.4499999999999957,2000.0,0.0,2000,2000,0.10083333333333336,0.009424212936563151,0.07916666666666666,0.11666666666666667,0.005291222313371617,0.002086814090293634,0.002461033634126333,0.009844134536505332,240.0,0.0,240,240,1219.0,0.0,1219,1219,0.08736092899441719,0.00501127306026131,0.07470425641536713,0.09520748412609101,274f49f21a03df6f7da7f330fed2fe31ff1b6bdd1be8fc9ce8088bf297fdd4e6
E1,defocus_blur,1,partial_channel,0.1,1.0,,10,20,2.132499999999994,0.17188965248547997,1.749999999999996,2.399999999999991,2000.0,0.0,2000,2000,0.18624999999999997,0.013858885721813728,0.15416666666666667,0.21666666666666667,0.006193601312551272,0.0019823628357290074,0.004101722723543888,0.01066447908121411,240.0,0.0,240,240,1219.0,0.0,1219,1219,0.17309134590029718,0.007388226947383336,0.15187363600730897,0.1834427248239517,274f49f21a03df6f7da7f330fed2fe31ff1b6bdd1be8fc9ce8088bf297fdd4e6
E1,defocus_blur,1,partial_channel,0.2,1.0,,10,20,3.684999999999995,0.2705258038086499,3.1999999999999917,4.249999999999998,2000.0,0.0,2000,2000,0.3270833333333333,0.017755033879724796,0.29583333333333334,0.35,0.010336341263330601,0.0024595940121054376,0.004101722723543888,0.014766201804757998,240.0,0.0,240,240,1219.0,0.0,1219,1219,0.3339257261276245,0.014392785695684064,0.3051459871530533,0.3654839233160019,274f49f21a03df6f7da7f330fed2fe31ff1b6bdd1be8fc9ce8088bf297fdd4e6
E1,defocus_blur,1,partial_channel,0.01,1.0,,11,20,0.05499999999999727,0.15968719422671407,-0.2500000000000058,0.30000000000000027,2000.0,0.0,2000,2000,0.017708333333333333,0.008536450054452596,0.004166666666666667,0.0375,0.00332239540607055,0.0014692860284655782,0.0008203445447087777,0.005742411812961444,240.0,0.0,240,240,1219.0,0.0,1219,1219,0.01422743435502052,0.0016736674438521787,0.010353729367256164,0.017968005776405335,274f49f21a03df6f7da7f330fed2fe31ff1b6bdd1be8fc9ce8088bf297fdd4e6
E1,defocus_blur,1,partial_channel,0.05,1.0,,11,20,0.982499999999999,0.1608161748869279,0.6000000000000005,1.2499999999999956,2000.0,0.0,2000,2000,0.09604166666666666,0.010248644896874038,0.075,0.1125,0.0053322395406070556,0.0016937995117596847,0.002461033634126333,0.008203445447087777,240.0,0.0,240,240,1219.0,0.0,1219,1219,0.08289215003848077,0.014515737499280045,0.04008194637298584,0.09500270235538483,274f49f21a03df6f7da7f330fed2fe31ff1b6bdd1be8fc9ce8088bf297fdd4e6
E1,defocus_blur,1,partial_channel,0.1,1.0,,11,20,2.014999999999994,0.2450026852699247,1.5499999999999958,2.5499999999999967,2000.0,0.0,2000,2000,0.17812499999999998,0.0156414387210115,0.15416666666666667,0.2125,0.006521739130434782,0.0017549077304925634,0.004101722723543888,0.009844134536505332,240.0,0.0,240,240,1219.0,0.0,1219,1219,0.1643398081362247,0.01847067323341528,0.1158243032693863,0.17918950498104094,274f49f21a03df6f7da7f330fed2fe31ff1b6bdd1be8fc9ce8088bf297fdd4e6
E1,defocus_blur,1,partial_channel,0.2,1.0,,11,20,3.4549999999999947,0.1898059951357536,3.1499999999999972,3.7999999999999923,2000.0,0.0,2000,2000,0.3112499999999999,0.013990128098431635,0.2833333333333333,0.3333333333333333,0.010377358490566039,0.0018492500237981223,0.006562756357670222,0.01394585726004922,240.0,0.0,240,240,1219.0,0.0,1219,1219,0.3161401612222195,0.02324276079051853,0.2673736978769302,0.3398175938129425,274f49f21a03df6f7da7f330fed2fe31ff1b6bdd1be8fc9ce8088bf297fdd4e6
E1,defocus_blur,1,none,0.01,1.0,,0,1,0.0,,0.0,0.0,2000.0,,2000,2000,0.0,,0.0,0.0,0.0,,0.0,0.0,240.0,,240,240,1219.0,,1219,1219,0.0,,0.0,0.0,274f49f21a03df6f7da7f330fed2fe31ff1b6bdd1be8fc9ce8088bf297fdd4e6
E1,defocus_blur,1,none,0.01,1.0,,1,1,0.0,,0.0,0.0,2000.0,,2000,2000,0.0,,0.0,0.0,0.0,,0.0,0.0,240.0,,240,240,1219.0,,1219,1219,0.0,,0.0,0.0,274f49f21a03df6f7da7f330fed2fe31ff1b6bdd1be8fc9ce8088bf297fdd4e6
E1,defocus_blur,1,none,0.01,1.0,,2,1,0.0,,0.0,0.0,2000.0,,2000,2000,0.0,,0.0,0.0,0.0,,0.0,0.0,240.0,,240,240,1219.0,,1219,1219,0.0,,0.0,0.0,274f49f21a03df6f7da7f330fed2fe31ff1b6bdd1be8fc9ce8088bf297fdd4e6
E1,defocus_blur,1,none,0.01,1.0,,3,1,0.0,,0.0,0.0,2000.0,,2000,2000,0.0,,0.0,0.0,0.0,,0.0,0.0,240.0,,240,240,1219.0,,1219,1219,0.0,,0.0,0.0,274f49f21a03df6f7da7f330fed2fe31ff1b6bdd1be8fc9ce8088bf297fdd4e6
E1,defocus_blur,1,none,0.01,1.0,,4,1,0.0,,0.0,0.0,2000.0,,2000,2000,0.0,,0.0,0.0,0.0,,0.0,0.0,240.0,,240,240,1219.0,,1219,1219,0.0,,0.0,0.0,274f49f21a03df6f7da7f330fed2fe31ff1b6bdd1be8fc9ce8088bf297fdd4e6
E1,defocus_blur,1,none,0.01,1.0,,5,1,0.0,,0.0,0.0,2000.0,,2000,2000,0.0,,0.0,0.0,0.0,,0.0,0.0,240.0,,240,240,1219.0,,1219,1219,0.0,,0.0,0.0,274f49f21a03df6f7da7f330fed2fe31ff1b6bdd1be8fc9ce8088bf297fdd4e6
E1,defocus_blur,1,none,0.01,1.0,,6,1,0.0,,0.0,0.0,2000.0,,2000,2000,0.0,,0.0,0.0,0.0,,0.0,0.0,240.0,,240,240,1219.0,,1219,1219,0.0,,0.0,0.0,274f49f21a03df6f7da7f330fed2fe31ff1b6bdd1be8fc9ce8088bf297fdd4e6
E1,defocus_blur,1,none,0.01,1.0,,7,1,0.0,,0.0,0.0,2000.0,,2000,2000,0.0,,0.0,0.0,0.0,,0.0,0.0,240.0,,240,240,1219.0,,1219,1219,0.0,,0.0,0.0,274f49f21a03df6f7da7f330fed2fe31ff1b6bdd1be8fc9ce8088bf297fdd4e6
E1,defocus_blur,1,none,0.01,1.0,,8,1,0.0,,0.0,0.0,2000.0,,2000,2000,0.0,,0.0,0.0,0.0,,0.0,0.0,240.0,,240,240,1219.0,,1219,1219,0.0,,0.0,0.0,274f49f21a03df6f7da7f330fed2fe31ff1b6bdd1be8fc9ce8088bf297fdd4e6
E1,defocus_blur,1,none,0.01,1.0,,9,1,0.0,,0.0,0.0,2000.0,,2000,2000,0.0,,0.0,0.0,0.0,,0.0,0.0,240.0,,240,240,1219.0,,1219,1219,0.0,,0.0,0.0,274f49f21a03df6f7da7f330fed2fe31ff1b6bdd1be8fc9ce8088bf297fdd4e6
E1,defocus_blur,1,none,0.01,1.0,,10,1,0.0,,0.0,0.0,2000.0,,2000,2000,0.0,,0.0,0.0,0.0,,0.0,0.0,240.0,,240,240,1219.0,,1219,1219,0.0,,0.0,0.0,274f49f21a03df6f7da7f330fed2fe31ff1b6bdd1be8fc9ce8088bf297fdd4e6
E1,defocus_blur,1,none,0.01,1.0,,11,1,0.0,,0.0,0.0,2000.0,,2000,2000,0.0,,0.0,0.0,0.0,,0.0,0.0,240.0,,240,240,1219.0,,1219,1219,0.0,,0.0,0.0,274f49f21a03df6f7da7f330fed2fe31ff1b6bdd1be8fc9ce8088bf297fdd4e6
E1,defocus_blur,1,clean_to_clean,0.01,1.0,,0,1,8.599999999999996,,8.599999999999996,8.599999999999996,2000.0,,2000,2000,1.0,,1.0,1.0,0.05578342904019688,,0.05578342904019688,0.05578342904019688,240.0,,240,240,1219.0,,1219,1219,0.8710417357683182,,0.8710417357683182,0.8710417357683182,274f49f21a03df6f7da7f330fed2fe31ff1b6bdd1be8fc9ce8088bf297fdd4e6
E1,defocus_blur,1,clean_to_clean,0.01,1.0,,1,1,8.599999999999996,,8.599999999999996,8.599999999999996,2000.0,,2000,2000,1.0,,1.0,1.0,0.05578342904019688,,0.05578342904019688,0.05578342904019688,240.0,,240,240,1219.0,,1219,1219,0.8710417357683182,,0.8710417357683182,0.8710417357683182,274f49f21a03df6f7da7f330fed2fe31ff1b6bdd1be8fc9ce8088bf297fdd4e6
E1,defocus_blur,1,clean_to_clean,0.01,1.0,,2,1,8.599999999999996,,8.599999999999996,8.599999999999996,2000.0,,2000,2000,1.0,,1.0,1.0,0.05578342904019688,,0.05578342904019688,0.05578342904019688,240.0,,240,240,1219.0,,1219,1219,0.8710417357683182,,0.8710417357683182,0.8710417357683182,274f49f21a03df6f7da7f330fed2fe31ff1b6bdd1be8fc9ce8088bf297fdd4e6
E1,defocus_blur,1,clean_to_clean,0.01,1.0,,3,1,8.599999999999996,,8.599999999999996,8.599999999999996,2000.0,,2000,2000,1.0,,1.0,1.0,0.05578342904019688,,0.05578342904019688,0.05578342904019688,240.0,,240,240,1219.0,,1219,1219,0.8710417357683182,,0.8710417357683182,0.8710417357683182,274f49f21a03df6f7da7f330fed2fe31ff1b6bdd1be8fc9ce8088bf297fdd4e6
E1,defocus_blur,1,clean_to_clean,0.01,1.0,,4,1,8.599999999999996,,8.599999999999996,8.599999999999996,2000.0,,2000,2000,1.0,,1.0,1.0,0.05578342904019688,,0.05578342904019688,0.05578342904019688,240.0,,240,240,1219.0,,1219,1219,0.8710417357683182,,0.8710417357683182,0.8710417357683182,274f49f21a03df6f7da7f330fed2fe31ff1b6bdd1be8fc9ce8088bf297fdd4e6
E1,defocus_blur,1,clean_to_clean,0.01,1.0,,5,1,8.599999999999996,,8.599999999999996,8.599999999999996,2000.0,,2000,2000,1.0,,1.0,1.0,0.05578342904019688,,0.05578342904019688,0.05578342904019688,240.0,,240,240,1219.0,,1219,1219,0.8710417357683182,,0.8710417357683182,0.8710417357683182,274f49f21a03df6f7da7f330fed2fe31ff1b6bdd1be8fc9ce8088bf297fdd4e6
E1,defocus_blur,1,clean_to_clean,0.01,1.0,,6,1,8.599999999999996,,8.599999999999996,8.599999999999996,2000.0,,2000,2000,1.0,,1.0,1.0,0.05578342904019688,,0.05578342904019688,0.05578342904019688,240.0,,240,240,1219.0,,1219,1219,0.8710417357683182,,0.8710417357683182,0.8710417357683182,274f49f21a03df6f7da7f330fed2fe31ff1b6bdd1be8fc9ce8088bf297fdd4e6
E1,defocus_blur,1,clean_to_clean,0.01,1.0,,7,1,8.599999999999996,,8.599999999999996,8.599999999999996,2000.0,,2000,2000,1.0,,1.0,1.0,0.05578342904019688,,0.05578342904019688,0.05578342904019688,240.0,,240,240,1219.0,,1219,1219,0.8710417357683182,,0.8710417357683182,0.8710417357683182,274f49f21a03df6f7da7f330fed2fe31ff1b6bdd1be8fc9ce8088bf297fdd4e6
E1,defocus_blur,1,clean_to_clean,0.01,1.0,,8,1,8.599999999999996,,8.599999999999996,8.599999999999996,2000.0,,2000,2000,1.0,,1.0,1.0,0.05578342904019688,,0.05578342904019688,0.05578342904019688,240.0,,240,240,1219.0,,1219,1219,0.8710417357683182,,0.8710417357683182,0.8710417357683182,274f49f21a03df6f7da7f330fed2fe31ff1b6bdd1be8fc9ce8088bf297fdd4e6
E1,defocus_blur,1,clean_to_clean,0.01,1.0,,9,1,8.599999999999996,,8.599999999999996,8.599999999999996,2000.0,,2000,2000,1.0,,1.0,1.0,0.05578342904019688,,0.05578342904019688,0.05578342904019688,240.0,,240,240,1219.0,,1219,1219,0.8710417357683182,,0.8710417357683182,0.8710417357683182,274f49f21a03df6f7da7f330fed2fe31ff1b6bdd1be8fc9ce8088bf297fdd4e6
E1,defocus_blur,1,clean_to_clean,0.01,1.0,,10,1,8.599999999999996,,8.599999999999996,8.599999999999996,2000.0,,2000,2000,1.0,,1.0,1.0,0.05578342904019688,,0.05578342904019688,0.05578342904019688,240.0,,240,240,1219.0,,1219,1219,0.8710417357683182,,0.8710417357683182,0.8710417357683182,274f49f21a03df6f7da7f330fed2fe31ff1b6bdd1be8fc9ce8088bf297fdd4e6
E1,defocus_blur,1,clean_to_clean,0.01,1.0,,11,1,8.599999999999996,,8.599999999999996,8.599999999999996,2000.0,,2000,2000,1.0,,1.0,1.0,0.05578342904019688,,0.05578342904019688,0.05578342904019688,240.0,,240,240,1219.0,,1219,1219,0.8710417357683182,,0.8710417357683182,0.8710417357683182,274f49f21a03df6f7da7f330fed2fe31ff1b6bdd1be8fc9ce8088bf297fdd4e6
E1,defocus_blur,1,full_state,0.01,1.0,,0,1,8.599999999999996,,8.599999999999996,8.599999999999996,2000.0,,2000,2000,1.0,,1.0,1.0,0.05578342904019688,,0.05578342904019688,0.05578342904019688,240.0,,240,240,1219.0,,1219,1219,0.8710417357683182,,0.8710417357683182,0.8710417357683182,274f49f21a03df6f7da7f330fed2fe31ff1b6bdd1be8fc9ce8088bf297fdd4e6
E1,defocus_blur,1,full_state,0.01,1.0,,1,1,8.599999999999996,,8.599999999999996,8.599999999999996,2000.0,,2000,2000,1.0,,1.0,1.0,0.05578342904019688,,0.05578342904019688,0.05578342904019688,240.0,,240,240,1219.0,,1219,1219,0.8710417357683182,,0.8710417357683182,0.8710417357683182,274f49f21a03df6f7da7f330fed2fe31ff1b6bdd1be8fc9ce8088bf297fdd4e6
E1,defocus_blur,1,full_state,0.01,1.0,,2,1,8.599999999999996,,8.599999999999996,8.599999999999996,2000.0,,2000,2000,1.0,,1.0,1.0,0.05578342904019688,,0.05578342904019688,0.05578342904019688,240.0,,240,240,1219.0,,1219,1219,0.8710417357683182,,0.8710417357683182,0.8710417357683182,274f49f21a03df6f7da7f330fed2fe31ff1b6bdd1be8fc9ce8088bf297fdd4e6
E1,defocus_blur,1,full_state,0.01,1.0,,3,1,8.599999999999996,,8.599999999999996,8.599999999999996,2000.0,,2000,2000,1.0,,1.0,1.0,0.05578342904019688,,0.05578342904019688,0.05578342904019688,240.0,,240,240,1219.0,,1219,1219,0.8710417357683182,,0.8710417357683182,0.8710417357683182,274f49f21a03df6f7da7f330fed2fe31ff1b6bdd1be8fc9ce8088bf297fdd4e6
E1,defocus_blur,1,full_state,0.01,1.0,,4,1,8.599999999999996,,8.599999999999996,8.599999999999996,2000.0,,2000,2000,1.0,,1.0,1.0,0.05578342904019688,,0.05578342904019688,0.05578342904019688,240.0,,240,240,1219.0,,1219,1219,0.8710417357683182,,0.8710417357683182,0.8710417357683182,274f49f21a03df6f7da7f330fed2fe31ff1b6bdd1be8fc9ce8088bf297fdd4e6
E1,defocus_blur,1,full_state,0.01,1.0,,5,1,8.599999999999996,,8.599999999999996,8.599999999999996,2000.0,,2000,2000,1.0,,1.0,1.0,0.05578342904019688,,0.05578342904019688,0.05578342904019688,240.0,,240,240,1219.0,,1219,1219,0.8710417357683182,,0.8710417357683182,0.8710417357683182,274f49f21a03df6f7da7f330fed2fe31ff1b6bdd1be8fc9ce8088bf297fdd4e6
E1,defocus_blur,1,full_state,0.01,1.0,,6,1,8.599999999999996,,8.599999999999996,8.599999999999996,2000.0,,2000,2000,1.0,,1.0,1.0,0.05578342904019688,,0.05578342904019688,0.05578342904019688,240.0,,240,240,1219.0,,1219,1219,0.8710417357683182,,0.8710417357683182,0.8710417357683182,274f49f21a03df6f7da7f330fed2fe31ff1b6bdd1be8fc9ce8088bf297fdd4e6
E1,defocus_blur,1,full_state,0.01,1.0,,7,1,8.599999999999996,,8.599999999999996,8.599999999999996,2000.0,,2000,2000,1.0,,1.0,1.0,0.05578342904019688,,0.05578342904019688,0.05578342904019688,240.0,,240,240,1219.0,,1219,1219,0.8710417357683182,,0.8710417357683182,0.8710417357683182,274f49f21a03df6f7da7f330fed2fe31ff1b6bdd1be8fc9ce8088bf297fdd4e6
E1,defocus_blur,1,full_state,0.01,1.0,,8,1,8.599999999999996,,8.599999999999996,8.599999999999996,2000.0,,2000,2000,1.0,,1.0,1.0,0.05578342904019688,,0.05578342904019688,0.05578342904019688,240.0,,240,240,1219.0,,1219,1219,0.8710417357683182,,0.8710417357683182,0.8710417357683182,274f49f21a03df6f7da7f330fed2fe31ff1b6bdd1be8fc9ce8088bf297fdd4e6
E1,defocus_blur,1,full_state,0.01,1.0,,9,1,8.599999999999996,,8.599999999999996,8.599999999999996,2000.0,,2000,2000,1.0,,1.0,1.0,0.05578342904019688,,0.05578342904019688,0.05578342904019688,240.0,,240,240,1219.0,,1219,1219,0.8710417357683182,,0.8710417357683182,0.8710417357683182,274f49f21a03df6f7da7f330fed2fe31ff1b6bdd1be8fc9ce8088bf297fdd4e6
E1,defocus_blur,1,full_state,0.01,1.0,,10,1,8.599999999999996,,8.599999999999996,8.599999999999996,2000.0,,2000,2000,1.0,,1.0,1.0,0.05578342904019688,,0.05578342904019688,0.05578342904019688,240.0,,240,240,1219.0,,1219,1219,0.8710417357683182,,0.8710417357683182,0.8710417357683182,274f49f21a03df6f7da7f330fed2fe31ff1b6bdd1be8fc9ce8088bf297fdd4e6
E1,defocus_blur,1,full_state,0.01,1.0,,11,1,8.599999999999996,,8.599999999999996,8.599999999999996,2000.0,,2000,2000,1.0,,1.0,1.0,0.05578342904019688,,0.05578342904019688,0.05578342904019688,240.0,,240,240,1219.0,,1219,1219,0.8710417357683182,,0.8710417357683182,0.8710417357683182,274f49f21a03df6f7da7f330fed2fe31ff1b6bdd1be8fc9ce8088bf297fdd4e6
E1,defocus_blur,1,random_direction,0.01,1.0,,0,1,0.04999999999999449,,0.04999999999999449,0.04999999999999449,2000.0,,2000,2000,0.025,,0.025,0.025,0.004922067268252666,,0.004922067268252666,0.004922067268252666,240.0,,240,240,1219.0,,1219,1219,-0.0054954754114151004,,-0.0054954754114151004,-0.0054954754114151004,274f49f21a03df6f7da7f330fed2fe31ff1b6bdd1be8fc9ce8088bf297fdd4e6
E1,defocus_blur,1,random_direction,0.01,1.0,,1,1,0.24999999999999467,,0.24999999999999467,0.24999999999999467,2000.0,,2000,2000,0.025,,0.025,0.025,0.002461033634126333,,0.002461033634126333,0.002461033634126333,240.0,,240,240,1219.0,,1219,1219,-0.0018130388259887695,,-0.0018130388259887695,-0.0018130388259887695,274f49f21a03df6f7da7f330fed2fe31ff1b6bdd1be8fc9ce8088bf297fdd4e6
E1,defocus_blur,1,random_direction,0.01,1.0,,2,1,0.04999999999999449,,0.04999999999999449,0.04999999999999449,2000.0,,2000,2000,0.020833333333333332,,0.020833333333333332,0.020833333333333332,0.004101722723543888,,0.004101722723543888,0.004101722723543888,240.0,,240,240,1219.0,,1219,1219,-0.0022352842092514037,,-0.0022352842092514037,-0.0022352842092514037,274f49f21a03df6f7da7f330fed2fe31ff1b6bdd1be8fc9ce8088bf297fdd4e6
E1,defocus_blur,1,random_direction,0.01,1.0,,3,1,-0.15000000000000568,,-0.15000000000000568,-0.15000000000000568,2000.0,,2000,2000,0.0125,,0.0125,0.0125,0.005742411812961444,,0.005742411812961444,0.005742411812961444,240.0,,240,240,1219.0,,1219,1219,-0.001068112850189209,,-0.001068112850189209,-0.001068112850189209,274f49f21a03df6f7da7f330fed2fe31ff1b6bdd1be8fc9ce8088bf297fdd4e6
E1,defocus_blur,1,random_direction,0.01,1.0,,4,1,-0.35000000000000586,,-0.35000000000000586,-0.35000000000000586,2000.0,,2000,2000,0.008333333333333333,,0.008333333333333333,0.008333333333333333,0.008203445447087777,,0.008203445447087777,0.008203445447087777,240.0,,240,240,1219.0,,1219,1219,-0.004131245493888855,,-0.004131245493888855,-0.004131245493888855,274f49f21a03df6f7da7f330fed2fe31ff1b6bdd1be8fc9ce8088bf297fdd4e6
E1,defocus_blur,1,random_direction,0.01,1.0,,5,1,-0.20000000000000018,,-0.20000000000000018,-0.20000000000000018,2000.0,,2000,2000,0.020833333333333332,,0.020833333333333332,0.020833333333333332,0.008203445447087777,,0.008203445447087777,0.008203445447087777,240.0,,240,240,1219.0,,1219,1219,-0.005611002087593079,,-0.005611002087593079,-0.005611002087593079,274f49f21a03df6f7da7f330fed2fe31ff1b6bdd1be8fc9ce8088bf297fdd4e6
E1,defocus_blur,1,random_direction,0.01,1.0,,6,1,-0.20000000000000018,,-0.20000000000000018,-0.20000000000000018,2000.0,,2000,2000,0.03333333333333333,,0.03333333333333333,0.03333333333333333,0.01066447908121411,,0.01066447908121411,0.01066447908121411,240.0,,240,240,1219.0,,1219,1219,-0.006668720126152039,,-0.006668720126152039,-0.006668720126152039,274f49f21a03df6f7da7f330fed2fe31ff1b6bdd1be8fc9ce8088bf297fdd4e6
E1,defocus_blur,1,random_direction,0.01,1.0,,7,1,-0.30000000000000027,,-0.30000000000000027,-0.30000000000000027,2000.0,,2000,2000,0.029166666666666667,,0.029166666666666667,0.029166666666666667,0.011484823625922888,,0.011484823625922888,0.011484823625922888,240.0,,240,240,1219.0,,1219,1219,-0.008649223208427429,,-0.008649223208427429,-0.008649223208427429,274f49f21a03df6f7da7f330fed2fe31ff1b6bdd1be8fc9ce8088bf297fdd4e6
E1,defocus_blur,1,random_direction,0.01,1.0,,8,1,-0.30000000000000027,,-0.30000000000000027,-0.30000000000000027,2000.0,,2000,2000,0.029166666666666667,,0.029166666666666667,0.029166666666666667,0.011484823625922888,,0.011484823625922888,0.011484823625922888,240.0,,240,240,1219.0,,1219,1219,-0.010509550213813782,,-0.010509550213813782,-0.010509550213813782,274f49f21a03df6f7da7f330fed2fe31ff1b6bdd1be8fc9ce8088bf297fdd4e6
E1,defocus_blur,1,random_direction,0.01,1.0,,9,1,-0.10000000000000009,,-0.10000000000000009,-0.10000000000000009,2000.0,,2000,2000,0.020833333333333332,,0.020833333333333332,0.020833333333333332,0.007383100902378999,,0.007383100902378999,0.007383100902378999,240.0,,240,240,1219.0,,1219,1219,-0.007924648642539977,,-0.007924648642539977,-0.007924648642539977,274f49f21a03df6f7da7f330fed2fe31ff1b6bdd1be8fc9ce8088bf297fdd4e6
E1,defocus_blur,1,random_direction,0.01,1.0,,10,1,-0.10000000000000009,,-0.10000000000000009,-0.10000000000000009,2000.0,,2000,2000,0.0125,,0.0125,0.0125,0.006562756357670222,,0.006562756357670222,0.006562756357670222,240.0,,240,240,1219.0,,1219,1219,-0.003704476356506348,,-0.003704476356506348,-0.003704476356506348,274f49f21a03df6f7da7f330fed2fe31ff1b6bdd1be8fc9ce8088bf297fdd4e6
E1,defocus_blur,1,random_direction,0.01,1.0,,11,1,0.04999999999999449,,0.04999999999999449,0.04999999999999449,2000.0,,2000,2000,0.0125,,0.0125,0.0125,0.003281378178835111,,0.003281378178835111,0.003281378178835111,240.0,,240,240,1219.0,,1219,1219,-0.006367873430252075,,-0.006367873430252075,-0.006367873430252075,274f49f21a03df6f7da7f330fed2fe31ff1b6bdd1be8fc9ce8088bf297fdd4e6
E1,defocus_blur,1,shuffled_donor,0.01,1.0,,0,1,0.04999999999999449,,0.04999999999999449,0.04999999999999449,2000.0,,2000,2000,0.08333333333333333,,0.08333333333333333,0.08333333333333333,0.022969647251845776,,0.022969647251845776,0.022969647251845776,240.0,,240,240,1219.0,,1219,1219,-0.02495244324207306,,-0.02495244324207306,-0.02495244324207306,274f49f21a03df6f7da7f330fed2fe31ff1b6bdd1be8fc9ce8088bf297fdd4e6
E1,defocus_blur,1,shuffled_donor,0.01,1.0,,1,1,-0.050000000000005596,,-0.050000000000005596,-0.050000000000005596,2000.0,,2000,2000,0.07083333333333333,,0.07083333333333333,0.07083333333333333,0.016406890894175553,,0.016406890894175553,0.016406890894175553,240.0,,240,240,1219.0,,1219,1219,-0.014692566633224487,,-0.014692566633224487,-0.014692566633224487,274f49f21a03df6f7da7f330fed2fe31ff1b6bdd1be8fc9ce8088bf297fdd4e6
E1,defocus_blur,1,shuffled_donor,0.01,1.0,,2,1,0.40000000000000036,,0.40000000000000036,0.40000000000000036,2000.0,,2000,2000,0.06666666666666667,,0.06666666666666667,0.06666666666666667,0.011484823625922888,,0.011484823625922888,0.011484823625922888,240.0,,240,240,1219.0,,1219,1219,-0.002295331835746765,,-0.002295331835746765,-0.002295331835746765,274f49f21a03df6f7da7f330fed2fe31ff1b6bdd1be8fc9ce8088bf297fdd4e6
E1,defocus_blur,1,shuffled_donor,0.01,1.0,,3,1,0.44999999999999485,,0.44999999999999485,0.44999999999999485,2000.0,,2000,2000,0.05416666666666667,,0.05416666666666667,0.05416666666666667,0.008203445447087777,,0.008203445447087777,0.008203445447087777,240.0,,240,240,1219.0,,1219,1219,0.0008066202402114868,,0.0008066202402114868,0.0008066202402114868,274f49f21a03df6f7da7f330fed2fe31ff1b6bdd1be8fc9ce8088bf297fdd4e6
E1,defocus_blur,1,shuffled_donor,0.01,1.0,,4,1,0.0,,0.0,0.0,2000.0,,2000,2000,0.04583333333333333,,0.04583333333333333,0.04583333333333333,0.012305168170631665,,0.012305168170631665,0.012305168170631665,240.0,,240,240,1219.0,,1219,1219,-0.01019243848323822,,-0.01019243848323822,-0.01019243848323822,274f49f21a03df6f7da7f330fed2fe31ff1b6bdd1be8fc9ce8088bf297fdd4e6
E1,defocus_blur,1,shuffled_donor,0.01,1.0,,5,1,0.10000000000000009,,0.10000000000000009,0.10000000000000009,2000.0,,2000,2000,0.058333333333333334,,0.058333333333333334,0.058333333333333334,0.011484823625922888,,0.011484823625922888,0.011484823625922888,240.0,,240,240,1219.0,,1219,1219,-0.00936764943599701,,-0.00936764943599701,-0.00936764943599701,274f49f21a03df6f7da7f330fed2fe31ff1b6bdd1be8fc9ce8088bf297fdd4e6
E1,defocus_blur,1,shuffled_donor,0.01,1.0,,6,1,0.30000000000000027,,0.30000000000000027,0.30000000000000027,2000.0,,2000,2000,0.058333333333333334,,0.058333333333333334,0.058333333333333334,0.009023789991796555,,0.009023789991796555,0.009023789991796555,240.0,,240,240,1219.0,,1219,1219,-0.008012230753898621,,-0.008012230753898621,-0.008012230753898621,274f49f21a03df6f7da7f330fed2fe31ff1b6bdd1be8fc9ce8088bf297fdd4e6
E1,defocus_blur,1,shuffled_donor,0.01,1.0,,7,1,0.24999999999999467,,0.24999999999999467,0.24999999999999467,2000.0,,2000,2000,0.058333333333333334,,0.058333333333333334,0.058333333333333334,0.011484823625922888,,0.011484823625922888,0.011484823625922888,240.0,,240,240,1219.0,,1219,1219,-0.014526944875717164,,-0.014526944875717164,-0.014526944875717164,274f49f21a03df6f7da7f330fed2fe31ff1b6bdd1be8fc9ce8088bf297fdd4e6
E1,defocus_blur,1,shuffled_donor,0.01,1.0,,8,1,0.14999999999999458,,0.14999999999999458,0.14999999999999458,2000.0,,2000,2000,0.05416666666666667,,0.05416666666666667,0.05416666666666667,0.01066447908121411,,0.01066447908121411,0.01066447908121411,240.0,,240,240,1219.0,,1219,1219,-0.004071543335914612,,-0.004071543335914612,-0.004071543335914612,274f49f21a03df6f7da7f330fed2fe31ff1b6bdd1be8fc9ce8088bf297fdd4e6
E1,defocus_blur,1,shuffled_donor,0.01,1.0,,9,1,0.20000000000000018,,0.20000000000000018,0.20000000000000018,2000.0,,2000,2000,0.04583333333333333,,0.04583333333333333,0.04583333333333333,0.008203445447087777,,0.008203445447087777,0.008203445447087777,240.0,,240,240,1219.0,,1219,1219,-0.0010474205017089843,,-0.0010474205017089843,-0.0010474205017089843,274f49f21a03df6f7da7f330fed2fe31ff1b6bdd1be8fc9ce8088bf297fdd4e6
E1,defocus_blur,1,shuffled_donor,0.01,1.0,,10,1,0.30000000000000027,,0.30000000000000027,0.30000000000000027,2000.0,,2000,2000,0.025,,0.025,0.025,0.005742411812961444,,0.005742411812961444,0.005742411812961444,240.0,,240,240,1219.0,,1219,1219,0.0027811371088027953,,0.0027811371088027953,0.0027811371088027953,274f49f21a03df6f7da7f330fed2fe31ff1b6bdd1be8fc9ce8088bf297fdd4e6
E1,defocus_blur,1,shuffled_donor,0.01,1.0,,11,1,0.04999999999999449,,0.04999999999999449,0.04999999999999449,2000.0,,2000,2000,0.016666666666666666,,0.016666666666666666,0.016666666666666666,0.004922067268252666,,0.004922067268252666,0.004922067268252666,240.0,,240,240,1219.0,,1219,1219,-0.010278022050857543,,-0.010278022050857543,-0.010278022050857543,274f49f21a03df6f7da7f330fed2fe31ff1b6bdd1be8fc9ce8088bf297fdd4e6
E1,defocus_blur,3,partial_channel,0.01,1.0,,0,20,0.46500000000000064,0.4746466830013777,-0.4999999999999949,1.200000000000001,2000.0,0.0,2000,2000,0.03520900321543409,0.0144261400197549,0.014469453376205787,0.06752411575562701,0.019099756690997567,0.012875307243611597,0.0072992700729927005,0.052311435523114354,622.0,0.0,622,622,822.0,0.0,822,822,0.04248641329109669,0.032003270525324215,-0.024060501575469972,0.09043123316764831,274f49f21a03df6f7da7f330fed2fe31ff1b6bdd1be8fc9ce8088bf297fdd4e6
E1,defocus_blur,3,partial_channel,0.05,1.0,,0,20,3.067500000000003,0.7847686551495697,1.6500000000000015,4.450000000000004,2000.0,0.0,2000,2000,0.1528135048231511,0.0262235357019666,0.11736334405144695,0.19292604501607716,0.05456204379562044,0.018247214726933178,0.021897810218978103,0.10948905109489052,622.0,0.0,622,622,822.0,0.0,822,822,0.24666478135883807,0.0622432104326688,0.149976547062397,0.36076701945066453,274f49f21a03df6f7da7f330fed2fe31ff1b6bdd1be8fc9ce8088bf297fdd4e6
E1,defocus_blur,3,partial_channel,0.1,1.0,,0,20,2.8750000000000036,4.215744299646269,-9.699999999999998,5.650000000000005,2000.0,0.0,2000,2000,0.22403536977491956,0.03812152642792182,0.12218649517684887,0.2652733118971061,0.1225669099756691,0.0757759738040398,0.06082725060827251,0.3467153284671533,622.0,0.0,622,622,822.0,0.0,822,822,0.22150021089315416,0.328603438358079,-0.7606470105648041,0.434253832757473,274f49f21a03df6f7da7f330fed2fe31ff1b6bdd1be8fc9ce8088bf297fdd4e6
E1,defocus_blur,3,partial_channel,0.2,1.0,,0,20,1.2750000000000021,3.1086678480457977,-5.699999999999999,5.550000000000005,2000.0,0.0,2000,2000,0.26157556270096466,0.03953291226872389,0.17845659163987138,0.3360128617363344,0.19428223844282239,0.04380824649745338,0.1435523114355231,0.2944038929440389,622.0,0.0,622,622,822.0,0.0,822,822,0.048738850018382074,0.22354735265889286,-0.43162487363815305,0.3870716980695724,274f49f21a03df6f7da7f330fed2fe31ff1b6bdd1be8fc9ce8088bf297fdd4e6
E1,defocus_blur,3,partial_channel,0.01,1.0,,1,20,0.20250000000000018,0.24466679812607034,-0.2500000000000002,0.7500000000000007,2000.0,0.0,2000,2000,0.020900321543408363,0.008728242990846253,0.006430868167202572,0.03858520900321544,0.013564476885644768,0.006041285401529662,0.006082725060827251,0.030413625304136254,622.0,0.0,622,622,822.0,0.0,822,822,0.015947980308532717,0.016100928413091534,-0.01600861883163452,0.04821236050128937,274f49f21a03df6f7da7f330fed2fe31ff1b6bdd1be8fc9ce8088bf297fdd4e6
E1,defocus_blur,3,partial_channel,0.05,1.0,,1,20,1.9700000000000017,0.6582272843742788,1.050000000000001,3.8000000000000034,2000.0,0.0,2000,2000,0.09646302250803858,0.021588700139237093,0.06591639871382636,0.1414790996784566,0.033576642335766425,0.007828590160028692,0.025547445255474453,0.05596107055961071,622.0,0.0,622,622,822.0,0.0,822,822,0.1564989891111851,0.037962117724805615,0.09060133397579193,0.23508507323265077,274f49f21a03df6f7da7f330fed2fe31ff1b6bdd1be8fc9ce8088bf297fdd4e6
E1,defocus_blur,3,partial_channel,0.1,1.0,,1,20,2.937500000000003,2.7410560296890574,-5.8999999999999995,6.2,2000.0,0.0,2000,2000,0.16752411575562703,0.02498626301932662,0.13665594855305466,0.22990353697749197,0.06818734793187349,0.06535757762245929,0.029197080291970802,0.2688564476885645,622.0,0.0,622,622,822.0,0.0,822,822,0.22699206162691116,0.2187469520445249,-0.46999095237255095,0.4364542350769043,274f49f21a03df6f7da7f330fed2fe31ff1b6bdd1be8fc9ce8088bf297fdd4e6
E1,defocus_blur,3,partial_channel,0.2,1.0,,1,20,5.655,2.3327699821186147,-1.1499999999999955,8.150000000000002,2000.0,0.0,2000,2000,0.2677652733118971,0.024744854760891968,0.21864951768488747,0.30385852090032156,0.08911192214111921,0.04606307650637639,0.049878345498783457,0.21776155717761558,622.0,0.0,622,622,822.0,0.0,822,822,0.45931691096127036,0.204717500437758,-0.11281867372989654,0.6831929316520691,274f49f21a03df6f7da7f330fed2fe31ff1b6bdd1be8fc9ce8088bf297fdd4e6
E1,defocus_blur,3,partial_channel,0.01,1.0,,2,20,0.2050000000000002,0.23164173789894213,-0.050000000000000044,0.7500000000000007,2000.0,0.0,2000,2000,0.020257234726688104,0.008593156757591116,0.011254019292604502,0.04340836012861737,0.013138686131386862,0.004113213877959095,0.006082725060827251,0.02068126520681265,622.0,0.0,622,622,822.0,0.0,822,822,0.018635713660717014,0.018013457370089764,-0.01024659252166748,0.056510420441627504,274f49f21a03df6f7da7f330fed2fe31ff1b6bdd1be8fc9ce8088bf297fdd4e6
E1,defocus_blur,3,partial_channel,0.05,1.0,,2,20,1.8925000000000014,0.7934393818254675,0.4500000000000004,3.300000000000003,2000.0,0.0,2000,2000,0.0947749196141479,0.025598757368019504,0.04983922829581994,0.14308681672025725,0.03534063260340632,0.011817768309380226,0.019464720194647202,0.06204379562043796,622.0,0.0,622,622,822.0,0.0,822,822,0.15162476438879965,0.06060673800207446,0.05899127161502838,0.29015536653995516,274f49f21a03df6f7da7f330fed2fe31ff1b6bdd1be8fc9ce8088bf297fdd4e6
E1,defocus_blur,3,partial_channel,0.1,1.0,,2,20,3.6275000000000026,1.127815191094338,2.150000000000002,7.000000000000001,2000.0,0.0,2000,2000,0.16977491961414792,0.03984926698186883,0.12057877813504823,0.26366559485530544,0.05492700729927007,0.029833825429522044,0.024330900243309004,0.13503649635036497,622.0,0.0,622,622,822.0,0.0,822,822,0.28160642652213574,0.08383328594978694,0.13820537209510803,0.507445810675621,274f49f21a03df6f7da7f330fed2fe31ff1b6bdd1be8fc9ce8088bf297fdd4e6
E1,defocus_blur,3,partial_channel,0.2,1.0,,2,20,6.602500000000001,0.9748785349440894,4.800000000000004,9.149999999999997,2000.0,0.0,2000,2000,0.2750803858520901,0.03784080543515357,0.20739549839228297,0.3327974276527331,0.06934306569343066,0.023819703462838713,0.040145985401459854,0.11435523114355231,622.0,0.0,622,622,822.0,0.0,822,822,0.5433396210759878,0.08279763273060607,0.3762048171758652,0.6831151956319809,274f49f21a03df6f7da7f330fed2fe31ff1b6bdd1be8fc9ce8088bf297fdd4e6
E1,defocus_blur,3,partial_channel,0.01,1.0,,3,20,0.23000000000000048,0.2825634535164758,-0.4999999999999949,0.7000000000000006,2000.0,0.0,2000,2000,0.018890675241157555,0.0055906277369620755,0.00964630225080386,0.03054662379421222,0.011618004866180049,0.005671528479248658,0.0036496350364963502,0.030413625304136254,622.0,0.0,622,622,822.0,0.0,822,822,0.019580147808790208,0.014432007795153795,-0.013957835078239441,0.04235627317428589,274f49f21a03df6f7da7f330fed2fe31ff1b6bdd1be8fc9ce8088bf297fdd4e6
E1,defocus_blur,3,partial_channel,0.05,1.0,,3,20,1.8200000000000014,0.5903611740193238,0.7500000000000007,2.8000000000000025,2000.0,0.0,2000,2000,0.0882636655948553,0.01924247449978875,0.05787781350482315,0.1189710610932476,0.029683698296836987,0.010385918479064752,0.015815085158150853,0.05474452554744526,622.0,0.0,622,622,822.0,0.0,822,822,0.16479871425926684,0.04693614600582821,0.07383939492702483,0.24872755873203278,274f49f21a03df6f7da7f330fed2fe31ff1b6bdd1be8fc9ce8088bf297fdd4e6
E1,defocus_blur,3,partial_channel,0.1,1.0,,3,20,4.082500000000003,0.8643943727136062,2.500000000000002,5.650000000000005,2000.0,0.0,2000,2000,0.1709807073954984,0.03457732792853865,0.1189710610932476,0.2379421221864952,0.043613138686131384,0.01703746035623458,0.023114355231143552,0.08029197080291971,622.0,0.0,622,622,822.0,0.0,822,822,0.32392408894896507,0.07065194705029335,0.19748230195045471,0.4539348837137222,274f49f21a03df6f7da7f330fed2fe31ff1b6bdd1be8fc9ce8088bf297fdd4e6
E1,defocus_blur,3,partial_channel,0.2,1.0,,3,20,7.760000000000001,1.0967175906696363,6.35,9.900000000000004,2000.0,0.0,2000,2000,0.28963022508038583,0.03933688144500919,0.2347266881028939,0.3617363344051447,0.051520681265206814,0.014363340961580444,0.030413625304136254,0.08029197080291971,622.0,0.0,622,622,822.0,0.0,822,822,0.627304089385271,0.09276880101390704,0.48637501364946367,0.7721213769912719,274f49f21a03df6f7da7f330fed2fe31ff1b6bdd1be8fc9ce8088bf297fdd4e6
E1,defocus_blur,3,partial_channel,0.01,1.0,,4,20,0.3000000000000003,0.19466570535691524,0.0,0.6000000000000005,2000.0,0.0,2000,2000,0.019614147909967843,0.0047406493841709845,0.012861736334405145,0.03054662379421222,0.01021897810218978,0.00410942464281303,0.0036496350364963502,0.021897810218978103,622.0,0.0,622,622,822.0,0.0,822,822,0.026278573101758955,0.010917662257562707,0.0023279688358306887,0.06056564927101135,274f49f21a03df6f7da7f330fed2fe31ff1b6bdd1be8fc9ce8088bf297fdd4e6
E1,defocus_blur,3,partial_channel,0.05,1.0,,4,20,2.0775000000000023,0.5019632509090266,1.3500000000000012,3.200000000000003,2000.0,0.0,2000,2000,0.08979099678456592,0.016595757044649922,0.06752411575562701,0.12057877813504823,0.02481751824817518,0.007947092206982158,0.01338199513381995,0.046228710462287104,622.0,0.0,622,622,822.0,0.0,822,822,0.18155931617021565,0.0389499282320882,0.12562691974639892,0.26506690454483034,274f49f21a03df6f7da7f330fed2fe31ff1b6bdd1be8fc9ce8088bf297fdd4e6
E1,defocus_blur,3,partial_channel,0.1,1.0,,4,20,4.547500000000005,0.7142303549976021,3.400000000000003,5.750000000000005,2000.0,0.0,2000,2000,0.17347266881028936,0.025875860181905623,0.13504823151125403,0.2266881028938907,0.03381995133819951,0.010956728042915692,0.01824817518248175,0.05961070559610705,622.0,0.0,622,622,822.0,0.0,822,822,0.3632145307570696,0.05799842478983903,0.2892341033220291,0.4670454933643341,274f49f21a03df6f7da7f330fed2fe31ff1b6bdd1be8fc9ce8088bf297fdd4e6
E1,defocus_blur,3,partial_channel,0.2,1.0,,4,20,8.790000000000001,1.0596176072924655,6.65,10.400000000000004,2000.0,0.0,2000,2000,0.3059485530546624,0.036055824408222636,0.2347266881028939,0.35691318327974275,0.04111922141119222,0.009840606881872967,0.024330900243309004,0.06082725060827251,622.0,0.0,622,622,822.0,0.0,822,822,0.7183851538330316,0.08763262756109215,0.5595412595272065,0.8830316020250321,274f49f21a03df6f7da7f330fed2fe31ff1b6bdd1be8fc9ce8088bf297fdd4e6
E1,defocus_blur,3,partial_channel,0.01,1.0,,5,20,0.3125000000000003,0.16048856329149583,0.0,0.6000000000000005,2000.0,0.0,2000,2000,0.019533762057877817,0.00455553010315916,0.012861736334405145,0.028938906752411574,0.010097323600973238,0.0031353141280380833,0.004866180048661801,0.015815085158150853,622.0,0.0,622,622,822.0,0.0,822,822,0.024222063893079758,0.009476323728212728,0.004772485494613648,0.05252565050125122,274f49f21a03df6f7da7f330fed2fe31ff1b6bdd1be8fc9ce8088bf297fdd4e6
E1,defocus_blur,3,partial_channel,0.05,1.0,,5,20,2.0125000000000015,0.4917409994360001,1.250000000000001,2.7500000000000027,2000.0,0.0,2000,2000,0.08938906752411577,0.015085330336544737,0.05787781350482315,0.11093247588424437,0.025364963503649633,0.007365929031848666,0.014598540145985401,0.04744525547445255,622.0,0.0,622,622,822.0,0.0,822,822,0.18193060685694215,0.03133631880014671,0.14241986536979676,0.2597484850883484,274f49f21a03df6f7da7f330fed2fe31ff1b6bdd1be8fc9ce8088bf297fdd4e6
E1,defocus_blur,3,partial_channel,0.1,1.0,,5,20,4.570000000000003,0.7206356842910877,3.500000000000003,6.2,2000.0,0.0,2000,2000,0.17226688102893892,0.019857437897772043,0.1414790996784566,0.20739549839228297,0.03156934306569342,0.006539096955151631,0.019464720194647202,0.045012165450121655,622.0,0.0,622,622,822.0,0.0,822,822,0.3709195707768202,0.05011653905193069,0.30538785296678544,0.4674788918495178,274f49f21a03df6f7da7f330fed2fe31ff1b6bdd1be8fc9ce8088bf297fdd4e6
E1,defocus_blur,3,partial_channel,0.2,1.0,,5,20,9.057500000000001,0.795757666100613,7.950000000000001,10.500000000000004,2000.0,0.0,2000,2000,0.307395498392283,0.026031536598250374,0.2652733118971061,0.35691318327974275,0.03661800486618005,0.0070373903926023405,0.0267639902676399,0.04866180048661801,622.0,0.0,622,622,822.0,0.0,822,822,0.7415788847386837,0.07572851018704825,0.6401726933717727,0.8972818502187729,274f49f21a03df6f7da7f330fed2fe31ff1b6bdd1be8fc9ce8088bf297fdd4e6
E1,defocus_blur,3,partial_channel,0.01,1.0,,6,20,0.3900000000000003,0.19708400559953607,0.0,0.7500000000000007,2000.0,0.0,2000,2000,0.020578778135048232,0.005257686255058698,0.012861736334405145,0.03054662379421222,0.008515815085158149,0.0030827002477169223,0.0036496350364963502,0.014598540145985401,622.0,0.0,622,622,822.0,0.0,822,822,0.029920610845088957,0.007416735159421114,0.01621929442882538,0.04608779263496399,274f49f21a03df6f7da7f330fed2fe31ff1b6bdd1be8fc9ce8088bf297fdd4e6
E1,defocus_blur,3,partial_channel,0.05,1.0,,6,20,2.097500000000002,0.4265760251856147,1.100000000000001,2.650000000000002,2000.0,0.0,2000,2000,0.08713826366559486,0.010027987731024549,0.06913183279742766,0.10610932475884244,0.02244525547445255,0.006069584987655648,0.010948905109489052,0.032846715328467155,622.0,0.0,622,622,822.0,0.0,822,822,0.18889434844255448,0.026033399242804952,0.14945697033405303,0.2386326174736023,274f49f21a03df6f7da7f330fed2fe31ff1b6bdd1be8fc9ce8088bf297fdd4e6
E1,defocus_blur,3,partial_channel,0.1,1.0,,6,20,4.5400000000000045,0.6416672362722472,3.350000000000003,5.750000000000005,2000.0,0.0,2000,2000,0.16463022508038586,0.01648987962052487,0.13183279742765272,0.19292604501607716,0.026703163017031635,0.004259736540748728,0.0170316301703163,0.032846715328467155,622.0,0.0,622,622,822.0,0.0,822,822,0.3846877904504538,0.036748813419392484,0.3174474912881851,0.45041059619188306,274f49f21a03df6f7da7f330fed2fe31ff1b6bdd1be8fc9ce8088bf297fdd4e6
E1,defocus_blur,3,partial_channel,0.2,1.0,,6,20,9.210000000000004,0.898917477624585,7.800000000000002,10.849999999999998,2000.0,0.0,2000,2000,0.3061093247588425,0.026254254798492343,0.25884244372990356,0.3536977491961415,0.0305352798053528,0.005839682838486969,0.01824817518248175,0.040145985401459854,622.0,0.0,622,622,822.0,0.0,822,822,0.7702800385415554,0.061893859551044234,0.6738674434423446,0.8990803240537644,274f49f21a03df6f7da7f330fed2fe31ff1b6bdd1be8fc9ce8088bf297fdd4e6
E1,defocus_blur,3,partial_channel,0.01,1.0,,7,20,0.4100000000000004,0.2062190965683677,-0.050000000000000044,0.8500000000000008,2000.0,0.0,2000,2000,0.02009646302250804,0.005150508645636555,0.00964630225080386,0.03054662379421222,0.007907542579075425,0.002940443719606873,0.0036496350364963502,0.015815085158150853,622.0,0.0,622,622,822.0,0.0,822,822,0.03168263959288597,0.006487463019837035,0.023798105359077455,0.04866591167449951,274f49f21a03df6f7da7f330fed2fe31ff1b6bdd1be8fc9ce8088bf297fdd4e6
E1,defocus_blur,3,partial_channel,0.05,1.0,,7,20,2.142500000000002,0.3558810416269373,1.4000000000000012,2.8000000000000025,2000.0,0.0,2000,2000,0.08561093247588425,0.009784576177174566,0.06591639871382636,0.10128617363344052,0.019525547445255476,0.005046520628365879,0.012165450121654502,0.030413625304136254,622.0,0.0,622,622,822.0,0.0,822,822,0.1977322492212057,0.020187824149391388,0.15922970473766326,0.23226239275932312,274f49f21a03df6f7da7f330fed2fe31ff1b6bdd1be8fc9ce8088bf297fdd4e6
E1,defocus_blur,3,partial_channel,0.1,1.0,,7,20,4.495000000000003,0.5588757511855014,3.450000000000003,5.750000000000005,2000.0,0.0,2000,2000,0.15972668810289387,0.015011880176056527,0.13183279742765272,0.1832797427652733,0.023053527980535286,0.004148569641490991,0.015815085158150853,0.029197080291970802,622.0,0.0,622,622,822.0,0.0,822,822,0.397433724334836,0.032803011354347406,0.3468638699054718,0.45757559180259705,274f49f21a03df6f7da7f330fed2fe31ff1b6bdd1be8fc9ce8088bf297fdd4e6
E1,defocus_blur,3,partial_channel,0.2,1.0,,7,20,9.360000000000003,0.802889518518811,8.05,10.649999999999999,2000.0,0.0,2000,2000,0.307395498392283,0.02595827009607315,0.2717041800643087,0.3617363344051447,0.026824817518248174,0.005504251505731738,0.015815085158150853,0.038929440389294405,622.0,0.0,622,622,822.0,0.0,822,822,0.7952425678730011,0.06863585277853196,0.7079195162057876,0.9455342520475387,274f49f21a03df6f7da7f330fed2fe31ff1b6bdd1be8fc9ce8088bf297fdd4e6
E1,defocus_blur,3,partial_channel,0.01,1.0,,8,20,0.40000000000000036,0.15043795713638383,0.10000000000000009,0.6500000000000006,2000.0,0.0,2000,2000,0.018167202572347267,0.004580100436371259,0.00964630225080386,0.027331189710610933,0.006447688564476886,0.0022362424948219393,0.0012165450121654502,0.010948905109489052,622.0,0.0,622,622,822.0,0.0,822,822,0.033322357535362244,0.004677453706903384,0.026486534714698792,0.044553647994995116,274f49f21a03df6f7da7f330fed2fe31ff1b6bdd1be8fc9ce8088bf297fdd4e6
E1,defocus_blur,3,partial_channel,0.05,1.0,,8,20,2.275000000000002,0.3585423706885249,1.5000000000000013,2.7000000000000024,2000.0,0.0,2000,2000,0.08368167202572346,0.009146453225419201,0.06270096463022508,0.10128617363344052,0.014720194647201945,0.004685132486105282,0.0072992700729927005,0.023114355231143552,622.0,0.0,622,622,822.0,0.0,822,822,0.20070775740742683,0.019096217646340747,0.15251321041584015,0.23044199442863464,274f49f21a03df6f7da7f330fed2fe31ff1b6bdd1be8fc9ce8088bf297fdd4e6
E1,defocus_blur,3,partial_channel,0.1,1.0,,8,20,4.605000000000006,0.4016086075823211,3.500000000000003,5.100000000000005,2000.0,0.0,2000,2000,0.15594855305466238,0.011963016031863883,0.12379421221864952,0.1720257234726688,0.016484184914841847,0.0035186951963011707,0.00851581508515815,0.023114355231143552,622.0,0.0,622,622,822.0,0.0,822,822,0.4050676026165486,0.027740716400630906,0.3456440216302872,0.4499157942533493,274f49f21a03df6f7da7f330fed2fe31ff1b6bdd1be8fc9ce8088bf297fdd4e6
E1,defocus_blur,3,partial_channel,0.2,1.0,,8,20,9.704999999999998,0.7070881728685087,8.350000000000001,11.35,2000.0,0.0,2000,2000,0.31527331189710617,0.024637002320139684,0.2733118971061093,0.3778135048231511,0.021046228710462283,0.0052821918736196925,0.010948905109489052,0.031630170316301706,622.0,0.0,622,622,822.0,0.0,822,822,0.8260499440133572,0.06939206340751798,0.7525145817995071,0.9938536779880524,274f49f21a03df6f7da7f330fed2fe31ff1b6bdd1be8fc9ce8088bf297fdd4e6
E1,defocus_blur,3,partial_channel,0.01,1.0,,9,20,0.43500000000000033,0.1268027892769756,0.2500000000000002,0.6500000000000006,2000.0,0.0,2000,2000,0.015916398713826364,0.004574156111431158,0.008038585209003215,0.022508038585209004,0.0035888077858880776,0.0017418273799606268,0.0,0.00851581508515815,622.0,0.0,622,622,822.0,0.0,822,822,0.03710413293838501,0.0043160357982398,0.031086977005004884,0.04789921009540558,274f49f21a03df6f7da7f330fed2fe31ff1b6bdd1be8fc9ce8088bf297fdd4e6
E1,defocus_blur,3,partial_channel,0.05,1.0,,9,20,2.5275000000000025,0.3172559152946937,2.100000000000002,3.300000000000003,2000.0,0.0,2000,2000,0.08536977491961414,0.007393290670936504,0.0707395498392283,0.09967845659163987,0.009184914841849147,0.00314461683108901,0.0024330900243309003,0.015815085158150853,622.0,0.0,622,622,822.0,0.0,822,822,0.22462251541912556,0.01528647671384359,0.18105116868019103,0.24620095539093018,274f49f21a03df6f7da7f330fed2fe31ff1b6bdd1be8fc9ce8088bf297fdd4e6
E1,defocus_blur,3,partial_channel,0.1,1.0,,9,20,5.492500000000004,0.3245543503263959,4.850000000000004,6.05,2000.0,0.0,2000,2000,0.17741157556270096,0.008978324875860255,0.16237942122186494,0.19614147909967847,0.01119221411192214,0.0031228674170198836,0.006082725060827251,0.0170316301703163,622.0,0.0,622,622,822.0,0.0,822,822,0.4511301863431931,0.021733161637217207,0.4006487057209015,0.4795475903749466,274f49f21a03df6f7da7f330fed2fe31ff1b6bdd1be8fc9ce8088bf297fdd4e6
E1,defocus_blur,3,partial_channel,0.2,1.0,,9,20,10.71,0.577562938014915,9.849999999999998,12.25,2000.0,0.0,2000,2000,0.3418810289389067,0.019713045754926585,0.3102893890675241,0.3842443729903537,0.016119221411192212,0.0033694239901732115,0.012165450121654502,0.024330900243309004,622.0,0.0,622,622,822.0,0.0,822,822,0.8985793354600669,0.0528366555537195,0.8299460198283195,1.0264933549761772,274f49f21a03df6f7da7f330fed2fe31ff1b6bdd1be8fc9ce8088bf297fdd4e6
E1,defocus_blur,3,partial_channel,0.01,1.0,,10,20,0.35750000000000026,0.08925864251240834,0.15000000000000013,0.5000000000000004,2000.0,0.0,2000,2000,0.01229903536977492,0.002569966320682361,0.008038585209003215,0.01607717041800643,0.0024939172749391726,0.001214943240552865,0.0012165450121654502,0.004866180048661801,622.0,0.0,622,622,822.0,0.0,822,822,0.03915329778790473,0.00379026189596806,0.03239398777484894,0.047677485704422,274f49f21a03df6f7da7f330fed2fe31ff1b6bdd1be8fc9ce8088bf297fdd4e6
E1,defocus_blur,3,partial_channel,0.05,1.0,,10,20,2.405000000000002,0.22236764247761567,1.9500000000000017,2.8000000000000025,2000.0,0.0,2000,2000,0.0802250803858521,0.005759034304500128,0.06913183279742766,0.09003215434083602,0.007177615571776155,0.001888791940722238,0.0036496350364963502,0.010948905109489052,622.0,0.0,622,622,822.0,0.0,822,822,0.24035640831589697,0.011853634279890661,0.20485960364341735,0.2535624967813492,274f49f21a03df6f7da7f330fed2fe31ff1b6bdd1be8fc9ce8088bf297fdd4e6
E1,defocus_blur,3,partial_channel,0.1,1.0,,10,20,5.427500000000004,0.31642534664593464,4.800000000000004,5.85,2000.0,0.0,2000,2000,0.1737942122186495,0.009531385217055476,0.15755627009646303,0.1864951768488746,0.009184914841849145,0.0030946792896203645,0.004866180048661801,0.01824817518248175,622.0,0.0,622,622,822.0,0.0,822,822,0.47986832726895806,0.019709651814920848,0.43668077421188356,0.5062575824260712,274f49f21a03df6f7da7f330fed2fe31ff1b6bdd1be8fc9ce8088bf297fdd4e6
E1,defocus_blur,3,partial_channel,0.2,1.0,,10,20,11.025,0.572735816751034,10.049999999999997,12.45,2000.0,0.0,2000,2000,0.3479903536977492,0.01928890216633008,0.31511254019292606,0.39067524115755625,0.013260340632603406,0.0030291726515787663,0.009732360097323601,0.02068126520681265,622.0,0.0,622,622,822.0,0.0,822,822,0.9422203700929881,0.0458645533446702,0.8679648987054824,1.0277915043830872,274f49f21a03df6f7da7f330fed2fe31ff1b6bdd1be8fc9ce8088bf297fdd4e6
E1,defocus_blur,3,partial_channel,0.01,1.0,,11,20,0.31000000000000033,0.10833670709996303,0.15000000000000013,0.5500000000000005,2000.0,0.0,2000,2000,0.011495176848874598,0.0029633362802167704,0.008038585209003215,0.017684887459807074,0.003041362530413625,0.0017429450107332822,0.0,0.006082725060827251,622.0,0.0,622,622,822.0,0.0,822,822,0.03892139608263969,0.0032569080536967725,0.03342160141468048,0.04661108374595642,274f49f21a03df6f7da7f330fed2fe31ff1b6bdd1be8fc9ce8088bf297fdd4e6
E1,defocus_blur,3,partial_channel,0.05,1.0,,11,20,2.012500000000002,0.2923925803652202,1.3000000000000012,2.5500000000000025,2000.0,0.0,2000,2000,0.06816720257234728,0.006848830899173091,0.05466237942122187,0.07717041800643087,0.007420924574209243,0.0020471163163981276,0.004866180048661801,0.010948905109489052,622.0,0.0,622,622,822.0,0.0,822,822,0.2325410475373268,0.022229239977377795,0.16924276530742646,0.25535202896595,274f49f21a03df6f7da7f330fed2fe31ff1b6bdd1be8fc9ce8088bf297fdd4e6
E1,defocus_blur,3,partial_channel,0.1,1.0,,11,20,4.675000000000003,0.34085805040561373,3.9000000000000035,5.300000000000004,2000.0,0.0,2000,2000,0.15112540192926047,0.008602650212989565,0.13504823151125403,0.16881028938906753,0.009732360097323601,0.0035081643057504734,0.004866180048661801,0.02068126520681265,622.0,0.0,622,622,822.0,0.0,822,822,0.4625518765717745,0.03354978664068646,0.3807191082239151,0.4907759244441986,274f49f21a03df6f7da7f330fed2fe31ff1b6bdd1be8fc9ce8088bf297fdd4e6
E1,defocus_blur,3,partial_channel,0.2,1.0,,11,20,9.7725,0.2633163996331983,9.249999999999996,10.300000000000004,2000.0,0.0,2000,2000,0.3069131832797427,0.011367079501220083,0.2845659163987138,0.3247588424437299,0.012043795620437957,0.0024931753688466176,0.0072992700729927005,0.0170316301703163,622.0,0.0,622,622,822.0,0.0,822,822,0.893572618958354,0.045808392428444124,0.8036983416080475,0.9318428093194961,274f49f21a03df6f7da7f330fed2fe31ff1b6bdd1be8fc9ce8088bf297fdd4e6
E1,defocus_blur,3,none,0.01,1.0,,0,1,0.0,,0.0,0.0,2000.0,,2000,2000,0.0,,0.0,0.0,0.0,,0.0,0.0,622.0,,622,622,822.0,,822,822,0.0,,0.0,0.0,274f49f21a03df6f7da7f330fed2fe31ff1b6bdd1be8fc9ce8088bf297fdd4e6
E1,defocus_blur,3,none,0.01,1.0,,1,1,0.0,,0.0,0.0,2000.0,,2000,2000,0.0,,0.0,0.0,0.0,,0.0,0.0,622.0,,622,622,822.0,,822,822,0.0,,0.0,0.0,274f49f21a03df6f7da7f330fed2fe31ff1b6bdd1be8fc9ce8088bf297fdd4e6
E1,defocus_blur,3,none,0.01,1.0,,2,1,0.0,,0.0,0.0,2000.0,,2000,2000,0.0,,0.0,0.0,0.0,,0.0,0.0,622.0,,622,622,822.0,,822,822,0.0,,0.0,0.0,274f49f21a03df6f7da7f330fed2fe31ff1b6bdd1be8fc9ce8088bf297fdd4e6
E1,defocus_blur,3,none,0.01,1.0,,3,1,0.0,,0.0,0.0,2000.0,,2000,2000,0.0,,0.0,0.0,0.0,,0.0,0.0,622.0,,622,622,822.0,,822,822,0.0,,0.0,0.0,274f49f21a03df6f7da7f330fed2fe31ff1b6bdd1be8fc9ce8088bf297fdd4e6
E1,defocus_blur,3,none,0.01,1.0,,4,1,0.0,,0.0,0.0,2000.0,,2000,2000,0.0,,0.0,0.0,0.0,,0.0,0.0,622.0,,622,622,822.0,,822,822,0.0,,0.0,0.0,274f49f21a03df6f7da7f330fed2fe31ff1b6bdd1be8fc9ce8088bf297fdd4e6
E1,defocus_blur,3,none,0.01,1.0,,5,1,0.0,,0.0,0.0,2000.0,,2000,2000,0.0,,0.0,0.0,0.0,,0.0,0.0,622.0,,622,622,822.0,,822,822,0.0,,0.0,0.0,274f49f21a03df6f7da7f330fed2fe31ff1b6bdd1be8fc9ce8088bf297fdd4e6
E1,defocus_blur,3,none,0.01,1.0,,6,1,0.0,,0.0,0.0,2000.0,,2000,2000,0.0,,0.0,0.0,0.0,,0.0,0.0,622.0,,622,622,822.0,,822,822,0.0,,0.0,0.0,274f49f21a03df6f7da7f330fed2fe31ff1b6bdd1be8fc9ce8088bf297fdd4e6
E1,defocus_blur,3,none,0.01,1.0,,7,1,0.0,,0.0,0.0,2000.0,,2000,2000,0.0,,0.0,0.0,0.0,,0.0,0.0,622.0,,622,622,822.0,,822,822,0.0,,0.0,0.0,274f49f21a03df6f7da7f330fed2fe31ff1b6bdd1be8fc9ce8088bf297fdd4e6
E1,defocus_blur,3,none,0.01,1.0,,8,1,0.0,,0.0,0.0,2000.0,,2000,2000,0.0,,0.0,0.0,0.0,,0.0,0.0,622.0,,622,622,822.0,,822,822,0.0,,0.0,0.0,274f49f21a03df6f7da7f330fed2fe31ff1b6bdd1be8fc9ce8088bf297fdd4e6
E1,defocus_blur,3,none,0.01,1.0,,9,1,0.0,,0.0,0.0,2000.0,,2000,2000,0.0,,0.0,0.0,0.0,,0.0,0.0,622.0,,622,622,822.0,,822,822,0.0,,0.0,0.0,274f49f21a03df6f7da7f330fed2fe31ff1b6bdd1be8fc9ce8088bf297fdd4e6
E1,defocus_blur,3,none,0.01,1.0,,10,1,0.0,,0.0,0.0,2000.0,,2000,2000,0.0,,0.0,0.0,0.0,,0.0,0.0,622.0,,622,622,822.0,,822,822,0.0,,0.0,0.0,274f49f21a03df6f7da7f330fed2fe31ff1b6bdd1be8fc9ce8088bf297fdd4e6
E1,defocus_blur,3,none,0.01,1.0,,11,1,0.0,,0.0,0.0,2000.0,,2000,2000,0.0,,0.0,0.0,0.0,,0.0,0.0,622.0,,622,622,822.0,,822,822,0.0,,0.0,0.0,274f49f21a03df6f7da7f330fed2fe31ff1b6bdd1be8fc9ce8088bf297fdd4e6
E1,defocus_blur,3,clean_to_clean,0.01,1.0,,0,1,28.450000000000003,,28.450000000000003,28.450000000000003,2000.0,,2000,2000,1.0,,1.0,1.0,0.06447688564476886,,0.06447688564476886,0.06447688564476886,622.0,,622,622,822.0,,822,822,2.5323297761678694,,2.5323297761678694,2.5323297761678694,274f49f21a03df6f7da7f330fed2fe31ff1b6bdd1be8fc9ce8088bf297fdd4e6
E1,defocus_blur,3,clean_to_clean,0.01,1.0,,1,1,28.450000000000003,,28.450000000000003,28.450000000000003,2000.0,,2000,2000,1.0,,1.0,1.0,0.06447688564476886,,0.06447688564476886,0.06447688564476886,622.0,,622,622,822.0,,822,822,2.5323297761678694,,2.5323297761678694,2.5323297761678694,274f49f21a03df6f7da7f330fed2fe31ff1b6bdd1be8fc9ce8088bf297fdd4e6
E1,defocus_blur,3,clean_to_clean,0.01,1.0,,2,1,28.450000000000003,,28.450000000000003,28.450000000000003,2000.0,,2000,2000,1.0,,1.0,1.0,0.06447688564476886,,0.06447688564476886,0.06447688564476886,622.0,,622,622,822.0,,822,822,2.5323297761678694,,2.5323297761678694,2.5323297761678694,274f49f21a03df6f7da7f330fed2fe31ff1b6bdd1be8fc9ce8088bf297fdd4e6
E1,defocus_blur,3,clean_to_clean,0.01,1.0,,3,1,28.450000000000003,,28.450000000000003,28.450000000000003,2000.0,,2000,2000,1.0,,1.0,1.0,0.06447688564476886,,0.06447688564476886,0.06447688564476886,622.0,,622,622,822.0,,822,822,2.5323297761678694,,2.5323297761678694,2.5323297761678694,274f49f21a03df6f7da7f330fed2fe31ff1b6bdd1be8fc9ce8088bf297fdd4e6
E1,defocus_blur,3,clean_to_clean,0.01,1.0,,4,1,28.450000000000003,,28.450000000000003,28.450000000000003,2000.0,,2000,2000,1.0,,1.0,1.0,0.06447688564476886,,0.06447688564476886,0.06447688564476886,622.0,,622,622,822.0,,822,822,2.5323297761678694,,2.5323297761678694,2.5323297761678694,274f49f21a03df6f7da7f330fed2fe31ff1b6bdd1be8fc9ce8088bf297fdd4e6
E1,defocus_blur,3,clean_to_clean,0.01,1.0,,5,1,28.450000000000003,,28.450000000000003,28.450000000000003,2000.0,,2000,2000,1.0,,1.0,1.0,0.06447688564476886,,0.06447688564476886,0.06447688564476886,622.0,,622,622,822.0,,822,822,2.5323297761678694,,2.5323297761678694,2.5323297761678694,274f49f21a03df6f7da7f330fed2fe31ff1b6bdd1be8fc9ce8088bf297fdd4e6
E1,defocus_blur,3,clean_to_clean,0.01,1.0,,6,1,28.450000000000003,,28.450000000000003,28.450000000000003,2000.0,,2000,2000,1.0,,1.0,1.0,0.06447688564476886,,0.06447688564476886,0.06447688564476886,622.0,,622,622,822.0,,822,822,2.5323297761678694,,2.5323297761678694,2.5323297761678694,274f49f21a03df6f7da7f330fed2fe31ff1b6bdd1be8fc9ce8088bf297fdd4e6
E1,defocus_blur,3,clean_to_clean,0.01,1.0,,7,1,28.450000000000003,,28.450000000000003,28.450000000000003,2000.0,,2000,2000,1.0,,1.0,1.0,0.06447688564476886,,0.06447688564476886,0.06447688564476886,622.0,,622,622,822.0,,822,822,2.5323297761678694,,2.5323297761678694,2.5323297761678694,274f49f21a03df6f7da7f330fed2fe31ff1b6bdd1be8fc9ce8088bf297fdd4e6
E1,defocus_blur,3,clean_to_clean,0.01,1.0,,8,1,28.450000000000003,,28.450000000000003,28.450000000000003,2000.0,,2000,2000,1.0,,1.0,1.0,0.06447688564476886,,0.06447688564476886,0.06447688564476886,622.0,,622,622,822.0,,822,822,2.5323297761678694,,2.5323297761678694,2.5323297761678694,274f49f21a03df6f7da7f330fed2fe31ff1b6bdd1be8fc9ce8088bf297fdd4e6
E1,defocus_blur,3,clean_to_clean,0.01,1.0,,9,1,28.450000000000003,,28.450000000000003,28.450000000000003,2000.0,,2000,2000,1.0,,1.0,1.0,0.06447688564476886,,0.06447688564476886,0.06447688564476886,622.0,,622,622,822.0,,822,822,2.5323297761678694,,2.5323297761678694,2.5323297761678694,274f49f21a03df6f7da7f330fed2fe31ff1b6bdd1be8fc9ce8088bf297fdd4e6
E1,defocus_blur,3,clean_to_clean,0.01,1.0,,10,1,28.450000000000003,,28.450000000000003,28.450000000000003,2000.0,,2000,2000,1.0,,1.0,1.0,0.06447688564476886,,0.06447688564476886,0.06447688564476886,622.0,,622,622,822.0,,822,822,2.5323297761678694,,2.5323297761678694,2.5323297761678694,274f49f21a03df6f7da7f330fed2fe31ff1b6bdd1be8fc9ce8088bf297fdd4e6
E1,defocus_blur,3,clean_to_clean,0.01,1.0,,11,1,28.450000000000003,,28.450000000000003,28.450000000000003,2000.0,,2000,2000,1.0,,1.0,1.0,0.06447688564476886,,0.06447688564476886,0.06447688564476886,622.0,,622,622,822.0,,822,822,2.5323297761678694,,2.5323297761678694,2.5323297761678694,274f49f21a03df6f7da7f330fed2fe31ff1b6bdd1be8fc9ce8088bf297fdd4e6
E1,defocus_blur,3,full_state,0.01,1.0,,0,1,28.450000000000003,,28.450000000000003,28.450000000000003,2000.0,,2000,2000,1.0,,1.0,1.0,0.06447688564476886,,0.06447688564476886,0.06447688564476886,622.0,,622,622,822.0,,822,822,2.5323297761678694,,2.5323297761678694,2.5323297761678694,274f49f21a03df6f7da7f330fed2fe31ff1b6bdd1be8fc9ce8088bf297fdd4e6
E1,defocus_blur,3,full_state,0.01,1.0,,1,1,28.450000000000003,,28.450000000000003,28.450000000000003,2000.0,,2000,2000,1.0,,1.0,1.0,0.06447688564476886,,0.06447688564476886,0.06447688564476886,622.0,,622,622,822.0,,822,822,2.5323297761678694,,2.5323297761678694,2.5323297761678694,274f49f21a03df6f7da7f330fed2fe31ff1b6bdd1be8fc9ce8088bf297fdd4e6
E1,defocus_blur,3,full_state,0.01,1.0,,2,1,28.450000000000003,,28.450000000000003,28.450000000000003,2000.0,,2000,2000,1.0,,1.0,1.0,0.06447688564476886,,0.06447688564476886,0.06447688564476886,622.0,,622,622,822.0,,822,822,2.5323297761678694,,2.5323297761678694,2.5323297761678694,274f49f21a03df6f7da7f330fed2fe31ff1b6bdd1be8fc9ce8088bf297fdd4e6
E1,defocus_blur,3,full_state,0.01,1.0,,3,1,28.450000000000003,,28.450000000000003,28.450000000000003,2000.0,,2000,2000,1.0,,1.0,1.0,0.06447688564476886,,0.06447688564476886,0.06447688564476886,622.0,,622,622,822.0,,822,822,2.5323297761678694,,2.5323297761678694,2.5323297761678694,274f49f21a03df6f7da7f330fed2fe31ff1b6bdd1be8fc9ce8088bf297fdd4e6
E1,defocus_blur,3,full_state,0.01,1.0,,4,1,28.450000000000003,,28.450000000000003,28.450000000000003,2000.0,,2000,2000,1.0,,1.0,1.0,0.06447688564476886,,0.06447688564476886,0.06447688564476886,622.0,,622,622,822.0,,822,822,2.5323297761678694,,2.5323297761678694,2.5323297761678694,274f49f21a03df6f7da7f330fed2fe31ff1b6bdd1be8fc9ce8088bf297fdd4e6
E1,defocus_blur,3,full_state,0.01,1.0,,5,1,28.450000000000003,,28.450000000000003,28.450000000000003,2000.0,,2000,2000,1.0,,1.0,1.0,0.06447688564476886,,0.06447688564476886,0.06447688564476886,622.0,,622,622,822.0,,822,822,2.5323297761678694,,2.5323297761678694,2.5323297761678694,274f49f21a03df6f7da7f330fed2fe31ff1b6bdd1be8fc9ce8088bf297fdd4e6
E1,defocus_blur,3,full_state,0.01,1.0,,6,1,28.450000000000003,,28.450000000000003,28.450000000000003,2000.0,,2000,2000,1.0,,1.0,1.0,0.06447688564476886,,0.06447688564476886,0.06447688564476886,622.0,,622,622,822.0,,822,822,2.5323297761678694,,2.5323297761678694,2.5323297761678694,274f49f21a03df6f7da7f330fed2fe31ff1b6bdd1be8fc9ce8088bf297fdd4e6
E1,defocus_blur,3,full_state,0.01,1.0,,7,1,28.450000000000003,,28.450000000000003,28.450000000000003,2000.0,,2000,2000,1.0,,1.0,1.0,0.06447688564476886,,0.06447688564476886,0.06447688564476886,622.0,,622,622,822.0,,822,822,2.5323297761678694,,2.5323297761678694,2.5323297761678694,274f49f21a03df6f7da7f330fed2fe31ff1b6bdd1be8fc9ce8088bf297fdd4e6
E1,defocus_blur,3,full_state,0.01,1.0,,8,1,28.450000000000003,,28.450000000000003,28.450000000000003,2000.0,,2000,2000,1.0,,1.0,1.0,0.06447688564476886,,0.06447688564476886,0.06447688564476886,622.0,,622,622,822.0,,822,822,2.5323297761678694,,2.5323297761678694,2.5323297761678694,274f49f21a03df6f7da7f330fed2fe31ff1b6bdd1be8fc9ce8088bf297fdd4e6
E1,defocus_blur,3,full_state,0.01,1.0,,9,1,28.450000000000003,,28.450000000000003,28.450000000000003,2000.0,,2000,2000,1.0,,1.0,1.0,0.06447688564476886,,0.06447688564476886,0.06447688564476886,622.0,,622,622,822.0,,822,822,2.5323297761678694,,2.5323297761678694,2.5323297761678694,274f49f21a03df6f7da7f330fed2fe31ff1b6bdd1be8fc9ce8088bf297fdd4e6
E1,defocus_blur,3,full_state,0.01,1.0,,10,1,28.450000000000003,,28.450000000000003,28.450000000000003,2000.0,,2000,2000,1.0,,1.0,1.0,0.06447688564476886,,0.06447688564476886,0.06447688564476886,622.0,,622,622,822.0,,822,822,2.5323297761678694,,2.5323297761678694,2.5323297761678694,274f49f21a03df6f7da7f330fed2fe31ff1b6bdd1be8fc9ce8088bf297fdd4e6
E1,defocus_blur,3,full_state,0.01,1.0,,11,1,28.450000000000003,,28.450000000000003,28.450000000000003,2000.0,,2000,2000,1.0,,1.0,1.0,0.06447688564476886,,0.06447688564476886,0.06447688564476886,622.0,,622,622,822.0,,822,822,2.5323297761678694,,2.5323297761678694,2.5323297761678694,274f49f21a03df6f7da7f330fed2fe31ff1b6bdd1be8fc9ce8088bf297fdd4e6
E1,defocus_blur,3,random_direction,0.01,1.0,,0,1,0.10000000000000009,,0.10000000000000009,0.10000000000000009,2000.0,,2000,2000,0.024115755627009645,,0.024115755627009645,0.024115755627009645,0.019464720194647202,,0.019464720194647202,0.019464720194647202,622.0,,622,622,822.0,,822,822,-0.009696619629859925,,-0.009696619629859925,-0.009696619629859925,274f49f21a03df6f7da7f330fed2fe31ff1b6bdd1be8fc9ce8088bf297fdd4e6
E1,defocus_blur,3,random_direction,0.01,1.0,,1,1,0.15000000000000013,,0.15000000000000013,0.15000000000000013,2000.0,,2000,2000,0.014469453376205787,,0.014469453376205787,0.014469453376205787,0.0072992700729927005,,0.0072992700729927005,0.0072992700729927005,622.0,,622,622,822.0,,822,822,-0.005256339430809021,,-0.005256339430809021,-0.005256339430809021,274f49f21a03df6f7da7f330fed2fe31ff1b6bdd1be8fc9ce8088bf297fdd4e6
E1,defocus_blur,3,random_direction,0.01,1.0,,2,1,-0.050000000000000044,,-0.050000000000000044,-0.050000000000000044,2000.0,,2000,2000,0.011254019292604502,,0.011254019292604502,0.011254019292604502,0.012165450121654502,,0.012165450121654502,0.012165450121654502,622.0,,622,622,822.0,,822,822,-0.007841351389884949,,-0.007841351389884949,-0.007841351389884949,274f49f21a03df6f7da7f330fed2fe31ff1b6bdd1be8fc9ce8088bf297fdd4e6
E1,defocus_blur,3,random_direction,0.01,1.0,,3,1,0.30000000000000027,,0.30000000000000027,0.30000000000000027,2000.0,,2000,2000,0.014469453376205787,,0.014469453376205787,0.014469453376205787,0.006082725060827251,,0.006082725060827251,0.006082725060827251,622.0,,622,622,822.0,,822,822,-0.0010730255842208863,,-0.0010730255842208863,-0.0010730255842208863,274f49f21a03df6f7da7f330fed2fe31ff1b6bdd1be8fc9ce8088bf297fdd4e6
E1,defocus_blur,3,random_direction,0.01,1.0,,4,1,0.15000000000000013,,0.15000000000000013,0.15000000000000013,2000.0,,2000,2000,0.01607717041800643,,0.01607717041800643,0.01607717041800643,0.012165450121654502,,0.012165450121654502,0.012165450121654502,622.0,,622,622,822.0,,822,822,-0.0017912589311599731,,-0.0017912589311599731,-0.0017912589311599731,274f49f21a03df6f7da7f330fed2fe31ff1b6bdd1be8fc9ce8088bf297fdd4e6
E1,defocus_blur,3,random_direction,0.01,1.0,,5,1,0.20000000000000018,,0.20000000000000018,0.20000000000000018,2000.0,,2000,2000,0.01929260450160772,,0.01929260450160772,0.01929260450160772,0.012165450121654502,,0.012165450121654502,0.012165450121654502,622.0,,622,622,822.0,,822,822,-0.00383245325088501,,-0.00383245325088501,-0.00383245325088501,274f49f21a03df6f7da7f330fed2fe31ff1b6bdd1be8fc9ce8088bf297fdd4e6
E1,defocus_blur,3,random_direction,0.01,1.0,,6,1,0.20000000000000018,,0.20000000000000018,0.20000000000000018,2000.0,,2000,2000,0.02090032154340836,,0.02090032154340836,0.02090032154340836,0.014598540145985401,,0.014598540145985401,0.014598540145985401,622.0,,622,622,822.0,,822,822,-0.004018645644187927,,-0.004018645644187927,-0.004018645644187927,274f49f21a03df6f7da7f330fed2fe31ff1b6bdd1be8fc9ce8088bf297fdd4e6
E1,defocus_blur,3,random_direction,0.01,1.0,,7,1,0.3500000000000003,,0.3500000000000003,0.3500000000000003,2000.0,,2000,2000,0.022508038585209004,,0.022508038585209004,0.022508038585209004,0.012165450121654502,,0.012165450121654502,0.012165450121654502,622.0,,622,622,822.0,,822,822,-0.001368571400642395,,-0.001368571400642395,-0.001368571400642395,274f49f21a03df6f7da7f330fed2fe31ff1b6bdd1be8fc9ce8088bf297fdd4e6
E1,defocus_blur,3,random_direction,0.01,1.0,,8,1,0.2500000000000002,,0.2500000000000002,0.2500000000000002,2000.0,,2000,2000,0.02090032154340836,,0.02090032154340836,0.02090032154340836,0.014598540145985401,,0.014598540145985401,0.014598540145985401,622.0,,622,622,822.0,,822,822,0.003538504481315613,,0.003538504481315613,0.003538504481315613,274f49f21a03df6f7da7f330fed2fe31ff1b6bdd1be8fc9ce8088bf297fdd4e6
E1,defocus_blur,3,random_direction,0.01,1.0,,9,1,0.3500000000000003,,0.3500000000000003,0.3500000000000003,2000.0,,2000,2000,0.01929260450160772,,0.01929260450160772,0.01929260450160772,0.010948905109489052,,0.010948905109489052,0.010948905109489052,622.0,,622,622,822.0,,822,822,0.00863248586654663,,0.00863248586654663,0.00863248586654663,274f49f21a03df6f7da7f330fed2fe31ff1b6bdd1be8fc9ce8088bf297fdd4e6
E1,defocus_blur,3,random_direction,0.01,1.0,,10,1,0.20000000000000018,,0.20000000000000018,0.20000000000000018,2000.0,,2000,2000,0.012861736334405145,,0.012861736334405145,0.012861736334405145,0.00851581508515815,,0.00851581508515815,0.00851581508515815,622.0,,622,622,822.0,,822,822,0.010796192407608032,,0.010796192407608032,0.010796192407608032,274f49f21a03df6f7da7f330fed2fe31ff1b6bdd1be8fc9ce8088bf297fdd4e6
E1,defocus_blur,3,random_direction,0.01,1.0,,11,1,0.20000000000000018,,0.20000000000000018,0.20000000000000018,2000.0,,2000,2000,0.014469453376205787,,0.014469453376205787,0.014469453376205787,0.010948905109489052,,0.010948905109489052,0.010948905109489052,622.0,,622,622,822.0,,822,822,0.012230765819549561,,0.012230765819549561,0.012230765819549561,274f49f21a03df6f7da7f330fed2fe31ff1b6bdd1be8fc9ce8088bf297fdd4e6
E1,defocus_blur,3,shuffled_donor,0.01,1.0,,0,1,-0.2500000000000002,,-0.2500000000000002,-0.2500000000000002,2000.0,,2000,2000,0.04501607717041801,,0.04501607717041801,0.04501607717041801,0.046228710462287104,,0.046228710462287104,0.046228710462287104,622.0,,622,622,822.0,,822,822,-0.031618679523468016,,-0.031618679523468016,-0.031618679523468016,274f49f21a03df6f7da7f330fed2fe31ff1b6bdd1be8fc9ce8088bf297fdd4e6
E1,defocus_blur,3,shuffled_donor,0.01,1.0,,1,1,-0.050000000000000044,,-0.050000000000000044,-0.050000000000000044,2000.0,,2000,2000,0.02572347266881029,,0.02572347266881029,0.02572347266881029,0.027980535279805353,,0.027980535279805353,0.027980535279805353,622.0,,622,622,822.0,,822,822,-0.01848047161102295,,-0.01848047161102295,-0.01848047161102295,274f49f21a03df6f7da7f330fed2fe31ff1b6bdd1be8fc9ce8088bf297fdd4e6
E1,defocus_blur,3,shuffled_donor,0.01,1.0,,2,1,0.5000000000000004,,0.5000000000000004,0.5000000000000004,2000.0,,2000,2000,0.03376205787781351,,0.03376205787781351,0.03376205787781351,0.0170316301703163,,0.0170316301703163,0.0170316301703163,622.0,,622,622,822.0,,822,822,0.02817988383769989,,0.02817988383769989,0.02817988383769989,274f49f21a03df6f7da7f330fed2fe31ff1b6bdd1be8fc9ce8088bf297fdd4e6
E1,defocus_blur,3,shuffled_donor,0.01,1.0,,3,1,0.20000000000000018,,0.20000000000000018,0.20000000000000018,2000.0,,2000,2000,0.02090032154340836,,0.02090032154340836,0.02090032154340836,0.014598540145985401,,0.014598540145985401,0.014598540145985401,622.0,,622,622,822.0,,822,822,0.01179856848716736,,0.01179856848716736,0.01179856848716736,274f49f21a03df6f7da7f330fed2fe31ff1b6bdd1be8fc9ce8088bf297fdd4e6
E1,defocus_blur,3,shuffled_donor,0.01,1.0,,4,1,-0.050000000000000044,,-0.050000000000000044,-0.050000000000000044,2000.0,,2000,2000,0.01929260450160772,,0.01929260450160772,0.01929260450160772,0.01824817518248175,,0.01824817518248175,0.01824817518248175,622.0,,622,622,822.0,,822,822,0.0031149630546569826,,0.0031149630546569826,0.0031149630546569826,274f49f21a03df6f7da7f330fed2fe31ff1b6bdd1be8fc9ce8088bf297fdd4e6
E1,defocus_blur,3,shuffled_donor,0.01,1.0,,5,1,-0.10000000000000009,,-0.10000000000000009,-0.10000000000000009,2000.0,,2000,2000,0.02090032154340836,,0.02090032154340836,0.02090032154340836,0.02068126520681265,,0.02068126520681265,0.02068126520681265,622.0,,622,622,822.0,,822,822,-0.008254831910133362,,-0.008254831910133362,-0.008254831910133362,274f49f21a03df6f7da7f330fed2fe31ff1b6bdd1be8fc9ce8088bf297fdd4e6
E1,defocus_blur,3,shuffled_donor,0.01,1.0,,6,1,-0.050000000000000044,,-0.050000000000000044,-0.050000000000000044,2000.0,,2000,2000,0.024115755627009645,,0.024115755627009645,0.024115755627009645,0.023114355231143552,,0.023114355231143552,0.023114355231143552,622.0,,622,622,822.0,,822,822,-0.0023634239435195922,,-0.0023634239435195922,-0.0023634239435195922,274f49f21a03df6f7da7f330fed2fe31ff1b6bdd1be8fc9ce8088bf297fdd4e6
E1,defocus_blur,3,shuffled_donor,0.01,1.0,,7,1,-0.10000000000000009,,-0.10000000000000009,-0.10000000000000009,2000.0,,2000,2000,0.02090032154340836,,0.02090032154340836,0.02090032154340836,0.019464720194647202,,0.019464720194647202,0.019464720194647202,622.0,,622,622,822.0,,822,822,-0.00728005337715149,,-0.00728005337715149,-0.00728005337715149,274f49f21a03df6f7da7f330fed2fe31ff1b6bdd1be8fc9ce8088bf297fdd4e6
E1,defocus_blur,3,shuffled_donor,0.01,1.0,,8,1,0.20000000000000018,,0.20000000000000018,0.20000000000000018,2000.0,,2000,2000,0.02090032154340836,,0.02090032154340836,0.02090032154340836,0.01338199513381995,,0.01338199513381995,0.01338199513381995,622.0,,622,622,822.0,,822,822,0.0035319290161132813,,0.0035319290161132813,0.0035319290161132813,274f49f21a03df6f7da7f330fed2fe31ff1b6bdd1be8fc9ce8088bf297fdd4e6
E1,defocus_blur,3,shuffled_donor,0.01,1.0,,9,1,-0.10000000000000009,,-0.10000000000000009,-0.10000000000000009,2000.0,,2000,2000,0.014469453376205787,,0.014469453376205787,0.014469453376205787,0.015815085158150853,,0.015815085158150853,0.015815085158150853,622.0,,622,622,822.0,,822,822,0.0066538406610488895,,0.0066538406610488895,0.0066538406610488895,274f49f21a03df6f7da7f330fed2fe31ff1b6bdd1be8fc9ce8088bf297fdd4e6
E1,defocus_blur,3,shuffled_donor,0.01,1.0,,10,1,0.10000000000000009,,0.10000000000000009,0.10000000000000009,2000.0,,2000,2000,0.011254019292604502,,0.011254019292604502,0.011254019292604502,0.00851581508515815,,0.00851581508515815,0.00851581508515815,622.0,,622,622,822.0,,822,822,0.005654127240180969,,0.005654127240180969,0.005654127240180969,274f49f21a03df6f7da7f330fed2fe31ff1b6bdd1be8fc9ce8088bf297fdd4e6
E1,defocus_blur,3,shuffled_donor,0.01,1.0,,11,1,0.20000000000000018,,0.20000000000000018,0.20000000000000018,2000.0,,2000,2000,0.014469453376205787,,0.014469453376205787,0.014469453376205787,0.006082725060827251,,0.006082725060827251,0.006082725060827251,622.0,,622,622,822.0,,822,822,0.0025683799982070925,,0.0025683799982070925,0.0025683799982070925,274f49f21a03df6f7da7f330fed2fe31ff1b6bdd1be8fc9ce8088bf297fdd4e6
E1,defocus_blur,5,partial_channel,0.01,1.0,,0,20,0.32750000000000024,0.28399175303074176,-0.15000000000000013,1.0000000000000009,2000.0,0.0,2000,2000,0.021824596774193548,0.006986181463479131,0.01310483870967742,0.04435483870967742,0.04148936170212766,0.016387259409572925,0.02127659574468085,0.08274231678486997,992.0,0.0,992,992,423.0,0.0,423,423,0.04346796528398991,0.05505502201666264,-0.026429901123046873,0.24067546445131302,274f49f21a03df6f7da7f330fed2fe31ff1b6bdd1be8fc9ce8088bf297fdd4e6
E1,defocus_blur,5,partial_channel,0.05,1.0,,0,20,1.9425000000000008,1.0945168364457247,0.3500000000000003,3.9500000000000006,2000.0,0.0,2000,2000,0.07338709677419356,0.0204996020968064,0.04838709677419355,0.10584677419354839,0.10047281323877069,0.026016036994906344,0.07092198581560284,0.18912529550827423,992.0,0.0,992,992,423.0,0.0,423,423,0.22457260556221006,0.11332503981667252,0.015084678292274474,0.4189343917965889,274f49f21a03df6f7da7f330fed2fe31ff1b6bdd1be8fc9ce8088bf297fdd4e6
E1,defocus_blur,5,partial_channel,0.1,1.0,,0,20,2.4225000000000008,2.929544378083032,-6.5,5.150000000000002,2000.0,0.0,2000,2000,0.11532258064516128,0.018175790033380452,0.0846774193548387,0.14516129032258066,0.1871158392434988,0.11248917095716152,0.1111111111111111,0.5390070921985816,992.0,0.0,992,992,423.0,0.0,423,423,0.25542169635295864,0.22815688407107215,-0.474352171599865,0.46068983632326127,274f49f21a03df6f7da7f330fed2fe31ff1b6bdd1be8fc9ce8088bf297fdd4e6
E1,defocus_blur,5,partial_channel,0.2,1.0,,0,20,1.465000000000001,2.9064854884786273,-2.7499999999999996,6.700000000000003,2000.0,0.0,2000,2000,0.1443548387096774,0.024663395401510635,0.10483870967741936,0.1975806451612903,0.30685579196217494,0.08222200828901453,0.18439716312056736,0.4444444444444444,992.0,0.0,992,992,423.0,0.0,423,423,0.08382969749569893,0.265923343867147,-0.24975327283143997,0.5394669970870019,274f49f21a03df6f7da7f330fed2fe31ff1b6bdd1be8fc9ce8088bf297fdd4e6
E1,defocus_blur,5,partial_channel,0.01,1.0,,1,20,0.2050000000000002,0.3103054522308796,-0.30000000000000027,0.8000000000000007,2000.0,0.0,2000,2000,0.014112903225806453,0.003938315696072927,0.008064516129032258,0.021169354838709676,0.028014184397163126,0.008584797110569066,0.01182033096926714,0.04018912529550828,992.0,0.0,992,992,423.0,0.0,423,423,0.01690160895884037,0.024526385220263677,-0.036394706547260285,0.062442338585853574,274f49f21a03df6f7da7f330fed2fe31ff1b6bdd1be8fc9ce8088bf297fdd4e6
E1,defocus_blur,5,partial_channel,0.05,1.0,,1,20,1.597500000000001,1.1617222922069312,0.5500000000000005,4.950000000000002,2000.0,0.0,2000,2000,0.05105846774193549,0.019520468949289212,0.03024193548387097,0.10786290322580645,0.06134751773049646,0.01252062664478994,0.037825059101654845,0.0851063829787234,992.0,0.0,992,992,423.0,0.0,423,423,0.1778668152540922,0.08507584633518844,0.0740160761475563,0.3778741544485092,274f49f21a03df6f7da7f330fed2fe31ff1b6bdd1be8fc9ce8088bf297fdd4e6
E1,defocus_blur,5,partial_channel,0.1,1.0,,1,20,2.4525000000000006,2.0497416396886914,-3.7500000000000004,5.500000000000002,2000.0,0.0,2000,2000,0.08573588709677418,0.020719859504170293,0.05342741935483871,0.13306451612903225,0.11028368794326242,0.1000882642288385,0.05200945626477541,0.4302600472813239,992.0,0.0,992,992,423.0,0.0,423,423,0.30918989298641675,0.1785036407670542,-0.23122760182619095,0.48804295176267626,274f49f21a03df6f7da7f330fed2fe31ff1b6bdd1be8fc9ce8088bf297fdd4e6
E1,defocus_blur,5,partial_channel,0.2,1.0,,1,20,6.830000000000003,2.9462464969945454,0.40000000000000036,11.250000000000002,2000.0,0.0,2000,2000,0.17505040322580648,0.03473806457980336,0.12096774193548387,0.24092741935483872,0.13156028368794326,0.08604912098104599,0.06382978723404255,0.3617021276595745,992.0,0.0,992,992,423.0,0.0,423,423,0.6927531664431095,0.23575910521414425,0.12168516010046006,1.0658953551650048,274f49f21a03df6f7da7f330fed2fe31ff1b6bdd1be8fc9ce8088bf297fdd4e6
E1,defocus_blur,5,partial_channel,0.01,1.0,,2,20,0.1225000000000001,0.2835280548636008,-0.3500000000000003,0.9000000000000008,2000.0,0.0,2000,2000,0.013356854838709676,0.0045067183625096124,0.007056451612903226,0.02217741935483871,0.030141843971631204,0.011321436370204429,0.01182033096926714,0.06382978723404255,992.0,0.0,992,992,423.0,0.0,423,423,0.019389699944853782,0.02100835464783852,-0.02740925598144531,0.05242950564622879,274f49f21a03df6f7da7f330fed2fe31ff1b6bdd1be8fc9ce8088bf297fdd4e6
E1,defocus_blur,5,partial_channel,0.05,1.0,,2,20,1.5075000000000007,1.391541647919579,-0.15000000000000013,4.950000000000002,2000.0,0.0,2000,2000,0.05378024193548386,0.02435499638394974,0.03225806451612903,0.11491935483870967,0.07044917257683214,0.017800450942427076,0.037825059101654845,0.10874704491725769,992.0,0.0,992,992,423.0,0.0,423,423,0.19184103792607785,0.11728293203907256,-0.04081497406959534,0.39899989748001097,274f49f21a03df6f7da7f330fed2fe31ff1b6bdd1be8fc9ce8088bf297fdd4e6
E1,defocus_blur,5,partial_channel,0.1,1.0,,2,20,3.217500000000001,1.3437256729744085,1.050000000000001,5.700000000000002,2000.0,0.0,2000,2000,0.09637096774193547,0.03181297080949411,0.05846774193548387,0.16129032258064516,0.09964539007092199,0.041249398669409555,0.04491725768321513,0.2127659574468085,992.0,0.0,992,992,423.0,0.0,423,423,0.37632155198156836,0.12355571059935888,0.06510543251037598,0.5545368239283561,274f49f21a03df6f7da7f330fed2fe31ff1b6bdd1be8fc9ce8088bf297fdd4e6
E1,defocus_blur,5,partial_channel,0.2,1.0,,2,20,7.515000000000001,1.8979282333500826,4.050000000000001,11.350000000000001,2000.0,0.0,2000,2000,0.18104838709677418,0.04045288792016104,0.10987903225806452,0.2590725806451613,0.10981087470449173,0.027177021912397036,0.07092198581560284,0.17494089834515367,992.0,0.0,992,992,423.0,0.0,423,423,0.756641691684723,0.1627918705114354,0.3861187015771866,1.1010197256207466,274f49f21a03df6f7da7f330fed2fe31ff1b6bdd1be8fc9ce8088bf297fdd4e6
E1,defocus_blur,5,partial_channel,0.01,1.0,,3,20,0.18500000000000016,0.2508406917379616,-0.30000000000000027,0.6000000000000005,2000.0,0.0,2000,2000,0.012752016129032259,0.00363131589627807,0.006048387096774193,0.020161290322580645,0.025177304964539005,0.007603601649500164,0.016548463356973995,0.0425531914893617,992.0,0.0,992,992,423.0,0.0,423,423,0.021947469687461852,0.019221118095736643,-0.024003600239753724,0.05925620299577713,274f49f21a03df6f7da7f330fed2fe31ff1b6bdd1be8fc9ce8088bf297fdd4e6
E1,defocus_blur,5,partial_channel,0.05,1.0,,3,20,1.7850000000000013,0.9276597606768052,0.7500000000000007,4.550000000000002,2000.0,0.0,2000,2000,0.0528225806451613,0.018438721350484195,0.03326612903225806,0.10383064516129033,0.054964539007092195,0.01590262889725025,0.03546099290780142,0.08983451536643026,992.0,0.0,992,992,423.0,0.0,423,423,0.2016761070370674,0.07569557354047843,0.10026651960611344,0.3741344832777977,274f49f21a03df6f7da7f330fed2fe31ff1b6bdd1be8fc9ce8088bf297fdd4e6
E1,defocus_blur,5,partial_channel,0.1,1.0,,3,20,4.12,1.2886549495296915,2.2999999999999994,6.800000000000003,2000.0,0.0,2000,2000,0.1044858870967742,0.030256566565430573,0.0655241935483871,0.17137096774193547,0.07494089834515368,0.021844143993519964,0.0425531914893617,0.12293144208037825,992.0,0.0,992,992,423.0,0.0,423,423,0.42915384894907477,0.12119916262783162,0.21859317749738694,0.6523902003765106,274f49f21a03df6f7da7f330fed2fe31ff1b6bdd1be8fc9ce8088bf297fdd4e6
E1,defocus_blur,5,partial_channel,0.2,1.0,,3,20,8.817499999999999,1.9000190442258873,5.750000000000003,12.800000000000002,2000.0,0.0,2000,2000,0.19702620967741938,0.04199048705074655,0.13911290322580644,0.2872983870967742,0.08498817966903074,0.02228903306922429,0.04728132387706856,0.13002364066193853,992.0,0.0,992,992,423.0,0.0,423,423,0.8642326691269876,0.16963637915299656,0.615059261739254,1.1931036432385445,274f49f21a03df6f7da7f330fed2fe31ff1b6bdd1be8fc9ce8088bf297fdd4e6
E1,defocus_blur,5,partial_channel,0.01,1.0,,4,20,0.2900000000000002,0.22454632624823553,-0.050000000000000044,0.9000000000000008,2000.0,0.0,2000,2000,0.01285282258064516,0.004199561343927057,0.008064516129032258,0.025201612903225805,0.020567375886524818,0.005795833277589832,0.01182033096926714,0.037825059101654845,992.0,0.0,992,992,423.0,0.0,423,423,0.030432575118541715,0.01689712771861168,-0.002493293523788452,0.08166843974590302,274f49f21a03df6f7da7f330fed2fe31ff1b6bdd1be8fc9ce8088bf297fdd4e6
E1,defocus_blur,5,partial_channel,0.05,1.0,,4,20,2.190000000000001,0.659066325230345,1.200000000000001,3.7500000000000004,2000.0,0.0,2000,2000,0.05483870967741935,0.014730019648064176,0.037298387096774195,0.09475806451612903,0.03995271867612293,0.012003066785699582,0.018912529550827423,0.06619385342789598,992.0,0.0,992,992,423.0,0.0,423,423,0.23515615555644037,0.060197028794979006,0.16475454992055893,0.41159413892030716,274f49f21a03df6f7da7f330fed2fe31ff1b6bdd1be8fc9ce8088bf297fdd4e6
E1,defocus_blur,5,partial_channel,0.1,1.0,,4,20,4.6800000000000015,1.1382581337057818,2.8,7.099999999999998,2000.0,0.0,2000,2000,0.10745967741935483,0.02538325878725631,0.07258064516129033,0.16330645161290322,0.05378250591016548,0.015452330228839996,0.026004728132387706,0.08983451536643026,992.0,0.0,992,992,423.0,0.0,423,423,0.5031257099956274,0.10716170022368655,0.34652768838405607,0.7599740560650825,274f49f21a03df6f7da7f330fed2fe31ff1b6bdd1be8fc9ce8088bf297fdd4e6
E1,defocus_blur,5,partial_channel,0.2,1.0,,4,20,10.395000000000001,1.8895766721676062,6.999999999999998,13.549999999999999,2000.0,0.0,2000,2000,0.2170866935483871,0.03773997389035242,0.14818548387096775,0.2842741935483871,0.05957446808510639,0.014884628092150394,0.037825059101654845,0.08983451536643026,992.0,0.0,992,992,423.0,0.0,423,423,1.0257260642141104,0.15592279650530927,0.7895387262701988,1.3070510932803154,274f49f21a03df6f7da7f330fed2fe31ff1b6bdd1be8fc9ce8088bf297fdd4e6
E1,defocus_blur,5,partial_channel,0.01,1.0,,5,20,0.29750000000000026,0.2419629158188896,-0.15000000000000013,0.7500000000000007,2000.0,0.0,2000,2000,0.013054435483870969,0.0041431458067407246,0.006048387096774193,0.021169354838709676,0.02080378250591016,0.007012953652099918,0.0070921985815602835,0.03309692671394799,992.0,0.0,992,992,423.0,0.0,423,423,0.028671239843964573,0.01703737666667113,-0.004707667231559754,0.06996696990728378,274f49f21a03df6f7da7f330fed2fe31ff1b6bdd1be8fc9ce8088bf297fdd4e6
E1,defocus_blur,5,partial_channel,0.05,1.0,,5,20,2.097500000000001,0.5948186366669385,1.5000000000000013,4.150000000000001,2000.0,0.0,2000,2000,0.05367943548387096,0.011191332314100058,0.04032258064516129,0.09173387096774194,0.04172576832151301,0.009244709570798603,0.026004728132387706,0.0591016548463357,992.0,0.0,992,992,423.0,0.0,423,423,0.2432066757291555,0.056835209944347514,0.18204140388965606,0.44866199606657026,274f49f21a03df6f7da7f330fed2fe31ff1b6bdd1be8fc9ce8088bf297fdd4e6
E1,defocus_blur,5,partial_channel,0.1,1.0,,5,20,4.937500000000002,0.9092904984251827,3.7000000000000006,6.850000000000003,2000.0,0.0,2000,2000,0.1079133064516129,0.017043132862008308,0.08366935483870967,0.14516129032258066,0.043144208037825045,0.005470789958294171,0.028368794326241134,0.05200945626477541,992.0,0.0,992,992,423.0,0.0,423,423,0.5171267928123475,0.09224644564663018,0.3692347534298897,0.7166765846014023,274f49f21a03df6f7da7f330fed2fe31ff1b6bdd1be8fc9ce8088bf297fdd4e6
E1,defocus_blur,5,partial_channel,0.2,1.0,,5,20,10.830000000000002,1.5306861206661548,8.549999999999999,13.699999999999998,2000.0,0.0,2000,2000,0.22036290322580646,0.029273909996896223,0.1743951612903226,0.2701612903225806,0.04692671394799054,0.011095745969898199,0.030732860520094562,0.07328605200945626,992.0,0.0,992,992,423.0,0.0,423,423,1.087713957977295,0.1358615041193364,0.8907993404865265,1.296229959011078,274f49f21a03df6f7da7f330fed2fe31ff1b6bdd1be8fc9ce8088bf297fdd4e6
E1,defocus_blur,5,partial_channel,0.01,1.0,,6,20,0.36750000000000027,0.18727618220439216,-0.050000000000000044,0.7000000000000006,2000.0,0.0,2000,2000,0.014516129032258065,0.0034674457961757273,0.008064516129032258,0.021169354838709676,0.021040189125295504,0.005418113553521816,0.01182033096926714,0.03309692671394799,992.0,0.0,992,992,423.0,0.0,423,423,0.038590334793925284,0.013776394785642857,0.017778499484062196,0.07512894266843796,274f49f21a03df6f7da7f330fed2fe31ff1b6bdd1be8fc9ce8088bf297fdd4e6
E1,defocus_blur,5,partial_channel,0.05,1.0,,6,20,2.292500000000001,0.466023209270683,1.250000000000001,3.6000000000000005,2000.0,0.0,2000,2000,0.05504032258064516,0.008020625470446907,0.04233870967741935,0.07862903225806452,0.035342789598108756,0.007726403058557485,0.02364066193853428,0.054373522458628844,992.0,0.0,992,992,423.0,0.0,423,423,0.2682230440706015,0.0453251806670109,0.17891833311319352,0.3980368476510048,274f49f21a03df6f7da7f330fed2fe31ff1b6bdd1be8fc9ce8088bf297fdd4e6
E1,defocus_blur,5,partial_channel,0.1,1.0,,6,20,4.882500000000001,0.5334285825033934,3.900000000000001,5.650000000000002,2000.0,0.0,2000,2000,0.1046875,0.01010330115352162,0.08165322580645161,0.1219758064516129,0.03699763593380616,0.006291072399454021,0.02127659574468085,0.04728132387706856,992.0,0.0,992,992,423.0,0.0,423,423,0.562128356474638,0.06371731488608709,0.4412935358285904,0.6591032156348229,274f49f21a03df6f7da7f330fed2fe31ff1b6bdd1be8fc9ce8088bf297fdd4e6
E1,defocus_blur,5,partial_channel,0.2,1.0,,6,20,10.990000000000002,1.2119579634884863,9.1,13.499999999999998,2000.0,0.0,2000,2000,0.2201108870967742,0.024519144226806323,0.18548387096774194,0.2711693548387097,0.037943262411347524,0.009090700510956676,0.02364066193853428,0.06382978723404255,992.0,0.0,992,992,423.0,0.0,423,423,1.1537491413861511,0.11179748572028025,0.9488832065463066,1.3378104150891303,274f49f21a03df6f7da7f330fed2fe31ff1b6bdd1be8fc9ce8088bf297fdd4e6
E1,defocus_blur,5,partial_channel,0.01,1.0,,7,20,0.4325000000000004,0.193496225993388,0.10000000000000009,0.8000000000000007,2000.0,0.0,2000,2000,0.013961693548387097,0.002930331018900934,0.008064516129032258,0.019153225806451613,0.016312056737588652,0.005631086680438587,0.0070921985815602835,0.030732860520094562,992.0,0.0,992,992,423.0,0.0,423,423,0.04336572428345681,0.010853309807431781,0.021969218611717224,0.06455107390880585,274f49f21a03df6f7da7f330fed2fe31ff1b6bdd1be8fc9ce8088bf297fdd4e6
E1,defocus_blur,5,partial_channel,0.05,1.0,,7,20,2.250000000000001,0.46763683615206697,1.250000000000001,3.2,2000.0,0.0,2000,2000,0.05171370967741935,0.006283455559091331,0.03931451612903226,0.06451612903225806,0.02848699763593381,0.01016027482958869,0.01182033096926714,0.0591016548463357,992.0,0.0,992,992,423.0,0.0,423,423,0.2813505329042673,0.03716869907416189,0.1728231805562973,0.36203112399578097,274f49f21a03df6f7da7f330fed2fe31ff1b6bdd1be8fc9ce8088bf297fdd4e6
E1,defocus_blur,5,partial_channel,0.1,1.0,,7,20,4.8850000000000025,0.7867488062974913,3.8000000000000007,6.150000000000003,2000.0,0.0,2000,2000,0.10055443548387095,0.013175559307838671,0.08165322580645161,0.125,0.028368794326241138,0.006817283828195957,0.016548463356973995,0.04018912529550828,992.0,0.0,992,992,423.0,0.0,423,423,0.5855457735538482,0.05196850253552495,0.5045080361962319,0.662271636068821,274f49f21a03df6f7da7f330fed2fe31ff1b6bdd1be8fc9ce8088bf297fdd4e6
E1,defocus_blur,5,partial_channel,0.2,1.0,,7,20,11.097500000000002,1.266104157185382,8.95,14.2,2000.0,0.0,2000,2000,0.22006048387096772,0.025767417622167048,0.17842741935483872,0.28024193548387094,0.03002364066193854,0.007239968589135324,0.016548463356973995,0.0425531914893617,992.0,0.0,992,992,423.0,0.0,423,423,1.213430191129446,0.11324149418054565,1.0192897639870644,1.4256193770170211,274f49f21a03df6f7da7f330fed2fe31ff1b6bdd1be8fc9ce8088bf297fdd4e6
E1,defocus_blur,5,partial_channel,0.01,1.0,,8,20,0.4325000000000004,0.18727618220439216,0.10000000000000009,0.8000000000000007,2000.0,0.0,2000,2000,0.012953629032258062,0.0034032246749247787,0.006048387096774193,0.020161290322580645,0.013947990543735226,0.004783795772033715,0.0070921985815602835,0.02364066193853428,992.0,0.0,992,992,423.0,0.0,423,423,0.046564119401574136,0.008208145872388134,0.030670048892498015,0.06071420240402221,274f49f21a03df6f7da7f330fed2fe31ff1b6bdd1be8fc9ce8088bf297fdd4e6
E1,defocus_blur,5,partial_channel,0.05,1.0,,8,20,2.3625000000000007,0.28138520142137347,1.9000000000000017,2.9499999999999997,2000.0,0.0,2000,2000,0.05005040322580645,0.004820936426529955,0.04233870967741935,0.06149193548387097,0.019030732860520094,0.006013773938694893,0.009456264775413711,0.028368794326241134,992.0,0.0,992,992,423.0,0.0,423,423,0.28715576883554456,0.041617007111294325,0.17789805048704146,0.34158601742982864,274f49f21a03df6f7da7f330fed2fe31ff1b6bdd1be8fc9ce8088bf297fdd4e6
E1,defocus_blur,5,partial_channel,0.1,1.0,,8,20,5.077500000000002,0.5606563353033568,3.900000000000001,6.0500000000000025,2000.0,0.0,2000,2000,0.10040322580645163,0.009458745432793172,0.08266129032258064,0.11995967741935484,0.018557919621749408,0.005273677873779539,0.009456264775413711,0.028368794326241134,992.0,0.0,992,992,423.0,0.0,423,423,0.6006388276308775,0.053174268442760096,0.4980913900732994,0.6799877672195435,274f49f21a03df6f7da7f330fed2fe31ff1b6bdd1be8fc9ce8088bf297fdd4e6
E1,defocus_blur,5,partial_channel,0.2,1.0,,8,20,11.615000000000004,1.2729059170591552,9.85,14.399999999999999,2000.0,0.0,2000,2000,0.2268145161290323,0.02682883344490511,0.1905241935483871,0.2842741935483871,0.022458628841607563,0.007256201722943055,0.009456264775413711,0.03546099290780142,992.0,0.0,992,992,423.0,0.0,423,423,1.2813066194236278,0.1241752576951508,1.0964492305517197,1.5353310653567314,274f49f21a03df6f7da7f330fed2fe31ff1b6bdd1be8fc9ce8088bf297fdd4e6
E1,defocus_blur,5,partial_channel,0.01,1.0,,9,20,0.4600000000000005,0.12628289045255758,0.20000000000000018,0.6500000000000006,2000.0,0.0,2000,2000,0.012399193548387094,0.002618517857235659,0.008064516129032258,0.016129032258064516,0.010874704491725767,0.002910576885347955,0.004728132387706856,0.016548463356973995,992.0,0.0,992,992,423.0,0.0,423,423,0.05507583151459694,0.006177227748828028,0.04674079269170761,0.06868132823705674,274f49f21a03df6f7da7f330fed2fe31ff1b6bdd1be8fc9ce8088bf297fdd4e6
E1,defocus_blur,5,partial_channel,0.05,1.0,,9,20,2.645,0.301705677423335,2.0500000000000016,3.35,2000.0,0.0,2000,2000,0.05287298387096774,0.005288610842453414,0.04536290322580645,0.0655241935483871,0.01193853427895981,0.004632287227952358,0.004728132387706856,0.028368794326241134,992.0,0.0,992,992,423.0,0.0,423,423,0.34233895788490776,0.03786242685762888,0.22797636646032332,0.3774714118242264,274f49f21a03df6f7da7f330fed2fe31ff1b6bdd1be8fc9ce8088bf297fdd4e6
E1,defocus_blur,5,partial_channel,0.1,1.0,,9,20,5.880000000000002,0.48378986303864185,4.900000000000001,6.600000000000003,2000.0,0.0,2000,2000,0.11481854838709678,0.008769215988318663,0.09475806451612903,0.13004032258064516,0.011938534278959809,0.003206316738004727,0.0070921985815602835,0.018912529550827423,992.0,0.0,992,992,423.0,0.0,423,423,0.7009795761585236,0.048912057263137174,0.5818008953928947,0.7550240843296051,274f49f21a03df6f7da7f330fed2fe31ff1b6bdd1be8fc9ce8088bf297fdd4e6
E1,defocus_blur,5,partial_channel,0.2,1.0,,9,20,13.825,1.3471705241180973,12.300000000000002,17.5,2000.0,0.0,2000,2000,0.26885080645161286,0.024953361324434997,0.2399193548387097,0.3387096774193548,0.015130023640661943,0.0034642794187472645,0.009456264775413711,0.02364066193853428,992.0,0.0,992,992,423.0,0.0,423,423,1.4528908988863227,0.10791840243275126,1.281462733209133,1.6609984862208367,274f49f21a03df6f7da7f330fed2fe31ff1b6bdd1be8fc9ce8088bf297fdd4e6
E1,defocus_blur,5,partial_channel,0.01,1.0,,10,20,0.39000000000000035,0.2036508880671194,0.10000000000000009,0.8000000000000007,2000.0,0.0,2000,2000,0.009828629032258063,0.00284889128870159,0.004032258064516129,0.015120967741935484,0.006973995271867614,0.004370915492033046,0.0,0.016548463356973995,992.0,0.0,992,992,423.0,0.0,423,423,0.061719410514831555,0.0058302895732780845,0.05097415840625763,0.07079517203569412,274f49f21a03df6f7da7f330fed2fe31ff1b6bdd1be8fc9ce8088bf297fdd4e6
E1,defocus_blur,5,partial_channel,0.05,1.0,,10,20,2.555,0.2851130892895138,1.8500000000000016,3.25,2000.0,0.0,2000,2000,0.05060483870967743,0.00500945556987212,0.04032258064516129,0.06149193548387097,0.00933806146572104,0.004632287227952358,0.002364066193853428,0.018912529550827423,992.0,0.0,992,992,423.0,0.0,423,423,0.3831293614953756,0.025756675728435794,0.31055978971719744,0.42015504771471024,274f49f21a03df6f7da7f330fed2fe31ff1b6bdd1be8fc9ce8088bf297fdd4e6
E1,defocus_blur,5,partial_channel,0.1,1.0,,10,20,5.915000000000003,0.4338020407124845,5.150000000000002,6.650000000000003,2000.0,0.0,2000,2000,0.1140625,0.0074097163139171624,0.10181451612903226,0.1280241935483871,0.008628841607565012,0.002997701874160177,0.002364066193853428,0.01182033096926714,992.0,0.0,992,992,423.0,0.0,423,423,0.7720487688302994,0.03924716163155709,0.6757556999325752,0.8349532580971718,274f49f21a03df6f7da7f330fed2fe31ff1b6bdd1be8fc9ce8088bf297fdd4e6
E1,defocus_blur,5,partial_channel,0.2,1.0,,10,20,14.325,0.9595091947119848,12.600000000000003,16.3,2000.0,0.0,2000,2000,0.275554435483871,0.01784879589007658,0.24193548387096775,0.31048387096774194,0.009574468085106385,0.0023609535312871274,0.004728132387706856,0.014184397163120567,992.0,0.0,992,992,423.0,0.0,423,423,1.548460001298785,0.08345785798400976,1.3866967269778252,1.7025315719246865,274f49f21a03df6f7da7f330fed2fe31ff1b6bdd1be8fc9ce8088bf297fdd4e6
E1,defocus_blur,5,partial_channel,0.01,1.0,,11,20,0.3675000000000003,0.22784747899463498,-0.20000000000000018,0.8000000000000007,2000.0,0.0,2000,2000,0.00912298387096774,0.002564341104907197,0.005040322580645161,0.014112903225806451,0.006737588652482268,0.004806798609145153,0.0,0.02364066193853428,992.0,0.0,992,992,423.0,0.0,423,423,0.06110089716017246,0.0056136758218595685,0.05196747547388077,0.07116894060373306,274f49f21a03df6f7da7f330fed2fe31ff1b6bdd1be8fc9ce8088bf297fdd4e6
E1,defocus_blur,5,partial_channel,0.05,1.0,,11,20,2.345,0.24489525150669172,1.9500000000000017,2.7499999999999996,2000.0,0.0,2000,2000,0.045564516129032256,0.004271850432486029,0.038306451612903226,0.05342741935483871,0.007210401891252956,0.003113225231728385,0.002364066193853428,0.014184397163120567,992.0,0.0,992,992,423.0,0.0,423,423,0.37956804114878173,0.017914693647739687,0.3328482189774513,0.4150838788151741,274f49f21a03df6f7da7f330fed2fe31ff1b6bdd1be8fc9ce8088bf297fdd4e6
E1,defocus_blur,5,partial_channel,0.1,1.0,,11,20,4.927500000000001,0.2997696484056772,4.450000000000001,5.600000000000002,2000.0,0.0,2000,2000,0.09380040322580645,0.005612427454686136,0.0846774193548387,0.10584677419354839,0.007328605200945626,0.003245072062190353,0.002364066193853428,0.016548463356973995,992.0,0.0,992,992,423.0,0.0,423,423,0.7535937084555625,0.02983572019277942,0.6788691290020943,0.7908108801245689,274f49f21a03df6f7da7f330fed2fe31ff1b6bdd1be8fc9ce8088bf297fdd4e6
E1,defocus_blur,5,partial_channel,0.2,1.0,,11,20,11.645000000000001,0.5203490731179765,10.4,12.350000000000003,2000.0,0.0,2000,2000,0.222429435483871,0.010669730635591554,0.19657258064516128,0.23588709677419356,0.0076832151300236405,0.0024102738120953733,0.004728132387706856,0.01182033096926714,992.0,0.0,992,992,423.0,0.0,423,423,1.469186468616128,0.05670774892318871,1.3288380360007286,1.531786469399929,274f49f21a03df6f7da7f330fed2fe31ff1b6bdd1be8fc9ce8088bf297fdd4e6
E1,defocus_blur,5,none,0.01,1.0,,0,1,0.0,,0.0,0.0,2000.0,,2000,2000,0.0,,0.0,0.0,0.0,,0.0,0.0,992.0,,992,992,423.0,,423,423,0.0,,0.0,0.0,274f49f21a03df6f7da7f330fed2fe31ff1b6bdd1be8fc9ce8088bf297fdd4e6
E1,defocus_blur,5,none,0.01,1.0,,1,1,0.0,,0.0,0.0,2000.0,,2000,2000,0.0,,0.0,0.0,0.0,,0.0,0.0,992.0,,992,992,423.0,,423,423,0.0,,0.0,0.0,274f49f21a03df6f7da7f330fed2fe31ff1b6bdd1be8fc9ce8088bf297fdd4e6
E1,defocus_blur,5,none,0.01,1.0,,2,1,0.0,,0.0,0.0,2000.0,,2000,2000,0.0,,0.0,0.0,0.0,,0.0,0.0,992.0,,992,992,423.0,,423,423,0.0,,0.0,0.0,274f49f21a03df6f7da7f330fed2fe31ff1b6bdd1be8fc9ce8088bf297fdd4e6
E1,defocus_blur,5,none,0.01,1.0,,3,1,0.0,,0.0,0.0,2000.0,,2000,2000,0.0,,0.0,0.0,0.0,,0.0,0.0,992.0,,992,992,423.0,,423,423,0.0,,0.0,0.0,274f49f21a03df6f7da7f330fed2fe31ff1b6bdd1be8fc9ce8088bf297fdd4e6
E1,defocus_blur,5,none,0.01,1.0,,4,1,0.0,,0.0,0.0,2000.0,,2000,2000,0.0,,0.0,0.0,0.0,,0.0,0.0,992.0,,992,992,423.0,,423,423,0.0,,0.0,0.0,274f49f21a03df6f7da7f330fed2fe31ff1b6bdd1be8fc9ce8088bf297fdd4e6
E1,defocus_blur,5,none,0.01,1.0,,5,1,0.0,,0.0,0.0,2000.0,,2000,2000,0.0,,0.0,0.0,0.0,,0.0,0.0,992.0,,992,992,423.0,,423,423,0.0,,0.0,0.0,274f49f21a03df6f7da7f330fed2fe31ff1b6bdd1be8fc9ce8088bf297fdd4e6
E1,defocus_blur,5,none,0.01,1.0,,6,1,0.0,,0.0,0.0,2000.0,,2000,2000,0.0,,0.0,0.0,0.0,,0.0,0.0,992.0,,992,992,423.0,,423,423,0.0,,0.0,0.0,274f49f21a03df6f7da7f330fed2fe31ff1b6bdd1be8fc9ce8088bf297fdd4e6
E1,defocus_blur,5,none,0.01,1.0,,7,1,0.0,,0.0,0.0,2000.0,,2000,2000,0.0,,0.0,0.0,0.0,,0.0,0.0,992.0,,992,992,423.0,,423,423,0.0,,0.0,0.0,274f49f21a03df6f7da7f330fed2fe31ff1b6bdd1be8fc9ce8088bf297fdd4e6
E1,defocus_blur,5,none,0.01,1.0,,8,1,0.0,,0.0,0.0,2000.0,,2000,2000,0.0,,0.0,0.0,0.0,,0.0,0.0,992.0,,992,992,423.0,,423,423,0.0,,0.0,0.0,274f49f21a03df6f7da7f330fed2fe31ff1b6bdd1be8fc9ce8088bf297fdd4e6
E1,defocus_blur,5,none,0.01,1.0,,9,1,0.0,,0.0,0.0,2000.0,,2000,2000,0.0,,0.0,0.0,0.0,,0.0,0.0,992.0,,992,992,423.0,,423,423,0.0,,0.0,0.0,274f49f21a03df6f7da7f330fed2fe31ff1b6bdd1be8fc9ce8088bf297fdd4e6
E1,defocus_blur,5,none,0.01,1.0,,10,1,0.0,,0.0,0.0,2000.0,,2000,2000,0.0,,0.0,0.0,0.0,,0.0,0.0,992.0,,992,992,423.0,,423,423,0.0,,0.0,0.0,274f49f21a03df6f7da7f330fed2fe31ff1b6bdd1be8fc9ce8088bf297fdd4e6
E1,defocus_blur,5,none,0.01,1.0,,11,1,0.0,,0.0,0.0,2000.0,,2000,2000,0.0,,0.0,0.0,0.0,,0.0,0.0,992.0,,992,992,423.0,,423,423,0.0,,0.0,0.0,274f49f21a03df6f7da7f330fed2fe31ff1b6bdd1be8fc9ce8088bf297fdd4e6
E1,defocus_blur,5,clean_to_clean,0.01,1.0,,0,1,48.4,,48.4,48.4,2000.0,,2000,2000,1.0,,1.0,1.0,0.05673758865248227,,0.05673758865248227,0.05673758865248227,992.0,,992,992,423.0,,423,423,4.31677196842432,,4.31677196842432,4.31677196842432,274f49f21a03df6f7da7f330fed2fe31ff1b6bdd1be8fc9ce8088bf297fdd4e6
E1,defocus_blur,5,clean_to_clean,0.01,1.0,,1,1,48.4,,48.4,48.4,2000.0,,2000,2000,1.0,,1.0,1.0,0.05673758865248227,,0.05673758865248227,0.05673758865248227,992.0,,992,992,423.0,,423,423,4.31677196842432,,4.31677196842432,4.31677196842432,274f49f21a03df6f7da7f330fed2fe31ff1b6bdd1be8fc9ce8088bf297fdd4e6
E1,defocus_blur,5,clean_to_clean,0.01,1.0,,2,1,48.4,,48.4,48.4,2000.0,,2000,2000,1.0,,1.0,1.0,0.05673758865248227,,0.05673758865248227,0.05673758865248227,992.0,,992,992,423.0,,423,423,4.31677196842432,,4.31677196842432,4.31677196842432,274f49f21a03df6f7da7f330fed2fe31ff1b6bdd1be8fc9ce8088bf297fdd4e6
E1,defocus_blur,5,clean_to_clean,0.01,1.0,,3,1,48.4,,48.4,48.4,2000.0,,2000,2000,1.0,,1.0,1.0,0.05673758865248227,,0.05673758865248227,0.05673758865248227,992.0,,992,992,423.0,,423,423,4.31677196842432,,4.31677196842432,4.31677196842432,274f49f21a03df6f7da7f330fed2fe31ff1b6bdd1be8fc9ce8088bf297fdd4e6
E1,defocus_blur,5,clean_to_clean,0.01,1.0,,4,1,48.4,,48.4,48.4,2000.0,,2000,2000,1.0,,1.0,1.0,0.05673758865248227,,0.05673758865248227,0.05673758865248227,992.0,,992,992,423.0,,423,423,4.31677196842432,,4.31677196842432,4.31677196842432,274f49f21a03df6f7da7f330fed2fe31ff1b6bdd1be8fc9ce8088bf297fdd4e6
E1,defocus_blur,5,clean_to_clean,0.01,1.0,,5,1,48.4,,48.4,48.4,2000.0,,2000,2000,1.0,,1.0,1.0,0.05673758865248227,,0.05673758865248227,0.05673758865248227,992.0,,992,992,423.0,,423,423,4.31677196842432,,4.31677196842432,4.31677196842432,274f49f21a03df6f7da7f330fed2fe31ff1b6bdd1be8fc9ce8088bf297fdd4e6
E1,defocus_blur,5,clean_to_clean,0.01,1.0,,6,1,48.4,,48.4,48.4,2000.0,,2000,2000,1.0,,1.0,1.0,0.05673758865248227,,0.05673758865248227,0.05673758865248227,992.0,,992,992,423.0,,423,423,4.31677196842432,,4.31677196842432,4.31677196842432,274f49f21a03df6f7da7f330fed2fe31ff1b6bdd1be8fc9ce8088bf297fdd4e6
E1,defocus_blur,5,clean_to_clean,0.01,1.0,,7,1,48.4,,48.4,48.4,2000.0,,2000,2000,1.0,,1.0,1.0,0.05673758865248227,,0.05673758865248227,0.05673758865248227,992.0,,992,992,423.0,,423,423,4.31677196842432,,4.31677196842432,4.31677196842432,274f49f21a03df6f7da7f330fed2fe31ff1b6bdd1be8fc9ce8088bf297fdd4e6
E1,defocus_blur,5,clean_to_clean,0.01,1.0,,8,1,48.4,,48.4,48.4,2000.0,,2000,2000,1.0,,1.0,1.0,0.05673758865248227,,0.05673758865248227,0.05673758865248227,992.0,,992,992,423.0,,423,423,4.31677196842432,,4.31677196842432,4.31677196842432,274f49f21a03df6f7da7f330fed2fe31ff1b6bdd1be8fc9ce8088bf297fdd4e6
E1,defocus_blur,5,clean_to_clean,0.01,1.0,,9,1,48.4,,48.4,48.4,2000.0,,2000,2000,1.0,,1.0,1.0,0.05673758865248227,,0.05673758865248227,0.05673758865248227,992.0,,992,992,423.0,,423,423,4.31677196842432,,4.31677196842432,4.31677196842432,274f49f21a03df6f7da7f330fed2fe31ff1b6bdd1be8fc9ce8088bf297fdd4e6
E1,defocus_blur,5,clean_to_clean,0.01,1.0,,10,1,48.4,,48.4,48.4,2000.0,,2000,2000,1.0,,1.0,1.0,0.05673758865248227,,0.05673758865248227,0.05673758865248227,992.0,,992,992,423.0,,423,423,4.31677196842432,,4.31677196842432,4.31677196842432,274f49f21a03df6f7da7f330fed2fe31ff1b6bdd1be8fc9ce8088bf297fdd4e6
E1,defocus_blur,5,clean_to_clean,0.01,1.0,,11,1,48.4,,48.4,48.4,2000.0,,2000,2000,1.0,,1.0,1.0,0.05673758865248227,,0.05673758865248227,0.05673758865248227,992.0,,992,992,423.0,,423,423,4.31677196842432,,4.31677196842432,4.31677196842432,274f49f21a03df6f7da7f330fed2fe31ff1b6bdd1be8fc9ce8088bf297fdd4e6
E1,defocus_blur,5,full_state,0.01,1.0,,0,1,48.4,,48.4,48.4,2000.0,,2000,2000,1.0,,1.0,1.0,0.05673758865248227,,0.05673758865248227,0.05673758865248227,992.0,,992,992,423.0,,423,423,4.31677196842432,,4.31677196842432,4.31677196842432,274f49f21a03df6f7da7f330fed2fe31ff1b6bdd1be8fc9ce8088bf297fdd4e6
E1,defocus_blur,5,full_state,0.01,1.0,,1,1,48.4,,48.4,48.4,2000.0,,2000,2000,1.0,,1.0,1.0,0.05673758865248227,,0.05673758865248227,0.05673758865248227,992.0,,992,992,423.0,,423,423,4.31677196842432,,4.31677196842432,4.31677196842432,274f49f21a03df6f7da7f330fed2fe31ff1b6bdd1be8fc9ce8088bf297fdd4e6
E1,defocus_blur,5,full_state,0.01,1.0,,2,1,48.4,,48.4,48.4,2000.0,,2000,2000,1.0,,1.0,1.0,0.05673758865248227,,0.05673758865248227,0.05673758865248227,992.0,,992,992,423.0,,423,423,4.31677196842432,,4.31677196842432,4.31677196842432,274f49f21a03df6f7da7f330fed2fe31ff1b6bdd1be8fc9ce8088bf297fdd4e6
E1,defocus_blur,5,full_state,0.01,1.0,,3,1,48.4,,48.4,48.4,2000.0,,2000,2000,1.0,,1.0,1.0,0.05673758865248227,,0.05673758865248227,0.05673758865248227,992.0,,992,992,423.0,,423,423,4.31677196842432,,4.31677196842432,4.31677196842432,274f49f21a03df6f7da7f330fed2fe31ff1b6bdd1be8fc9ce8088bf297fdd4e6
E1,defocus_blur,5,full_state,0.01,1.0,,4,1,48.4,,48.4,48.4,2000.0,,2000,2000,1.0,,1.0,1.0,0.05673758865248227,,0.05673758865248227,0.05673758865248227,992.0,,992,992,423.0,,423,423,4.31677196842432,,4.31677196842432,4.31677196842432,274f49f21a03df6f7da7f330fed2fe31ff1b6bdd1be8fc9ce8088bf297fdd4e6
E1,defocus_blur,5,full_state,0.01,1.0,,5,1,48.4,,48.4,48.4,2000.0,,2000,2000,1.0,,1.0,1.0,0.05673758865248227,,0.05673758865248227,0.05673758865248227,992.0,,992,992,423.0,,423,423,4.31677196842432,,4.31677196842432,4.31677196842432,274f49f21a03df6f7da7f330fed2fe31ff1b6bdd1be8fc9ce8088bf297fdd4e6
E1,defocus_blur,5,full_state,0.01,1.0,,6,1,48.4,,48.4,48.4,2000.0,,2000,2000,1.0,,1.0,1.0,0.05673758865248227,,0.05673758865248227,0.05673758865248227,992.0,,992,992,423.0,,423,423,4.31677196842432,,4.31677196842432,4.31677196842432,274f49f21a03df6f7da7f330fed2fe31ff1b6bdd1be8fc9ce8088bf297fdd4e6
E1,defocus_blur,5,full_state,0.01,1.0,,7,1,48.4,,48.4,48.4,2000.0,,2000,2000,1.0,,1.0,1.0,0.05673758865248227,,0.05673758865248227,0.05673758865248227,992.0,,992,992,423.0,,423,423,4.31677196842432,,4.31677196842432,4.31677196842432,274f49f21a03df6f7da7f330fed2fe31ff1b6bdd1be8fc9ce8088bf297fdd4e6
E1,defocus_blur,5,full_state,0.01,1.0,,8,1,48.4,,48.4,48.4,2000.0,,2000,2000,1.0,,1.0,1.0,0.05673758865248227,,0.05673758865248227,0.05673758865248227,992.0,,992,992,423.0,,423,423,4.31677196842432,,4.31677196842432,4.31677196842432,274f49f21a03df6f7da7f330fed2fe31ff1b6bdd1be8fc9ce8088bf297fdd4e6
E1,defocus_blur,5,full_state,0.01,1.0,,9,1,48.4,,48.4,48.4,2000.0,,2000,2000,1.0,,1.0,1.0,0.05673758865248227,,0.05673758865248227,0.05673758865248227,992.0,,992,992,423.0,,423,423,4.31677196842432,,4.31677196842432,4.31677196842432,274f49f21a03df6f7da7f330fed2fe31ff1b6bdd1be8fc9ce8088bf297fdd4e6
E1,defocus_blur,5,full_state,0.01,1.0,,10,1,48.4,,48.4,48.4,2000.0,,2000,2000,1.0,,1.0,1.0,0.05673758865248227,,0.05673758865248227,0.05673758865248227,992.0,,992,992,423.0,,423,423,4.31677196842432,,4.31677196842432,4.31677196842432,274f49f21a03df6f7da7f330fed2fe31ff1b6bdd1be8fc9ce8088bf297fdd4e6
E1,defocus_blur,5,full_state,0.01,1.0,,11,1,48.4,,48.4,48.4,2000.0,,2000,2000,1.0,,1.0,1.0,0.05673758865248227,,0.05673758865248227,0.05673758865248227,992.0,,992,992,423.0,,423,423,4.31677196842432,,4.31677196842432,4.31677196842432,274f49f21a03df6f7da7f330fed2fe31ff1b6bdd1be8fc9ce8088bf297fdd4e6
E1,defocus_blur,5,random_direction,0.01,1.0,,0,1,-0.40000000000000036,,-0.40000000000000036,-0.40000000000000036,2000.0,,2000,2000,0.016129032258064516,,0.016129032258064516,0.016129032258064516,0.06619385342789598,,0.06619385342789598,0.06619385342789598,992.0,,992,992,423.0,,423,423,-0.0582057079076767,,-0.0582057079076767,-0.0582057079076767,274f49f21a03df6f7da7f330fed2fe31ff1b6bdd1be8fc9ce8088bf297fdd4e6
E1,defocus_blur,5,random_direction,0.01,1.0,,1,1,-0.15000000000000013,,-0.15000000000000013,-0.15000000000000013,2000.0,,2000,2000,0.006048387096774193,,0.006048387096774193,0.006048387096774193,0.02364066193853428,,0.02364066193853428,0.02364066193853428,992.0,,992,992,423.0,,423,423,-0.007525014579296112,,-0.007525014579296112,-0.007525014579296112,274f49f21a03df6f7da7f330fed2fe31ff1b6bdd1be8fc9ce8088bf297fdd4e6
E1,defocus_blur,5,random_direction,0.01,1.0,,2,1,0.10000000000000009,,0.10000000000000009,0.10000000000000009,2000.0,,2000,2000,0.007056451612903226,,0.007056451612903226,0.007056451612903226,0.014184397163120567,,0.014184397163120567,0.014184397163120567,992.0,,992,992,423.0,,423,423,-0.005407594263553619,,-0.005407594263553619,-0.005407594263553619,274f49f21a03df6f7da7f330fed2fe31ff1b6bdd1be8fc9ce8088bf297fdd4e6
E1,defocus_blur,5,random_direction,0.01,1.0,,3,1,0.050000000000000044,,0.050000000000000044,0.050000000000000044,2000.0,,2000,2000,0.006048387096774193,,0.006048387096774193,0.006048387096774193,0.014184397163120567,,0.014184397163120567,0.014184397163120567,992.0,,992,992,423.0,,423,423,-0.0012576982378959655,,-0.0012576982378959655,-0.0012576982378959655,274f49f21a03df6f7da7f330fed2fe31ff1b6bdd1be8fc9ce8088bf297fdd4e6
E1,defocus_blur,5,random_direction,0.01,1.0,,4,1,0.0,,0.0,0.0,2000.0,,2000,2000,0.007056451612903226,,0.007056451612903226,0.007056451612903226,0.016548463356973995,,0.016548463356973995,0.016548463356973995,992.0,,992,992,423.0,,423,423,-0.002604944109916687,,-0.002604944109916687,-0.002604944109916687,274f49f21a03df6f7da7f330fed2fe31ff1b6bdd1be8fc9ce8088bf297fdd4e6
E1,defocus_blur,5,random_direction,0.01,1.0,,5,1,0.10000000000000009,,0.10000000000000009,0.10000000000000009,2000.0,,2000,2000,0.007056451612903226,,0.007056451612903226,0.007056451612903226,0.016548463356973995,,0.016548463356973995,0.016548463356973995,992.0,,992,992,423.0,,423,423,0.000584340512752533,,0.000584340512752533,0.000584340512752533,274f49f21a03df6f7da7f330fed2fe31ff1b6bdd1be8fc9ce8088bf297fdd4e6
E1,defocus_blur,5,random_direction,0.01,1.0,,6,1,0.20000000000000018,,0.20000000000000018,0.20000000000000018,2000.0,,2000,2000,0.01310483870967742,,0.01310483870967742,0.01310483870967742,0.026004728132387706,,0.026004728132387706,0.026004728132387706,992.0,,992,992,423.0,,423,423,-0.0011389132738113404,,-0.0011389132738113404,-0.0011389132738113404,274f49f21a03df6f7da7f330fed2fe31ff1b6bdd1be8fc9ce8088bf297fdd4e6
E1,defocus_blur,5,random_direction,0.01,1.0,,7,1,0.20000000000000018,,0.20000000000000018,0.20000000000000018,2000.0,,2000,2000,0.01310483870967742,,0.01310483870967742,0.01310483870967742,0.02364066193853428,,0.02364066193853428,0.02364066193853428,992.0,,992,992,423.0,,423,423,0.0019354106783866882,,0.0019354106783866882,0.0019354106783866882,274f49f21a03df6f7da7f330fed2fe31ff1b6bdd1be8fc9ce8088bf297fdd4e6
E1,defocus_blur,5,random_direction,0.01,1.0,,8,1,0.2500000000000002,,0.2500000000000002,0.2500000000000002,2000.0,,2000,2000,0.014112903225806451,,0.014112903225806451,0.014112903225806451,0.030732860520094562,,0.030732860520094562,0.030732860520094562,992.0,,992,992,423.0,,423,423,0.007349127531051635,,0.007349127531051635,0.007349127531051635,274f49f21a03df6f7da7f330fed2fe31ff1b6bdd1be8fc9ce8088bf297fdd4e6
E1,defocus_blur,5,random_direction,0.01,1.0,,9,1,0.0,,0.0,0.0,2000.0,,2000,2000,0.010080645161290322,,0.010080645161290322,0.010080645161290322,0.03309692671394799,,0.03309692671394799,0.03309692671394799,992.0,,992,992,423.0,,423,423,0.016014126658439636,,0.016014126658439636,0.016014126658439636,274f49f21a03df6f7da7f330fed2fe31ff1b6bdd1be8fc9ce8088bf297fdd4e6
E1,defocus_blur,5,random_direction,0.01,1.0,,10,1,0.10000000000000009,,0.10000000000000009,0.10000000000000009,2000.0,,2000,2000,0.010080645161290322,,0.010080645161290322,0.010080645161290322,0.028368794326241134,,0.028368794326241134,0.028368794326241134,992.0,,992,992,423.0,,423,423,0.015747244477272035,,0.015747244477272035,0.015747244477272035,274f49f21a03df6f7da7f330fed2fe31ff1b6bdd1be8fc9ce8088bf297fdd4e6
E1,defocus_blur,5,random_direction,0.01,1.0,,11,1,0.15000000000000013,,0.15000000000000013,0.15000000000000013,2000.0,,2000,2000,0.009072580645161291,,0.009072580645161291,0.009072580645161291,0.02364066193853428,,0.02364066193853428,0.02364066193853428,992.0,,992,992,423.0,,423,423,0.026897832930088045,,0.026897832930088045,0.026897832930088045,274f49f21a03df6f7da7f330fed2fe31ff1b6bdd1be8fc9ce8088bf297fdd4e6
E1,defocus_blur,5,shuffled_donor,0.01,1.0,,0,1,-0.10000000000000009,,-0.10000000000000009,-0.10000000000000009,2000.0,,2000,2000,0.03225806451612903,,0.03225806451612903,0.03225806451612903,0.09692671394799054,,0.09692671394799054,0.09692671394799054,992.0,,992,992,423.0,,423,423,-0.09917387181520462,,-0.09917387181520462,-0.09917387181520462,274f49f21a03df6f7da7f330fed2fe31ff1b6bdd1be8fc9ce8088bf297fdd4e6
E1,defocus_blur,5,shuffled_donor,0.01,1.0,,1,1,0.20000000000000018,,0.20000000000000018,0.20000000000000018,2000.0,,2000,2000,0.024193548387096774,,0.024193548387096774,0.024193548387096774,0.054373522458628844,,0.054373522458628844,0.054373522458628844,992.0,,992,992,423.0,,423,423,-0.02999972927570343,,-0.02999972927570343,-0.02999972927570343,274f49f21a03df6f7da7f330fed2fe31ff1b6bdd1be8fc9ce8088bf297fdd4e6
E1,defocus_blur,5,shuffled_donor,0.01,1.0,,2,1,0.10000000000000009,,0.10000000000000009,0.10000000000000009,2000.0,,2000,2000,0.017137096774193547,,0.017137096774193547,0.017137096774193547,0.04018912529550828,,0.04018912529550828,0.04018912529550828,992.0,,992,992,423.0,,423,423,0.019540944814682007,,0.019540944814682007,0.019540944814682007,274f49f21a03df6f7da7f330fed2fe31ff1b6bdd1be8fc9ce8088bf297fdd4e6
E1,defocus_blur,5,shuffled_donor,0.01,1.0,,3,1,-0.6000000000000005,,-0.6000000000000005,-0.6000000000000005,2000.0,,2000,2000,0.008064516129032258,,0.008064516129032258,0.008064516129032258,0.04728132387706856,,0.04728132387706856,0.04728132387706856,992.0,,992,992,423.0,,423,423,0.009315551936626434,,0.009315551936626434,0.009315551936626434,274f49f21a03df6f7da7f330fed2fe31ff1b6bdd1be8fc9ce8088bf297fdd4e6
E1,defocus_blur,5,shuffled_donor,0.01,1.0,,4,1,-0.050000000000000044,,-0.050000000000000044,-0.050000000000000044,2000.0,,2000,2000,0.016129032258064516,,0.016129032258064516,0.016129032258064516,0.04728132387706856,,0.04728132387706856,0.04728132387706856,992.0,,992,992,423.0,,423,423,0.00873017418384552,,0.00873017418384552,0.00873017418384552,274f49f21a03df6f7da7f330fed2fe31ff1b6bdd1be8fc9ce8088bf297fdd4e6
E1,defocus_blur,5,shuffled_donor,0.01,1.0,,5,1,-0.3500000000000003,,-0.3500000000000003,-0.3500000000000003,2000.0,,2000,2000,0.016129032258064516,,0.016129032258064516,0.016129032258064516,0.05673758865248227,,0.05673758865248227,0.05673758865248227,992.0,,992,992,423.0,,423,423,-0.01708982443809509,,-0.01708982443809509,-0.01708982443809509,274f49f21a03df6f7da7f330fed2fe31ff1b6bdd1be8fc9ce8088bf297fdd4e6
E1,defocus_blur,5,shuffled_donor,0.01,1.0,,6,1,-0.30000000000000027,,-0.30000000000000027,-0.30000000000000027,2000.0,,2000,2000,0.012096774193548387,,0.012096774193548387,0.012096774193548387,0.04728132387706856,,0.04728132387706856,0.04728132387706856,992.0,,992,992,423.0,,423,423,-0.013971550762653351,,-0.013971550762653351,-0.013971550762653351,274f49f21a03df6f7da7f330fed2fe31ff1b6bdd1be8fc9ce8088bf297fdd4e6
E1,defocus_blur,5,shuffled_donor,0.01,1.0,,7,1,-0.050000000000000044,,-0.050000000000000044,-0.050000000000000044,2000.0,,2000,2000,0.01310483870967742,,0.01310483870967742,0.01310483870967742,0.037825059101654845,,0.037825059101654845,0.037825059101654845,992.0,,992,992,423.0,,423,423,-0.020348610758781433,,-0.020348610758781433,-0.020348610758781433,274f49f21a03df6f7da7f330fed2fe31ff1b6bdd1be8fc9ce8088bf297fdd4e6
E1,defocus_blur,5,shuffled_donor,0.01,1.0,,8,1,0.050000000000000044,,0.050000000000000044,0.050000000000000044,2000.0,,2000,2000,0.009072580645161291,,0.009072580645161291,0.009072580645161291,0.02364066193853428,,0.02364066193853428,0.02364066193853428,992.0,,992,992,423.0,,423,423,-0.0006534368395805359,,-0.0006534368395805359,-0.0006534368395805359,274f49f21a03df6f7da7f330fed2fe31ff1b6bdd1be8fc9ce8088bf297fdd4e6
E1,defocus_blur,5,shuffled_donor,0.01,1.0,,9,1,0.2500000000000002,,0.2500000000000002,0.2500000000000002,2000.0,,2000,2000,0.009072580645161291,,0.009072580645161291,0.009072580645161291,0.014184397163120567,,0.014184397163120567,0.014184397163120567,992.0,,992,992,423.0,,423,423,0.0017618419528007507,,0.0017618419528007507,0.0017618419528007507,274f49f21a03df6f7da7f330fed2fe31ff1b6bdd1be8fc9ce8088bf297fdd4e6
E1,defocus_blur,5,shuffled_donor,0.01,1.0,,10,1,-0.050000000000000044,,-0.050000000000000044,-0.050000000000000044,2000.0,,2000,2000,0.006048387096774193,,0.006048387096774193,0.006048387096774193,0.02127659574468085,,0.02127659574468085,0.02127659574468085,992.0,,992,992,423.0,,423,423,0.004008415460586548,,0.004008415460586548,0.004008415460586548,274f49f21a03df6f7da7f330fed2fe31ff1b6bdd1be8fc9ce8088bf297fdd4e6
E1,defocus_blur,5,shuffled_donor,0.01,1.0,,11,1,0.15000000000000013,,0.15000000000000013,0.15000000000000013,2000.0,,2000,2000,0.007056451612903226,,0.007056451612903226,0.007056451612903226,0.016548463356973995,,0.016548463356973995,0.016548463356973995,992.0,,992,992,423.0,,423,423,0.018598771572113038,,0.018598771572113038,0.018598771572113038,274f49f21a03df6f7da7f330fed2fe31ff1b6bdd1be8fc9ce8088bf297fdd4e6
E1,contrast,1,partial_channel,0.01,1.0,,0,20,0.06000000000000283,0.1736602854334917,-0.24999999999999467,0.40000000000000036,2000.0,0.0,2000,2000,0.0532258064516129,0.032814480598961686,0.010752688172043012,0.17204301075268819,0.004863669859985262,0.004730082987732119,0.0,0.022844509948415623,93.0,0.0,93,93,1357.0,0.0,1357,1357,0.0022672729343175884,0.00601481075989546,-0.004846013724803925,0.02368752908706665,274f49f21a03df6f7da7f330fed2fe31ff1b6bdd1be8fc9ce8088bf297fdd4e6
E1,contrast,1,partial_channel,0.05,1.0,,0,20,0.12000000000000344,0.2975337221046959,-0.5000000000000004,0.550000000000006,2000.0,0.0,2000,2000,0.1440860215053763,0.046726846047596256,0.06451612903225806,0.22580645161290322,0.016138540899042007,0.005550248670853237,0.008843036109064112,0.029476787030213707,93.0,0.0,93,93,1357.0,0.0,1357,1357,0.01468504830002785,0.022203186348083246,-0.012680079102516175,0.07203371715545655,274f49f21a03df6f7da7f330fed2fe31ff1b6bdd1be8fc9ce8088bf297fdd4e6
E1,contrast,1,partial_channel,0.1,1.0,,0,20,-0.1874999999999971,0.8489738387885519,-2.6000000000000023,0.6500000000000061,2000.0,0.0,2000,2000,0.22634408602150535,0.07749752388982295,0.15053763440860216,0.44086021505376344,0.030361090641120116,0.018983973480269402,0.015475313190862197,0.08769344141488578,93.0,0.0,93,93,1357.0,0.0,1357,1357,0.008277981236577034,0.04158299540957292,-0.06872084474563599,0.09725854176282883,274f49f21a03df6f7da7f330fed2fe31ff1b6bdd1be8fc9ce8088bf297fdd4e6
E1,contrast,1,partial_channel,0.2,1.0,,0,20,-0.2924999999999967,0.6079029960705735,-1.6000000000000014,0.40000000000000036,2000.0,0.0,2000,2000,0.30483870967741933,0.07031780381796936,0.1935483870967742,0.45161290322580644,0.041304347826086954,0.012383009076860279,0.03021370670596905,0.0707442888725129,93.0,0.0,93,93,1357.0,0.0,1357,1357,0.05162137968838214,0.05594285177295952,-0.011931236743927001,0.18854116559028625,274f49f21a03df6f7da7f330fed2fe31ff1b6bdd1be8fc9ce8088bf297fdd4e6
E1,contrast,1,partial_channel,0.01,1.0,,1,20,0.05500000000000227,0.143178210632764,-0.20000000000000018,0.30000000000000027,2000.0,0.0,2000,2000,0.03924731182795699,0.02448885982310478,0.010752688172043012,0.11827956989247312,0.0029476787030213707,0.0030242545382023703,0.0007369196757553427,0.01400147383935151,93.0,0.0,93,93,1357.0,0.0,1357,1357,0.003497462430596351,0.00557519978826406,-0.002376596212387085,0.020652809858322144,274f49f21a03df6f7da7f330fed2fe31ff1b6bdd1be8fc9ce8088bf297fdd4e6
E1,contrast,1,partial_channel,0.05,1.0,,1,20,0.250000000000003,0.2951360078978753,-0.34999999999999476,0.7000000000000006,2000.0,0.0,2000,2000,0.1129032258064516,0.054214295217594126,0.053763440860215055,0.21505376344086022,0.00991156963890936,0.003351289905756718,0.004421518054532056,0.018422991893883568,93.0,0.0,93,93,1357.0,0.0,1357,1357,0.026262230861186973,0.020289706837269127,0.005907304644584656,0.07443290400505066,274f49f21a03df6f7da7f330fed2fe31ff1b6bdd1be8fc9ce8088bf297fdd4e6
E1,contrast,1,partial_channel,0.1,1.0,,1,20,0.27000000000000357,0.2696976865033571,-0.24999999999999467,0.7500000000000062,2000.0,0.0,2000,2000,0.1887096774193548,0.07271728319386811,0.10752688172043011,0.3655913978494624,0.01713338246131172,0.007950809900433667,0.009579955784819455,0.0397936624907885,93.0,0.0,93,93,1357.0,0.0,1357,1357,0.05145864331126213,0.02996403597950572,0.006325667679309845,0.11521861183643341,274f49f21a03df6f7da7f330fed2fe31ff1b6bdd1be8fc9ce8088bf297fdd4e6
E1,contrast,1,partial_channel,0.2,1.0,,1,20,0.48000000000000265,0.356296742085935,-0.24999999999999467,0.9499999999999953,2000.0,0.0,2000,2000,0.2973118279569892,0.08161275782839564,0.15053763440860216,0.43010752688172044,0.02394988946204864,0.006836002775255099,0.013264554163596167,0.03758290346352248,93.0,0.0,93,93,1357.0,0.0,1357,1357,0.12780176451802253,0.05180326395785214,0.030201857328414915,0.2195764880180359,274f49f21a03df6f7da7f330fed2fe31ff1b6bdd1be8fc9ce8088bf297fdd4e6
E1,contrast,1,partial_channel,0.01,1.0,,2,20,0.07750000000000201,0.10192231303662976,-0.14999999999999458,0.2500000000000058,2000.0,0.0,2000,2000,0.041397849462365584,0.01950984899449353,0.010752688172043012,0.0967741935483871,0.0027266028002947682,0.0021264079703022017,0.0007369196757553427,0.010316875460574797,93.0,0.0,93,93,1357.0,0.0,1357,1357,0.005434469556808472,0.0050047879575794135,-0.00025759679079055784,0.017051112115383148,274f49f21a03df6f7da7f330fed2fe31ff1b6bdd1be8fc9ce8088bf297fdd4e6
E1,contrast,1,partial_channel,0.05,1.0,,2,20,0.21500000000000402,0.2763007514704913,-0.44999999999999485,0.7500000000000062,2000.0,0.0,2000,2000,0.1182795698924731,0.04171797961286274,0.053763440860215055,0.23655913978494625,0.009358879882092852,0.002870055797863304,0.005158437730287398,0.015475313190862197,93.0,0.0,93,93,1357.0,0.0,1357,1357,0.03686359893679619,0.024853638377397028,0.007436785459518432,0.0965553332567215,274f49f21a03df6f7da7f330fed2fe31ff1b6bdd1be8fc9ce8088bf297fdd4e6
E1,contrast,1,partial_channel,0.1,1.0,,2,20,0.4000000000000026,0.3141404312187715,-0.40000000000000036,1.1499999999999955,2000.0,0.0,2000,2000,0.19946236559139782,0.06963952311584092,0.08602150537634409,0.3548387096774194,0.01440677966101695,0.004411649123976286,0.008843036109064112,0.025792188651436992,93.0,0.0,93,93,1357.0,0.0,1357,1357,0.07403205550312994,0.0333694778879894,0.010809888541698455,0.14979364335536957,274f49f21a03df6f7da7f330fed2fe31ff1b6bdd1be8fc9ce8088bf297fdd4e6
E1,contrast,1,partial_channel,0.2,1.0,,2,20,0.6350000000000039,0.18574175621006533,0.2500000000000058,0.9000000000000008,2000.0,0.0,2000,2000,0.3091397849462365,0.06745567024362371,0.17204301075268819,0.43010752688172044,0.021039056742815036,0.006046027733630346,0.011790714812085483,0.032424465733235076,93.0,0.0,93,93,1357.0,0.0,1357,1357,0.1665083448499441,0.0540509123053381,0.06602316111326217,0.2670784351825714,274f49f21a03df6f7da7f330fed2fe31ff1b6bdd1be8fc9ce8088bf297fdd4e6
E1,contrast,1,partial_channel,0.01,1.0,,3,20,0.10000000000000286,0.09032106474595047,-0.04999999999999449,0.2500000000000058,2000.0,0.0,2000,2000,0.04462365591397849,0.019819302863385287,0.021505376344086023,0.08602150537634409,0.002431834929992631,0.001675325102090688,0.0,0.008106116433308769,93.0,0.0,93,93,1357.0,0.0,1357,1357,0.008157562786340713,0.005772001587117754,-0.0013339157104492187,0.020870410084724428,274f49f21a03df6f7da7f330fed2fe31ff1b6bdd1be8fc9ce8088bf297fdd4e6
E1,contrast,1,partial_channel,0.05,1.0,,3,20,0.35750000000000226,0.20018083929550454,-0.14999999999999458,0.7000000000000006,2000.0,0.0,2000,2000,0.1279569892473118,0.034868879598360075,0.06451612903225806,0.1935483870967742,0.007148120854826824,0.0026418988247037573,0.0036845983787767134,0.013264554163596167,93.0,0.0,93,93,1357.0,0.0,1357,1357,0.0491154813349247,0.01930548614738615,0.01765104579925537,0.09319939255714417,274f49f21a03df6f7da7f330fed2fe31ff1b6bdd1be8fc9ce8088bf297fdd4e6
E1,contrast,1,partial_channel,0.1,1.0,,3,20,0.4650000000000021,0.24926206880985496,-0.10000000000000009,1.0000000000000009,2000.0,0.0,2000,2000,0.20215053763440854,0.05193260726853289,0.10752688172043011,0.27956989247311825,0.012122328666175389,0.003996960276784426,0.006632277081798084,0.020633750921149593,93.0,0.0,93,93,1357.0,0.0,1357,1357,0.09200949109196663,0.030339117953896592,0.03906952965259552,0.1556600557565689,274f49f21a03df6f7da7f330fed2fe31ff1b6bdd1be8fc9ce8088bf297fdd4e6
E1,contrast,1,partial_channel,0.2,1.0,,3,20,0.7350000000000023,0.27819909568886875,0.30000000000000027,1.2499999999999956,2000.0,0.0,2000,2000,0.3231182795698924,0.056087298307464103,0.24731182795698925,0.44086021505376344,0.019380987472365514,0.004704028403023537,0.011790714812085483,0.030950626381724394,93.0,0.0,93,93,1357.0,0.0,1357,1357,0.19669789488911632,0.04120973103951615,0.12680952167510987,0.3092069799900055,274f49f21a03df6f7da7f330fed2fe31ff1b6bdd1be8fc9ce8088bf297fdd4e6
E1,contrast,1,partial_channel,0.01,1.0,,4,20,0.08000000000000285,0.1250263130199728,-0.24999999999999467,0.30000000000000027,2000.0,0.0,2000,2000,0.04354838709677419,0.014160153473345235,0.021505376344086023,0.07526881720430108,0.0025423728813559325,0.001362488764281487,0.0014738393515106854,0.007369196757553427,93.0,0.0,93,93,1357.0,0.0,1357,1357,0.006994769763946533,0.005905686655425282,-0.004577619671821595,0.0202475163936615,274f49f21a03df6f7da7f330fed2fe31ff1b6bdd1be8fc9ce8088bf297fdd4e6
E1,contrast,1,partial_channel,0.05,1.0,,4,20,0.30750000000000277,0.21168186159025468,-0.14999999999999458,0.6000000000000005,2000.0,0.0,2000,2000,0.12204301075268816,0.024980900140727104,0.07526881720430108,0.17204301075268819,0.007037582903463524,0.0025243355891725497,0.0036845983787767134,0.01400147383935151,93.0,0.0,93,93,1357.0,0.0,1357,1357,0.04642490804791451,0.011763855941964625,0.019417403101921082,0.06353391110897064,274f49f21a03df6f7da7f330fed2fe31ff1b6bdd1be8fc9ce8088bf297fdd4e6
E1,contrast,1,partial_channel,0.1,1.0,,4,20,0.4725000000000029,0.26331639963319736,0.0,1.100000000000001,2000.0,0.0,2000,2000,0.19354838709677416,0.036755026329665014,0.10752688172043011,0.24731182795698925,0.010464259395725867,0.0026037584609847446,0.0058953574060427415,0.015475313190862197,93.0,0.0,93,93,1357.0,0.0,1357,1357,0.08894893883466722,0.018028911644718412,0.043556336045265195,0.11852738773822784,274f49f21a03df6f7da7f330fed2fe31ff1b6bdd1be8fc9ce8088bf297fdd4e6
E1,contrast,1,partial_channel,0.2,1.0,,4,20,0.7650000000000018,0.22774639635487268,0.30000000000000027,1.100000000000001,2000.0,0.0,2000,2000,0.31505376344086017,0.049225584182902356,0.23655913978494625,0.41935483870967744,0.016691230655858515,0.003752049104887399,0.010316875460574797,0.02431834929992631,93.0,0.0,93,93,1357.0,0.0,1357,1357,0.18281250633001328,0.021779897334842646,0.14289934241771698,0.23234310019016266,274f49f21a03df6f7da7f330fed2fe31ff1b6bdd1be8fc9ce8088bf297fdd4e6
E1,contrast,1,partial_channel,0.01,1.0,,5,20,0.08000000000000285,0.11854379603736005,-0.14999999999999458,0.30000000000000027,2000.0,0.0,2000,2000,0.042473118279569885,0.022467173864440325,0.010752688172043012,0.0967741935483871,0.0023212969786293295,0.0017935607921615434,0.0007369196757553427,0.008843036109064112,93.0,0.0,93,93,1357.0,0.0,1357,1357,0.008683089783787729,0.0056776683588009,0.00036277806758880615,0.023264384031295778,274f49f21a03df6f7da7f330fed2fe31ff1b6bdd1be8fc9ce8088bf297fdd4e6
E1,contrast,1,partial_channel,0.05,1.0,,5,20,0.34750000000000336,0.1976673175339137,-0.20000000000000018,0.6000000000000005,2000.0,0.0,2000,2000,0.11881720430107526,0.021639367524191513,0.08602150537634409,0.1827956989247312,0.005895357406042742,0.0029379663909406394,0.0014738393515106854,0.012527634487840826,93.0,0.0,93,93,1357.0,0.0,1357,1357,0.05263861236870289,0.021866543087022565,0.02502286636829376,0.1118805046081543,274f49f21a03df6f7da7f330fed2fe31ff1b6bdd1be8fc9ce8088bf297fdd4e6
E1,contrast,1,partial_channel,0.1,1.0,,5,20,0.5900000000000033,0.260364117505101,0.10000000000000009,1.0499999999999954,2000.0,0.0,2000,2000,0.1973118279569892,0.03164384104566306,0.12903225806451613,0.23655913978494625,0.00887988209285188,0.0025129876531360318,0.005158437730287398,0.013264554163596167,93.0,0.0,93,93,1357.0,0.0,1357,1357,0.10128106089234352,0.0222205231830291,0.0703967478275299,0.16186135077476502,274f49f21a03df6f7da7f330fed2fe31ff1b6bdd1be8fc9ce8088bf297fdd4e6
E1,contrast,1,partial_channel,0.2,1.0,,5,20,0.9125000000000005,0.23724016257126704,0.550000000000006,1.4499999999999957,2000.0,0.0,2000,2000,0.33064516129032256,0.035896487985675934,0.27956989247311825,0.40860215053763443,0.014627855563743552,0.002739361597407876,0.009579955784819455,0.02210759027266028,93.0,0.0,93,93,1357.0,0.0,1357,1357,0.1999564985513687,0.02729496762684849,0.15176126885414123,0.2460634640455246,274f49f21a03df6f7da7f330fed2fe31ff1b6bdd1be8fc9ce8088bf297fdd4e6
E1,contrast,1,partial_channel,0.01,1.0,,6,20,0.15000000000000235,0.1337712108119885,-0.20000000000000018,0.35000000000000586,2000.0,0.0,2000,2000,0.04569892473118279,0.01808545691145987,0.010752688172043012,0.08602150537634409,0.0016212232866617542,0.001209701815280948,0.0,0.005158437730287398,93.0,0.0,93,93,1357.0,0.0,1357,1357,0.008594038113951683,0.005340011553001626,0.0009939248561859132,0.017352209687232972,274f49f21a03df6f7da7f330fed2fe31ff1b6bdd1be8fc9ce8088bf297fdd4e6
E1,contrast,1,partial_channel,0.05,1.0,,6,20,0.3250000000000036,0.13907589749182908,0.050000000000005596,0.6500000000000061,2000.0,0.0,2000,2000,0.1129032258064516,0.029292052732558086,0.06451612903225806,0.1827956989247312,0.006521739130434784,0.0024414534541396505,0.002210759027266028,0.010316875460574797,93.0,0.0,93,93,1357.0,0.0,1357,1357,0.052427413985133176,0.023727642807109567,0.02650018298625946,0.11799786341190338,274f49f21a03df6f7da7f330fed2fe31ff1b6bdd1be8fc9ce8088bf297fdd4e6
E1,contrast,1,partial_channel,0.1,1.0,,6,20,0.467500000000003,0.22957340300745102,-0.20000000000000018,0.7500000000000062,2000.0,0.0,2000,2000,0.182258064516129,0.03797244900002094,0.11827956989247312,0.23655913978494625,0.010095799557848196,0.0026092412180793363,0.005158437730287398,0.015475313190862197,93.0,0.0,93,93,1357.0,0.0,1357,1357,0.10300721277594567,0.023661825467878456,0.07157777333259582,0.1634121732711792,274f49f21a03df6f7da7f330fed2fe31ff1b6bdd1be8fc9ce8088bf297fdd4e6
E1,contrast,1,partial_channel,0.2,1.0,,6,20,0.807500000000001,0.2889522816186622,0.20000000000000018,1.4499999999999957,2000.0,0.0,2000,2000,0.3129032258064516,0.05066330748124622,0.24731182795698925,0.41935483870967744,0.01610169491525424,0.0031381195103535216,0.01105379513633014,0.022844509948415623,93.0,0.0,93,93,1357.0,0.0,1357,1357,0.204492696505785,0.03328322050094006,0.16451268804073332,0.29010771358013154,274f49f21a03df6f7da7f330fed2fe31ff1b6bdd1be8fc9ce8088bf297fdd4e6
E1,contrast,1,partial_channel,0.01,1.0,,7,20,0.11500000000000288,0.09190956653718037,-0.04999999999999449,0.30000000000000027,2000.0,0.0,2000,2000,0.04032258064516129,0.019384684276688113,0.010752688172043012,0.07526881720430108,0.0016949152542372885,0.0008316699980056518,0.0007369196757553427,0.0036845983787767134,93.0,0.0,93,93,1357.0,0.0,1357,1357,0.008592604076862334,0.0056059153456120055,0.0012511069774627686,0.023365050435066224,274f49f21a03df6f7da7f330fed2fe31ff1b6bdd1be8fc9ce8088bf297fdd4e6
E1,contrast,1,partial_channel,0.05,1.0,,7,20,0.39000000000000257,0.24473401243412365,-0.10000000000000009,0.9000000000000008,2000.0,0.0,2000,2000,0.12096774193548385,0.03018725799776398,0.053763440860215055,0.1935483870967742,0.005563743551952838,0.002903471397642241,0.0007369196757553427,0.013264554163596167,93.0,0.0,93,93,1357.0,0.0,1357,1357,0.051135276213288304,0.02581179555541852,0.025669074773788454,0.12157460939884186,274f49f21a03df6f7da7f330fed2fe31ff1b6bdd1be8fc9ce8088bf297fdd4e6
E1,contrast,1,partial_channel,0.1,1.0,,7,20,0.3950000000000037,0.22354794611117776,0.050000000000005596,1.0000000000000009,2000.0,0.0,2000,2000,0.17419354838709675,0.03464126208413145,0.0967741935483871,0.22580645161290322,0.009874723655121593,0.0021703109197984466,0.005158437730287398,0.01400147383935151,93.0,0.0,93,93,1357.0,0.0,1357,1357,0.10062919136881827,0.028040345070143184,0.0673141726255417,0.16194860219955445,274f49f21a03df6f7da7f330fed2fe31ff1b6bdd1be8fc9ce8088bf297fdd4e6
E1,contrast,1,partial_channel,0.2,1.0,,7,20,0.8325000000000014,0.26471185923764673,0.2500000000000058,1.3499999999999956,2000.0,0.0,2000,2000,0.3048387096774193,0.04631808660957915,0.1935483870967742,0.3763440860215054,0.01451731761238025,0.0032790855506686792,0.01105379513633014,0.023581429624170966,93.0,0.0,93,93,1357.0,0.0,1357,1357,0.20096974549889562,0.038586907152329396,0.1447505874633789,0.3166012605428696,274f49f21a03df6f7da7f330fed2fe31ff1b6bdd1be8fc9ce8088bf297fdd4e6
E1,contrast,1,partial_channel,0.01,1.0,,8,20,0.10500000000000231,0.09719757415209848,-0.04999999999999449,0.35000000000000586,2000.0,0.0,2000,2000,0.04301075268817204,0.01560163978731208,0.021505376344086023,0.07526881720430108,0.0017686072218128224,0.0009072763614607111,0.0007369196757553427,0.0036845983787767134,93.0,0.0,93,93,1357.0,0.0,1357,1357,0.009052280670404433,0.006117979051149221,0.001254345417022705,0.029396601378917694,274f49f21a03df6f7da7f330fed2fe31ff1b6bdd1be8fc9ce8088bf297fdd4e6
E1,contrast,1,partial_channel,0.05,1.0,,8,20,0.2750000000000042,0.1976839582981404,0.050000000000005596,0.7500000000000062,2000.0,0.0,2000,2000,0.09731182795698923,0.0247852562076501,0.06451612903225806,0.15053763440860216,0.005416359616801769,0.0017775536822358295,0.002210759027266028,0.008106116433308769,93.0,0.0,93,93,1357.0,0.0,1357,1357,0.05470244239270687,0.027813862820430933,0.02751486361026764,0.1309654519557953,274f49f21a03df6f7da7f330fed2fe31ff1b6bdd1be8fc9ce8088bf297fdd4e6
E1,contrast,1,partial_channel,0.1,1.0,,8,20,0.472500000000003,0.23590531106669427,0.0,1.0000000000000009,2000.0,0.0,2000,2000,0.1661290322580645,0.038608148309259786,0.07526881720430108,0.24731182795698925,0.008106116433308769,0.002070565537763509,0.0029476787030213707,0.01105379513633014,93.0,0.0,93,93,1357.0,0.0,1357,1357,0.10593582067787646,0.029578829006383443,0.07434749233722687,0.17087946808338164,274f49f21a03df6f7da7f330fed2fe31ff1b6bdd1be8fc9ce8088bf297fdd4e6
E1,contrast,1,partial_channel,0.2,1.0,,8,20,0.7575000000000026,0.3426963517075764,0.15000000000000568,1.5000000000000013,2000.0,0.0,2000,2000,0.2811827956989247,0.04875044361872887,0.1827956989247312,0.3870967741935484,0.013817243920412678,0.0017220168810449005,0.01105379513633014,0.016212232866617538,93.0,0.0,93,93,1357.0,0.0,1357,1357,0.21154786674082282,0.040867575593093786,0.15260564935207366,0.3099686497449875,274f49f21a03df6f7da7f330fed2fe31ff1b6bdd1be8fc9ce8088bf297fdd4e6
E1,contrast,1,partial_channel,0.01,1.0,,9,20,0.11000000000000343,0.1410487037944887,-0.24999999999999467,0.45000000000000595,2000.0,0.0,2000,2000,0.04086021505376343,0.020520753246695354,0.010752688172043012,0.0967741935483871,0.001694915254237288,0.001098245866426816,0.0,0.004421518054532056,93.0,0.0,93,93,1357.0,0.0,1357,1357,0.009404441896080971,0.006438807747073554,0.004603217124938965,0.03247651302814484,274f49f21a03df6f7da7f330fed2fe31ff1b6bdd1be8fc9ce8088bf297fdd4e6
E1,contrast,1,partial_channel,0.05,1.0,,9,20,0.2950000000000036,0.16214029013237352,0.050000000000005596,0.6000000000000005,2000.0,0.0,2000,2000,0.09892473118279568,0.022501004893789117,0.06451612903225806,0.16129032258064516,0.004679439941046426,0.0015360377553772446,0.0014738393515106854,0.008106116433308769,93.0,0.0,93,93,1357.0,0.0,1357,1357,0.054962439668178556,0.018156293894720364,0.03331588542461395,0.10035611569881439,274f49f21a03df6f7da7f330fed2fe31ff1b6bdd1be8fc9ce8088bf297fdd4e6
E1,contrast,1,partial_channel,0.1,1.0,,9,20,0.4875000000000023,0.2432645300469171,0.20000000000000018,1.0000000000000009,2000.0,0.0,2000,2000,0.1629032258064516,0.039046980406136717,0.10752688172043011,0.27956989247311825,0.007406042741341194,0.0020771119797930154,0.0029476787030213707,0.010316875460574797,93.0,0.0,93,93,1357.0,0.0,1357,1357,0.10652138557732105,0.01881976347931785,0.08328873300552368,0.14429410773515702,274f49f21a03df6f7da7f330fed2fe31ff1b6bdd1be8fc9ce8088bf297fdd4e6
E1,contrast,1,partial_channel,0.2,1.0,,9,20,0.8400000000000013,0.3522857691674384,0.10000000000000009,1.4499999999999957,2000.0,0.0,2000,2000,0.2704301075268817,0.05316875404333813,0.1935483870967742,0.3870967741935484,0.011164333087693443,0.002464755852539639,0.005158437730287398,0.01400147383935151,93.0,0.0,93,93,1357.0,0.0,1357,1357,0.2190753559291363,0.043593346134719095,0.15932934707403182,0.30072130262851715,274f49f21a03df6f7da7f330fed2fe31ff1b6bdd1be8fc9ce8088bf297fdd4e6
E1,contrast,1,partial_channel,0.01,1.0,,10,20,0.12000000000000288,0.15338290579289934,-0.14999999999999458,0.5000000000000004,2000.0,0.0,2000,2000,0.04408602150537634,0.021477061155579676,0.010752688172043012,0.0967741935483871,0.0017686072218128224,0.0009682338766864941,0.0,0.004421518054532056,93.0,0.0,93,93,1357.0,0.0,1357,1357,0.008804388469457627,0.005905485909718036,0.0016280090808868408,0.026489096283912657,274f49f21a03df6f7da7f330fed2fe31ff1b6bdd1be8fc9ce8088bf297fdd4e6
E1,contrast,1,partial_channel,0.05,1.0,,10,20,0.2675000000000033,0.18011326845539183,-0.10000000000000009,0.6000000000000005,2000.0,0.0,2000,2000,0.09139784946236558,0.019888266429887468,0.053763440860215055,0.13978494623655913,0.004679439941046426,0.0015545337590072944,0.002210759027266028,0.008106116433308769,93.0,0.0,93,93,1357.0,0.0,1357,1357,0.05414470473825932,0.010956240701346605,0.032430524289608,0.07583154326677323,274f49f21a03df6f7da7f330fed2fe31ff1b6bdd1be8fc9ce8088bf297fdd4e6
E1,contrast,1,partial_channel,0.1,1.0,,10,20,0.5450000000000033,0.2057719739497045,0.050000000000005596,0.9000000000000008,2000.0,0.0,2000,2000,0.15107526881720426,0.031682278765324326,0.08602150537634409,0.22580645161290322,0.006153279292557112,0.0014597119915066889,0.0036845983787767134,0.008843036109064112,93.0,0.0,93,93,1357.0,0.0,1357,1357,0.10392345930039881,0.012298099193811675,0.07313382226228714,0.13941332471370696,274f49f21a03df6f7da7f330fed2fe31ff1b6bdd1be8fc9ce8088bf297fdd4e6
E1,contrast,1,partial_channel,0.2,1.0,,10,20,0.8875000000000007,0.2795084971874716,0.20000000000000018,1.2499999999999956,2000.0,0.0,2000,2000,0.2795698924731182,0.03853320776581596,0.21505376344086022,0.3655913978494624,0.010464259395725867,0.0023007203985873706,0.004421518054532056,0.014738393515106854,93.0,0.0,93,93,1357.0,0.0,1357,1357,0.21750132561028007,0.050659524940060346,0.1645060353279114,0.3299899833202362,274f49f21a03df6f7da7f330fed2fe31ff1b6bdd1be8fc9ce8088bf297fdd4e6
E1,contrast,1,partial_channel,0.01,1.0,,11,20,0.1175000000000026,0.12276957449243159,-0.14999999999999458,0.35000000000000586,2000.0,0.0,2000,2000,0.03870967741935484,0.019548798621993928,0.010752688172043012,0.07526881720430108,0.001694915254237288,0.0010171795894907802,0.0,0.0036845983787767134,93.0,0.0,93,93,1357.0,0.0,1357,1357,0.007657209378480913,0.0017103192273800222,0.005802641689777374,0.012899241209030151,274f49f21a03df6f7da7f330fed2fe31ff1b6bdd1be8fc9ce8088bf297fdd4e6
E1,contrast,1,partial_channel,0.05,1.0,,11,20,0.36250000000000443,0.15032858746933747,0.15000000000000568,0.6500000000000061,2000.0,0.0,2000,2000,0.1139784946236559,0.03204988474712235,0.06451612903225806,0.17204301075268819,0.004863669859985262,0.0017795624450897417,0.0014738393515106854,0.008106116433308769,93.0,0.0,93,93,1357.0,0.0,1357,1357,0.0520111850887537,0.011489260173465028,0.039462239265441894,0.08286468303203583,274f49f21a03df6f7da7f330fed2fe31ff1b6bdd1be8fc9ce8088bf297fdd4e6
E1,contrast,1,partial_channel,0.1,1.0,,11,20,0.6325000000000025,0.1941750431142491,0.30000000000000027,0.9499999999999953,2000.0,0.0,2000,2000,0.1725806451612903,0.02690434814491378,0.12903225806451613,0.22580645161290322,0.006705969049373618,0.0015659828292837264,0.0036845983787767134,0.010316875460574797,93.0,0.0,93,93,1357.0,0.0,1357,1357,0.09864101975560188,0.014971739709186816,0.08074696159362793,0.13407701003551484,274f49f21a03df6f7da7f330fed2fe31ff1b6bdd1be8fc9ce8088bf297fdd4e6
E1,contrast,1,partial_channel,0.2,1.0,,11,20,0.9125,0.2247074120998922,0.40000000000000036,1.3499999999999956,2000.0,0.0,2000,2000,0.28225806451612895,0.02362888819954631,0.23655913978494625,0.3118279569892473,0.011643330876934416,0.0024915709710260697,0.007369196757553427,0.016212232866617538,93.0,0.0,93,93,1357.0,0.0,1357,1357,0.1853876682281494,0.01936579357338021,0.16262142884731293,0.2294536874294281,274f49f21a03df6f7da7f330fed2fe31ff1b6bdd1be8fc9ce8088bf297fdd4e6
E1,contrast,1,none,0.01,1.0,,0,1,0.0,,0.0,0.0,2000.0,,2000,2000,0.0,,0.0,0.0,0.0,,0.0,0.0,93.0,,93,93,1357.0,,1357,1357,0.0,,0.0,0.0,274f49f21a03df6f7da7f330fed2fe31ff1b6bdd1be8fc9ce8088bf297fdd4e6
E1,contrast,1,none,0.01,1.0,,1,1,0.0,,0.0,0.0,2000.0,,2000,2000,0.0,,0.0,0.0,0.0,,0.0,0.0,93.0,,93,93,1357.0,,1357,1357,0.0,,0.0,0.0,274f49f21a03df6f7da7f330fed2fe31ff1b6bdd1be8fc9ce8088bf297fdd4e6
E1,contrast,1,none,0.01,1.0,,2,1,0.0,,0.0,0.0,2000.0,,2000,2000,0.0,,0.0,0.0,0.0,,0.0,0.0,93.0,,93,93,1357.0,,1357,1357,0.0,,0.0,0.0,274f49f21a03df6f7da7f330fed2fe31ff1b6bdd1be8fc9ce8088bf297fdd4e6
E1,contrast,1,none,0.01,1.0,,3,1,0.0,,0.0,0.0,2000.0,,2000,2000,0.0,,0.0,0.0,0.0,,0.0,0.0,93.0,,93,93,1357.0,,1357,1357,0.0,,0.0,0.0,274f49f21a03df6f7da7f330fed2fe31ff1b6bdd1be8fc9ce8088bf297fdd4e6
E1,contrast,1,none,0.01,1.0,,4,1,0.0,,0.0,0.0,2000.0,,2000,2000,0.0,,0.0,0.0,0.0,,0.0,0.0,93.0,,93,93,1357.0,,1357,1357,0.0,,0.0,0.0,274f49f21a03df6f7da7f330fed2fe31ff1b6bdd1be8fc9ce8088bf297fdd4e6
E1,contrast,1,none,0.01,1.0,,5,1,0.0,,0.0,0.0,2000.0,,2000,2000,0.0,,0.0,0.0,0.0,,0.0,0.0,93.0,,93,93,1357.0,,1357,1357,0.0,,0.0,0.0,274f49f21a03df6f7da7f330fed2fe31ff1b6bdd1be8fc9ce8088bf297fdd4e6
E1,contrast,1,none,0.01,1.0,,6,1,0.0,,0.0,0.0,2000.0,,2000,2000,0.0,,0.0,0.0,0.0,,0.0,0.0,93.0,,93,93,1357.0,,1357,1357,0.0,,0.0,0.0,274f49f21a03df6f7da7f330fed2fe31ff1b6bdd1be8fc9ce8088bf297fdd4e6
E1,contrast,1,none,0.01,1.0,,7,1,0.0,,0.0,0.0,2000.0,,2000,2000,0.0,,0.0,0.0,0.0,,0.0,0.0,93.0,,93,93,1357.0,,1357,1357,0.0,,0.0,0.0,274f49f21a03df6f7da7f330fed2fe31ff1b6bdd1be8fc9ce8088bf297fdd4e6
E1,contrast,1,none,0.01,1.0,,8,1,0.0,,0.0,0.0,2000.0,,2000,2000,0.0,,0.0,0.0,0.0,,0.0,0.0,93.0,,93,93,1357.0,,1357,1357,0.0,,0.0,0.0,274f49f21a03df6f7da7f330fed2fe31ff1b6bdd1be8fc9ce8088bf297fdd4e6
E1,contrast,1,none,0.01,1.0,,9,1,0.0,,0.0,0.0,2000.0,,2000,2000,0.0,,0.0,0.0,0.0,,0.0,0.0,93.0,,93,93,1357.0,,1357,1357,0.0,,0.0,0.0,274f49f21a03df6f7da7f330fed2fe31ff1b6bdd1be8fc9ce8088bf297fdd4e6
E1,contrast,1,none,0.01,1.0,,10,1,0.0,,0.0,0.0,2000.0,,2000,2000,0.0,,0.0,0.0,0.0,,0.0,0.0,93.0,,93,93,1357.0,,1357,1357,0.0,,0.0,0.0,274f49f21a03df6f7da7f330fed2fe31ff1b6bdd1be8fc9ce8088bf297fdd4e6
E1,contrast,1,none,0.01,1.0,,11,1,0.0,,0.0,0.0,2000.0,,2000,2000,0.0,,0.0,0.0,0.0,,0.0,0.0,93.0,,93,93,1357.0,,1357,1357,0.0,,0.0,0.0,274f49f21a03df6f7da7f330fed2fe31ff1b6bdd1be8fc9ce8088bf297fdd4e6
E1,contrast,1,clean_to_clean,0.01,1.0,,0,1,1.7000000000000015,,1.7000000000000015,1.7000000000000015,2000.0,,2000,2000,1.0,,1.0,1.0,0.043478260869565216,,0.043478260869565216,0.043478260869565216,93.0,,93,93,1357.0,,1357,1357,0.6977844886779785,,0.6977844886779785,0.6977844886779785,274f49f21a03df6f7da7f330fed2fe31ff1b6bdd1be8fc9ce8088bf297fdd4e6
E1,contrast,1,clean_to_clean,0.01,1.0,,1,1,1.7000000000000015,,1.7000000000000015,1.7000000000000015,2000.0,,2000,2000,1.0,,1.0,1.0,0.043478260869565216,,0.043478260869565216,0.043478260869565216,93.0,,93,93,1357.0,,1357,1357,0.6977844886779785,,0.6977844886779785,0.6977844886779785,274f49f21a03df6f7da7f330fed2fe31ff1b6bdd1be8fc9ce8088bf297fdd4e6
E1,contrast,1,clean_to_clean,0.01,1.0,,2,1,1.7000000000000015,,1.7000000000000015,1.7000000000000015,2000.0,,2000,2000,1.0,,1.0,1.0,0.043478260869565216,,0.043478260869565216,0.043478260869565216,93.0,,93,93,1357.0,,1357,1357,0.6977844886779785,,0.6977844886779785,0.6977844886779785,274f49f21a03df6f7da7f330fed2fe31ff1b6bdd1be8fc9ce8088bf297fdd4e6
E1,contrast,1,clean_to_clean,0.01,1.0,,3,1,1.7000000000000015,,1.7000000000000015,1.7000000000000015,2000.0,,2000,2000,1.0,,1.0,1.0,0.043478260869565216,,0.043478260869565216,0.043478260869565216,93.0,,93,93,1357.0,,1357,1357,0.6977844886779785,,0.6977844886779785,0.6977844886779785,274f49f21a03df6f7da7f330fed2fe31ff1b6bdd1be8fc9ce8088bf297fdd4e6
E1,contrast,1,clean_to_clean,0.01,1.0,,4,1,1.7000000000000015,,1.7000000000000015,1.7000000000000015,2000.0,,2000,2000,1.0,,1.0,1.0,0.043478260869565216,,0.043478260869565216,0.043478260869565216,93.0,,93,93,1357.0,,1357,1357,0.6977844886779785,,0.6977844886779785,0.6977844886779785,274f49f21a03df6f7da7f330fed2fe31ff1b6bdd1be8fc9ce8088bf297fdd4e6
E1,contrast,1,clean_to_clean,0.01,1.0,,5,1,1.7000000000000015,,1.7000000000000015,1.7000000000000015,2000.0,,2000,2000,1.0,,1.0,1.0,0.043478260869565216,,0.043478260869565216,0.043478260869565216,93.0,,93,93,1357.0,,1357,1357,0.6977844886779785,,0.6977844886779785,0.6977844886779785,274f49f21a03df6f7da7f330fed2fe31ff1b6bdd1be8fc9ce8088bf297fdd4e6
E1,contrast,1,clean_to_clean,0.01,1.0,,6,1,1.7000000000000015,,1.7000000000000015,1.7000000000000015,2000.0,,2000,2000,1.0,,1.0,1.0,0.043478260869565216,,0.043478260869565216,0.043478260869565216,93.0,,93,93,1357.0,,1357,1357,0.6977844886779785,,0.6977844886779785,0.6977844886779785,274f49f21a03df6f7da7f330fed2fe31ff1b6bdd1be8fc9ce8088bf297fdd4e6
E1,contrast,1,clean_to_clean,0.01,1.0,,7,1,1.7000000000000015,,1.7000000000000015,1.7000000000000015,2000.0,,2000,2000,1.0,,1.0,1.0,0.043478260869565216,,0.043478260869565216,0.043478260869565216,93.0,,93,93,1357.0,,1357,1357,0.6977844886779785,,0.6977844886779785,0.6977844886779785,274f49f21a03df6f7da7f330fed2fe31ff1b6bdd1be8fc9ce8088bf297fdd4e6
E1,contrast,1,clean_to_clean,0.01,1.0,,8,1,1.7000000000000015,,1.7000000000000015,1.7000000000000015,2000.0,,2000,2000,1.0,,1.0,1.0,0.043478260869565216,,0.043478260869565216,0.043478260869565216,93.0,,93,93,1357.0,,1357,1357,0.6977844886779785,,0.6977844886779785,0.6977844886779785,274f49f21a03df6f7da7f330fed2fe31ff1b6bdd1be8fc9ce8088bf297fdd4e6
E1,contrast,1,clean_to_clean,0.01,1.0,,9,1,1.7000000000000015,,1.7000000000000015,1.7000000000000015,2000.0,,2000,2000,1.0,,1.0,1.0,0.043478260869565216,,0.043478260869565216,0.043478260869565216,93.0,,93,93,1357.0,,1357,1357,0.6977844886779785,,0.6977844886779785,0.6977844886779785,274f49f21a03df6f7da7f330fed2fe31ff1b6bdd1be8fc9ce8088bf297fdd4e6
E1,contrast,1,clean_to_clean,0.01,1.0,,10,1,1.7000000000000015,,1.7000000000000015,1.7000000000000015,2000.0,,2000,2000,1.0,,1.0,1.0,0.043478260869565216,,0.043478260869565216,0.043478260869565216,93.0,,93,93,1357.0,,1357,1357,0.6977844886779785,,0.6977844886779785,0.6977844886779785,274f49f21a03df6f7da7f330fed2fe31ff1b6bdd1be8fc9ce8088bf297fdd4e6
E1,contrast,1,clean_to_clean,0.01,1.0,,11,1,1.7000000000000015,,1.7000000000000015,1.7000000000000015,2000.0,,2000,2000,1.0,,1.0,1.0,0.043478260869565216,,0.043478260869565216,0.043478260869565216,93.0,,93,93,1357.0,,1357,1357,0.6977844886779785,,0.6977844886779785,0.6977844886779785,274f49f21a03df6f7da7f330fed2fe31ff1b6bdd1be8fc9ce8088bf297fdd4e6
E1,contrast,1,full_state,0.01,1.0,,0,1,1.7000000000000015,,1.7000000000000015,1.7000000000000015,2000.0,,2000,2000,1.0,,1.0,1.0,0.043478260869565216,,0.043478260869565216,0.043478260869565216,93.0,,93,93,1357.0,,1357,1357,0.6977844886779785,,0.6977844886779785,0.6977844886779785,274f49f21a03df6f7da7f330fed2fe31ff1b6bdd1be8fc9ce8088bf297fdd4e6
E1,contrast,1,full_state,0.01,1.0,,1,1,1.7000000000000015,,1.7000000000000015,1.7000000000000015,2000.0,,2000,2000,1.0,,1.0,1.0,0.043478260869565216,,0.043478260869565216,0.043478260869565216,93.0,,93,93,1357.0,,1357,1357,0.6977844886779785,,0.6977844886779785,0.6977844886779785,274f49f21a03df6f7da7f330fed2fe31ff1b6bdd1be8fc9ce8088bf297fdd4e6
E1,contrast,1,full_state,0.01,1.0,,2,1,1.7000000000000015,,1.7000000000000015,1.7000000000000015,2000.0,,2000,2000,1.0,,1.0,1.0,0.043478260869565216,,0.043478260869565216,0.043478260869565216,93.0,,93,93,1357.0,,1357,1357,0.6977844886779785,,0.6977844886779785,0.6977844886779785,274f49f21a03df6f7da7f330fed2fe31ff1b6bdd1be8fc9ce8088bf297fdd4e6
E1,contrast,1,full_state,0.01,1.0,,3,1,1.7000000000000015,,1.7000000000000015,1.7000000000000015,2000.0,,2000,2000,1.0,,1.0,1.0,0.043478260869565216,,0.043478260869565216,0.043478260869565216,93.0,,93,93,1357.0,,1357,1357,0.6977844886779785,,0.6977844886779785,0.6977844886779785,274f49f21a03df6f7da7f330fed2fe31ff1b6bdd1be8fc9ce8088bf297fdd4e6
E1,contrast,1,full_state,0.01,1.0,,4,1,1.7000000000000015,,1.7000000000000015,1.7000000000000015,2000.0,,2000,2000,1.0,,1.0,1.0,0.043478260869565216,,0.043478260869565216,0.043478260869565216,93.0,,93,93,1357.0,,1357,1357,0.6977844886779785,,0.6977844886779785,0.6977844886779785,274f49f21a03df6f7da7f330fed2fe31ff1b6bdd1be8fc9ce8088bf297fdd4e6
E1,contrast,1,full_state,0.01,1.0,,5,1,1.7000000000000015,,1.7000000000000015,1.7000000000000015,2000.0,,2000,2000,1.0,,1.0,1.0,0.043478260869565216,,0.043478260869565216,0.043478260869565216,93.0,,93,93,1357.0,,1357,1357,0.6977844886779785,,0.6977844886779785,0.6977844886779785,274f49f21a03df6f7da7f330fed2fe31ff1b6bdd1be8fc9ce8088bf297fdd4e6
E1,contrast,1,full_state,0.01,1.0,,6,1,1.7000000000000015,,1.7000000000000015,1.7000000000000015,2000.0,,2000,2000,1.0,,1.0,1.0,0.043478260869565216,,0.043478260869565216,0.043478260869565216,93.0,,93,93,1357.0,,1357,1357,0.6977844886779785,,0.6977844886779785,0.6977844886779785,274f49f21a03df6f7da7f330fed2fe31ff1b6bdd1be8fc9ce8088bf297fdd4e6
E1,contrast,1,full_state,0.01,1.0,,7,1,1.7000000000000015,,1.7000000000000015,1.7000000000000015,2000.0,,2000,2000,1.0,,1.0,1.0,0.043478260869565216,,0.043478260869565216,0.043478260869565216,93.0,,93,93,1357.0,,1357,1357,0.6977844886779785,,0.6977844886779785,0.6977844886779785,274f49f21a03df6f7da7f330fed2fe31ff1b6bdd1be8fc9ce8088bf297fdd4e6
E1,contrast,1,full_state,0.01,1.0,,8,1,1.7000000000000015,,1.7000000000000015,1.7000000000000015,2000.0,,2000,2000,1.0,,1.0,1.0,0.043478260869565216,,0.043478260869565216,0.043478260869565216,93.0,,93,93,1357.0,,1357,1357,0.6977844886779785,,0.6977844886779785,0.6977844886779785,274f49f21a03df6f7da7f330fed2fe31ff1b6bdd1be8fc9ce8088bf297fdd4e6
E1,contrast,1,full_state,0.01,1.0,,9,1,1.7000000000000015,,1.7000000000000015,1.7000000000000015,2000.0,,2000,2000,1.0,,1.0,1.0,0.043478260869565216,,0.043478260869565216,0.043478260869565216,93.0,,93,93,1357.0,,1357,1357,0.6977844886779785,,0.6977844886779785,0.6977844886779785,274f49f21a03df6f7da7f330fed2fe31ff1b6bdd1be8fc9ce8088bf297fdd4e6
E1,contrast,1,full_state,0.01,1.0,,10,1,1.7000000000000015,,1.7000000000000015,1.7000000000000015,2000.0,,2000,2000,1.0,,1.0,1.0,0.043478260869565216,,0.043478260869565216,0.043478260869565216,93.0,,93,93,1357.0,,1357,1357,0.6977844886779785,,0.6977844886779785,0.6977844886779785,274f49f21a03df6f7da7f330fed2fe31ff1b6bdd1be8fc9ce8088bf297fdd4e6
E1,contrast,1,full_state,0.01,1.0,,11,1,1.7000000000000015,,1.7000000000000015,1.7000000000000015,2000.0,,2000,2000,1.0,,1.0,1.0,0.043478260869565216,,0.043478260869565216,0.043478260869565216,93.0,,93,93,1357.0,,1357,1357,0.6977844886779785,,0.6977844886779785,0.6977844886779785,274f49f21a03df6f7da7f330fed2fe31ff1b6bdd1be8fc9ce8088bf297fdd4e6
E1,contrast,1,random_direction,0.01,1.0,,0,1,0.15000000000000568,,0.15000000000000568,0.15000000000000568,2000.0,,2000,2000,0.06451612903225806,,0.06451612903225806,0.06451612903225806,0.0029476787030213707,,0.0029476787030213707,0.0029476787030213707,93.0,,93,93,1357.0,,1357,1357,-5.5248379707336425e-05,,-5.5248379707336425e-05,-5.5248379707336425e-05,274f49f21a03df6f7da7f330fed2fe31ff1b6bdd1be8fc9ce8088bf297fdd4e6
E1,contrast,1,random_direction,0.01,1.0,,1,1,-0.10000000000000009,,-0.10000000000000009,-0.10000000000000009,2000.0,,2000,2000,0.010752688172043012,,0.010752688172043012,0.010752688172043012,0.002210759027266028,,0.002210759027266028,0.002210759027266028,93.0,,93,93,1357.0,,1357,1357,4.3032169342041014e-06,,4.3032169342041014e-06,4.3032169342041014e-06,274f49f21a03df6f7da7f330fed2fe31ff1b6bdd1be8fc9ce8088bf297fdd4e6
E1,contrast,1,random_direction,0.01,1.0,,2,1,0.0,,0.0,0.0,2000.0,,2000,2000,0.010752688172043012,,0.010752688172043012,0.010752688172043012,0.0007369196757553427,,0.0007369196757553427,0.0007369196757553427,93.0,,93,93,1357.0,,1357,1357,-0.0016254308223724366,,-0.0016254308223724366,-0.0016254308223724366,274f49f21a03df6f7da7f330fed2fe31ff1b6bdd1be8fc9ce8088bf297fdd4e6
E1,contrast,1,random_direction,0.01,1.0,,3,1,0.10000000000000009,,0.10000000000000009,0.10000000000000009,2000.0,,2000,2000,0.043010752688172046,,0.043010752688172046,0.043010752688172046,0.0014738393515106854,,0.0014738393515106854,0.0014738393515106854,93.0,,93,93,1357.0,,1357,1357,-0.0017377812266349793,,-0.0017377812266349793,-0.0017377812266349793,274f49f21a03df6f7da7f330fed2fe31ff1b6bdd1be8fc9ce8088bf297fdd4e6
E1,contrast,1,random_direction,0.01,1.0,,4,1,0.0,,0.0,0.0,2000.0,,2000,2000,0.021505376344086023,,0.021505376344086023,0.021505376344086023,0.002210759027266028,,0.002210759027266028,0.002210759027266028,93.0,,93,93,1357.0,,1357,1357,-0.003808163583278656,,-0.003808163583278656,-0.003808163583278656,274f49f21a03df6f7da7f330fed2fe31ff1b6bdd1be8fc9ce8088bf297fdd4e6
E1,contrast,1,random_direction,0.01,1.0,,5,1,0.20000000000000018,,0.20000000000000018,0.20000000000000018,2000.0,,2000,2000,0.03225806451612903,,0.03225806451612903,0.03225806451612903,0.0014738393515106854,,0.0014738393515106854,0.0014738393515106854,93.0,,93,93,1357.0,,1357,1357,-0.002818930625915527,,-0.002818930625915527,-0.002818930625915527,274f49f21a03df6f7da7f330fed2fe31ff1b6bdd1be8fc9ce8088bf297fdd4e6
E1,contrast,1,random_direction,0.01,1.0,,6,1,0.20000000000000018,,0.20000000000000018,0.20000000000000018,2000.0,,2000,2000,0.053763440860215055,,0.053763440860215055,0.053763440860215055,0.0029476787030213707,,0.0029476787030213707,0.0029476787030213707,93.0,,93,93,1357.0,,1357,1357,-0.003995153427124023,,-0.003995153427124023,-0.003995153427124023,274f49f21a03df6f7da7f330fed2fe31ff1b6bdd1be8fc9ce8088bf297fdd4e6
E1,contrast,1,random_direction,0.01,1.0,,7,1,0.10000000000000009,,0.10000000000000009,0.10000000000000009,2000.0,,2000,2000,0.053763440860215055,,0.053763440860215055,0.053763440860215055,0.004421518054532056,,0.004421518054532056,0.004421518054532056,93.0,,93,93,1357.0,,1357,1357,-0.004617978870868683,,-0.004617978870868683,-0.004617978870868683,274f49f21a03df6f7da7f330fed2fe31ff1b6bdd1be8fc9ce8088bf297fdd4e6
E1,contrast,1,random_direction,0.01,1.0,,8,1,0.15000000000000568,,0.15000000000000568,0.15000000000000568,2000.0,,2000,2000,0.053763440860215055,,0.053763440860215055,0.053763440860215055,0.0058953574060427415,,0.0058953574060427415,0.0058953574060427415,93.0,,93,93,1357.0,,1357,1357,-0.004610194683074951,,-0.004610194683074951,-0.004610194683074951,274f49f21a03df6f7da7f330fed2fe31ff1b6bdd1be8fc9ce8088bf297fdd4e6
E1,contrast,1,random_direction,0.01,1.0,,9,1,0.0,,0.0,0.0,2000.0,,2000,2000,0.06451612903225806,,0.06451612903225806,0.06451612903225806,0.0058953574060427415,,0.0058953574060427415,0.0058953574060427415,93.0,,93,93,1357.0,,1357,1357,-0.0018790464401245118,,-0.0018790464401245118,-0.0018790464401245118,274f49f21a03df6f7da7f330fed2fe31ff1b6bdd1be8fc9ce8088bf297fdd4e6
E1,contrast,1,random_direction,0.01,1.0,,10,1,-0.04999999999999449,,-0.04999999999999449,-0.04999999999999449,2000.0,,2000,2000,0.043010752688172046,,0.043010752688172046,0.043010752688172046,0.005158437730287398,,0.005158437730287398,0.005158437730287398,93.0,,93,93,1357.0,,1357,1357,-0.0020104485750198366,,-0.0020104485750198366,-0.0020104485750198366,274f49f21a03df6f7da7f330fed2fe31ff1b6bdd1be8fc9ce8088bf297fdd4e6
E1,contrast,1,random_direction,0.01,1.0,,11,1,-0.04999999999999449,,-0.04999999999999449,-0.04999999999999449,2000.0,,2000,2000,0.043010752688172046,,0.043010752688172046,0.043010752688172046,0.005158437730287398,,0.005158437730287398,0.005158437730287398,93.0,,93,93,1357.0,,1357,1357,-0.004222888469696045,,-0.004222888469696045,-0.004222888469696045,274f49f21a03df6f7da7f330fed2fe31ff1b6bdd1be8fc9ce8088bf297fdd4e6
E1,contrast,1,shuffled_donor,0.01,1.0,,0,1,-0.649999999999995,,-0.649999999999995,-0.649999999999995,2000.0,,2000,2000,0.21505376344086022,,0.21505376344086022,0.21505376344086022,0.03168754605747973,,0.03168754605747973,0.03168754605747973,93.0,,93,93,1357.0,,1357,1357,-0.042103787899017336,,-0.042103787899017336,-0.042103787899017336,274f49f21a03df6f7da7f330fed2fe31ff1b6bdd1be8fc9ce8088bf297fdd4e6
E1,contrast,1,shuffled_donor,0.01,1.0,,1,1,0.050000000000005596,,0.050000000000005596,0.050000000000005596,2000.0,,2000,2000,0.12903225806451613,,0.12903225806451613,0.12903225806451613,0.012527634487840826,,0.012527634487840826,0.012527634487840826,93.0,,93,93,1357.0,,1357,1357,-0.002712677001953125,,-0.002712677001953125,-0.002712677001953125,274f49f21a03df6f7da7f330fed2fe31ff1b6bdd1be8fc9ce8088bf297fdd4e6
E1,contrast,1,shuffled_donor,0.01,1.0,,2,1,0.30000000000000027,,0.30000000000000027,0.30000000000000027,2000.0,,2000,2000,0.10752688172043011,,0.10752688172043011,0.10752688172043011,0.007369196757553427,,0.007369196757553427,0.007369196757553427,93.0,,93,93,1357.0,,1357,1357,0.0010463724732398987,,0.0010463724732398987,0.0010463724732398987,274f49f21a03df6f7da7f330fed2fe31ff1b6bdd1be8fc9ce8088bf297fdd4e6
E1,contrast,1,shuffled_donor,0.01,1.0,,3,1,0.050000000000005596,,0.050000000000005596,0.050000000000005596,2000.0,,2000,2000,0.053763440860215055,,0.053763440860215055,0.053763440860215055,0.007369196757553427,,0.007369196757553427,0.007369196757553427,93.0,,93,93,1357.0,,1357,1357,0.011947682857513428,,0.011947682857513428,0.011947682857513428,274f49f21a03df6f7da7f330fed2fe31ff1b6bdd1be8fc9ce8088bf297fdd4e6
E1,contrast,1,shuffled_donor,0.01,1.0,,4,1,0.10000000000000009,,0.10000000000000009,0.10000000000000009,2000.0,,2000,2000,0.053763440860215055,,0.053763440860215055,0.053763440860215055,0.006632277081798084,,0.006632277081798084,0.006632277081798084,93.0,,93,93,1357.0,,1357,1357,0.0070465247631073,,0.0070465247631073,0.0070465247631073,274f49f21a03df6f7da7f330fed2fe31ff1b6bdd1be8fc9ce8088bf297fdd4e6
E1,contrast,1,shuffled_donor,0.01,1.0,,5,1,-0.14999999999999458,,-0.14999999999999458,-0.14999999999999458,2000.0,,2000,2000,0.07526881720430108,,0.07526881720430108,0.07526881720430108,0.012527634487840826,,0.012527634487840826,0.012527634487840826,93.0,,93,93,1357.0,,1357,1357,-0.006220067739486694,,-0.006220067739486694,-0.006220067739486694,274f49f21a03df6f7da7f330fed2fe31ff1b6bdd1be8fc9ce8088bf297fdd4e6
E1,contrast,1,shuffled_donor,0.01,1.0,,6,1,-0.04999999999999449,,-0.04999999999999449,-0.04999999999999449,2000.0,,2000,2000,0.08602150537634409,,0.08602150537634409,0.08602150537634409,0.01105379513633014,,0.01105379513633014,0.01105379513633014,93.0,,93,93,1357.0,,1357,1357,-0.014916584372520447,,-0.014916584372520447,-0.014916584372520447,274f49f21a03df6f7da7f330fed2fe31ff1b6bdd1be8fc9ce8088bf297fdd4e6
E1,contrast,1,shuffled_donor,0.01,1.0,,7,1,0.2500000000000058,,0.2500000000000058,0.2500000000000058,2000.0,,2000,2000,0.11827956989247312,,0.11827956989247312,0.11827956989247312,0.009579955784819455,,0.009579955784819455,0.009579955784819455,93.0,,93,93,1357.0,,1357,1357,-0.012353775203227996,,-0.012353775203227996,-0.012353775203227996,274f49f21a03df6f7da7f330fed2fe31ff1b6bdd1be8fc9ce8088bf297fdd4e6
E1,contrast,1,shuffled_donor,0.01,1.0,,8,1,0.5000000000000004,,0.5000000000000004,0.5000000000000004,2000.0,,2000,2000,0.10752688172043011,,0.10752688172043011,0.10752688172043011,0.0058953574060427415,,0.0058953574060427415,0.0058953574060427415,93.0,,93,93,1357.0,,1357,1357,-0.0013894689083099364,,-0.0013894689083099364,-0.0013894689083099364,274f49f21a03df6f7da7f330fed2fe31ff1b6bdd1be8fc9ce8088bf297fdd4e6
E1,contrast,1,shuffled_donor,0.01,1.0,,9,1,0.30000000000000027,,0.30000000000000027,0.30000000000000027,2000.0,,2000,2000,0.0967741935483871,,0.0967741935483871,0.0967741935483871,0.006632277081798084,,0.006632277081798084,0.006632277081798084,93.0,,93,93,1357.0,,1357,1357,-0.0011584373712539672,,-0.0011584373712539672,-0.0011584373712539672,274f49f21a03df6f7da7f330fed2fe31ff1b6bdd1be8fc9ce8088bf297fdd4e6
E1,contrast,1,shuffled_donor,0.01,1.0,,10,1,0.30000000000000027,,0.30000000000000027,0.30000000000000027,2000.0,,2000,2000,0.06451612903225806,,0.06451612903225806,0.06451612903225806,0.005158437730287398,,0.005158437730287398,0.005158437730287398,93.0,,93,93,1357.0,,1357,1357,0.0004652581214904785,,0.0004652581214904785,0.0004652581214904785,274f49f21a03df6f7da7f330fed2fe31ff1b6bdd1be8fc9ce8088bf297fdd4e6
E1,contrast,1,shuffled_donor,0.01,1.0,,11,1,0.40000000000000036,,0.40000000000000036,0.40000000000000036,2000.0,,2000,2000,0.07526881720430108,,0.07526881720430108,0.07526881720430108,0.0029476787030213707,,0.0029476787030213707,0.0029476787030213707,93.0,,93,93,1357.0,,1357,1357,-0.012186130404472351,,-0.012186130404472351,-0.012186130404472351,274f49f21a03df6f7da7f330fed2fe31ff1b6bdd1be8fc9ce8088bf297fdd4e6
E1,contrast,3,partial_channel,0.01,1.0,,0,20,0.24250000000000327,0.1506782909659545,-0.04999999999999449,0.5000000000000004,2000.0,0.0,2000,2000,0.0784313725490196,0.044531370506483835,0.00980392156862745,0.22549019607843138,0.008527422990232908,0.006418195055818243,0.0015026296018031556,0.032306536438767845,102.0,0.0,102,102,1331.0,0.0,1331,1331,-0.013144931125640868,0.01870372398718017,-0.06040533995628357,0.005920062303543091,274f49f21a03df6f7da7f330fed2fe31ff1b6bdd1be8fc9ce8088bf297fdd4e6
E1,contrast,3,partial_channel,0.05,1.0,,0,20,-0.12749999999999595,0.37643584761340304,-0.8499999999999952,0.45000000000000595,2000.0,0.0,2000,2000,0.18480392156862746,0.03137174276569769,0.11764705882352941,0.24509803921568626,0.032231404958677684,0.008906037273603774,0.015777610818933134,0.05334335086401202,102.0,0.0,102,102,1331.0,0.0,1331,1331,-0.11766015265285967,0.08201547402670147,-0.3732273010611534,-0.025756342411041258,274f49f21a03df6f7da7f330fed2fe31ff1b6bdd1be8fc9ce8088bf297fdd4e6
E1,contrast,3,partial_channel,0.1,1.0,,0,20,-1.5224999999999989,2.2532126187431056,-8.450000000000003,-0.14999999999999458,2000.0,0.0,2000,2000,0.2382352941176471,0.03291794846689796,0.18627450980392157,0.30392156862745096,0.06510142749812171,0.034962405251772445,0.04132231404958678,0.169045830202855,102.0,0.0,102,102,1331.0,0.0,1331,1331,-0.297503546088934,0.19278073060771528,-0.8170164415240287,-0.14173464155197144,274f49f21a03df6f7da7f330fed2fe31ff1b6bdd1be8fc9ce8088bf297fdd4e6
E1,contrast,3,partial_channel,0.2,1.0,,0,20,-3.0674999999999986,1.3241953862827907,-6.399999999999995,-1.4499999999999957,2000.0,0.0,2000,2000,0.28431372549019607,0.04085827222874954,0.22549019607843138,0.3627450980392157,0.09902329075882796,0.019399273137193362,0.08039068369646882,0.1487603305785124,102.0,0.0,102,102,1331.0,0.0,1331,1331,-0.49863297353088853,0.10684879164164296,-0.7021073316335678,-0.32574860215187074,274f49f21a03df6f7da7f330fed2fe31ff1b6bdd1be8fc9ce8088bf297fdd4e6
E1,contrast,3,partial_channel,0.01,1.0,,1,20,0.3425000000000045,0.154131693520081,-0.04999999999999449,0.550000000000006,2000.0,0.0,2000,2000,0.046078431372549015,0.030855517686979743,0.0196078431372549,0.16666666666666666,0.0032306536438767844,0.0029664543613540156,0.0007513148009015778,0.014274981217129978,102.0,0.0,102,102,1331.0,0.0,1331,1331,-0.0008056315124034886,0.01029684806400381,-0.011591822504997254,0.034963318943977355,274f49f21a03df6f7da7f330fed2fe31ff1b6bdd1be8fc9ce8088bf297fdd4e6
E1,contrast,3,partial_channel,0.05,1.0,,1,20,0.32250000000000334,0.27408940147331484,-0.34999999999999476,0.9500000000000064,2000.0,0.0,2000,2000,0.13627450980392158,0.05890087793881525,0.058823529411764705,0.27450980392156865,0.015477084898572501,0.0071209258113925904,0.008264462809917356,0.03305785123966942,102.0,0.0,102,102,1331.0,0.0,1331,1331,-0.04674847084581852,0.0523453406355402,-0.24697494769096376,0.004290447473526001,274f49f21a03df6f7da7f330fed2fe31ff1b6bdd1be8fc9ce8088bf297fdd4e6
E1,contrast,3,partial_channel,0.1,1.0,,1,20,0.09500000000000286,0.6575272657944747,-1.849999999999996,0.9000000000000008,2000.0,0.0,2000,2000,0.1906862745098039,0.054768653579592284,0.11764705882352941,0.3137254901960784,0.02817430503380917,0.015751226835892557,0.014274981217129978,0.0743801652892562,102.0,0.0,102,102,1331.0,0.0,1331,1331,-0.114715800049901,0.07782605939909129,-0.29196507358551027,-0.011456687688827514,274f49f21a03df6f7da7f330fed2fe31ff1b6bdd1be8fc9ce8088bf297fdd4e6
E1,contrast,3,partial_channel,0.2,1.0,,1,20,0.10250000000000203,0.5442220425331444,-1.5499999999999958,0.9500000000000064,2000.0,0.0,2000,2000,0.27450980392156865,0.06200544431702704,0.17647058823529413,0.37254901960784315,0.04090909090909091,0.01304843581963128,0.024793388429752067,0.07362885048835462,102.0,0.0,102,102,1331.0,0.0,1331,1331,-0.1736036756813526,0.07516765416793203,-0.3150213222503662,-0.07039425504207611,274f49f21a03df6f7da7f330fed2fe31ff1b6bdd1be8fc9ce8088bf297fdd4e6
E1,contrast,3,partial_channel,0.01,1.0,,2,20,0.34250000000000336,0.19619740327698437,-0.04999999999999449,0.8500000000000063,2000.0,0.0,2000,2000,0.04558823529411764,0.026089447303618143,0.00980392156862745,0.13725490196078433,0.0029301277235161535,0.0019788043170865617,0.0007513148009015778,0.008264462809917356,102.0,0.0,102,102,1331.0,0.0,1331,1331,-0.00023571138381958012,0.011710808213656306,-0.014632679462432862,0.041359544277191164,274f49f21a03df6f7da7f330fed2fe31ff1b6bdd1be8fc9ce8088bf297fdd4e6
E1,contrast,3,partial_channel,0.05,1.0,,2,20,0.5825000000000025,0.28758293998153117,0.15000000000000568,1.0500000000000065,2000.0,0.0,2000,2000,0.132843137254902,0.0459266763059495,0.058823529411764705,0.22549019607843138,0.011457550713749062,0.005233011837953508,0.004507888805409466,0.024793388429752067,102.0,0.0,102,102,1331.0,0.0,1331,1331,-0.009090611493587494,0.029784737130177406,-0.05912975251674652,0.053283833861351014,274f49f21a03df6f7da7f330fed2fe31ff1b6bdd1be8fc9ce8088bf297fdd4e6
E1,contrast,3,partial_channel,0.1,1.0,,2,20,0.5525000000000035,0.41309964389899145,-0.5499999999999949,1.0500000000000065,2000.0,0.0,2000,2000,0.1950980392156863,0.06975340526660949,0.09803921568627451,0.35294117647058826,0.02013523666416228,0.011070510510402809,0.009767092411720512,0.05259203606311044,102.0,0.0,102,102,1331.0,0.0,1331,1331,-0.023024363812804222,0.05041924606681184,-0.13540161693096162,0.08134387099742889,274f49f21a03df6f7da7f330fed2fe31ff1b6bdd1be8fc9ce8088bf297fdd4e6
E1,contrast,3,partial_channel,0.2,1.0,,2,20,0.7475000000000032,0.42285838117071434,-0.20000000000000018,1.4500000000000068,2000.0,0.0,2000,2000,0.28627450980392155,0.07023763406664861,0.13725490196078433,0.38235294117647056,0.028587528174305033,0.008967786516072176,0.018031555221637866,0.056348610067618335,102.0,0.0,102,102,1331.0,0.0,1331,1331,-0.018337331372499467,0.06957239865989484,-0.1346941021680832,0.09151037299633026,274f49f21a03df6f7da7f330fed2fe31ff1b6bdd1be8fc9ce8088bf297fdd4e6
E1,contrast,3,partial_channel,0.01,1.0,,3,20,0.3550000000000031,0.18274226889831754,0.10000000000000009,0.9000000000000008,2000.0,0.0,2000,2000,0.045098039215686274,0.02212894484889548,0.00980392156862745,0.11764705882352941,0.002253944402704733,0.0015984327519006475,0.0,0.006010518407212622,102.0,0.0,102,102,1331.0,0.0,1331,1331,0.0057195418357849125,0.010195924151475607,-0.006526326417922974,0.04228928852081299,274f49f21a03df6f7da7f330fed2fe31ff1b6bdd1be8fc9ce8088bf297fdd4e6
E1,contrast,3,partial_channel,0.05,1.0,,3,20,0.595000000000004,0.2064104240533756,0.15000000000000568,0.9000000000000008,2000.0,0.0,2000,2000,0.12696078431372548,0.039147903235916374,0.06862745098039216,0.23529411764705882,0.008715251690458302,0.003903185145571411,0.004507888805409466,0.018782870022539443,102.0,0.0,102,102,1331.0,0.0,1331,1331,0.029627057597041134,0.030747873350079006,-0.018450327813625336,0.10628085255622864,274f49f21a03df6f7da7f330fed2fe31ff1b6bdd1be8fc9ce8088bf297fdd4e6
E1,contrast,3,partial_channel,0.1,1.0,,3,20,0.7600000000000036,0.27843547868307605,0.40000000000000036,1.3500000000000068,2000.0,0.0,2000,2000,0.1916666666666667,0.05586605595834488,0.08823529411764706,0.3235294117647059,0.013110443275732533,0.005534315904993145,0.008264462809917356,0.027047332832456798,102.0,0.0,102,102,1331.0,0.0,1331,1331,0.05370613022446631,0.04020132446874296,-0.021080289244651794,0.1335328996181488,274f49f21a03df6f7da7f330fed2fe31ff1b6bdd1be8fc9ce8088bf297fdd4e6
E1,contrast,3,partial_channel,0.2,1.0,,3,20,1.242500000000004,0.34499237215061057,0.7500000000000062,2.0500000000000074,2000.0,0.0,2000,2000,0.3019607843137254,0.0609853859960326,0.17647058823529413,0.4019607843137255,0.01855747558226897,0.005440244427169239,0.009015777610818933,0.029301277235161533,102.0,0.0,102,102,1331.0,0.0,1331,1331,0.13628666675686835,0.043235085323425106,0.049317102193832396,0.21955888772010804,274f49f21a03df6f7da7f330fed2fe31ff1b6bdd1be8fc9ce8088bf297fdd4e6
E1,contrast,3,partial_channel,0.01,1.0,,4,20,0.3050000000000036,0.15209069316486312,0.10000000000000009,0.6500000000000061,2000.0,0.0,2000,2000,0.04215686274509804,0.013901277382292123,0.029411764705882353,0.0784313725490196,0.001915852742299023,0.0012777002872442155,0.0,0.003756574004507889,102.0,0.0,102,102,1331.0,0.0,1331,1331,0.007640186852216721,0.00803369028159245,-0.00558973228931427,0.032196404933929446,274f49f21a03df6f7da7f330fed2fe31ff1b6bdd1be8fc9ce8088bf297fdd4e6
E1,contrast,3,partial_channel,0.05,1.0,,4,20,0.5650000000000038,0.19405642152951882,0.15000000000000568,0.9500000000000064,2000.0,0.0,2000,2000,0.11323529411764707,0.03769966976602622,0.06862745098039216,0.21568627450980393,0.006348610067618332,0.0026755225111570824,0.003756574004507889,0.013523666416228399,102.0,0.0,102,102,1331.0,0.0,1331,1331,0.04796642778515815,0.012910118048805586,0.021693144917488097,0.07255654299259186,274f49f21a03df6f7da7f330fed2fe31ff1b6bdd1be8fc9ce8088bf297fdd4e6
E1,contrast,3,partial_channel,0.1,1.0,,4,20,0.8175000000000032,0.21230253983655717,0.40000000000000036,1.1500000000000066,2000.0,0.0,2000,2000,0.1803921568627451,0.0431935086814387,0.12745098039215685,0.28431372549019607,0.009391435011269723,0.003373218946898588,0.005259203606311044,0.01652892561983471,102.0,0.0,102,102,1331.0,0.0,1331,1331,0.08892976424694062,0.020601320636927788,0.04837255358695984,0.1273214806318283,274f49f21a03df6f7da7f330fed2fe31ff1b6bdd1be8fc9ce8088bf297fdd4e6
E1,contrast,3,partial_channel,0.2,1.0,,4,20,1.3050000000000037,0.26001012126048983,0.8500000000000063,1.9000000000000017,2000.0,0.0,2000,2000,0.292156862745098,0.052709426633987325,0.20588235294117646,0.4117647058823529,0.013899323816679191,0.0037407234105839757,0.0067618332081141996,0.018782870022539443,102.0,0.0,102,102,1331.0,0.0,1331,1331,0.18462815425395965,0.02588256612120096,0.13305895709991455,0.23349014270305635,274f49f21a03df6f7da7f330fed2fe31ff1b6bdd1be8fc9ce8088bf297fdd4e6
E1,contrast,3,partial_channel,0.01,1.0,,5,20,0.3300000000000036,0.12396943596157688,0.15000000000000568,0.6500000000000061,2000.0,0.0,2000,2000,0.045588235294117645,0.013964816036386878,0.0196078431372549,0.0784313725490196,0.0020661157024793385,0.0009401315534792788,0.0007513148009015778,0.003756574004507889,102.0,0.0,102,102,1331.0,0.0,1331,1331,0.007712573558092119,0.006589133814740231,-0.000955864429473877,0.03161056101322174,274f49f21a03df6f7da7f330fed2fe31ff1b6bdd1be8fc9ce8088bf297fdd4e6
E1,contrast,3,partial_channel,0.05,1.0,,5,20,0.532500000000003,0.13980719806783562,0.30000000000000027,0.7000000000000006,2000.0,0.0,2000,2000,0.10490196078431376,0.026440949657191886,0.06862745098039216,0.1568627450980392,0.0057099924868519916,0.0020306724513849865,0.002253944402704733,0.009015777610818933,102.0,0.0,102,102,1331.0,0.0,1331,1331,0.044802161216735845,0.024137903418022875,0.01620799124240875,0.1132062120437622,274f49f21a03df6f7da7f330fed2fe31ff1b6bdd1be8fc9ce8088bf297fdd4e6
E1,contrast,3,partial_channel,0.1,1.0,,5,20,0.8400000000000034,0.2387467277262663,0.15000000000000568,1.200000000000001,2000.0,0.0,2000,2000,0.1725490196078431,0.02816411162586697,0.10784313725490197,0.23529411764705882,0.0077385424492862525,0.0018257511064596462,0.004507888805409466,0.010518407212622089,102.0,0.0,102,102,1331.0,0.0,1331,1331,0.08458307646512986,0.02460360069918998,0.05154897701740265,0.1455148994922638,274f49f21a03df6f7da7f330fed2fe31ff1b6bdd1be8fc9ce8088bf297fdd4e6
E1,contrast,3,partial_channel,0.2,1.0,,5,20,1.2700000000000036,0.2642765696446764,0.8500000000000063,1.9000000000000017,2000.0,0.0,2000,2000,0.2740196078431373,0.03756524370144744,0.21568627450980393,0.3627450980392157,0.011720510894064612,0.002772855768051544,0.0067618332081141996,0.01728024042073629,102.0,0.0,102,102,1331.0,0.0,1331,1331,0.1766213087797165,0.03381653498859458,0.12663128101825713,0.23712625753879546,274f49f21a03df6f7da7f330fed2fe31ff1b6bdd1be8fc9ce8088bf297fdd4e6
E1,contrast,3,partial_channel,0.01,1.0,,6,20,0.29250000000000387,0.07992595257322169,0.15000000000000568,0.45000000000000595,2000.0,0.0,2000,2000,0.035784313725490194,0.012832123307358152,0.0196078431372549,0.058823529411764705,0.0017655897821187076,0.0008881317719598937,0.0,0.003756574004507889,102.0,0.0,102,102,1331.0,0.0,1331,1331,0.008325032073259353,0.00530866430067365,-0.0027142826318740845,0.022896982192993163,274f49f21a03df6f7da7f330fed2fe31ff1b6bdd1be8fc9ce8088bf297fdd4e6
E1,contrast,3,partial_channel,0.05,1.0,,6,20,0.590000000000004,0.23260538075868997,0.15000000000000568,0.9500000000000064,2000.0,0.0,2000,2000,0.1088235294117647,0.026402657168370324,0.049019607843137254,0.1568627450980392,0.004921111945905335,0.001714561404386453,0.002253944402704733,0.008264462809917356,102.0,0.0,102,102,1331.0,0.0,1331,1331,0.048834133183956144,0.01906872680942566,0.02177336299419403,0.09935825693607331,274f49f21a03df6f7da7f330fed2fe31ff1b6bdd1be8fc9ce8088bf297fdd4e6
E1,contrast,3,partial_channel,0.1,1.0,,6,20,0.885000000000003,0.2230765740608762,0.5000000000000004,1.3500000000000068,2000.0,0.0,2000,2000,0.16764705882352943,0.03179221375144595,0.08823529411764706,0.21568627450980393,0.0072877535687453044,0.002222084928678444,0.003756574004507889,0.012772351615326822,102.0,0.0,102,102,1331.0,0.0,1331,1331,0.09297524644136429,0.019867963717371855,0.05591053247451782,0.13656912517547606,274f49f21a03df6f7da7f330fed2fe31ff1b6bdd1be8fc9ce8088bf297fdd4e6
E1,contrast,3,partial_channel,0.2,1.0,,6,20,1.2225000000000041,0.27312759694056243,0.8000000000000007,1.650000000000007,2000.0,0.0,2000,2000,0.2705882352941177,0.04003276749286592,0.20588235294117646,0.3333333333333333,0.011344853493613822,0.002820657990316609,0.0067618332081141996,0.015777610818933134,102.0,0.0,102,102,1331.0,0.0,1331,1331,0.1860257436335087,0.03106443104518109,0.15061476159095763,0.2642533984184265,274f49f21a03df6f7da7f330fed2fe31ff1b6bdd1be8fc9ce8088bf297fdd4e6
E1,contrast,3,partial_channel,0.01,1.0,,7,20,0.3175000000000022,0.1054751155486462,0.10000000000000009,0.550000000000006,2000.0,0.0,2000,2000,0.04019607843137255,0.013828304293577271,0.00980392156862745,0.058823529411764705,0.0012021036814425243,0.001016798193657332,0.0,0.003756574004507889,102.0,0.0,102,102,1331.0,0.0,1331,1331,0.009381439083814619,0.006571021965803171,0.0006127039194107056,0.025643543362617493,274f49f21a03df6f7da7f330fed2fe31ff1b6bdd1be8fc9ce8088bf297fdd4e6
E1,contrast,3,partial_channel,0.05,1.0,,7,20,0.5350000000000039,0.1857417562100666,0.15000000000000568,0.9000000000000008,2000.0,0.0,2000,2000,0.09607843137254903,0.024761351069128915,0.049019607843137254,0.13725490196078433,0.004320060105184072,0.0016146139731285777,0.0015026296018031556,0.0067618332081141996,102.0,0.0,102,102,1331.0,0.0,1331,1331,0.048299386841058736,0.02180201348318657,0.020904747366905212,0.1060213817358017,274f49f21a03df6f7da7f330fed2fe31ff1b6bdd1be8fc9ce8088bf297fdd4e6
E1,contrast,3,partial_channel,0.1,1.0,,7,20,0.8825000000000038,0.2545765317666106,0.35000000000000586,1.3500000000000068,2000.0,0.0,2000,2000,0.16519607843137254,0.029200306241874863,0.09803921568627451,0.22549019607843138,0.00608564988730278,0.0016150739116005557,0.002253944402704733,0.009767092411720512,102.0,0.0,102,102,1331.0,0.0,1331,1331,0.09541562620401382,0.02329050901866264,0.056967750310897826,0.1435592839717865,274f49f21a03df6f7da7f330fed2fe31ff1b6bdd1be8fc9ce8088bf297fdd4e6
E1,contrast,3,partial_channel,0.2,1.0,,7,20,1.2100000000000033,0.2980639281482385,0.6000000000000005,1.7000000000000015,2000.0,0.0,2000,2000,0.2681372549019608,0.038862574313964636,0.17647058823529413,0.3333333333333333,0.010217881292261458,0.002304776946549965,0.0067618332081141996,0.015026296018031555,102.0,0.0,102,102,1331.0,0.0,1331,1331,0.18636904333233834,0.03340380408340506,0.14450362050533294,0.2901229237318039,274f49f21a03df6f7da7f330fed2fe31ff1b6bdd1be8fc9ce8088bf297fdd4e6
E1,contrast,3,partial_channel,0.01,1.0,,8,20,0.280000000000003,0.0879593207412558,0.050000000000005596,0.40000000000000036,2000.0,0.0,2000,2000,0.03627450980392157,0.013532477479794006,0.0196078431372549,0.058823529411764705,0.0012772351615326825,0.001007994580390589,0.0,0.003005259203606311,102.0,0.0,102,102,1331.0,0.0,1331,1331,0.008839701771736144,0.006898425052065557,-0.0013819446563720704,0.029349412798881532,274f49f21a03df6f7da7f330fed2fe31ff1b6bdd1be8fc9ce8088bf297fdd4e6
E1,contrast,3,partial_channel,0.05,1.0,,8,20,0.5050000000000032,0.16772471179694587,0.2500000000000058,0.8500000000000063,2000.0,0.0,2000,2000,0.08970588235294119,0.019419893847789964,0.049019607843137254,0.12745098039215685,0.003906836964688204,0.0013484065551077058,0.0015026296018031556,0.006010518407212622,102.0,0.0,102,102,1331.0,0.0,1331,1331,0.04961374177336693,0.02251807484876436,0.019948467016220092,0.10823189115524293,274f49f21a03df6f7da7f330fed2fe31ff1b6bdd1be8fc9ce8088bf297fdd4e6
E1,contrast,3,partial_channel,0.1,1.0,,8,20,0.8075000000000031,0.212921408777487,0.30000000000000027,1.1500000000000066,2000.0,0.0,2000,2000,0.15784313725490196,0.03163269335828573,0.09803921568627451,0.20588235294117646,0.005747558226897069,0.0016401719159952258,0.003005259203606311,0.009015777610818933,102.0,0.0,102,102,1331.0,0.0,1331,1331,0.09795628180503844,0.023258787927431163,0.06275428652763367,0.1493454076051712,274f49f21a03df6f7da7f330fed2fe31ff1b6bdd1be8fc9ce8088bf297fdd4e6
E1,contrast,3,partial_channel,0.2,1.0,,8,20,1.2175000000000034,0.2135384841440219,0.8000000000000007,1.650000000000007,2000.0,0.0,2000,2000,0.2754901960784314,0.03334547220239315,0.22549019607843138,0.3431372549019608,0.009879789631855746,0.0016760073182635201,0.0067618332081141996,0.013523666416228399,102.0,0.0,102,102,1331.0,0.0,1331,1331,0.19174257783889773,0.03027097496242496,0.14765052556991576,0.276742914557457,274f49f21a03df6f7da7f330fed2fe31ff1b6bdd1be8fc9ce8088bf297fdd4e6
E1,contrast,3,partial_channel,0.01,1.0,,9,20,0.280000000000003,0.09920738512408224,0.10000000000000009,0.5000000000000004,2000.0,0.0,2000,2000,0.03676470588235294,0.01306651936233292,0.0196078431372549,0.058823529411764705,0.0011269722013523668,0.0008618171820832523,0.0,0.003005259203606311,102.0,0.0,102,102,1331.0,0.0,1331,1331,0.009221275007724763,0.00616505209792643,0.0014072364568710326,0.03151381576061249,274f49f21a03df6f7da7f330fed2fe31ff1b6bdd1be8fc9ce8088bf297fdd4e6
E1,contrast,3,partial_channel,0.05,1.0,,9,20,0.5800000000000033,0.12074331189933861,0.35000000000000586,0.8000000000000007,2000.0,0.0,2000,2000,0.09215686274509803,0.016951073056286615,0.06862745098039216,0.13725490196078433,0.002554470323065364,0.0008583629911006452,0.0007513148009015778,0.003756574004507889,102.0,0.0,102,102,1331.0,0.0,1331,1331,0.052607455247640614,0.015853019535476208,0.031694654226303104,0.09012151741981507,274f49f21a03df6f7da7f330fed2fe31ff1b6bdd1be8fc9ce8088bf297fdd4e6
E1,contrast,3,partial_channel,0.1,1.0,,9,20,0.7900000000000029,0.1618966531951466,0.45000000000000595,1.0500000000000065,2000.0,0.0,2000,2000,0.15392156862745096,0.025466369748801707,0.11764705882352941,0.20588235294117646,0.004094665664913599,0.0012303176041862215,0.0015026296018031556,0.006010518407212622,102.0,0.0,102,102,1331.0,0.0,1331,1331,0.10208643921017646,0.015777512904144777,0.08219813466072083,0.138642928481102,274f49f21a03df6f7da7f330fed2fe31ff1b6bdd1be8fc9ce8088bf297fdd4e6
E1,contrast,3,partial_channel,0.2,1.0,,9,20,1.2150000000000043,0.30826338704016376,0.7500000000000062,1.9500000000000073,2000.0,0.0,2000,2000,0.2637254901960785,0.02860963297510179,0.22549019607843138,0.3137254901960784,0.007175056348610068,0.001863997206342345,0.003756574004507889,0.010518407212622089,102.0,0.0,102,102,1331.0,0.0,1331,1331,0.20102204857468603,0.026762676267684162,0.16172443592548372,0.2645634924173355,274f49f21a03df6f7da7f330fed2fe31ff1b6bdd1be8fc9ce8088bf297fdd4e6
E1,contrast,3,partial_channel,0.01,1.0,,10,20,0.27000000000000296,0.0849148179989187,0.10000000000000009,0.40000000000000036,2000.0,0.0,2000,2000,0.035784313725490194,0.01501228780982472,0.00980392156862745,0.06862745098039216,0.000976709241172051,0.0007746772974018313,0.0,0.003005259203606311,102.0,0.0,102,102,1331.0,0.0,1331,1331,0.008686461371183396,0.005292095674837752,0.00208668315410614,0.02508236587047577,274f49f21a03df6f7da7f330fed2fe31ff1b6bdd1be8fc9ce8088bf297fdd4e6
E1,contrast,3,partial_channel,0.05,1.0,,10,20,0.5600000000000033,0.12418153096003746,0.2500000000000058,0.8000000000000007,2000.0,0.0,2000,2000,0.09215686274509806,0.01753778805882188,0.06862745098039216,0.11764705882352941,0.002291510142749812,0.0010189872127543194,0.0,0.004507888805409466,102.0,0.0,102,102,1331.0,0.0,1331,1331,0.055190131181478495,0.01037848132204898,0.037928685069084166,0.08091271877288818,274f49f21a03df6f7da7f330fed2fe31ff1b6bdd1be8fc9ce8088bf297fdd4e6
E1,contrast,3,partial_channel,0.1,1.0,,10,20,0.7725000000000032,0.20613932437221205,0.40000000000000036,1.2500000000000067,2000.0,0.0,2000,2000,0.14901960784313725,0.024761351069128915,0.10784313725490197,0.20588235294117646,0.004357625845229151,0.0015721964351032216,0.0007513148009015778,0.007513148009015778,102.0,0.0,102,102,1331.0,0.0,1331,1331,0.1054488506138325,0.010676649124181259,0.08884824156761169,0.13195687580108642,274f49f21a03df6f7da7f330fed2fe31ff1b6bdd1be8fc9ce8088bf297fdd4e6
E1,contrast,3,partial_channel,0.2,1.0,,10,20,1.230000000000004,0.21113727138622568,0.8500000000000063,1.6000000000000014,2000.0,0.0,2000,2000,0.26078431372549016,0.025326936093808834,0.22549019607843138,0.3137254901960784,0.00706235912847483,0.0016424345352472312,0.003756574004507889,0.009767092411720512,102.0,0.0,102,102,1331.0,0.0,1331,1331,0.2051428602993488,0.025728302919754094,0.17238118457794188,0.2659633836746216,274f49f21a03df6f7da7f330fed2fe31ff1b6bdd1be8fc9ce8088bf297fdd4e6
E1,contrast,3,partial_channel,0.01,1.0,,11,20,0.24000000000000243,0.10711528467276014,0.0,0.45000000000000595,2000.0,0.0,2000,2000,0.0303921568627451,0.011858927820182342,0.00980392156862745,0.058823529411764705,0.00101427498121713,0.0009526881237939556,0.0,0.002253944402704733,102.0,0.0,102,102,1331.0,0.0,1331,1331,0.00802688689827919,0.002116129735460819,0.005099969267845153,0.013482313871383668,274f49f21a03df6f7da7f330fed2fe31ff1b6bdd1be8fc9ce8088bf297fdd4e6
E1,contrast,3,partial_channel,0.05,1.0,,11,20,0.5875000000000041,0.13752990105504495,0.35000000000000586,0.8000000000000007,2000.0,0.0,2000,2000,0.09166666666666667,0.022328078074007298,0.06862745098039216,0.13725490196078433,0.002404207362885048,0.001348406555107706,0.0,0.004507888805409466,102.0,0.0,102,102,1331.0,0.0,1331,1331,0.046922658205032344,0.007894310089149889,0.027512795448303224,0.060012176156044005,274f49f21a03df6f7da7f330fed2fe31ff1b6bdd1be8fc9ce8088bf297fdd4e6
E1,contrast,3,partial_channel,0.1,1.0,,11,20,0.8350000000000041,0.18144159564878945,0.40000000000000036,1.200000000000001,2000.0,0.0,2000,2000,0.14950980392156862,0.02290957752527382,0.10784313725490197,0.18627450980392157,0.0037565740045078892,0.0012898498501562015,0.002253944402704733,0.0067618332081141996,102.0,0.0,102,102,1331.0,0.0,1331,1331,0.09099258261322976,0.009616779287336145,0.07274368524551392,0.10653639829158783,274f49f21a03df6f7da7f330fed2fe31ff1b6bdd1be8fc9ce8088bf297fdd4e6
E1,contrast,3,partial_channel,0.2,1.0,,11,20,1.2275000000000043,0.2597949596366948,0.7500000000000062,1.8500000000000072,2000.0,0.0,2000,2000,0.25931372549019605,0.032975527570665346,0.20588235294117646,0.3137254901960784,0.00740045078888054,0.0015276302116216378,0.005259203606311044,0.010518407212622089,102.0,0.0,102,102,1331.0,0.0,1331,1331,0.17348123226761822,0.011797656085280135,0.14880142080783845,0.1943148880004883,274f49f21a03df6f7da7f330fed2fe31ff1b6bdd1be8fc9ce8088bf297fdd4e6
E1,contrast,3,none,0.01,1.0,,0,1,0.0,,0.0,0.0,2000.0,,2000,2000,0.0,,0.0,0.0,0.0,,0.0,0.0,102.0,,102,102,1331.0,,1331,1331,0.0,,0.0,0.0,274f49f21a03df6f7da7f330fed2fe31ff1b6bdd1be8fc9ce8088bf297fdd4e6
E1,contrast,3,none,0.01,1.0,,1,1,0.0,,0.0,0.0,2000.0,,2000,2000,0.0,,0.0,0.0,0.0,,0.0,0.0,102.0,,102,102,1331.0,,1331,1331,0.0,,0.0,0.0,274f49f21a03df6f7da7f330fed2fe31ff1b6bdd1be8fc9ce8088bf297fdd4e6
E1,contrast,3,none,0.01,1.0,,2,1,0.0,,0.0,0.0,2000.0,,2000,2000,0.0,,0.0,0.0,0.0,,0.0,0.0,102.0,,102,102,1331.0,,1331,1331,0.0,,0.0,0.0,274f49f21a03df6f7da7f330fed2fe31ff1b6bdd1be8fc9ce8088bf297fdd4e6
E1,contrast,3,none,0.01,1.0,,3,1,0.0,,0.0,0.0,2000.0,,2000,2000,0.0,,0.0,0.0,0.0,,0.0,0.0,102.0,,102,102,1331.0,,1331,1331,0.0,,0.0,0.0,274f49f21a03df6f7da7f330fed2fe31ff1b6bdd1be8fc9ce8088bf297fdd4e6
E1,contrast,3,none,0.01,1.0,,4,1,0.0,,0.0,0.0,2000.0,,2000,2000,0.0,,0.0,0.0,0.0,,0.0,0.0,102.0,,102,102,1331.0,,1331,1331,0.0,,0.0,0.0,274f49f21a03df6f7da7f330fed2fe31ff1b6bdd1be8fc9ce8088bf297fdd4e6
E1,contrast,3,none,0.01,1.0,,5,1,0.0,,0.0,0.0,2000.0,,2000,2000,0.0,,0.0,0.0,0.0,,0.0,0.0,102.0,,102,102,1331.0,,1331,1331,0.0,,0.0,0.0,274f49f21a03df6f7da7f330fed2fe31ff1b6bdd1be8fc9ce8088bf297fdd4e6
E1,contrast,3,none,0.01,1.0,,6,1,0.0,,0.0,0.0,2000.0,,2000,2000,0.0,,0.0,0.0,0.0,,0.0,0.0,102.0,,102,102,1331.0,,1331,1331,0.0,,0.0,0.0,274f49f21a03df6f7da7f330fed2fe31ff1b6bdd1be8fc9ce8088bf297fdd4e6
E1,contrast,3,none,0.01,1.0,,7,1,0.0,,0.0,0.0,2000.0,,2000,2000,0.0,,0.0,0.0,0.0,,0.0,0.0,102.0,,102,102,1331.0,,1331,1331,0.0,,0.0,0.0,274f49f21a03df6f7da7f330fed2fe31ff1b6bdd1be8fc9ce8088bf297fdd4e6
E1,contrast,3,none,0.01,1.0,,8,1,0.0,,0.0,0.0,2000.0,,2000,2000,0.0,,0.0,0.0,0.0,,0.0,0.0,102.0,,102,102,1331.0,,1331,1331,0.0,,0.0,0.0,274f49f21a03df6f7da7f330fed2fe31ff1b6bdd1be8fc9ce8088bf297fdd4e6
E1,contrast,3,none,0.01,1.0,,9,1,0.0,,0.0,0.0,2000.0,,2000,2000,0.0,,0.0,0.0,0.0,,0.0,0.0,102.0,,102,102,1331.0,,1331,1331,0.0,,0.0,0.0,274f49f21a03df6f7da7f330fed2fe31ff1b6bdd1be8fc9ce8088bf297fdd4e6
E1,contrast,3,none,0.01,1.0,,10,1,0.0,,0.0,0.0,2000.0,,2000,2000,0.0,,0.0,0.0,0.0,,0.0,0.0,102.0,,102,102,1331.0,,1331,1331,0.0,,0.0,0.0,274f49f21a03df6f7da7f330fed2fe31ff1b6bdd1be8fc9ce8088bf297fdd4e6
E1,contrast,3,none,0.01,1.0,,11,1,0.0,,0.0,0.0,2000.0,,2000,2000,0.0,,0.0,0.0,0.0,,0.0,0.0,102.0,,102,102,1331.0,,1331,1331,0.0,,0.0,0.0,274f49f21a03df6f7da7f330fed2fe31ff1b6bdd1be8fc9ce8088bf297fdd4e6
E1,contrast,3,clean_to_clean,0.01,1.0,,0,1,3.0000000000000027,,3.0000000000000027,3.0000000000000027,2000.0,,2000,2000,1.0,,1.0,1.0,0.03155522163786627,,0.03155522163786627,0.03155522163786627,102.0,,102,102,1331.0,,1331,1331,0.5348638384342194,,0.5348638384342194,0.5348638384342194,274f49f21a03df6f7da7f330fed2fe31ff1b6bdd1be8fc9ce8088bf297fdd4e6
E1,contrast,3,clean_to_clean,0.01,1.0,,1,1,3.0000000000000027,,3.0000000000000027,3.0000000000000027,2000.0,,2000,2000,1.0,,1.0,1.0,0.03155522163786627,,0.03155522163786627,0.03155522163786627,102.0,,102,102,1331.0,,1331,1331,0.5348638384342194,,0.5348638384342194,0.5348638384342194,274f49f21a03df6f7da7f330fed2fe31ff1b6bdd1be8fc9ce8088bf297fdd4e6
E1,contrast,3,clean_to_clean,0.01,1.0,,2,1,3.0000000000000027,,3.0000000000000027,3.0000000000000027,2000.0,,2000,2000,1.0,,1.0,1.0,0.03155522163786627,,0.03155522163786627,0.03155522163786627,102.0,,102,102,1331.0,,1331,1331,0.5348638384342194,,0.5348638384342194,0.5348638384342194,274f49f21a03df6f7da7f330fed2fe31ff1b6bdd1be8fc9ce8088bf297fdd4e6
E1,contrast,3,clean_to_clean,0.01,1.0,,3,1,3.0000000000000027,,3.0000000000000027,3.0000000000000027,2000.0,,2000,2000,1.0,,1.0,1.0,0.03155522163786627,,0.03155522163786627,0.03155522163786627,102.0,,102,102,1331.0,,1331,1331,0.5348638384342194,,0.5348638384342194,0.5348638384342194,274f49f21a03df6f7da7f330fed2fe31ff1b6bdd1be8fc9ce8088bf297fdd4e6
E1,contrast,3,clean_to_clean,0.01,1.0,,4,1,3.0000000000000027,,3.0000000000000027,3.0000000000000027,2000.0,,2000,2000,1.0,,1.0,1.0,0.03155522163786627,,0.03155522163786627,0.03155522163786627,102.0,,102,102,1331.0,,1331,1331,0.5348638384342194,,0.5348638384342194,0.5348638384342194,274f49f21a03df6f7da7f330fed2fe31ff1b6bdd1be8fc9ce8088bf297fdd4e6
E1,contrast,3,clean_to_clean,0.01,1.0,,5,1,3.0000000000000027,,3.0000000000000027,3.0000000000000027,2000.0,,2000,2000,1.0,,1.0,1.0,0.03155522163786627,,0.03155522163786627,0.03155522163786627,102.0,,102,102,1331.0,,1331,1331,0.5348638384342194,,0.5348638384342194,0.5348638384342194,274f49f21a03df6f7da7f330fed2fe31ff1b6bdd1be8fc9ce8088bf297fdd4e6
E1,contrast,3,clean_to_clean,0.01,1.0,,6,1,3.0000000000000027,,3.0000000000000027,3.0000000000000027,2000.0,,2000,2000,1.0,,1.0,1.0,0.03155522163786627,,0.03155522163786627,0.03155522163786627,102.0,,102,102,1331.0,,1331,1331,0.5348638384342194,,0.5348638384342194,0.5348638384342194,274f49f21a03df6f7da7f330fed2fe31ff1b6bdd1be8fc9ce8088bf297fdd4e6
E1,contrast,3,clean_to_clean,0.01,1.0,,7,1,3.0000000000000027,,3.0000000000000027,3.0000000000000027,2000.0,,2000,2000,1.0,,1.0,1.0,0.03155522163786627,,0.03155522163786627,0.03155522163786627,102.0,,102,102,1331.0,,1331,1331,0.5348638384342194,,0.5348638384342194,0.5348638384342194,274f49f21a03df6f7da7f330fed2fe31ff1b6bdd1be8fc9ce8088bf297fdd4e6
E1,contrast,3,clean_to_clean,0.01,1.0,,8,1,3.0000000000000027,,3.0000000000000027,3.0000000000000027,2000.0,,2000,2000,1.0,,1.0,1.0,0.03155522163786627,,0.03155522163786627,0.03155522163786627,102.0,,102,102,1331.0,,1331,1331,0.5348638384342194,,0.5348638384342194,0.5348638384342194,274f49f21a03df6f7da7f330fed2fe31ff1b6bdd1be8fc9ce8088bf297fdd4e6
E1,contrast,3,clean_to_clean,0.01,1.0,,9,1,3.0000000000000027,,3.0000000000000027,3.0000000000000027,2000.0,,2000,2000,1.0,,1.0,1.0,0.03155522163786627,,0.03155522163786627,0.03155522163786627,102.0,,102,102,1331.0,,1331,1331,0.5348638384342194,,0.5348638384342194,0.5348638384342194,274f49f21a03df6f7da7f330fed2fe31ff1b6bdd1be8fc9ce8088bf297fdd4e6
E1,contrast,3,clean_to_clean,0.01,1.0,,10,1,3.0000000000000027,,3.0000000000000027,3.0000000000000027,2000.0,,2000,2000,1.0,,1.0,1.0,0.03155522163786627,,0.03155522163786627,0.03155522163786627,102.0,,102,102,1331.0,,1331,1331,0.5348638384342194,,0.5348638384342194,0.5348638384342194,274f49f21a03df6f7da7f330fed2fe31ff1b6bdd1be8fc9ce8088bf297fdd4e6
E1,contrast,3,clean_to_clean,0.01,1.0,,11,1,3.0000000000000027,,3.0000000000000027,3.0000000000000027,2000.0,,2000,2000,1.0,,1.0,1.0,0.03155522163786627,,0.03155522163786627,0.03155522163786627,102.0,,102,102,1331.0,,1331,1331,0.5348638384342194,,0.5348638384342194,0.5348638384342194,274f49f21a03df6f7da7f330fed2fe31ff1b6bdd1be8fc9ce8088bf297fdd4e6
E1,contrast,3,full_state,0.01,1.0,,0,1,3.0000000000000027,,3.0000000000000027,3.0000000000000027,2000.0,,2000,2000,1.0,,1.0,1.0,0.03155522163786627,,0.03155522163786627,0.03155522163786627,102.0,,102,102,1331.0,,1331,1331,0.5348638384342194,,0.5348638384342194,0.5348638384342194,274f49f21a03df6f7da7f330fed2fe31ff1b6bdd1be8fc9ce8088bf297fdd4e6
E1,contrast,3,full_state,0.01,1.0,,1,1,3.0000000000000027,,3.0000000000000027,3.0000000000000027,2000.0,,2000,2000,1.0,,1.0,1.0,0.03155522163786627,,0.03155522163786627,0.03155522163786627,102.0,,102,102,1331.0,,1331,1331,0.5348638384342194,,0.5348638384342194,0.5348638384342194,274f49f21a03df6f7da7f330fed2fe31ff1b6bdd1be8fc9ce8088bf297fdd4e6
E1,contrast,3,full_state,0.01,1.0,,2,1,3.0000000000000027,,3.0000000000000027,3.0000000000000027,2000.0,,2000,2000,1.0,,1.0,1.0,0.03155522163786627,,0.03155522163786627,0.03155522163786627,102.0,,102,102,1331.0,,1331,1331,0.5348638384342194,,0.5348638384342194,0.5348638384342194,274f49f21a03df6f7da7f330fed2fe31ff1b6bdd1be8fc9ce8088bf297fdd4e6
E1,contrast,3,full_state,0.01,1.0,,3,1,3.0000000000000027,,3.0000000000000027,3.0000000000000027,2000.0,,2000,2000,1.0,,1.0,1.0,0.03155522163786627,,0.03155522163786627,0.03155522163786627,102.0,,102,102,1331.0,,1331,1331,0.5348638384342194,,0.5348638384342194,0.5348638384342194,274f49f21a03df6f7da7f330fed2fe31ff1b6bdd1be8fc9ce8088bf297fdd4e6
E1,contrast,3,full_state,0.01,1.0,,4,1,3.0000000000000027,,3.0000000000000027,3.0000000000000027,2000.0,,2000,2000,1.0,,1.0,1.0,0.03155522163786627,,0.03155522163786627,0.03155522163786627,102.0,,102,102,1331.0,,1331,1331,0.5348638384342194,,0.5348638384342194,0.5348638384342194,274f49f21a03df6f7da7f330fed2fe31ff1b6bdd1be8fc9ce8088bf297fdd4e6
E1,contrast,3,full_state,0.01,1.0,,5,1,3.0000000000000027,,3.0000000000000027,3.0000000000000027,2000.0,,2000,2000,1.0,,1.0,1.0,0.03155522163786627,,0.03155522163786627,0.03155522163786627,102.0,,102,102,1331.0,,1331,1331,0.5348638384342194,,0.5348638384342194,0.5348638384342194,274f49f21a03df6f7da7f330fed2fe31ff1b6bdd1be8fc9ce8088bf297fdd4e6
E1,contrast,3,full_state,0.01,1.0,,6,1,3.0000000000000027,,3.0000000000000027,3.0000000000000027,2000.0,,2000,2000,1.0,,1.0,1.0,0.03155522163786627,,0.03155522163786627,0.03155522163786627,102.0,,102,102,1331.0,,1331,1331,0.5348638384342194,,0.5348638384342194,0.5348638384342194,274f49f21a03df6f7da7f330fed2fe31ff1b6bdd1be8fc9ce8088bf297fdd4e6
E1,contrast,3,full_state,0.01,1.0,,7,1,3.0000000000000027,,3.0000000000000027,3.0000000000000027,2000.0,,2000,2000,1.0,,1.0,1.0,0.03155522163786627,,0.03155522163786627,0.03155522163786627,102.0,,102,102,1331.0,,1331,1331,0.5348638384342194,,0.5348638384342194,0.5348638384342194,274f49f21a03df6f7da7f330fed2fe31ff1b6bdd1be8fc9ce8088bf297fdd4e6
E1,contrast,3,full_state,0.01,1.0,,8,1,3.0000000000000027,,3.0000000000000027,3.0000000000000027,2000.0,,2000,2000,1.0,,1.0,1.0,0.03155522163786627,,0.03155522163786627,0.03155522163786627,102.0,,102,102,1331.0,,1331,1331,0.5348638384342194,,0.5348638384342194,0.5348638384342194,274f49f21a03df6f7da7f330fed2fe31ff1b6bdd1be8fc9ce8088bf297fdd4e6
E1,contrast,3,full_state,0.01,1.0,,9,1,3.0000000000000027,,3.0000000000000027,3.0000000000000027,2000.0,,2000,2000,1.0,,1.0,1.0,0.03155522163786627,,0.03155522163786627,0.03155522163786627,102.0,,102,102,1331.0,,1331,1331,0.5348638384342194,,0.5348638384342194,0.5348638384342194,274f49f21a03df6f7da7f330fed2fe31ff1b6bdd1be8fc9ce8088bf297fdd4e6
E1,contrast,3,full_state,0.01,1.0,,10,1,3.0000000000000027,,3.0000000000000027,3.0000000000000027,2000.0,,2000,2000,1.0,,1.0,1.0,0.03155522163786627,,0.03155522163786627,0.03155522163786627,102.0,,102,102,1331.0,,1331,1331,0.5348638384342194,,0.5348638384342194,0.5348638384342194,274f49f21a03df6f7da7f330fed2fe31ff1b6bdd1be8fc9ce8088bf297fdd4e6
E1,contrast,3,full_state,0.01,1.0,,11,1,3.0000000000000027,,3.0000000000000027,3.0000000000000027,2000.0,,2000,2000,1.0,,1.0,1.0,0.03155522163786627,,0.03155522163786627,0.03155522163786627,102.0,,102,102,1331.0,,1331,1331,0.5348638384342194,,0.5348638384342194,0.5348638384342194,274f49f21a03df6f7da7f330fed2fe31ff1b6bdd1be8fc9ce8088bf297fdd4e6
E1,contrast,3,random_direction,0.01,1.0,,0,1,0.20000000000000018,,0.20000000000000018,0.20000000000000018,2000.0,,2000,2000,0.0784313725490196,,0.0784313725490196,0.0784313725490196,0.007513148009015778,,0.007513148009015778,0.007513148009015778,102.0,,102,102,1331.0,,1331,1331,-0.012234717726707459,,-0.012234717726707459,-0.012234717726707459,274f49f21a03df6f7da7f330fed2fe31ff1b6bdd1be8fc9ce8088bf297fdd4e6
E1,contrast,3,random_direction,0.01,1.0,,1,1,0.20000000000000018,,0.20000000000000018,0.20000000000000018,2000.0,,2000,2000,0.029411764705882353,,0.029411764705882353,0.029411764705882353,0.002253944402704733,,0.002253944402704733,0.002253944402704733,102.0,,102,102,1331.0,,1331,1331,-0.003706490397453308,,-0.003706490397453308,-0.003706490397453308,274f49f21a03df6f7da7f330fed2fe31ff1b6bdd1be8fc9ce8088bf297fdd4e6
E1,contrast,3,random_direction,0.01,1.0,,2,1,0.30000000000000027,,0.30000000000000027,0.30000000000000027,2000.0,,2000,2000,0.029411764705882353,,0.029411764705882353,0.029411764705882353,0.0007513148009015778,,0.0007513148009015778,0.0007513148009015778,102.0,,102,102,1331.0,,1331,1331,-0.00460422432422638,,-0.00460422432422638,-0.00460422432422638,274f49f21a03df6f7da7f330fed2fe31ff1b6bdd1be8fc9ce8088bf297fdd4e6
E1,contrast,3,random_direction,0.01,1.0,,3,1,0.30000000000000027,,0.30000000000000027,0.30000000000000027,2000.0,,2000,2000,0.0196078431372549,,0.0196078431372549,0.0196078431372549,0.0007513148009015778,,0.0007513148009015778,0.0007513148009015778,102.0,,102,102,1331.0,,1331,1331,-0.004372663140296936,,-0.004372663140296936,-0.004372663140296936,274f49f21a03df6f7da7f330fed2fe31ff1b6bdd1be8fc9ce8088bf297fdd4e6
E1,contrast,3,random_direction,0.01,1.0,,4,1,0.30000000000000027,,0.30000000000000027,0.30000000000000027,2000.0,,2000,2000,0.029411764705882353,,0.029411764705882353,0.029411764705882353,0.002253944402704733,,0.002253944402704733,0.002253944402704733,102.0,,102,102,1331.0,,1331,1331,-0.005887975215911865,,-0.005887975215911865,-0.005887975215911865,274f49f21a03df6f7da7f330fed2fe31ff1b6bdd1be8fc9ce8088bf297fdd4e6
E1,contrast,3,random_direction,0.01,1.0,,5,1,0.2500000000000058,,0.2500000000000058,0.2500000000000058,2000.0,,2000,2000,0.049019607843137254,,0.049019607843137254,0.049019607843137254,0.004507888805409466,,0.004507888805409466,0.004507888805409466,102.0,,102,102,1331.0,,1331,1331,-0.005231009721755981,,-0.005231009721755981,-0.005231009721755981,274f49f21a03df6f7da7f330fed2fe31ff1b6bdd1be8fc9ce8088bf297fdd4e6
E1,contrast,3,random_direction,0.01,1.0,,6,1,0.30000000000000027,,0.30000000000000027,0.30000000000000027,2000.0,,2000,2000,0.029411764705882353,,0.029411764705882353,0.029411764705882353,0.003756574004507889,,0.003756574004507889,0.003756574004507889,102.0,,102,102,1331.0,,1331,1331,-0.006227642893791198,,-0.006227642893791198,-0.006227642893791198,274f49f21a03df6f7da7f330fed2fe31ff1b6bdd1be8fc9ce8088bf297fdd4e6
E1,contrast,3,random_direction,0.01,1.0,,7,1,0.20000000000000018,,0.20000000000000018,0.20000000000000018,2000.0,,2000,2000,0.0392156862745098,,0.0392156862745098,0.0392156862745098,0.003756574004507889,,0.003756574004507889,0.003756574004507889,102.0,,102,102,1331.0,,1331,1331,-0.007858037948608398,,-0.007858037948608398,-0.007858037948608398,274f49f21a03df6f7da7f330fed2fe31ff1b6bdd1be8fc9ce8088bf297fdd4e6
E1,contrast,3,random_direction,0.01,1.0,,8,1,0.2500000000000058,,0.2500000000000058,0.2500000000000058,2000.0,,2000,2000,0.049019607843137254,,0.049019607843137254,0.049019607843137254,0.003005259203606311,,0.003005259203606311,0.003005259203606311,102.0,,102,102,1331.0,,1331,1331,-0.007257282495498657,,-0.007257282495498657,-0.007257282495498657,274f49f21a03df6f7da7f330fed2fe31ff1b6bdd1be8fc9ce8088bf297fdd4e6
E1,contrast,3,random_direction,0.01,1.0,,9,1,0.20000000000000018,,0.20000000000000018,0.20000000000000018,2000.0,,2000,2000,0.06862745098039216,,0.06862745098039216,0.06862745098039216,0.004507888805409466,,0.004507888805409466,0.004507888805409466,102.0,,102,102,1331.0,,1331,1331,-0.0039018564224243164,,-0.0039018564224243164,-0.0039018564224243164,274f49f21a03df6f7da7f330fed2fe31ff1b6bdd1be8fc9ce8088bf297fdd4e6
E1,contrast,3,random_direction,0.01,1.0,,10,1,0.30000000000000027,,0.30000000000000027,0.30000000000000027,2000.0,,2000,2000,0.0392156862745098,,0.0392156862745098,0.0392156862745098,0.002253944402704733,,0.002253944402704733,0.002253944402704733,102.0,,102,102,1331.0,,1331,1331,-0.0038510700464248655,,-0.0038510700464248655,-0.0038510700464248655,274f49f21a03df6f7da7f330fed2fe31ff1b6bdd1be8fc9ce8088bf297fdd4e6
E1,contrast,3,random_direction,0.01,1.0,,11,1,0.2500000000000058,,0.2500000000000058,0.2500000000000058,2000.0,,2000,2000,0.049019607843137254,,0.049019607843137254,0.049019607843137254,0.003005259203606311,,0.003005259203606311,0.003005259203606311,102.0,,102,102,1331.0,,1331,1331,-0.006521044611930847,,-0.006521044611930847,-0.006521044611930847,274f49f21a03df6f7da7f330fed2fe31ff1b6bdd1be8fc9ce8088bf297fdd4e6
E1,contrast,3,shuffled_donor,0.01,1.0,,0,1,0.45000000000000595,,0.45000000000000595,0.45000000000000595,2000.0,,2000,2000,0.12745098039215685,,0.12745098039215685,0.12745098039215685,0.0202854996243426,,0.0202854996243426,0.0202854996243426,102.0,,102,102,1331.0,,1331,1331,-0.046138170778751375,,-0.046138170778751375,-0.046138170778751375,274f49f21a03df6f7da7f330fed2fe31ff1b6bdd1be8fc9ce8088bf297fdd4e6
E1,contrast,3,shuffled_donor,0.01,1.0,,1,1,0.30000000000000027,,0.30000000000000027,0.30000000000000027,2000.0,,2000,2000,0.06862745098039216,,0.06862745098039216,0.06862745098039216,0.007513148009015778,,0.007513148009015778,0.007513148009015778,102.0,,102,102,1331.0,,1331,1331,-0.005074346899986267,,-0.005074346899986267,-0.005074346899986267,274f49f21a03df6f7da7f330fed2fe31ff1b6bdd1be8fc9ce8088bf297fdd4e6
E1,contrast,3,shuffled_donor,0.01,1.0,,2,1,0.050000000000005596,,0.050000000000005596,0.050000000000005596,2000.0,,2000,2000,0.06862745098039216,,0.06862745098039216,0.06862745098039216,0.010518407212622089,,0.010518407212622089,0.010518407212622089,102.0,,102,102,1331.0,,1331,1331,-0.014948049426078797,,-0.014948049426078797,-0.014948049426078797,274f49f21a03df6f7da7f330fed2fe31ff1b6bdd1be8fc9ce8088bf297fdd4e6
E1,contrast,3,shuffled_donor,0.01,1.0,,3,1,0.15000000000000568,,0.15000000000000568,0.15000000000000568,2000.0,,2000,2000,0.058823529411764705,,0.058823529411764705,0.058823529411764705,0.0067618332081141996,,0.0067618332081141996,0.0067618332081141996,102.0,,102,102,1331.0,,1331,1331,-0.003104203224182129,,-0.003104203224182129,-0.003104203224182129,274f49f21a03df6f7da7f330fed2fe31ff1b6bdd1be8fc9ce8088bf297fdd4e6
E1,contrast,3,shuffled_donor,0.01,1.0,,4,1,0.7000000000000006,,0.7000000000000006,0.7000000000000006,2000.0,,2000,2000,0.058823529411764705,,0.058823529411764705,0.058823529411764705,0.003005259203606311,,0.003005259203606311,0.003005259203606311,102.0,,102,102,1331.0,,1331,1331,0.004973790407180786,,0.004973790407180786,0.004973790407180786,274f49f21a03df6f7da7f330fed2fe31ff1b6bdd1be8fc9ce8088bf297fdd4e6
E1,contrast,3,shuffled_donor,0.01,1.0,,5,1,0.40000000000000036,,0.40000000000000036,0.40000000000000036,2000.0,,2000,2000,0.08823529411764706,,0.08823529411764706,0.08823529411764706,0.009767092411720512,,0.009767092411720512,0.009767092411720512,102.0,,102,102,1331.0,,1331,1331,-0.007001387119293213,,-0.007001387119293213,-0.007001387119293213,274f49f21a03df6f7da7f330fed2fe31ff1b6bdd1be8fc9ce8088bf297fdd4e6
E1,contrast,3,shuffled_donor,0.01,1.0,,6,1,0.35000000000000586,,0.35000000000000586,0.35000000000000586,2000.0,,2000,2000,0.08823529411764706,,0.08823529411764706,0.08823529411764706,0.008264462809917356,,0.008264462809917356,0.008264462809917356,102.0,,102,102,1331.0,,1331,1331,-0.011539177417755127,,-0.011539177417755127,-0.011539177417755127,274f49f21a03df6f7da7f330fed2fe31ff1b6bdd1be8fc9ce8088bf297fdd4e6
E1,contrast,3,shuffled_donor,0.01,1.0,,7,1,0.40000000000000036,,0.40000000000000036,0.40000000000000036,2000.0,,2000,2000,0.0784313725490196,,0.0784313725490196,0.0784313725490196,0.006010518407212622,,0.006010518407212622,0.006010518407212622,102.0,,102,102,1331.0,,1331,1331,-0.010694839954376222,,-0.010694839954376222,-0.010694839954376222,274f49f21a03df6f7da7f330fed2fe31ff1b6bdd1be8fc9ce8088bf297fdd4e6
E1,contrast,3,shuffled_donor,0.01,1.0,,8,1,0.35000000000000586,,0.35000000000000586,0.35000000000000586,2000.0,,2000,2000,0.0392156862745098,,0.0392156862745098,0.0392156862745098,0.004507888805409466,,0.004507888805409466,0.004507888805409466,102.0,,102,102,1331.0,,1331,1331,5.995142459869385e-05,,5.995142459869385e-05,5.995142459869385e-05,274f49f21a03df6f7da7f330fed2fe31ff1b6bdd1be8fc9ce8088bf297fdd4e6
E1,contrast,3,shuffled_donor,0.01,1.0,,9,1,0.6500000000000061,,0.6500000000000061,0.6500000000000061,2000.0,,2000,2000,0.06862745098039216,,0.06862745098039216,0.06862745098039216,0.003756574004507889,,0.003756574004507889,0.003756574004507889,102.0,,102,102,1331.0,,1331,1331,0.0008513555526733399,,0.0008513555526733399,0.0008513555526733399,274f49f21a03df6f7da7f330fed2fe31ff1b6bdd1be8fc9ce8088bf297fdd4e6
E1,contrast,3,shuffled_donor,0.01,1.0,,10,1,0.40000000000000036,,0.40000000000000036,0.40000000000000036,2000.0,,2000,2000,0.058823529411764705,,0.058823529411764705,0.058823529411764705,0.003005259203606311,,0.003005259203606311,0.003005259203606311,102.0,,102,102,1331.0,,1331,1331,7.176363468170166e-05,,7.176363468170166e-05,7.176363468170166e-05,274f49f21a03df6f7da7f330fed2fe31ff1b6bdd1be8fc9ce8088bf297fdd4e6
E1,contrast,3,shuffled_donor,0.01,1.0,,11,1,0.45000000000000595,,0.45000000000000595,0.45000000000000595,2000.0,,2000,2000,0.058823529411764705,,0.058823529411764705,0.058823529411764705,0.003756574004507889,,0.003756574004507889,0.003756574004507889,102.0,,102,102,1331.0,,1331,1331,-0.015035721063613892,,-0.015035721063613892,-0.015035721063613892,274f49f21a03df6f7da7f330fed2fe31ff1b6bdd1be8fc9ce8088bf297fdd4e6
E1,contrast,5,partial_channel,0.01,1.0,,0,20,-0.9574999999999978,1.4228654372889857,-4.249999999999998,1.0000000000000009,2000.0,0.0,2000,2000,0.11196969696969698,0.03758546718200205,0.06060606060606061,0.20303030303030303,0.061260053619302944,0.03096590929363355,0.024128686327077747,0.12689901697944594,330.0,0.0,330,330,1119.0,0.0,1119,1119,-0.06875046395808458,0.07541109139912422,-0.24818168842792512,0.0377421019077301,274f49f21a03df6f7da7f330fed2fe31ff1b6bdd1be8fc9ce8088bf297fdd4e6
E1,contrast,5,partial_channel,0.05,1.0,,0,20,-8.002500000000001,2.6445313483926745,-14.100000000000001,-3.400000000000003,2000.0,0.0,2000,2000,0.1753030303030303,0.02856710441811413,0.12727272727272726,0.23030303030303031,0.2180965147453083,0.04246257435228861,0.14655942806076855,0.3136729222520107,330.0,0.0,330,330,1119.0,0.0,1119,1119,-0.5307005481392146,0.18789668665379552,-0.9336088824272156,-0.25417588323354723,274f49f21a03df6f7da7f330fed2fe31ff1b6bdd1be8fc9ce8088bf297fdd4e6
E1,contrast,5,partial_channel,0.1,1.0,,0,20,-19.375,7.24061098032625,-38.75,-9.149999999999997,2000.0,0.0,2000,2000,0.12999999999999998,0.04243449409059293,0.03636363636363636,0.23636363636363636,0.4074173369079535,0.11499945992097657,0.25915996425379806,0.7176050044682752,330.0,0.0,330,330,1119.0,0.0,1119,1119,-1.366391169783473,0.6003981124127042,-3.061225863814354,-0.6132157981395722,274f49f21a03df6f7da7f330fed2fe31ff1b6bdd1be8fc9ce8088bf297fdd4e6
E1,contrast,5,partial_channel,0.2,1.0,,0,20,-27.419999999999998,4.161901134413404,-33.599999999999994,-17.849999999999998,2000.0,0.0,2000,2000,0.1106060606060606,0.030199184104925097,0.07878787878787878,0.20606060606060606,0.5421805183199285,0.06584006547192042,0.37980339588918677,0.6389633601429848,330.0,0.0,330,330,1119.0,0.0,1119,1119,-2.0011158682018513,0.3596421370357392,-2.465448628306389,-1.090170225918293,274f49f21a03df6f7da7f330fed2fe31ff1b6bdd1be8fc9ce8088bf297fdd4e6
E1,contrast,5,partial_channel,0.01,1.0,,1,20,0.15250000000000263,0.36109300449432163,-0.5499999999999949,1.0000000000000009,2000.0,0.0,2000,2000,0.05954545454545455,0.02376473137039329,0.03333333333333333,0.1393939393939394,0.020151921358355675,0.007766252336723468,0.010723860589812333,0.0420017873100983,330.0,0.0,330,330,1119.0,0.0,1119,1119,0.014249451872706414,0.03263498310400515,-0.05813292866945267,0.10992365926504136,274f49f21a03df6f7da7f330fed2fe31ff1b6bdd1be8fc9ce8088bf297fdd4e6
E1,contrast,5,partial_channel,0.05,1.0,,1,20,1.0249999999999992,0.8887454197083826,-1.849999999999996,2.2499999999999964,2000.0,0.0,2000,2000,0.1859090909090909,0.046043762134639746,0.11515151515151516,0.27575757575757576,0.0501787310098302,0.01662869635104866,0.032171581769437,0.07953529937444147,330.0,0.0,330,330,1119.0,0.0,1119,1119,0.06669502762705087,0.07216866598058612,-0.10051250445842742,0.18827936363220216,274f49f21a03df6f7da7f330fed2fe31ff1b6bdd1be8fc9ce8088bf297fdd4e6
E1,contrast,5,partial_channel,0.1,1.0,,1,20,1.0099999999999982,3.193274181776441,-8.150000000000002,3.949999999999998,2000.0,0.0,2000,2000,0.271060606060606,0.04376415586694567,0.21212121212121213,0.36666666666666664,0.08270777479892762,0.05586781245884193,0.03842716711349419,0.24307417336907952,330.0,0.0,330,330,1119.0,0.0,1119,1119,0.056783925420045844,0.19019747944673898,-0.5019477527141571,0.2990276599526405,274f49f21a03df6f7da7f330fed2fe31ff1b6bdd1be8fc9ce8088bf297fdd4e6
E1,contrast,5,partial_channel,0.2,1.0,,1,20,0.9224999999999994,2.8760570139286927,-5.300000000000004,4.200000000000004,2000.0,0.0,2000,2000,0.3471212121212121,0.03715870579897239,0.27575757575757576,0.41818181818181815,0.11411974977658626,0.044448943806227235,0.0580875781948168,0.21090259159964253,330.0,0.0,330,330,1119.0,0.0,1119,1119,0.11992111672759057,0.17373259458866022,-0.2892504160404205,0.3680311231613159,274f49f21a03df6f7da7f330fed2fe31ff1b6bdd1be8fc9ce8088bf297fdd4e6
E1,contrast,5,partial_channel,0.01,1.0,,2,20,0.21250000000000102,0.5716722929496539,-1.5000000000000013,1.3000000000000012,2000.0,0.0,2000,2000,0.049090909090909095,0.025892787058032087,0.024242424242424242,0.1393939393939394,0.015549597855227878,0.009419257198839188,0.006255585344057194,0.049151027703306524,330.0,0.0,330,330,1119.0,0.0,1119,1119,0.019646148385107517,0.03815042981257905,-0.08734291541576386,0.1340348640680313,274f49f21a03df6f7da7f330fed2fe31ff1b6bdd1be8fc9ce8088bf297fdd4e6
E1,contrast,5,partial_channel,0.05,1.0,,2,20,1.5474999999999983,0.6578423663366239,0.30000000000000027,2.849999999999997,2000.0,0.0,2000,2000,0.17606060606060606,0.03709915368439555,0.10909090909090909,0.2636363636363636,0.03784629133154602,0.014575865812935901,0.020554066130473638,0.0679177837354781,330.0,0.0,330,330,1119.0,0.0,1119,1119,0.09315719439685345,0.06112439133375081,-0.004726190328598023,0.22751334238052368,274f49f21a03df6f7da7f330fed2fe31ff1b6bdd1be8fc9ce8088bf297fdd4e6
E1,contrast,5,partial_channel,0.1,1.0,,2,20,2.0949999999999998,1.0280154616899906,-0.10000000000000009,3.500000000000003,2000.0,0.0,2000,2000,0.25181818181818183,0.040868016475885394,0.18181818181818182,0.3212121212121212,0.05714924039320822,0.023376562934216336,0.03485254691689008,0.12332439678284182,330.0,0.0,330,330,1119.0,0.0,1119,1119,0.1617857339203358,0.08269048457160734,0.06120264708995819,0.32523521095514296,274f49f21a03df6f7da7f330fed2fe31ff1b6bdd1be8fc9ce8088bf297fdd4e6
E1,contrast,5,partial_channel,0.2,1.0,,2,20,3.5500000000000007,1.1504003879656768,0.9000000000000008,5.200000000000005,2000.0,0.0,2000,2000,0.3728787878787879,0.03454342588967749,0.3090909090909091,0.42727272727272725,0.07488829311885611,0.021344782210459705,0.049151027703306524,0.1126005361930295,330.0,0.0,330,330,1119.0,0.0,1119,1119,0.35104758624732496,0.10761895537590566,0.10344952046871185,0.5756649162769317,274f49f21a03df6f7da7f330fed2fe31ff1b6bdd1be8fc9ce8088bf297fdd4e6
E1,contrast,5,partial_channel,0.01,1.0,,3,20,0.3275000000000001,0.4027781810846917,-0.24999999999999467,1.3499999999999956,2000.0,0.0,2000,2000,0.04560606060606061,0.02223496565643806,0.01818181818181818,0.11818181818181818,0.011751563896336014,0.0038275921615816746,0.0071492403932082215,0.021447721179624665,330.0,0.0,330,330,1119.0,0.0,1119,1119,0.02327485457956791,0.025857998600202964,-0.02572994774580002,0.07243162423372268,274f49f21a03df6f7da7f330fed2fe31ff1b6bdd1be8fc9ce8088bf297fdd4e6
E1,contrast,5,partial_channel,0.05,1.0,,3,20,2.1199999999999997,0.7633720207770693,0.34999999999999476,4.0000000000000036,2000.0,0.0,2000,2000,0.1771212121212121,0.03726261192340013,0.10606060606060606,0.2545454545454545,0.026407506702412868,0.007285950084827698,0.01519213583556747,0.040214477211796246,330.0,0.0,330,330,1119.0,0.0,1119,1119,0.1373443863928318,0.060208526180476646,0.01783187907934189,0.2909503921866417,274f49f21a03df6f7da7f330fed2fe31ff1b6bdd1be8fc9ce8088bf297fdd4e6
E1,contrast,5,partial_channel,0.1,1.0,,3,20,3.365000000000001,0.9040988534679745,1.7000000000000015,5.249999999999999,2000.0,0.0,2000,2000,0.2651515151515152,0.05348517604753963,0.17575757575757575,0.3575757575757576,0.03619302949061661,0.008218660700295694,0.022341376228775692,0.05719392314566577,330.0,0.0,330,330,1119.0,0.0,1119,1119,0.2408460631400347,0.07745457958313046,0.08614089733362199,0.3597545075416565,274f49f21a03df6f7da7f330fed2fe31ff1b6bdd1be8fc9ce8088bf297fdd4e6
E1,contrast,5,partial_channel,0.2,1.0,,3,20,5.230000000000003,0.5989903786240722,4.0000000000000036,6.25,2000.0,0.0,2000,2000,0.3971212121212121,0.03679272359049953,0.3393939393939394,0.45454545454545453,0.0480786416443253,0.01146491770471449,0.028596961572832886,0.07596067917783736,330.0,0.0,330,330,1119.0,0.0,1119,1119,0.4635534421235324,0.08447858426496156,0.30302811360359194,0.5959764360189438,274f49f21a03df6f7da7f330fed2fe31ff1b6bdd1be8fc9ce8088bf297fdd4e6
E1,contrast,5,partial_channel,0.01,1.0,,4,20,0.3125000000000011,0.43945989578117156,-0.5499999999999949,1.2499999999999956,2000.0,0.0,2000,2000,0.03939393939393939,0.02090227103720048,0.015151515151515152,0.08484848484848485,0.010232350312779269,0.004652384972261206,0.004468275245755138,0.021447721179624665,330.0,0.0,330,330,1119.0,0.0,1119,1119,0.019788872823119166,0.02214374262336557,-0.017829680860042572,0.06469104820489884,274f49f21a03df6f7da7f330fed2fe31ff1b6bdd1be8fc9ce8088bf297fdd4e6
E1,contrast,5,partial_channel,0.05,1.0,,4,20,2.185,0.5291751277124379,1.4000000000000012,3.0000000000000027,2000.0,0.0,2000,2000,0.1634848484848485,0.021051453497558468,0.11515151515151516,0.18787878787878787,0.01983914209115281,0.006236069189240994,0.010723860589812333,0.032171581769437,330.0,0.0,330,330,1119.0,0.0,1119,1119,0.12683302318304776,0.0415692791899686,0.044993384659290314,0.19095588275790215,274f49f21a03df6f7da7f330fed2fe31ff1b6bdd1be8fc9ce8088bf297fdd4e6
E1,contrast,5,partial_channel,0.1,1.0,,4,20,3.747500000000001,0.8219801188529292,2.3499999999999965,5.049999999999999,2000.0,0.0,2000,2000,0.2560606060606061,0.046443260686525434,0.16666666666666666,0.3303030303030303,0.02529043789097408,0.005425055258901504,0.01876675603217158,0.040214477211796246,330.0,0.0,330,330,1119.0,0.0,1119,1119,0.24605108616948126,0.0679788376639001,0.09350112682580948,0.3615662262439728,274f49f21a03df6f7da7f330fed2fe31ff1b6bdd1be8fc9ce8088bf297fdd4e6
E1,contrast,5,partial_channel,0.2,1.0,,4,20,6.0550000000000015,0.7001691524947822,4.800000000000004,7.350000000000001,2000.0,0.0,2000,2000,0.40712121212121205,0.037685631920152375,0.33636363636363636,0.47575757575757577,0.03395889186773905,0.004171509947536188,0.02770330652368186,0.0420017873100983,330.0,0.0,330,330,1119.0,0.0,1119,1119,0.4605994482219219,0.08068767881838487,0.323047340631485,0.6156299043893814,274f49f21a03df6f7da7f330fed2fe31ff1b6bdd1be8fc9ce8088bf297fdd4e6
E1,contrast,5,partial_channel,0.01,1.0,,5,20,0.16250000000000098,0.2704163456597979,-0.40000000000000036,0.6000000000000005,2000.0,0.0,2000,2000,0.032424242424242425,0.013046797912483163,0.015151515151515152,0.06363636363636363,0.009874888293118857,0.003448640801653457,0.0035746201966041107,0.017873100983020553,330.0,0.0,330,330,1119.0,0.0,1119,1119,0.017463346050679684,0.017310478296809338,-0.013011825621128082,0.06312380194664001,274f49f21a03df6f7da7f330fed2fe31ff1b6bdd1be8fc9ce8088bf297fdd4e6
E1,contrast,5,partial_channel,0.05,1.0,,5,20,1.4974999999999983,0.6711096467006997,0.44999999999999485,2.6000000000000023,2000.0,0.0,2000,2000,0.12924242424242424,0.02800324138739419,0.08181818181818182,0.18787878787878787,0.019973190348525467,0.006125046500582276,0.013404825737265416,0.03842716711349419,330.0,0.0,330,330,1119.0,0.0,1119,1119,0.09615373660624028,0.0484002295513909,0.01895522689819336,0.19176539593935013,274f49f21a03df6f7da7f330fed2fe31ff1b6bdd1be8fc9ce8088bf297fdd4e6
E1,contrast,5,partial_channel,0.1,1.0,,5,20,3.0324999999999998,0.7309465744750743,1.749999999999996,4.200000000000004,2000.0,0.0,2000,2000,0.21984848484848488,0.031652183374722004,0.1606060606060606,0.26666666666666666,0.024843610366398573,0.0054443904661728776,0.0160857908847185,0.035746201966041107,330.0,0.0,330,330,1119.0,0.0,1119,1119,0.19797831674218175,0.04767666457616062,0.11276561856269836,0.265123897254467,274f49f21a03df6f7da7f330fed2fe31ff1b6bdd1be8fc9ce8088bf297fdd4e6
E1,contrast,5,partial_channel,0.2,1.0,,5,20,5.580000000000001,0.7695521595810054,4.049999999999998,7.050000000000001,2000.0,0.0,2000,2000,0.3721212121212121,0.03192773726621126,0.3242424242424242,0.42727272727272725,0.030563002680965144,0.004227559618867187,0.022341376228775692,0.03932082216264522,330.0,0.0,330,330,1119.0,0.0,1119,1119,0.398873360195756,0.05137942095217551,0.2993404974937439,0.5099594311118126,274f49f21a03df6f7da7f330fed2fe31ff1b6bdd1be8fc9ce8088bf297fdd4e6
E1,contrast,5,partial_channel,0.01,1.0,,6,20,0.2525000000000021,0.33930075154646916,-0.24999999999999467,1.0000000000000009,2000.0,0.0,2000,2000,0.03318181818181819,0.014664419140538752,0.012121212121212121,0.06060606060606061,0.008802502234137623,0.0029748887947737388,0.002680965147453083,0.014298480786416443,330.0,0.0,330,330,1119.0,0.0,1119,1119,0.02144758427143097,0.016907628810518834,0.0009838223457336425,0.06332484459877014,274f49f21a03df6f7da7f330fed2fe31ff1b6bdd1be8fc9ce8088bf297fdd4e6
E1,contrast,5,partial_channel,0.05,1.0,,6,20,1.7299999999999986,0.5339524914801834,0.5499999999999949,2.5499999999999967,2000.0,0.0,2000,2000,0.12803030303030302,0.028492567415920943,0.08181818181818182,0.17575757575757575,0.01639857015192136,0.0037161552458588837,0.010723860589812333,0.025915996425379804,330.0,0.0,330,330,1119.0,0.0,1119,1119,0.12048181127458808,0.03193489273327103,0.06858035063743591,0.18533751380443572,274f49f21a03df6f7da7f330fed2fe31ff1b6bdd1be8fc9ce8088bf297fdd4e6
E1,contrast,5,partial_channel,0.1,1.0,,6,20,3.2475,0.5585401554616796,2.200000000000002,4.449999999999998,2000.0,0.0,2000,2000,0.21893939393939393,0.0266520729967106,0.16666666666666666,0.28484848484848485,0.021000893655049153,0.0041765449643930835,0.013404825737265416,0.03127792672028597,330.0,0.0,330,330,1119.0,0.0,1119,1119,0.24476708299517633,0.04286570923145601,0.1517559741139412,0.32066944473981857,274f49f21a03df6f7da7f330fed2fe31ff1b6bdd1be8fc9ce8088bf297fdd4e6
E1,contrast,5,partial_channel,0.2,1.0,,6,20,5.772500000000002,0.5770786227561235,4.549999999999999,7.050000000000001,2000.0,0.0,2000,2000,0.376969696969697,0.02575804484046081,0.3424242424242424,0.42424242424242425,0.027703306523681866,0.004755369312227034,0.021447721179624665,0.041108132260947276,330.0,0.0,330,330,1119.0,0.0,1119,1119,0.47260613662004475,0.06586980051087904,0.3609187237024307,0.5851356599330902,274f49f21a03df6f7da7f330fed2fe31ff1b6bdd1be8fc9ce8088bf297fdd4e6
E1,contrast,5,partial_channel,0.01,1.0,,7,20,0.24000000000000074,0.3139728449538591,-0.6000000000000005,0.8000000000000007,2000.0,0.0,2000,2000,0.031363636363636364,0.011644327086341338,0.015151515151515152,0.05454545454545454,0.008176943699731905,0.003589581127769621,0.002680965147453083,0.016979445933869526,330.0,0.0,330,330,1119.0,0.0,1119,1119,0.023164971044659616,0.017259505559131597,-0.011898270189762115,0.054006155848503115,274f49f21a03df6f7da7f330fed2fe31ff1b6bdd1be8fc9ce8088bf297fdd4e6
E1,contrast,5,partial_channel,0.05,1.0,,7,20,1.569999999999999,0.5582868532630124,0.5000000000000004,2.649999999999997,2000.0,0.0,2000,2000,0.11924242424242426,0.02918636319961556,0.07575757575757576,0.18787878787878787,0.01639857015192136,0.005465003379980173,0.008936550491510277,0.03127792672028597,330.0,0.0,330,330,1119.0,0.0,1119,1119,0.12201474770009517,0.04807986161375943,0.05783165991306305,0.23524570673704148,274f49f21a03df6f7da7f330fed2fe31ff1b6bdd1be8fc9ce8088bf297fdd4e6
E1,contrast,5,partial_channel,0.1,1.0,,7,20,3.2075000000000005,0.6089842708192591,1.849999999999996,4.300000000000004,2000.0,0.0,2000,2000,0.21000000000000002,0.02636446129710852,0.1484848484848485,0.24848484848484848,0.01867739052725648,0.0035734441412353496,0.012511170688114389,0.024128686327077747,330.0,0.0,330,330,1119.0,0.0,1119,1119,0.24963464221656323,0.051277504549856814,0.14005928432941436,0.33598148012161255,274f49f21a03df6f7da7f330fed2fe31ff1b6bdd1be8fc9ce8088bf297fdd4e6
E1,contrast,5,partial_channel,0.2,1.0,,7,20,5.860000000000001,0.6319560277840777,4.949999999999999,6.899999999999995,2000.0,0.0,2000,2000,0.37636363636363634,0.028334804523037643,0.3393939393939394,0.43636363636363634,0.025647899910634497,0.00473854549691105,0.017873100983020553,0.03485254691689008,330.0,0.0,330,330,1119.0,0.0,1119,1119,0.49859937136024246,0.0683201722665248,0.42730615025758745,0.7152708021104336,274f49f21a03df6f7da7f330fed2fe31ff1b6bdd1be8fc9ce8088bf297fdd4e6
E1,contrast,5,partial_channel,0.01,1.0,,8,20,0.192500000000001,0.2647118592376464,-0.44999999999999485,0.7000000000000006,2000.0,0.0,2000,2000,0.024090909090909093,0.010097155032561539,0.00909090909090909,0.05757575757575758,0.006881143878462913,0.003516530974891632,0.0017873100983020554,0.017873100983020553,330.0,0.0,330,330,1119.0,0.0,1119,1119,0.02249645152688027,0.018626926065103536,-0.01174519956111908,0.07427651137113571,274f49f21a03df6f7da7f330fed2fe31ff1b6bdd1be8fc9ce8088bf297fdd4e6
E1,contrast,5,partial_channel,0.05,1.0,,8,20,1.4824999999999982,0.6295936450558703,0.34999999999999476,2.749999999999997,2000.0,0.0,2000,2000,0.10454545454545454,0.031530176764230575,0.06363636363636363,0.16666666666666666,0.01224307417336908,0.003869368310720874,0.006255585344057194,0.01966041108132261,330.0,0.0,330,330,1119.0,0.0,1119,1119,0.12444736680984499,0.04165611864311406,0.0537667116522789,0.21466399097442626,274f49f21a03df6f7da7f330fed2fe31ff1b6bdd1be8fc9ce8088bf297fdd4e6
E1,contrast,5,partial_channel,0.1,1.0,,8,20,2.947499999999999,0.5056197343750283,1.649999999999996,3.749999999999998,2000.0,0.0,2000,2000,0.19136363636363635,0.028516304867973054,0.11515151515151516,0.23939393939393938,0.015504915102770333,0.0040308436398783475,0.009830205540661306,0.022341376228775692,330.0,0.0,330,330,1119.0,0.0,1119,1119,0.24897964290827512,0.0440964606975498,0.1367014068365097,0.3213860723376274,274f49f21a03df6f7da7f330fed2fe31ff1b6bdd1be8fc9ce8088bf297fdd4e6
E1,contrast,5,partial_channel,0.2,1.0,,8,20,5.925000000000001,0.5461588355819307,4.849999999999999,7.050000000000001,2000.0,0.0,2000,2000,0.3672727272727273,0.03145497874709632,0.3181818181818182,0.42424242424242425,0.02140303842716711,0.003061236277486282,0.01519213583556747,0.028596961572832886,330.0,0.0,330,330,1119.0,0.0,1119,1119,0.5178267626270652,0.06856821082143774,0.39371969121694567,0.6931474297046661,274f49f21a03df6f7da7f330fed2fe31ff1b6bdd1be8fc9ce8088bf297fdd4e6
E1,contrast,5,partial_channel,0.01,1.0,,9,20,0.24500000000000083,0.25541503891756706,-0.20000000000000018,0.7000000000000006,2000.0,0.0,2000,2000,0.026060606060606062,0.01217690554532652,0.012121212121212121,0.06363636363636363,0.0062109025915996425,0.003349716678103898,0.0008936550491510277,0.01519213583556747,330.0,0.0,330,330,1119.0,0.0,1119,1119,0.024892369692027568,0.021732602177501913,-0.005282927930355072,0.097578906416893,274f49f21a03df6f7da7f330fed2fe31ff1b6bdd1be8fc9ce8088bf297fdd4e6
E1,contrast,5,partial_channel,0.05,1.0,,9,20,1.5999999999999983,0.4310330308505495,1.0000000000000009,2.6000000000000023,2000.0,0.0,2000,2000,0.10530303030303031,0.022265375431718283,0.07575757575757576,0.16363636363636364,0.010187667560321714,0.002831928591348012,0.006255585344057194,0.017873100983020553,330.0,0.0,330,330,1119.0,0.0,1119,1119,0.1365173033133149,0.03428825057444584,0.08492541402578353,0.23723569256067276,274f49f21a03df6f7da7f330fed2fe31ff1b6bdd1be8fc9ce8088bf297fdd4e6
E1,contrast,5,partial_channel,0.1,1.0,,9,20,3.167499999999998,0.45976967918158484,2.3499999999999965,3.9000000000000035,2000.0,0.0,2000,2000,0.19545454545454546,0.02503682465020428,0.15454545454545454,0.24848484848484848,0.012868632707774802,0.002846732291751726,0.0071492403932082215,0.01966041108132261,330.0,0.0,330,330,1119.0,0.0,1119,1119,0.2654399631395936,0.035649959772545155,0.2060390120744705,0.3697035312652588,274f49f21a03df6f7da7f330fed2fe31ff1b6bdd1be8fc9ce8088bf297fdd4e6
E1,contrast,5,partial_channel,0.2,1.0,,9,20,6.602499999999999,0.8274047886074417,5.400000000000005,8.250000000000002,2000.0,0.0,2000,2000,0.39469696969696966,0.04283098478833092,0.3393939393939394,0.48484848484848486,0.01662198391420911,0.0028906885553661994,0.01161751563896336,0.022341376228775692,330.0,0.0,330,330,1119.0,0.0,1119,1119,0.5670264527887106,0.08895659793491821,0.4456820499300957,0.7329764627218246,274f49f21a03df6f7da7f330fed2fe31ff1b6bdd1be8fc9ce8088bf297fdd4e6
E1,contrast,5,partial_channel,0.01,1.0,,10,20,0.25250000000000106,0.29400814525057506,-0.24999999999999467,0.9000000000000008,2000.0,0.0,2000,2000,0.026212121212121214,0.011850036813478206,0.012121212121212121,0.06666666666666667,0.0061662198391420914,0.0026239168092739565,0.0017873100983020554,0.01161751563896336,330.0,0.0,330,330,1119.0,0.0,1119,1119,0.025161658699810508,0.018815462161089362,0.007678659856319428,0.09053949457406997,274f49f21a03df6f7da7f330fed2fe31ff1b6bdd1be8fc9ce8088bf297fdd4e6
E1,contrast,5,partial_channel,0.05,1.0,,10,20,1.8350000000000004,0.406234311437961,1.0000000000000009,2.500000000000002,2000.0,0.0,2000,2000,0.11424242424242426,0.02361836307988947,0.07272727272727272,0.1696969696969697,0.007819481680071494,0.002167289260235028,0.004468275245755138,0.012511170688114389,330.0,0.0,330,330,1119.0,0.0,1119,1119,0.1526048808440566,0.03263550894199665,0.1053016613125801,0.22289764654636382,274f49f21a03df6f7da7f330fed2fe31ff1b6bdd1be8fc9ce8088bf297fdd4e6
E1,contrast,5,partial_channel,0.1,1.0,,10,20,3.4425000000000003,0.41904496681206643,2.7000000000000024,4.149999999999999,2000.0,0.0,2000,2000,0.20727272727272728,0.02346026907401902,0.16363636363636364,0.24848484848484848,0.010902591599642537,0.002219509043074857,0.0071492403932082215,0.01519213583556747,330.0,0.0,330,330,1119.0,0.0,1119,1119,0.28643836554437874,0.03460508429498129,0.24171001979708673,0.39997948282957074,274f49f21a03df6f7da7f330fed2fe31ff1b6bdd1be8fc9ce8088bf297fdd4e6
E1,contrast,5,partial_channel,0.2,1.0,,10,20,7.202500000000001,0.6298443834538976,6.400000000000006,8.399999999999997,2000.0,0.0,2000,2000,0.42984848484848487,0.031801468991128644,0.3787878787878788,0.49696969696969695,0.015504915102770328,0.0030994435131067688,0.00804289544235925,0.020554066130473638,330.0,0.0,330,330,1119.0,0.0,1119,1119,0.598737285798788,0.08876466361946356,0.4943265932202339,0.7935898623466492,274f49f21a03df6f7da7f330fed2fe31ff1b6bdd1be8fc9ce8088bf297fdd4e6
E1,contrast,5,partial_channel,0.01,1.0,,11,20,0.2575000000000016,0.14803537983945025,0.050000000000005596,0.5000000000000004,2000.0,0.0,2000,2000,0.024848484848484845,0.006711463240132,0.012121212121212121,0.03333333333333333,0.0053172475424486144,0.00210031451848144,0.002680965147453083,0.010723860589812333,330.0,0.0,330,330,1119.0,0.0,1119,1119,0.025137029747664928,0.008532381234762567,0.012199265360832214,0.04141086483001709,274f49f21a03df6f7da7f330fed2fe31ff1b6bdd1be8fc9ce8088bf297fdd4e6
E1,contrast,5,partial_channel,0.05,1.0,,11,20,1.8074999999999988,0.30576693910989095,1.3499999999999956,2.4499999999999966,2000.0,0.0,2000,2000,0.1137878787878788,0.014697339642493687,0.08484848484848485,0.13636363636363635,0.008534405719392313,0.001867245012862332,0.004468275245755138,0.01161751563896336,330.0,0.0,330,330,1119.0,0.0,1119,1119,0.1440398685514927,0.028522815262837065,0.09364978277683259,0.18740874630212784,274f49f21a03df6f7da7f330fed2fe31ff1b6bdd1be8fc9ce8088bf297fdd4e6
E1,contrast,5,partial_channel,0.1,1.0,,11,20,3.345,0.30732290578649163,2.749999999999997,3.9000000000000035,2000.0,0.0,2000,2000,0.20651515151515148,0.016073239892619388,0.17575757575757575,0.22727272727272727,0.012466487935656837,0.0019552147492513552,0.00804289544235925,0.01519213583556747,330.0,0.0,330,330,1119.0,0.0,1119,1119,0.2742596493244171,0.029346124513676977,0.22769090312719345,0.32383906853199007,274f49f21a03df6f7da7f330fed2fe31ff1b6bdd1be8fc9ce8088bf297fdd4e6
E1,contrast,5,partial_channel,0.2,1.0,,11,20,6.540000000000001,0.4099422295628316,5.800000000000005,7.650000000000001,2000.0,0.0,2000,2000,0.39681818181818185,0.01900006232040836,0.35454545454545455,0.44545454545454544,0.01653261840929401,0.0017516790790213133,0.012511170688114389,0.01966041108132261,330.0,0.0,330,330,1119.0,0.0,1119,1119,0.5310648604005576,0.03179288802594024,0.46422864788770674,0.5890944550037384,274f49f21a03df6f7da7f330fed2fe31ff1b6bdd1be8fc9ce8088bf297fdd4e6
E1,contrast,5,none,0.01,1.0,,0,1,0.0,,0.0,0.0,2000.0,,2000,2000,0.0,,0.0,0.0,0.0,,0.0,0.0,330.0,,330,330,1119.0,,1119,1119,0.0,,0.0,0.0,274f49f21a03df6f7da7f330fed2fe31ff1b6bdd1be8fc9ce8088bf297fdd4e6
E1,contrast,5,none,0.01,1.0,,1,1,0.0,,0.0,0.0,2000.0,,2000,2000,0.0,,0.0,0.0,0.0,,0.0,0.0,330.0,,330,330,1119.0,,1119,1119,0.0,,0.0,0.0,274f49f21a03df6f7da7f330fed2fe31ff1b6bdd1be8fc9ce8088bf297fdd4e6
E1,contrast,5,none,0.01,1.0,,2,1,0.0,,0.0,0.0,2000.0,,2000,2000,0.0,,0.0,0.0,0.0,,0.0,0.0,330.0,,330,330,1119.0,,1119,1119,0.0,,0.0,0.0,274f49f21a03df6f7da7f330fed2fe31ff1b6bdd1be8fc9ce8088bf297fdd4e6
E1,contrast,5,none,0.01,1.0,,3,1,0.0,,0.0,0.0,2000.0,,2000,2000,0.0,,0.0,0.0,0.0,,0.0,0.0,330.0,,330,330,1119.0,,1119,1119,0.0,,0.0,0.0,274f49f21a03df6f7da7f330fed2fe31ff1b6bdd1be8fc9ce8088bf297fdd4e6
E1,contrast,5,none,0.01,1.0,,4,1,0.0,,0.0,0.0,2000.0,,2000,2000,0.0,,0.0,0.0,0.0,,0.0,0.0,330.0,,330,330,1119.0,,1119,1119,0.0,,0.0,0.0,274f49f21a03df6f7da7f330fed2fe31ff1b6bdd1be8fc9ce8088bf297fdd4e6
E1,contrast,5,none,0.01,1.0,,5,1,0.0,,0.0,0.0,2000.0,,2000,2000,0.0,,0.0,0.0,0.0,,0.0,0.0,330.0,,330,330,1119.0,,1119,1119,0.0,,0.0,0.0,274f49f21a03df6f7da7f330fed2fe31ff1b6bdd1be8fc9ce8088bf297fdd4e6
E1,contrast,5,none,0.01,1.0,,6,1,0.0,,0.0,0.0,2000.0,,2000,2000,0.0,,0.0,0.0,0.0,,0.0,0.0,330.0,,330,330,1119.0,,1119,1119,0.0,,0.0,0.0,274f49f21a03df6f7da7f330fed2fe31ff1b6bdd1be8fc9ce8088bf297fdd4e6
E1,contrast,5,none,0.01,1.0,,7,1,0.0,,0.0,0.0,2000.0,,2000,2000,0.0,,0.0,0.0,0.0,,0.0,0.0,330.0,,330,330,1119.0,,1119,1119,0.0,,0.0,0.0,274f49f21a03df6f7da7f330fed2fe31ff1b6bdd1be8fc9ce8088bf297fdd4e6
E1,contrast,5,none,0.01,1.0,,8,1,0.0,,0.0,0.0,2000.0,,2000,2000,0.0,,0.0,0.0,0.0,,0.0,0.0,330.0,,330,330,1119.0,,1119,1119,0.0,,0.0,0.0,274f49f21a03df6f7da7f330fed2fe31ff1b6bdd1be8fc9ce8088bf297fdd4e6
E1,contrast,5,none,0.01,1.0,,9,1,0.0,,0.0,0.0,2000.0,,2000,2000,0.0,,0.0,0.0,0.0,,0.0,0.0,330.0,,330,330,1119.0,,1119,1119,0.0,,0.0,0.0,274f49f21a03df6f7da7f330fed2fe31ff1b6bdd1be8fc9ce8088bf297fdd4e6
E1,contrast,5,none,0.01,1.0,,10,1,0.0,,0.0,0.0,2000.0,,2000,2000,0.0,,0.0,0.0,0.0,,0.0,0.0,330.0,,330,330,1119.0,,1119,1119,0.0,,0.0,0.0,274f49f21a03df6f7da7f330fed2fe31ff1b6bdd1be8fc9ce8088bf297fdd4e6
E1,contrast,5,none,0.01,1.0,,11,1,0.0,,0.0,0.0,2000.0,,2000,2000,0.0,,0.0,0.0,0.0,,0.0,0.0,330.0,,330,330,1119.0,,1119,1119,0.0,,0.0,0.0,274f49f21a03df6f7da7f330fed2fe31ff1b6bdd1be8fc9ce8088bf297fdd4e6
E1,contrast,5,clean_to_clean,0.01,1.0,,0,1,13.600000000000001,,13.600000000000001,13.600000000000001,2000.0,,2000,2000,1.0,,1.0,1.0,0.05183199285075961,,0.05183199285075961,0.05183199285075961,330.0,,330,330,1119.0,,1119,1119,1.6411047900915146,,1.6411047900915146,1.6411047900915146,274f49f21a03df6f7da7f330fed2fe31ff1b6bdd1be8fc9ce8088bf297fdd4e6
E1,contrast,5,clean_to_clean,0.01,1.0,,1,1,13.600000000000001,,13.600000000000001,13.600000000000001,2000.0,,2000,2000,1.0,,1.0,1.0,0.05183199285075961,,0.05183199285075961,0.05183199285075961,330.0,,330,330,1119.0,,1119,1119,1.6411047900915146,,1.6411047900915146,1.6411047900915146,274f49f21a03df6f7da7f330fed2fe31ff1b6bdd1be8fc9ce8088bf297fdd4e6
E1,contrast,5,clean_to_clean,0.01,1.0,,2,1,13.600000000000001,,13.600000000000001,13.600000000000001,2000.0,,2000,2000,1.0,,1.0,1.0,0.05183199285075961,,0.05183199285075961,0.05183199285075961,330.0,,330,330,1119.0,,1119,1119,1.6411047900915146,,1.6411047900915146,1.6411047900915146,274f49f21a03df6f7da7f330fed2fe31ff1b6bdd1be8fc9ce8088bf297fdd4e6
E1,contrast,5,clean_to_clean,0.01,1.0,,3,1,13.600000000000001,,13.600000000000001,13.600000000000001,2000.0,,2000,2000,1.0,,1.0,1.0,0.05183199285075961,,0.05183199285075961,0.05183199285075961,330.0,,330,330,1119.0,,1119,1119,1.6411047900915146,,1.6411047900915146,1.6411047900915146,274f49f21a03df6f7da7f330fed2fe31ff1b6bdd1be8fc9ce8088bf297fdd4e6
E1,contrast,5,clean_to_clean,0.01,1.0,,4,1,13.600000000000001,,13.600000000000001,13.600000000000001,2000.0,,2000,2000,1.0,,1.0,1.0,0.05183199285075961,,0.05183199285075961,0.05183199285075961,330.0,,330,330,1119.0,,1119,1119,1.6411047900915146,,1.6411047900915146,1.6411047900915146,274f49f21a03df6f7da7f330fed2fe31ff1b6bdd1be8fc9ce8088bf297fdd4e6
E1,contrast,5,clean_to_clean,0.01,1.0,,5,1,13.600000000000001,,13.600000000000001,13.600000000000001,2000.0,,2000,2000,1.0,,1.0,1.0,0.05183199285075961,,0.05183199285075961,0.05183199285075961,330.0,,330,330,1119.0,,1119,1119,1.6411047900915146,,1.6411047900915146,1.6411047900915146,274f49f21a03df6f7da7f330fed2fe31ff1b6bdd1be8fc9ce8088bf297fdd4e6
E1,contrast,5,clean_to_clean,0.01,1.0,,6,1,13.600000000000001,,13.600000000000001,13.600000000000001,2000.0,,2000,2000,1.0,,1.0,1.0,0.05183199285075961,,0.05183199285075961,0.05183199285075961,330.0,,330,330,1119.0,,1119,1119,1.6411047900915146,,1.6411047900915146,1.6411047900915146,274f49f21a03df6f7da7f330fed2fe31ff1b6bdd1be8fc9ce8088bf297fdd4e6
E1,contrast,5,clean_to_clean,0.01,1.0,,7,1,13.600000000000001,,13.600000000000001,13.600000000000001,2000.0,,2000,2000,1.0,,1.0,1.0,0.05183199285075961,,0.05183199285075961,0.05183199285075961,330.0,,330,330,1119.0,,1119,1119,1.6411047900915146,,1.6411047900915146,1.6411047900915146,274f49f21a03df6f7da7f330fed2fe31ff1b6bdd1be8fc9ce8088bf297fdd4e6
E1,contrast,5,clean_to_clean,0.01,1.0,,8,1,13.600000000000001,,13.600000000000001,13.600000000000001,2000.0,,2000,2000,1.0,,1.0,1.0,0.05183199285075961,,0.05183199285075961,0.05183199285075961,330.0,,330,330,1119.0,,1119,1119,1.6411047900915146,,1.6411047900915146,1.6411047900915146,274f49f21a03df6f7da7f330fed2fe31ff1b6bdd1be8fc9ce8088bf297fdd4e6
E1,contrast,5,clean_to_clean,0.01,1.0,,9,1,13.600000000000001,,13.600000000000001,13.600000000000001,2000.0,,2000,2000,1.0,,1.0,1.0,0.05183199285075961,,0.05183199285075961,0.05183199285075961,330.0,,330,330,1119.0,,1119,1119,1.6411047900915146,,1.6411047900915146,1.6411047900915146,274f49f21a03df6f7da7f330fed2fe31ff1b6bdd1be8fc9ce8088bf297fdd4e6
E1,contrast,5,clean_to_clean,0.01,1.0,,10,1,13.600000000000001,,13.600000000000001,13.600000000000001,2000.0,,2000,2000,1.0,,1.0,1.0,0.05183199285075961,,0.05183199285075961,0.05183199285075961,330.0,,330,330,1119.0,,1119,1119,1.6411047900915146,,1.6411047900915146,1.6411047900915146,274f49f21a03df6f7da7f330fed2fe31ff1b6bdd1be8fc9ce8088bf297fdd4e6
E1,contrast,5,clean_to_clean,0.01,1.0,,11,1,13.600000000000001,,13.600000000000001,13.600000000000001,2000.0,,2000,2000,1.0,,1.0,1.0,0.05183199285075961,,0.05183199285075961,0.05183199285075961,330.0,,330,330,1119.0,,1119,1119,1.6411047900915146,,1.6411047900915146,1.6411047900915146,274f49f21a03df6f7da7f330fed2fe31ff1b6bdd1be8fc9ce8088bf297fdd4e6
E1,contrast,5,full_state,0.01,1.0,,0,1,13.600000000000001,,13.600000000000001,13.600000000000001,2000.0,,2000,2000,1.0,,1.0,1.0,0.05183199285075961,,0.05183199285075961,0.05183199285075961,330.0,,330,330,1119.0,,1119,1119,1.6411047900915146,,1.6411047900915146,1.6411047900915146,274f49f21a03df6f7da7f330fed2fe31ff1b6bdd1be8fc9ce8088bf297fdd4e6
E1,contrast,5,full_state,0.01,1.0,,1,1,13.600000000000001,,13.600000000000001,13.600000000000001,2000.0,,2000,2000,1.0,,1.0,1.0,0.05183199285075961,,0.05183199285075961,0.05183199285075961,330.0,,330,330,1119.0,,1119,1119,1.6411047900915146,,1.6411047900915146,1.6411047900915146,274f49f21a03df6f7da7f330fed2fe31ff1b6bdd1be8fc9ce8088bf297fdd4e6
E1,contrast,5,full_state,0.01,1.0,,2,1,13.600000000000001,,13.600000000000001,13.600000000000001,2000.0,,2000,2000,1.0,,1.0,1.0,0.05183199285075961,,0.05183199285075961,0.05183199285075961,330.0,,330,330,1119.0,,1119,1119,1.6411047900915146,,1.6411047900915146,1.6411047900915146,274f49f21a03df6f7da7f330fed2fe31ff1b6bdd1be8fc9ce8088bf297fdd4e6
E1,contrast,5,full_state,0.01,1.0,,3,1,13.600000000000001,,13.600000000000001,13.600000000000001,2000.0,,2000,2000,1.0,,1.0,1.0,0.05183199285075961,,0.05183199285075961,0.05183199285075961,330.0,,330,330,1119.0,,1119,1119,1.6411047900915146,,1.6411047900915146,1.6411047900915146,274f49f21a03df6f7da7f330fed2fe31ff1b6bdd1be8fc9ce8088bf297fdd4e6
E1,contrast,5,full_state,0.01,1.0,,4,1,13.600000000000001,,13.600000000000001,13.600000000000001,2000.0,,2000,2000,1.0,,1.0,1.0,0.05183199285075961,,0.05183199285075961,0.05183199285075961,330.0,,330,330,1119.0,,1119,1119,1.6411047900915146,,1.6411047900915146,1.6411047900915146,274f49f21a03df6f7da7f330fed2fe31ff1b6bdd1be8fc9ce8088bf297fdd4e6
E1,contrast,5,full_state,0.01,1.0,,5,1,13.600000000000001,,13.600000000000001,13.600000000000001,2000.0,,2000,2000,1.0,,1.0,1.0,0.05183199285075961,,0.05183199285075961,0.05183199285075961,330.0,,330,330,1119.0,,1119,1119,1.6411047900915146,,1.6411047900915146,1.6411047900915146,274f49f21a03df6f7da7f330fed2fe31ff1b6bdd1be8fc9ce8088bf297fdd4e6
E1,contrast,5,full_state,0.01,1.0,,6,1,13.600000000000001,,13.600000000000001,13.600000000000001,2000.0,,2000,2000,1.0,,1.0,1.0,0.05183199285075961,,0.05183199285075961,0.05183199285075961,330.0,,330,330,1119.0,,1119,1119,1.6411047900915146,,1.6411047900915146,1.6411047900915146,274f49f21a03df6f7da7f330fed2fe31ff1b6bdd1be8fc9ce8088bf297fdd4e6
E1,contrast,5,full_state,0.01,1.0,,7,1,13.600000000000001,,13.600000000000001,13.600000000000001,2000.0,,2000,2000,1.0,,1.0,1.0,0.05183199285075961,,0.05183199285075961,0.05183199285075961,330.0,,330,330,1119.0,,1119,1119,1.6411047900915146,,1.6411047900915146,1.6411047900915146,274f49f21a03df6f7da7f330fed2fe31ff1b6bdd1be8fc9ce8088bf297fdd4e6
E1,contrast,5,full_state,0.01,1.0,,8,1,13.600000000000001,,13.600000000000001,13.600000000000001,2000.0,,2000,2000,1.0,,1.0,1.0,0.05183199285075961,,0.05183199285075961,0.05183199285075961,330.0,,330,330,1119.0,,1119,1119,1.6411047900915146,,1.6411047900915146,1.6411047900915146,274f49f21a03df6f7da7f330fed2fe31ff1b6bdd1be8fc9ce8088bf297fdd4e6
E1,contrast,5,full_state,0.01,1.0,,9,1,13.600000000000001,,13.600000000000001,13.600000000000001,2000.0,,2000,2000,1.0,,1.0,1.0,0.05183199285075961,,0.05183199285075961,0.05183199285075961,330.0,,330,330,1119.0,,1119,1119,1.6411047900915146,,1.6411047900915146,1.6411047900915146,274f49f21a03df6f7da7f330fed2fe31ff1b6bdd1be8fc9ce8088bf297fdd4e6
E1,contrast,5,full_state,0.01,1.0,,10,1,13.600000000000001,,13.600000000000001,13.600000000000001,2000.0,,2000,2000,1.0,,1.0,1.0,0.05183199285075961,,0.05183199285075961,0.05183199285075961,330.0,,330,330,1119.0,,1119,1119,1.6411047900915146,,1.6411047900915146,1.6411047900915146,274f49f21a03df6f7da7f330fed2fe31ff1b6bdd1be8fc9ce8088bf297fdd4e6
E1,contrast,5,full_state,0.01,1.0,,11,1,13.600000000000001,,13.600000000000001,13.600000000000001,2000.0,,2000,2000,1.0,,1.0,1.0,0.05183199285075961,,0.05183199285075961,0.05183199285075961,330.0,,330,330,1119.0,,1119,1119,1.6411047900915146,,1.6411047900915146,1.6411047900915146,274f49f21a03df6f7da7f330fed2fe31ff1b6bdd1be8fc9ce8088bf297fdd4e6
E1,contrast,5,random_direction,0.01,1.0,,0,1,-1.9000000000000017,,-1.9000000000000017,-1.9000000000000017,2000.0,,2000,2000,0.10606060606060606,,0.10606060606060606,0.10606060606060606,0.0777479892761394,,0.0777479892761394,0.0777479892761394,330.0,,330,330,1119.0,,1119,1119,-0.13820077586174012,,-0.13820077586174012,-0.13820077586174012,274f49f21a03df6f7da7f330fed2fe31ff1b6bdd1be8fc9ce8088bf297fdd4e6
E1,contrast,5,random_direction,0.01,1.0,,1,1,-0.14999999999999458,,-0.14999999999999458,-0.14999999999999458,2000.0,,2000,2000,0.02727272727272727,,0.02727272727272727,0.02727272727272727,0.0160857908847185,,0.0160857908847185,0.0160857908847185,330.0,,330,330,1119.0,,1119,1119,-0.0013357377052307128,,-0.0013357377052307128,-0.0013357377052307128,274f49f21a03df6f7da7f330fed2fe31ff1b6bdd1be8fc9ce8088bf297fdd4e6
E1,contrast,5,random_direction,0.01,1.0,,2,1,0.0,,0.0,0.0,2000.0,,2000,2000,0.021212121212121213,,0.021212121212121213,0.021212121212121213,0.01161751563896336,,0.01161751563896336,0.01161751563896336,330.0,,330,330,1119.0,,1119,1119,-0.004932534396648407,,-0.004932534396648407,-0.004932534396648407,274f49f21a03df6f7da7f330fed2fe31ff1b6bdd1be8fc9ce8088bf297fdd4e6
E1,contrast,5,random_direction,0.01,1.0,,3,1,0.2500000000000058,,0.2500000000000058,0.2500000000000058,2000.0,,2000,2000,0.024242424242424242,,0.024242424242424242,0.024242424242424242,0.009830205540661306,,0.009830205540661306,0.009830205540661306,330.0,,330,330,1119.0,,1119,1119,-0.004402360141277313,,-0.004402360141277313,-0.004402360141277313,274f49f21a03df6f7da7f330fed2fe31ff1b6bdd1be8fc9ce8088bf297fdd4e6
E1,contrast,5,random_direction,0.01,1.0,,4,1,-0.20000000000000018,,-0.20000000000000018,-0.20000000000000018,2000.0,,2000,2000,0.01818181818181818,,0.01818181818181818,0.01818181818181818,0.013404825737265416,,0.013404825737265416,0.013404825737265416,330.0,,330,330,1119.0,,1119,1119,-0.00464279317855835,,-0.00464279317855835,-0.00464279317855835,274f49f21a03df6f7da7f330fed2fe31ff1b6bdd1be8fc9ce8088bf297fdd4e6
E1,contrast,5,random_direction,0.01,1.0,,5,1,-0.10000000000000009,,-0.10000000000000009,-0.10000000000000009,2000.0,,2000,2000,0.02727272727272727,,0.02727272727272727,0.02727272727272727,0.014298480786416443,,0.014298480786416443,0.014298480786416443,330.0,,330,330,1119.0,,1119,1119,-0.005217816829681397,,-0.005217816829681397,-0.005217816829681397,274f49f21a03df6f7da7f330fed2fe31ff1b6bdd1be8fc9ce8088bf297fdd4e6
E1,contrast,5,random_direction,0.01,1.0,,6,1,-0.20000000000000018,,-0.20000000000000018,-0.20000000000000018,2000.0,,2000,2000,0.02727272727272727,,0.02727272727272727,0.02727272727272727,0.014298480786416443,,0.014298480786416443,0.014298480786416443,330.0,,330,330,1119.0,,1119,1119,-0.004867129504680634,,-0.004867129504680634,-0.004867129504680634,274f49f21a03df6f7da7f330fed2fe31ff1b6bdd1be8fc9ce8088bf297fdd4e6
E1,contrast,5,random_direction,0.01,1.0,,7,1,-0.44999999999999485,,-0.44999999999999485,-0.44999999999999485,2000.0,,2000,2000,0.024242424242424242,,0.024242424242424242,0.024242424242424242,0.01876675603217158,,0.01876675603217158,0.01876675603217158,330.0,,330,330,1119.0,,1119,1119,-0.005908716440200806,,-0.005908716440200806,-0.005908716440200806,274f49f21a03df6f7da7f330fed2fe31ff1b6bdd1be8fc9ce8088bf297fdd4e6
E1,contrast,5,random_direction,0.01,1.0,,8,1,-0.40000000000000036,,-0.40000000000000036,-0.40000000000000036,2000.0,,2000,2000,0.024242424242424242,,0.024242424242424242,0.024242424242424242,0.01876675603217158,,0.01876675603217158,0.01876675603217158,330.0,,330,330,1119.0,,1119,1119,-0.004156976878643036,,-0.004156976878643036,-0.004156976878643036,274f49f21a03df6f7da7f330fed2fe31ff1b6bdd1be8fc9ce8088bf297fdd4e6
E1,contrast,5,random_direction,0.01,1.0,,9,1,-0.30000000000000027,,-0.30000000000000027,-0.30000000000000027,2000.0,,2000,2000,0.02727272727272727,,0.02727272727272727,0.02727272727272727,0.017873100983020553,,0.017873100983020553,0.017873100983020553,330.0,,330,330,1119.0,,1119,1119,-0.000580124020576477,,-0.000580124020576477,-0.000580124020576477,274f49f21a03df6f7da7f330fed2fe31ff1b6bdd1be8fc9ce8088bf297fdd4e6
E1,contrast,5,random_direction,0.01,1.0,,10,1,-0.30000000000000027,,-0.30000000000000027,-0.30000000000000027,2000.0,,2000,2000,0.024242424242424242,,0.024242424242424242,0.024242424242424242,0.0160857908847185,,0.0160857908847185,0.0160857908847185,330.0,,330,330,1119.0,,1119,1119,-0.006127261221408844,,-0.006127261221408844,-0.006127261221408844,274f49f21a03df6f7da7f330fed2fe31ff1b6bdd1be8fc9ce8088bf297fdd4e6
E1,contrast,5,random_direction,0.01,1.0,,11,1,-0.14999999999999458,,-0.14999999999999458,-0.14999999999999458,2000.0,,2000,2000,0.021212121212121213,,0.021212121212121213,0.021212121212121213,0.01519213583556747,,0.01519213583556747,0.01519213583556747,330.0,,330,330,1119.0,,1119,1119,-0.008662772357463837,,-0.008662772357463837,-0.008662772357463837,274f49f21a03df6f7da7f330fed2fe31ff1b6bdd1be8fc9ce8088bf297fdd4e6
E1,contrast,5,shuffled_donor,0.01,1.0,,0,1,-2.3499999999999965,,-2.3499999999999965,-2.3499999999999965,2000.0,,2000,2000,0.15454545454545454,,0.15454545454545454,0.15454545454545454,0.10545129579982127,,0.10545129579982127,0.10545129579982127,330.0,,330,330,1119.0,,1119,1119,-0.18831509268283844,,-0.18831509268283844,-0.18831509268283844,274f49f21a03df6f7da7f330fed2fe31ff1b6bdd1be8fc9ce8088bf297fdd4e6
E1,contrast,5,shuffled_donor,0.01,1.0,,1,1,0.050000000000005596,,0.050000000000005596,0.050000000000005596,2000.0,,2000,2000,0.045454545454545456,,0.045454545454545456,0.045454545454545456,0.020554066130473638,,0.020554066130473638,0.020554066130473638,330.0,,330,330,1119.0,,1119,1119,-0.002625017046928406,,-0.002625017046928406,-0.002625017046928406,274f49f21a03df6f7da7f330fed2fe31ff1b6bdd1be8fc9ce8088bf297fdd4e6
E1,contrast,5,shuffled_donor,0.01,1.0,,2,1,-0.24999999999999467,,-0.24999999999999467,-0.24999999999999467,2000.0,,2000,2000,0.045454545454545456,,0.045454545454545456,0.045454545454545456,0.020554066130473638,,0.020554066130473638,0.020554066130473638,330.0,,330,330,1119.0,,1119,1119,-0.0033600919842720033,,-0.0033600919842720033,-0.0033600919842720033,274f49f21a03df6f7da7f330fed2fe31ff1b6bdd1be8fc9ce8088bf297fdd4e6
E1,contrast,5,shuffled_donor,0.01,1.0,,3,1,0.0,,0.0,0.0,2000.0,,2000,2000,0.03939393939393939,,0.03939393939393939,0.03939393939393939,0.0160857908847185,,0.0160857908847185,0.0160857908847185,330.0,,330,330,1119.0,,1119,1119,-0.018427599012851716,,-0.018427599012851716,-0.018427599012851716,274f49f21a03df6f7da7f330fed2fe31ff1b6bdd1be8fc9ce8088bf297fdd4e6
E1,contrast,5,shuffled_donor,0.01,1.0,,4,1,-0.10000000000000009,,-0.10000000000000009,-0.10000000000000009,2000.0,,2000,2000,0.02727272727272727,,0.02727272727272727,0.02727272727272727,0.009830205540661306,,0.009830205540661306,0.009830205540661306,330.0,,330,330,1119.0,,1119,1119,0.015559450566768647,,0.015559450566768647,0.015559450566768647,274f49f21a03df6f7da7f330fed2fe31ff1b6bdd1be8fc9ce8088bf297fdd4e6
E1,contrast,5,shuffled_donor,0.01,1.0,,5,1,-0.44999999999999485,,-0.44999999999999485,-0.44999999999999485,2000.0,,2000,2000,0.03636363636363636,,0.03636363636363636,0.03636363636363636,0.022341376228775692,,0.022341376228775692,0.022341376228775692,330.0,,330,330,1119.0,,1119,1119,-0.004096325993537903,,-0.004096325993537903,-0.004096325993537903,274f49f21a03df6f7da7f330fed2fe31ff1b6bdd1be8fc9ce8088bf297fdd4e6
E1,contrast,5,shuffled_donor,0.01,1.0,,6,1,-0.34999999999999476,,-0.34999999999999476,-0.34999999999999476,2000.0,,2000,2000,0.030303030303030304,,0.030303030303030304,0.030303030303030304,0.01966041108132261,,0.01966041108132261,0.01966041108132261,330.0,,330,330,1119.0,,1119,1119,-0.009045047521591186,,-0.009045047521591186,-0.009045047521591186,274f49f21a03df6f7da7f330fed2fe31ff1b6bdd1be8fc9ce8088bf297fdd4e6
E1,contrast,5,shuffled_donor,0.01,1.0,,7,1,-0.24999999999999467,,-0.24999999999999467,-0.24999999999999467,2000.0,,2000,2000,0.03333333333333333,,0.03333333333333333,0.03333333333333333,0.01876675603217158,,0.01876675603217158,0.01876675603217158,330.0,,330,330,1119.0,,1119,1119,-0.002067379057407379,,-0.002067379057407379,-0.002067379057407379,274f49f21a03df6f7da7f330fed2fe31ff1b6bdd1be8fc9ce8088bf297fdd4e6
E1,contrast,5,shuffled_donor,0.01,1.0,,8,1,0.050000000000005596,,0.050000000000005596,0.050000000000005596,2000.0,,2000,2000,0.03939393939393939,,0.03939393939393939,0.03939393939393939,0.013404825737265416,,0.013404825737265416,0.013404825737265416,330.0,,330,330,1119.0,,1119,1119,0.007378947198390961,,0.007378947198390961,0.007378947198390961,274f49f21a03df6f7da7f330fed2fe31ff1b6bdd1be8fc9ce8088bf297fdd4e6
E1,contrast,5,shuffled_donor,0.01,1.0,,9,1,0.20000000000000018,,0.20000000000000018,0.20000000000000018,2000.0,,2000,2000,0.03636363636363636,,0.03636363636363636,0.03636363636363636,0.01161751563896336,,0.01161751563896336,0.01161751563896336,330.0,,330,330,1119.0,,1119,1119,0.010725503981113434,,0.010725503981113434,0.010725503981113434,274f49f21a03df6f7da7f330fed2fe31ff1b6bdd1be8fc9ce8088bf297fdd4e6
E1,contrast,5,shuffled_donor,0.01,1.0,,10,1,0.15000000000000568,,0.15000000000000568,0.15000000000000568,2000.0,,2000,2000,0.03333333333333333,,0.03333333333333333,0.03333333333333333,0.009830205540661306,,0.009830205540661306,0.009830205540661306,330.0,,330,330,1119.0,,1119,1119,0.012807686746120452,,0.012807686746120452,0.012807686746120452,274f49f21a03df6f7da7f330fed2fe31ff1b6bdd1be8fc9ce8088bf297fdd4e6
E1,contrast,5,shuffled_donor,0.01,1.0,,11,1,-0.24999999999999467,,-0.24999999999999467,-0.24999999999999467,2000.0,,2000,2000,0.021212121212121213,,0.021212121212121213,0.021212121212121213,0.01161751563896336,,0.01161751563896336,0.01161751563896336,330.0,,330,330,1119.0,,1119,1119,-0.011146483063697815,,-0.011146483063697815,-0.011146483063697815,274f49f21a03df6f7da7f330fed2fe31ff1b6bdd1be8fc9ce8088bf297fdd4e6
E1,jpeg_compression,1,partial_channel,0.01,1.0,,0,20,-0.08000000000000285,0.16654381437106247,-0.5000000000000004,0.14999999999999458,2000.0,0.0,2000,2000,0.014370078740157482,0.00800502288058425,0.003937007874015748,0.027559055118110236,0.004873054873054874,0.0024709719690690856,0.001638001638001638,0.009828009828009828,254.0,0.0,254,254,1221.0,0.0,1221,1221,0.0073389465034008035,0.0028860768341779676,0.002667729616165161,0.014003210067749024,274f49f21a03df6f7da7f330fed2fe31ff1b6bdd1be8fc9ce8088bf297fdd4e6
E1,jpeg_compression,1,partial_channel,0.05,1.0,,0,20,0.254999999999998,0.24165002967536575,-0.20000000000000018,0.6000000000000005,2000.0,0.0,2000,2000,0.06279527559055118,0.014812394059077822,0.03937007874015748,0.0984251968503937,0.010974610974610974,0.002526426968827314,0.007371007371007371,0.0171990171990172,254.0,0.0,254,254,1221.0,0.0,1221,1221,0.04336917768120765,0.006630210539133147,0.03201659822463989,0.05445448803901672,274f49f21a03df6f7da7f330fed2fe31ff1b6bdd1be8fc9ce8088bf297fdd4e6
E1,jpeg_compression,1,partial_channel,0.1,1.0,,0,20,0.6074999999999986,0.2916716791549237,0.20000000000000018,1.3499999999999956,2000.0,0.0,2000,2000,0.10826771653543306,0.015670134737301805,0.08267716535433071,0.14960629921259844,0.0162981162981163,0.0028358574438891626,0.009009009009009009,0.019656019656019656,254.0,0.0,254,254,1221.0,0.0,1221,1221,0.09084698024392128,0.014306982160833974,0.07667851424217224,0.1415253232717514,274f49f21a03df6f7da7f330fed2fe31ff1b6bdd1be8fc9ce8088bf297fdd4e6
E1,jpeg_compression,1,partial_channel,0.2,1.0,,0,20,1.5174999999999972,0.3954594263571604,1.0000000000000009,2.1499999999999964,2000.0,0.0,2000,2000,0.20610236220472444,0.029191344590580953,0.16535433070866143,0.2637795275590551,0.0257985257985258,0.002988600027874125,0.022113022113022112,0.03357903357903358,254.0,0.0,254,254,1221.0,0.0,1221,1221,0.17400618520379063,0.02098551966130263,0.15274071443080903,0.2250030858516693,274f49f21a03df6f7da7f330fed2fe31ff1b6bdd1be8fc9ce8088bf297fdd4e6
E1,jpeg_compression,1,partial_channel,0.01,1.0,,1,20,-0.07000000000000228,0.11964860832322323,-0.30000000000000027,0.10000000000000009,2000.0,0.0,2000,2000,0.017716535433070866,0.010017100675732962,0.0,0.04330708661417323,0.005487305487305487,0.0017844763820747016,0.001638001638001638,0.009009009009009009,254.0,0.0,254,254,1221.0,0.0,1221,1221,0.005596539008617401,0.002987867903848579,0.0006427096128463745,0.011585963487625122,274f49f21a03df6f7da7f330fed2fe31ff1b6bdd1be8fc9ce8088bf297fdd4e6
E1,jpeg_compression,1,partial_channel,0.05,1.0,,1,20,0.22749999999999773,0.23812590654613983,-0.15000000000000568,0.7000000000000006,2000.0,0.0,2000,2000,0.06003937007874015,0.011905616512387788,0.04330708661417323,0.08267716535433071,0.011343161343161346,0.0030444829546949124,0.006552006552006552,0.018018018018018018,254.0,0.0,254,254,1221.0,0.0,1221,1221,0.0366731862783432,0.007536678330740458,0.021568549752235412,0.053412023305892946,274f49f21a03df6f7da7f330fed2fe31ff1b6bdd1be8fc9ce8088bf297fdd4e6
E1,jpeg_compression,1,partial_channel,0.1,1.0,,1,20,0.5349999999999977,0.3818583369178723,-0.30000000000000027,1.2499999999999956,2000.0,0.0,2000,2000,0.09940944881889764,0.017601041793738333,0.07480314960629922,0.13385826771653545,0.016502866502866507,0.003113280558353515,0.013104013104013105,0.02293202293202293,254.0,0.0,254,254,1221.0,0.0,1221,1221,0.07901656655669212,0.019009587517290538,0.05547203099727631,0.12701612722873687,274f49f21a03df6f7da7f330fed2fe31ff1b6bdd1be8fc9ce8088bf297fdd4e6
E1,jpeg_compression,1,partial_channel,0.2,1.0,,1,20,1.3424999999999954,0.3588266697827322,0.7000000000000006,1.8999999999999906,2000.0,0.0,2000,2000,0.187992125984252,0.021445331323948925,0.15354330708661418,0.2204724409448819,0.02469287469287469,0.003497763868042933,0.019656019656019656,0.03276003276003276,254.0,0.0,254,254,1221.0,0.0,1221,1221,0.15918069170713425,0.024937947757714712,0.12103184723854064,0.20115465366840363,274f49f21a03df6f7da7f330fed2fe31ff1b6bdd1be8fc9ce8088bf297fdd4e6
E1,jpeg_compression,1,partial_channel,0.01,1.0,,2,20,-0.1175000000000026,0.12489469248341269,-0.30000000000000027,0.04999999999999449,2000.0,0.0,2000,2000,0.019094488188976376,0.008206311945066618,0.003937007874015748,0.03937007874015748,0.006429156429156429,0.00138772979567226,0.004095004095004095,0.009009009009009009,254.0,0.0,254,254,1221.0,0.0,1221,1221,0.005829850572347641,0.004428206667927919,-0.00259076452255249,0.012338144540786742,274f49f21a03df6f7da7f330fed2fe31ff1b6bdd1be8fc9ce8088bf297fdd4e6
E1,jpeg_compression,1,partial_channel,0.05,1.0,,2,20,0.22999999999999793,0.23078812338319513,-0.10000000000000009,0.8499999999999952,2000.0,0.0,2000,2000,0.06889763779527561,0.012417105898531816,0.051181102362204724,0.10236220472440945,0.013472563472563476,0.0021501080587602475,0.009828009828009828,0.018018018018018018,254.0,0.0,254,254,1221.0,0.0,1221,1221,0.039768698585033416,0.009906881204120121,0.019938451170921325,0.05946741223335266,274f49f21a03df6f7da7f330fed2fe31ff1b6bdd1be8fc9ce8088bf297fdd4e6
E1,jpeg_compression,1,partial_channel,0.1,1.0,,2,20,0.6249999999999972,0.30065717493867705,0.04999999999999449,1.3000000000000012,2000.0,0.0,2000,2000,0.11200787401574804,0.013606755356815018,0.08661417322834646,0.13385826771653545,0.017977067977067974,0.002676714573112052,0.013923013923013924,0.02293202293202293,254.0,0.0,254,254,1221.0,0.0,1221,1221,0.08241780041456223,0.02211915325094606,0.03813791584968567,0.1311908402442932,274f49f21a03df6f7da7f330fed2fe31ff1b6bdd1be8fc9ce8088bf297fdd4e6
E1,jpeg_compression,1,partial_channel,0.2,1.0,,2,20,1.5599999999999954,0.4278465046940836,0.6000000000000005,2.199999999999991,2000.0,0.0,2000,2000,0.2023622047244095,0.024880158574176338,0.16141732283464566,0.25196850393700787,0.02457002457002457,0.0037295432382987667,0.018018018018018018,0.031122031122031123,254.0,0.0,254,254,1221.0,0.0,1221,1221,0.16976769980192183,0.026704115421312104,0.11895954525470734,0.21561141347885132,274f49f21a03df6f7da7f330fed2fe31ff1b6bdd1be8fc9ce8088bf297fdd4e6
E1,jpeg_compression,1,partial_channel,0.01,1.0,,3,20,-0.1500000000000018,0.17696267819425826,-0.550000000000006,0.30000000000000027,2000.0,0.0,2000,2000,0.020669291338582675,0.009110803749442654,0.007874015748031496,0.051181102362204724,0.007493857493857494,0.002080004111253119,0.004914004914004914,0.012285012285012284,254.0,0.0,254,254,1221.0,0.0,1221,1221,0.007187064665555953,0.004877775224668517,-0.0025139335393905638,0.015511415362358094,274f49f21a03df6f7da7f330fed2fe31ff1b6bdd1be8fc9ce8088bf297fdd4e6
E1,jpeg_compression,1,partial_channel,0.05,1.0,,3,20,0.4374999999999968,0.22645726911901554,0.04999999999999449,0.8499999999999952,2000.0,0.0,2000,2000,0.08169291338582678,0.013266760379279876,0.05905511811023622,0.11023622047244094,0.013185913185913186,0.0025473011349694207,0.00819000819000819,0.018018018018018018,254.0,0.0,254,254,1221.0,0.0,1221,1221,0.05734030296802521,0.011653796115410531,0.03228049385547638,0.07196781289577484,274f49f21a03df6f7da7f330fed2fe31ff1b6bdd1be8fc9ce8088bf297fdd4e6
E1,jpeg_compression,1,partial_channel,0.1,1.0,,3,20,1.0874999999999968,0.3003835267751783,0.6000000000000005,1.5999999999999903,2000.0,0.0,2000,2000,0.13582677165354334,0.018176781828280288,0.1062992125984252,0.1732283464566929,0.0165028665028665,0.002828066183922421,0.010647010647010647,0.022113022113022112,254.0,0.0,254,254,1221.0,0.0,1221,1221,0.11895435336828233,0.018402095293974206,0.09243305945396424,0.1552105482816696,274f49f21a03df6f7da7f330fed2fe31ff1b6bdd1be8fc9ce8088bf297fdd4e6
E1,jpeg_compression,1,partial_channel,0.2,1.0,,3,20,2.3124999999999942,0.42329378873183154,1.4999999999999902,2.949999999999997,2000.0,0.0,2000,2000,0.24999999999999992,0.02448686305697035,0.2047244094488189,0.3188976377952756,0.02383292383292383,0.004477186954687967,0.015561015561015561,0.031122031122031123,254.0,0.0,254,254,1221.0,0.0,1221,1221,0.2303819416105747,0.02533465255242407,0.17743721628189088,0.2699806821346283,274f49f21a03df6f7da7f330fed2fe31ff1b6bdd1be8fc9ce8088bf297fdd4e6
E1,jpeg_compression,1,partial_channel,0.01,1.0,,4,20,-0.11750000000000371,0.1886761357737817,-0.5000000000000004,0.20000000000000018,2000.0,0.0,2000,2000,0.021456692913385825,0.011946658690460708,0.0,0.04330708661417323,0.007084357084357085,0.00192118662353211,0.004095004095004095,0.010647010647010647,254.0,0.0,254,254,1221.0,0.0,1221,1221,0.009200426191091536,0.004919365132884469,0.002064595818519592,0.023443683981895447,274f49f21a03df6f7da7f330fed2fe31ff1b6bdd1be8fc9ce8088bf297fdd4e6
E1,jpeg_compression,1,partial_channel,0.05,1.0,,4,20,0.5574999999999974,0.25145628478503973,0.10000000000000009,1.0499999999999954,2000.0,0.0,2000,2000,0.08346456692913387,0.013063824065783162,0.06299212598425197,0.11023622047244094,0.011711711711711712,0.0022088262612887572,0.00819000819000819,0.0171990171990172,254.0,0.0,254,254,1221.0,0.0,1221,1221,0.06562728835344314,0.01204235799250098,0.037575343728065494,0.0890819444656372,274f49f21a03df6f7da7f330fed2fe31ff1b6bdd1be8fc9ce8088bf297fdd4e6
E1,jpeg_compression,1,partial_channel,0.1,1.0,,4,20,1.2424999999999964,0.2903151644968632,0.7499999999999951,1.7999999999999905,2000.0,0.0,2000,2000,0.144488188976378,0.016805561003526034,0.1141732283464567,0.1732283464566929,0.015274365274365275,0.002852923319189791,0.012285012285012284,0.020475020475020474,254.0,0.0,254,254,1221.0,0.0,1221,1221,0.13245518431067468,0.017300274488764814,0.09756466662883759,0.1646611566543579,274f49f21a03df6f7da7f330fed2fe31ff1b6bdd1be8fc9ce8088bf297fdd4e6
E1,jpeg_compression,1,partial_channel,0.2,1.0,,4,20,2.4374999999999933,0.48337492259060577,1.9499999999999962,3.6499999999999977,2000.0,0.0,2000,2000,0.25511811023622044,0.030910427730590082,0.21653543307086615,0.3425196850393701,0.022194922194922192,0.004200545192019104,0.015561015561015561,0.030303030303030304,254.0,0.0,254,254,1221.0,0.0,1221,1221,0.25690756431818007,0.024456892061040417,0.22337589526176452,0.3333470265865326,274f49f21a03df6f7da7f330fed2fe31ff1b6bdd1be8fc9ce8088bf297fdd4e6
E1,jpeg_compression,1,partial_channel,0.01,1.0,,5,20,-0.11000000000000343,0.15008769366431668,-0.45000000000000595,0.14999999999999458,2000.0,0.0,2000,2000,0.02086614173228346,0.007884369487872907,0.011811023622047244,0.04330708661417323,0.006879606879606881,0.002260954468368532,0.003276003276003276,0.013104013104013105,254.0,0.0,254,254,1221.0,0.0,1221,1221,0.010755906826257707,0.004852697689897023,0.003925486564636231,0.023503377079963684,274f49f21a03df6f7da7f330fed2fe31ff1b6bdd1be8fc9ce8088bf297fdd4e6
E1,jpeg_compression,1,partial_channel,0.05,1.0,,5,20,0.5249999999999984,0.26031357608610606,-0.15000000000000568,0.9000000000000008,2000.0,0.0,2000,2000,0.0799212598425197,0.014956266949478159,0.051181102362204724,0.1062992125984252,0.011343161343161346,0.003257361070633081,0.007371007371007371,0.018837018837018837,254.0,0.0,254,254,1221.0,0.0,1221,1221,0.0653548581659794,0.012332618625911434,0.040986107468605044,0.08698171484470367,274f49f21a03df6f7da7f330fed2fe31ff1b6bdd1be8fc9ce8088bf297fdd4e6
E1,jpeg_compression,1,partial_channel,0.1,1.0,,5,20,1.202499999999997,0.3238237824886593,0.649999999999995,1.749999999999996,2000.0,0.0,2000,2000,0.1413385826771654,0.016600428770335934,0.1141732283464567,0.17716535433070865,0.01572481572481572,0.0029897810593479558,0.011466011466011465,0.022113022113022112,254.0,0.0,254,254,1221.0,0.0,1221,1221,0.13279820217490199,0.017621150908969107,0.10002216589450837,0.17338292598724364,274f49f21a03df6f7da7f330fed2fe31ff1b6bdd1be8fc9ce8088bf297fdd4e6
E1,jpeg_compression,1,partial_channel,0.2,1.0,,5,20,2.4399999999999937,0.46299937478643843,1.6999999999999904,3.3499999999999974,2000.0,0.0,2000,2000,0.2590551181102361,0.0321776641601615,0.2125984251968504,0.3425196850393701,0.023464373464373463,0.004432611094432224,0.0171990171990172,0.03194103194103194,254.0,0.0,254,254,1221.0,0.0,1221,1221,0.2656148078799247,0.02351444322031921,0.23665700697898864,0.3276855103969574,274f49f21a03df6f7da7f330fed2fe31ff1b6bdd1be8fc9ce8088bf297fdd4e6
E1,jpeg_compression,1,partial_channel,0.01,1.0,,6,20,-0.06250000000000255,0.19117021899757003,-0.40000000000000036,0.44999999999999485,2000.0,0.0,2000,2000,0.02047244094488189,0.010186688794200437,0.003937007874015748,0.04330708661417323,0.006388206388206389,0.001963445517376642,0.002457002457002457,0.010647010647010647,254.0,0.0,254,254,1221.0,0.0,1221,1221,0.0123738549888134,0.003963124411903039,0.006438980579376221,0.02326156783103943,274f49f21a03df6f7da7f330fed2fe31ff1b6bdd1be8fc9ce8088bf297fdd4e6
E1,jpeg_compression,1,partial_channel,0.05,1.0,,6,20,0.5499999999999978,0.2620767264110184,0.14999999999999458,1.100000000000001,2000.0,0.0,2000,2000,0.09173228346456694,0.014114396476862199,0.06299212598425197,0.11811023622047244,0.013185913185913186,0.002872961386593742,0.009009009009009009,0.019656019656019656,254.0,0.0,254,254,1221.0,0.0,1221,1221,0.07143773608207703,0.013694962944420755,0.038151124358177184,0.0904529744386673,274f49f21a03df6f7da7f330fed2fe31ff1b6bdd1be8fc9ce8088bf297fdd4e6
E1,jpeg_compression,1,partial_channel,0.1,1.0,,6,20,1.2899999999999956,0.33934922239021126,0.7499999999999951,1.9499999999999962,2000.0,0.0,2000,2000,0.1533464566929134,0.022251840628169487,0.1141732283464567,0.19291338582677164,0.016216216216216214,0.002570753630371483,0.012285012285012284,0.021294021294021293,254.0,0.0,254,254,1221.0,0.0,1221,1221,0.14579204894900324,0.015801579805261583,0.10745594561100007,0.1784046995639801,274f49f21a03df6f7da7f330fed2fe31ff1b6bdd1be8fc9ce8088bf297fdd4e6
E1,jpeg_compression,1,partial_channel,0.2,1.0,,6,20,2.739999999999994,0.5280550210566681,1.5499999999999958,3.6499999999999977,2000.0,0.0,2000,2000,0.27992125984251975,0.03310981859293428,0.2283464566929134,0.3464566929133858,0.023095823095823094,0.003982239807554658,0.015561015561015561,0.030303030303030304,254.0,0.0,254,254,1221.0,0.0,1221,1221,0.2865384679913521,0.025429195590778,0.24301908802986144,0.34229451072216033,274f49f21a03df6f7da7f330fed2fe31ff1b6bdd1be8fc9ce8088bf297fdd4e6
E1,jpeg_compression,1,partial_channel,0.01,1.0,,7,20,-2.220446049250313e-15,0.14867838833500574,-0.20000000000000018,0.24999999999999467,2000.0,0.0,2000,2000,0.022637795275590546,0.008556707994179846,0.011811023622047244,0.03937007874015748,0.00561015561015561,0.001826998968557531,0.002457002457002457,0.009009009009009009,254.0,0.0,254,254,1221.0,0.0,1221,1221,0.013340111756324768,0.004241575285599401,0.007672008872032165,0.024787876963615417,274f49f21a03df6f7da7f330fed2fe31ff1b6bdd1be8fc9ce8088bf297fdd4e6
E1,jpeg_compression,1,partial_channel,0.05,1.0,,7,20,0.685,0.29384027168371346,0.10000000000000009,1.100000000000001,2000.0,0.0,2000,2000,0.09291338582677167,0.015135195484657976,0.07086614173228346,0.13385826771653545,0.011506961506961507,0.0033870047540736125,0.006552006552006552,0.019656019656019656,254.0,0.0,254,254,1221.0,0.0,1221,1221,0.0780186526119709,0.009714456399204983,0.057758370876312255,0.09681149709224701,274f49f21a03df6f7da7f330fed2fe31ff1b6bdd1be8fc9ce8088bf297fdd4e6
E1,jpeg_compression,1,partial_channel,0.1,1.0,,7,20,1.4174999999999955,0.3184150717141636,0.8499999999999952,2.0999999999999908,2000.0,0.0,2000,2000,0.15531496062992128,0.01715983098535398,0.1220472440944882,0.1889763779527559,0.014455364455364456,0.002620735267896122,0.009828009828009828,0.018018018018018018,254.0,0.0,254,254,1221.0,0.0,1221,1221,0.15461310574412343,0.012096410975933742,0.13338975024223326,0.18425937247276306,274f49f21a03df6f7da7f330fed2fe31ff1b6bdd1be8fc9ce8088bf297fdd4e6
E1,jpeg_compression,1,partial_channel,0.2,1.0,,7,20,3.0949999999999944,0.38350873180205597,2.4499999999999966,3.749999999999998,2000.0,0.0,2000,2000,0.29074803149606304,0.03274749146771358,0.2440944881889764,0.3543307086614173,0.020229320229320228,0.0033198922225990265,0.015561015561015561,0.02702702702702703,254.0,0.0,254,254,1221.0,0.0,1221,1221,0.3032843004763126,0.02808496778255394,0.25744658732414244,0.3788825200796127,274f49f21a03df6f7da7f330fed2fe31ff1b6bdd1be8fc9ce8088bf297fdd4e6
E1,jpeg_compression,1,partial_channel,0.01,1.0,,8,20,0.03999999999999615,0.14382006301735506,-0.30000000000000027,0.30000000000000027,2000.0,0.0,2000,2000,0.022244094488188974,0.007028239567906162,0.011811023622047244,0.03937007874015748,0.004914004914004915,0.0019344631813713418,0.002457002457002457,0.009828009828009828,254.0,0.0,254,254,1221.0,0.0,1221,1221,0.014158683109283445,0.00383611564413716,0.008084876775741576,0.025600845098495483,274f49f21a03df6f7da7f330fed2fe31ff1b6bdd1be8fc9ce8088bf297fdd4e6
E1,jpeg_compression,1,partial_channel,0.05,1.0,,8,20,0.6749999999999979,0.2697464696613036,0.30000000000000027,1.3499999999999956,2000.0,0.0,2000,2000,0.09055118110236222,0.014050674271168406,0.06692913385826772,0.11811023622047244,0.010278460278460277,0.0027928945497998313,0.006552006552006552,0.018018018018018018,254.0,0.0,254,254,1221.0,0.0,1221,1221,0.08147622668147088,0.006954939254737769,0.06988511443138122,0.09024940037727355,274f49f21a03df6f7da7f330fed2fe31ff1b6bdd1be8fc9ce8088bf297fdd4e6
E1,jpeg_compression,1,partial_channel,0.1,1.0,,8,20,1.5374999999999956,0.3264139283663888,0.8499999999999952,2.2499999999999964,2000.0,0.0,2000,2000,0.15590551181102366,0.02176721098208811,0.11023622047244094,0.19291338582677164,0.012858312858312859,0.0020939597695989937,0.009009009009009009,0.015561015561015561,254.0,0.0,254,254,1221.0,0.0,1221,1221,0.15954678632616998,0.012642229868337594,0.1336026130914688,0.18173376953601836,274f49f21a03df6f7da7f330fed2fe31ff1b6bdd1be8fc9ce8088bf297fdd4e6
E1,jpeg_compression,1,partial_channel,0.2,1.0,,8,20,3.302499999999995,0.3322471337645176,2.7999999999999914,3.949999999999998,2000.0,0.0,2000,2000,0.2956692913385827,0.031802795668137554,0.25196850393700787,0.37401574803149606,0.01773136773136773,0.0026072297141082274,0.012285012285012284,0.022113022113022112,254.0,0.0,254,254,1221.0,0.0,1221,1221,0.315761255544424,0.029296996157893905,0.2762798539400101,0.3797608313560486,274f49f21a03df6f7da7f330fed2fe31ff1b6bdd1be8fc9ce8088bf297fdd4e6
E1,jpeg_compression,1,partial_channel,0.01,1.0,,9,20,0.022499999999997522,0.0979728748711926,-0.15000000000000568,0.20000000000000018,2000.0,0.0,2000,2000,0.015157480314960628,0.005309009576837741,0.003937007874015748,0.023622047244094488,0.0033579033579033586,0.0012434965675941821,0.001638001638001638,0.005733005733005733,254.0,0.0,254,254,1221.0,0.0,1221,1221,0.013843059307336808,0.002970439190116151,0.010149269104003907,0.022556185603141786,274f49f21a03df6f7da7f330fed2fe31ff1b6bdd1be8fc9ce8088bf297fdd4e6
E1,jpeg_compression,1,partial_channel,0.05,1.0,,9,20,0.7999999999999979,0.23339598156464958,0.30000000000000027,1.1499999999999955,2000.0,0.0,2000,2000,0.08897637795275591,0.013957468106272762,0.06299212598425197,0.11023622047244094,0.006961506961506962,0.001850518378694399,0.004095004095004095,0.011466011466011465,254.0,0.0,254,254,1221.0,0.0,1221,1221,0.08392747306227683,0.005077184854487612,0.0760589771270752,0.09483827316761016,274f49f21a03df6f7da7f330fed2fe31ff1b6bdd1be8fc9ce8088bf297fdd4e6
E1,jpeg_compression,1,partial_channel,0.1,1.0,,9,20,1.7399999999999938,0.1882048156439653,1.4000000000000012,2.199999999999991,2000.0,0.0,2000,2000,0.1600393700787402,0.012336362133443184,0.13385826771653545,0.18503937007874016,0.009787059787059786,0.0017317660731851147,0.006552006552006552,0.013104013104013105,254.0,0.0,254,254,1221.0,0.0,1221,1221,0.16523443254232406,0.008116083355118672,0.1488244936466217,0.18293404054641724,274f49f21a03df6f7da7f330fed2fe31ff1b6bdd1be8fc9ce8088bf297fdd4e6
E1,jpeg_compression,1,partial_channel,0.2,1.0,,9,20,3.4574999999999947,0.32047456586821427,2.749999999999997,3.9999999999999925,2000.0,0.0,2000,2000,0.3003937007874017,0.02044133567351852,0.2637795275590551,0.3464566929133858,0.014455364455364456,0.002674075465176198,0.00819000819000819,0.019656019656019656,254.0,0.0,254,254,1221.0,0.0,1221,1221,0.32279390871524816,0.016508294999425105,0.3021324659585953,0.35700067806243896,274f49f21a03df6f7da7f330fed2fe31ff1b6bdd1be8fc9ce8088bf297fdd4e6
E1,jpeg_compression,1,partial_channel,0.01,1.0,,10,20,0.05249999999999866,0.1446183725679787,-0.20000000000000018,0.30000000000000027,2000.0,0.0,2000,2000,0.013976377952755905,0.006319254275845475,0.0,0.023622047244094488,0.002620802620802621,0.0017545501174899187,0.0,0.005733005733005733,254.0,0.0,254,254,1221.0,0.0,1221,1221,0.014104058247804644,0.0016177074415957124,0.01137651550769806,0.0171282799243927,274f49f21a03df6f7da7f330fed2fe31ff1b6bdd1be8fc9ce8088bf297fdd4e6
E1,jpeg_compression,1,partial_channel,0.05,1.0,,10,20,0.7474999999999976,0.16581140205857828,0.5000000000000004,1.1499999999999955,2000.0,0.0,2000,2000,0.08307086614173229,0.011559696494399833,0.06692913385826772,0.1141732283464567,0.006470106470106471,0.0016141196199798188,0.003276003276003276,0.009828009828009828,254.0,0.0,254,254,1221.0,0.0,1221,1221,0.08740726315379142,0.005389782517567886,0.07445238482952118,0.09677106547355652,274f49f21a03df6f7da7f330fed2fe31ff1b6bdd1be8fc9ce8088bf297fdd4e6
E1,jpeg_compression,1,partial_channel,0.1,1.0,,10,20,1.7324999999999942,0.25867832086243653,1.200000000000001,2.199999999999991,2000.0,0.0,2000,2000,0.16161417322834648,0.016579529936627292,0.12992125984251968,0.18503937007874016,0.008353808353808353,0.001963445517376642,0.004095004095004095,0.012285012285012284,254.0,0.0,254,254,1221.0,0.0,1221,1221,0.1734646691262722,0.007457064201206634,0.1610663434267044,0.1871370885372162,274f49f21a03df6f7da7f330fed2fe31ff1b6bdd1be8fc9ce8088bf297fdd4e6
E1,jpeg_compression,1,partial_channel,0.2,1.0,,10,20,3.642499999999994,0.36138439951183127,2.9999999999999916,4.499999999999993,2000.0,0.0,2000,2000,0.30728346456692923,0.023499995504469857,0.27165354330708663,0.3543307086614173,0.01162981162981163,0.0019271494947655356,0.00819000819000819,0.013923013923013924,254.0,0.0,254,254,1221.0,0.0,1221,1221,0.33510888078808787,0.012458014375614964,0.3140417671203613,0.36135875010490415,274f49f21a03df6f7da7f330fed2fe31ff1b6bdd1be8fc9ce8088bf297fdd4e6
E1,jpeg_compression,1,partial_channel,0.01,1.0,,11,20,0.027499999999997526,0.12924375175775843,-0.15000000000000568,0.24999999999999467,2000.0,0.0,2000,2000,0.01299212598425197,0.007780212080063655,0.003937007874015748,0.031496062992125984,0.002702702702702703,0.0011912984099461724,0.0,0.004095004095004095,254.0,0.0,254,254,1221.0,0.0,1221,1221,0.014268137413263323,0.0016962328837609882,0.011319027781486512,0.017760284304618835,274f49f21a03df6f7da7f330fed2fe31ff1b6bdd1be8fc9ce8088bf297fdd4e6
E1,jpeg_compression,1,partial_channel,0.05,1.0,,11,20,0.7224999999999988,0.14821304012521358,0.44999999999999485,1.0499999999999954,2000.0,0.0,2000,2000,0.07933070866141734,0.012662690935978618,0.051181102362204724,0.10236220472440945,0.006101556101556102,0.0013411570279867823,0.003276003276003276,0.009009009009009009,254.0,0.0,254,254,1221.0,0.0,1221,1221,0.08367981810569763,0.014819555393411628,0.03646030580997467,0.09466161465644836,274f49f21a03df6f7da7f330fed2fe31ff1b6bdd1be8fc9ce8088bf297fdd4e6
E1,jpeg_compression,1,partial_channel,0.1,1.0,,11,20,1.589999999999994,0.23090212098134513,1.200000000000001,2.2499999999999964,2000.0,0.0,2000,2000,0.15137795275590554,0.011243079282875844,0.12992125984251968,0.1732283464566929,0.008681408681408683,0.0020306213916720254,0.004914004914004914,0.012285012285012284,254.0,0.0,254,254,1221.0,0.0,1221,1221,0.16515363571643832,0.01905613160515383,0.1189714025259018,0.18148746168613433,274f49f21a03df6f7da7f330fed2fe31ff1b6bdd1be8fc9ce8088bf297fdd4e6
E1,jpeg_compression,1,partial_channel,0.2,1.0,,11,20,3.1724999999999945,0.3172559152946946,2.6999999999999913,3.749999999999998,2000.0,0.0,2000,2000,0.27814960629921265,0.019550931496288906,0.25196850393700787,0.3228346456692913,0.011547911547911549,0.0020565342398595173,0.00819000819000819,0.01638001638001638,254.0,0.0,254,254,1221.0,0.0,1221,1221,0.31899936043024063,0.025875669396361416,0.2647812410593033,0.3414752391576767,274f49f21a03df6f7da7f330fed2fe31ff1b6bdd1be8fc9ce8088bf297fdd4e6
E1,jpeg_compression,1,none,0.01,1.0,,0,1,0.0,,0.0,0.0,2000.0,,2000,2000,0.0,,0.0,0.0,0.0,,0.0,0.0,254.0,,254,254,1221.0,,1221,1221,0.0,,0.0,0.0,274f49f21a03df6f7da7f330fed2fe31ff1b6bdd1be8fc9ce8088bf297fdd4e6
E1,jpeg_compression,1,none,0.01,1.0,,1,1,0.0,,0.0,0.0,2000.0,,2000,2000,0.0,,0.0,0.0,0.0,,0.0,0.0,254.0,,254,254,1221.0,,1221,1221,0.0,,0.0,0.0,274f49f21a03df6f7da7f330fed2fe31ff1b6bdd1be8fc9ce8088bf297fdd4e6
E1,jpeg_compression,1,none,0.01,1.0,,2,1,0.0,,0.0,0.0,2000.0,,2000,2000,0.0,,0.0,0.0,0.0,,0.0,0.0,254.0,,254,254,1221.0,,1221,1221,0.0,,0.0,0.0,274f49f21a03df6f7da7f330fed2fe31ff1b6bdd1be8fc9ce8088bf297fdd4e6
E1,jpeg_compression,1,none,0.01,1.0,,3,1,0.0,,0.0,0.0,2000.0,,2000,2000,0.0,,0.0,0.0,0.0,,0.0,0.0,254.0,,254,254,1221.0,,1221,1221,0.0,,0.0,0.0,274f49f21a03df6f7da7f330fed2fe31ff1b6bdd1be8fc9ce8088bf297fdd4e6
E1,jpeg_compression,1,none,0.01,1.0,,4,1,0.0,,0.0,0.0,2000.0,,2000,2000,0.0,,0.0,0.0,0.0,,0.0,0.0,254.0,,254,254,1221.0,,1221,1221,0.0,,0.0,0.0,274f49f21a03df6f7da7f330fed2fe31ff1b6bdd1be8fc9ce8088bf297fdd4e6
E1,jpeg_compression,1,none,0.01,1.0,,5,1,0.0,,0.0,0.0,2000.0,,2000,2000,0.0,,0.0,0.0,0.0,,0.0,0.0,254.0,,254,254,1221.0,,1221,1221,0.0,,0.0,0.0,274f49f21a03df6f7da7f330fed2fe31ff1b6bdd1be8fc9ce8088bf297fdd4e6
E1,jpeg_compression,1,none,0.01,1.0,,6,1,0.0,,0.0,0.0,2000.0,,2000,2000,0.0,,0.0,0.0,0.0,,0.0,0.0,254.0,,254,254,1221.0,,1221,1221,0.0,,0.0,0.0,274f49f21a03df6f7da7f330fed2fe31ff1b6bdd1be8fc9ce8088bf297fdd4e6
E1,jpeg_compression,1,none,0.01,1.0,,7,1,0.0,,0.0,0.0,2000.0,,2000,2000,0.0,,0.0,0.0,0.0,,0.0,0.0,254.0,,254,254,1221.0,,1221,1221,0.0,,0.0,0.0,274f49f21a03df6f7da7f330fed2fe31ff1b6bdd1be8fc9ce8088bf297fdd4e6
E1,jpeg_compression,1,none,0.01,1.0,,8,1,0.0,,0.0,0.0,2000.0,,2000,2000,0.0,,0.0,0.0,0.0,,0.0,0.0,254.0,,254,254,1221.0,,1221,1221,0.0,,0.0,0.0,274f49f21a03df6f7da7f330fed2fe31ff1b6bdd1be8fc9ce8088bf297fdd4e6
E1,jpeg_compression,1,none,0.01,1.0,,9,1,0.0,,0.0,0.0,2000.0,,2000,2000,0.0,,0.0,0.0,0.0,,0.0,0.0,254.0,,254,254,1221.0,,1221,1221,0.0,,0.0,0.0,274f49f21a03df6f7da7f330fed2fe31ff1b6bdd1be8fc9ce8088bf297fdd4e6
E1,jpeg_compression,1,none,0.01,1.0,,10,1,0.0,,0.0,0.0,2000.0,,2000,2000,0.0,,0.0,0.0,0.0,,0.0,0.0,254.0,,254,254,1221.0,,1221,1221,0.0,,0.0,0.0,274f49f21a03df6f7da7f330fed2fe31ff1b6bdd1be8fc9ce8088bf297fdd4e6
E1,jpeg_compression,1,none,0.01,1.0,,11,1,0.0,,0.0,0.0,2000.0,,2000,2000,0.0,,0.0,0.0,0.0,,0.0,0.0,254.0,,254,254,1221.0,,1221,1221,0.0,,0.0,0.0,274f49f21a03df6f7da7f330fed2fe31ff1b6bdd1be8fc9ce8088bf297fdd4e6
E1,jpeg_compression,1,clean_to_clean,0.01,1.0,,0,1,8.499999999999996,,8.499999999999996,8.499999999999996,2000.0,,2000,2000,1.0,,1.0,1.0,0.0687960687960688,,0.0687960687960688,0.0687960687960688,254.0,,254,254,1221.0,,1221,1221,0.8930492041110992,,0.8930492041110992,0.8930492041110992,274f49f21a03df6f7da7f330fed2fe31ff1b6bdd1be8fc9ce8088bf297fdd4e6
E1,jpeg_compression,1,clean_to_clean,0.01,1.0,,1,1,8.499999999999996,,8.499999999999996,8.499999999999996,2000.0,,2000,2000,1.0,,1.0,1.0,0.0687960687960688,,0.0687960687960688,0.0687960687960688,254.0,,254,254,1221.0,,1221,1221,0.8930492041110992,,0.8930492041110992,0.8930492041110992,274f49f21a03df6f7da7f330fed2fe31ff1b6bdd1be8fc9ce8088bf297fdd4e6
E1,jpeg_compression,1,clean_to_clean,0.01,1.0,,2,1,8.499999999999996,,8.499999999999996,8.499999999999996,2000.0,,2000,2000,1.0,,1.0,1.0,0.0687960687960688,,0.0687960687960688,0.0687960687960688,254.0,,254,254,1221.0,,1221,1221,0.8930492041110992,,0.8930492041110992,0.8930492041110992,274f49f21a03df6f7da7f330fed2fe31ff1b6bdd1be8fc9ce8088bf297fdd4e6
E1,jpeg_compression,1,clean_to_clean,0.01,1.0,,3,1,8.499999999999996,,8.499999999999996,8.499999999999996,2000.0,,2000,2000,1.0,,1.0,1.0,0.0687960687960688,,0.0687960687960688,0.0687960687960688,254.0,,254,254,1221.0,,1221,1221,0.8930492041110992,,0.8930492041110992,0.8930492041110992,274f49f21a03df6f7da7f330fed2fe31ff1b6bdd1be8fc9ce8088bf297fdd4e6
E1,jpeg_compression,1,clean_to_clean,0.01,1.0,,4,1,8.499999999999996,,8.499999999999996,8.499999999999996,2000.0,,2000,2000,1.0,,1.0,1.0,0.0687960687960688,,0.0687960687960688,0.0687960687960688,254.0,,254,254,1221.0,,1221,1221,0.8930492041110992,,0.8930492041110992,0.8930492041110992,274f49f21a03df6f7da7f330fed2fe31ff1b6bdd1be8fc9ce8088bf297fdd4e6
E1,jpeg_compression,1,clean_to_clean,0.01,1.0,,5,1,8.499999999999996,,8.499999999999996,8.499999999999996,2000.0,,2000,2000,1.0,,1.0,1.0,0.0687960687960688,,0.0687960687960688,0.0687960687960688,254.0,,254,254,1221.0,,1221,1221,0.8930492041110992,,0.8930492041110992,0.8930492041110992,274f49f21a03df6f7da7f330fed2fe31ff1b6bdd1be8fc9ce8088bf297fdd4e6
E1,jpeg_compression,1,clean_to_clean,0.01,1.0,,6,1,8.499999999999996,,8.499999999999996,8.499999999999996,2000.0,,2000,2000,1.0,,1.0,1.0,0.0687960687960688,,0.0687960687960688,0.0687960687960688,254.0,,254,254,1221.0,,1221,1221,0.8930492041110992,,0.8930492041110992,0.8930492041110992,274f49f21a03df6f7da7f330fed2fe31ff1b6bdd1be8fc9ce8088bf297fdd4e6
E1,jpeg_compression,1,clean_to_clean,0.01,1.0,,7,1,8.499999999999996,,8.499999999999996,8.499999999999996,2000.0,,2000,2000,1.0,,1.0,1.0,0.0687960687960688,,0.0687960687960688,0.0687960687960688,254.0,,254,254,1221.0,,1221,1221,0.8930492041110992,,0.8930492041110992,0.8930492041110992,274f49f21a03df6f7da7f330fed2fe31ff1b6bdd1be8fc9ce8088bf297fdd4e6
E1,jpeg_compression,1,clean_to_clean,0.01,1.0,,8,1,8.499999999999996,,8.499999999999996,8.499999999999996,2000.0,,2000,2000,1.0,,1.0,1.0,0.0687960687960688,,0.0687960687960688,0.0687960687960688,254.0,,254,254,1221.0,,1221,1221,0.8930492041110992,,0.8930492041110992,0.8930492041110992,274f49f21a03df6f7da7f330fed2fe31ff1b6bdd1be8fc9ce8088bf297fdd4e6
E1,jpeg_compression,1,clean_to_clean,0.01,1.0,,9,1,8.499999999999996,,8.499999999999996,8.499999999999996,2000.0,,2000,2000,1.0,,1.0,1.0,0.0687960687960688,,0.0687960687960688,0.0687960687960688,254.0,,254,254,1221.0,,1221,1221,0.8930492041110992,,0.8930492041110992,0.8930492041110992,274f49f21a03df6f7da7f330fed2fe31ff1b6bdd1be8fc9ce8088bf297fdd4e6
E1,jpeg_compression,1,clean_to_clean,0.01,1.0,,10,1,8.499999999999996,,8.499999999999996,8.499999999999996,2000.0,,2000,2000,1.0,,1.0,1.0,0.0687960687960688,,0.0687960687960688,0.0687960687960688,254.0,,254,254,1221.0,,1221,1221,0.8930492041110992,,0.8930492041110992,0.8930492041110992,274f49f21a03df6f7da7f330fed2fe31ff1b6bdd1be8fc9ce8088bf297fdd4e6
E1,jpeg_compression,1,clean_to_clean,0.01,1.0,,11,1,8.499999999999996,,8.499999999999996,8.499999999999996,2000.0,,2000,2000,1.0,,1.0,1.0,0.0687960687960688,,0.0687960687960688,0.0687960687960688,254.0,,254,254,1221.0,,1221,1221,0.8930492041110992,,0.8930492041110992,0.8930492041110992,274f49f21a03df6f7da7f330fed2fe31ff1b6bdd1be8fc9ce8088bf297fdd4e6
E1,jpeg_compression,1,full_state,0.01,1.0,,0,1,8.499999999999996,,8.499999999999996,8.499999999999996,2000.0,,2000,2000,1.0,,1.0,1.0,0.0687960687960688,,0.0687960687960688,0.0687960687960688,254.0,,254,254,1221.0,,1221,1221,0.8930492041110992,,0.8930492041110992,0.8930492041110992,274f49f21a03df6f7da7f330fed2fe31ff1b6bdd1be8fc9ce8088bf297fdd4e6
E1,jpeg_compression,1,full_state,0.01,1.0,,1,1,8.499999999999996,,8.499999999999996,8.499999999999996,2000.0,,2000,2000,1.0,,1.0,1.0,0.0687960687960688,,0.0687960687960688,0.0687960687960688,254.0,,254,254,1221.0,,1221,1221,0.8930492041110992,,0.8930492041110992,0.8930492041110992,274f49f21a03df6f7da7f330fed2fe31ff1b6bdd1be8fc9ce8088bf297fdd4e6
E1,jpeg_compression,1,full_state,0.01,1.0,,2,1,8.499999999999996,,8.499999999999996,8.499999999999996,2000.0,,2000,2000,1.0,,1.0,1.0,0.0687960687960688,,0.0687960687960688,0.0687960687960688,254.0,,254,254,1221.0,,1221,1221,0.8930492041110992,,0.8930492041110992,0.8930492041110992,274f49f21a03df6f7da7f330fed2fe31ff1b6bdd1be8fc9ce8088bf297fdd4e6
E1,jpeg_compression,1,full_state,0.01,1.0,,3,1,8.499999999999996,,8.499999999999996,8.499999999999996,2000.0,,2000,2000,1.0,,1.0,1.0,0.0687960687960688,,0.0687960687960688,0.0687960687960688,254.0,,254,254,1221.0,,1221,1221,0.8930492041110992,,0.8930492041110992,0.8930492041110992,274f49f21a03df6f7da7f330fed2fe31ff1b6bdd1be8fc9ce8088bf297fdd4e6
E1,jpeg_compression,1,full_state,0.01,1.0,,4,1,8.499999999999996,,8.499999999999996,8.499999999999996,2000.0,,2000,2000,1.0,,1.0,1.0,0.0687960687960688,,0.0687960687960688,0.0687960687960688,254.0,,254,254,1221.0,,1221,1221,0.8930492041110992,,0.8930492041110992,0.8930492041110992,274f49f21a03df6f7da7f330fed2fe31ff1b6bdd1be8fc9ce8088bf297fdd4e6
E1,jpeg_compression,1,full_state,0.01,1.0,,5,1,8.499999999999996,,8.499999999999996,8.499999999999996,2000.0,,2000,2000,1.0,,1.0,1.0,0.0687960687960688,,0.0687960687960688,0.0687960687960688,254.0,,254,254,1221.0,,1221,1221,0.8930492041110992,,0.8930492041110992,0.8930492041110992,274f49f21a03df6f7da7f330fed2fe31ff1b6bdd1be8fc9ce8088bf297fdd4e6
E1,jpeg_compression,1,full_state,0.01,1.0,,6,1,8.499999999999996,,8.499999999999996,8.499999999999996,2000.0,,2000,2000,1.0,,1.0,1.0,0.0687960687960688,,0.0687960687960688,0.0687960687960688,254.0,,254,254,1221.0,,1221,1221,0.8930492041110992,,0.8930492041110992,0.8930492041110992,274f49f21a03df6f7da7f330fed2fe31ff1b6bdd1be8fc9ce8088bf297fdd4e6
E1,jpeg_compression,1,full_state,0.01,1.0,,7,1,8.499999999999996,,8.499999999999996,8.499999999999996,2000.0,,2000,2000,1.0,,1.0,1.0,0.0687960687960688,,0.0687960687960688,0.0687960687960688,254.0,,254,254,1221.0,,1221,1221,0.8930492041110992,,0.8930492041110992,0.8930492041110992,274f49f21a03df6f7da7f330fed2fe31ff1b6bdd1be8fc9ce8088bf297fdd4e6
E1,jpeg_compression,1,full_state,0.01,1.0,,8,1,8.499999999999996,,8.499999999999996,8.499999999999996,2000.0,,2000,2000,1.0,,1.0,1.0,0.0687960687960688,,0.0687960687960688,0.0687960687960688,254.0,,254,254,1221.0,,1221,1221,0.8930492041110992,,0.8930492041110992,0.8930492041110992,274f49f21a03df6f7da7f330fed2fe31ff1b6bdd1be8fc9ce8088bf297fdd4e6
E1,jpeg_compression,1,full_state,0.01,1.0,,9,1,8.499999999999996,,8.499999999999996,8.499999999999996,2000.0,,2000,2000,1.0,,1.0,1.0,0.0687960687960688,,0.0687960687960688,0.0687960687960688,254.0,,254,254,1221.0,,1221,1221,0.8930492041110992,,0.8930492041110992,0.8930492041110992,274f49f21a03df6f7da7f330fed2fe31ff1b6bdd1be8fc9ce8088bf297fdd4e6
E1,jpeg_compression,1,full_state,0.01,1.0,,10,1,8.499999999999996,,8.499999999999996,8.499999999999996,2000.0,,2000,2000,1.0,,1.0,1.0,0.0687960687960688,,0.0687960687960688,0.0687960687960688,254.0,,254,254,1221.0,,1221,1221,0.8930492041110992,,0.8930492041110992,0.8930492041110992,274f49f21a03df6f7da7f330fed2fe31ff1b6bdd1be8fc9ce8088bf297fdd4e6
E1,jpeg_compression,1,full_state,0.01,1.0,,11,1,8.499999999999996,,8.499999999999996,8.499999999999996,2000.0,,2000,2000,1.0,,1.0,1.0,0.0687960687960688,,0.0687960687960688,0.0687960687960688,254.0,,254,254,1221.0,,1221,1221,0.8930492041110992,,0.8930492041110992,0.8930492041110992,274f49f21a03df6f7da7f330fed2fe31ff1b6bdd1be8fc9ce8088bf297fdd4e6
E1,jpeg_compression,1,random_direction,0.01,1.0,,0,1,-0.35000000000000586,,-0.35000000000000586,-0.35000000000000586,2000.0,,2000,2000,0.007874015748031496,,0.007874015748031496,0.007874015748031496,0.00819000819000819,,0.00819000819000819,0.00819000819000819,254.0,,254,254,1221.0,,1221,1221,-0.005924298644065857,,-0.005924298644065857,-0.005924298644065857,274f49f21a03df6f7da7f330fed2fe31ff1b6bdd1be8fc9ce8088bf297fdd4e6
E1,jpeg_compression,1,random_direction,0.01,1.0,,1,1,-0.2500000000000058,,-0.2500000000000058,-0.2500000000000058,2000.0,,2000,2000,0.007874015748031496,,0.007874015748031496,0.007874015748031496,0.006552006552006552,,0.006552006552006552,0.006552006552006552,254.0,,254,254,1221.0,,1221,1221,-0.0048743122816085815,,-0.0048743122816085815,-0.0048743122816085815,274f49f21a03df6f7da7f330fed2fe31ff1b6bdd1be8fc9ce8088bf297fdd4e6
E1,jpeg_compression,1,random_direction,0.01,1.0,,2,1,-0.2500000000000058,,-0.2500000000000058,-0.2500000000000058,2000.0,,2000,2000,0.015748031496062992,,0.015748031496062992,0.015748031496062992,0.00819000819000819,,0.00819000819000819,0.00819000819000819,254.0,,254,254,1221.0,,1221,1221,-0.004243223667144775,,-0.004243223667144775,-0.004243223667144775,274f49f21a03df6f7da7f330fed2fe31ff1b6bdd1be8fc9ce8088bf297fdd4e6
E1,jpeg_compression,1,random_direction,0.01,1.0,,3,1,-0.35000000000000586,,-0.35000000000000586,-0.35000000000000586,2000.0,,2000,2000,0.011811023622047244,,0.011811023622047244,0.011811023622047244,0.009009009009009009,,0.009009009009009009,0.009009009009009009,254.0,,254,254,1221.0,,1221,1221,-0.00309916889667511,,-0.00309916889667511,-0.00309916889667511,274f49f21a03df6f7da7f330fed2fe31ff1b6bdd1be8fc9ce8088bf297fdd4e6
E1,jpeg_compression,1,random_direction,0.01,1.0,,4,1,-0.10000000000000009,,-0.10000000000000009,-0.10000000000000009,2000.0,,2000,2000,0.023622047244094488,,0.023622047244094488,0.023622047244094488,0.009009009009009009,,0.009009009009009009,0.009009009009009009,254.0,,254,254,1221.0,,1221,1221,-0.004087300419807434,,-0.004087300419807434,-0.004087300419807434,274f49f21a03df6f7da7f330fed2fe31ff1b6bdd1be8fc9ce8088bf297fdd4e6
E1,jpeg_compression,1,random_direction,0.01,1.0,,5,1,-0.050000000000005596,,-0.050000000000005596,-0.050000000000005596,2000.0,,2000,2000,0.023622047244094488,,0.023622047244094488,0.023622047244094488,0.00819000819000819,,0.00819000819000819,0.00819000819000819,254.0,,254,254,1221.0,,1221,1221,-0.0051525399684906005,,-0.0051525399684906005,-0.0051525399684906005,274f49f21a03df6f7da7f330fed2fe31ff1b6bdd1be8fc9ce8088bf297fdd4e6
E1,jpeg_compression,1,random_direction,0.01,1.0,,6,1,0.0,,0.0,0.0,2000.0,,2000,2000,0.027559055118110236,,0.027559055118110236,0.027559055118110236,0.009009009009009009,,0.009009009009009009,0.009009009009009009,254.0,,254,254,1221.0,,1221,1221,-0.008680145859718323,,-0.008680145859718323,-0.008680145859718323,274f49f21a03df6f7da7f330fed2fe31ff1b6bdd1be8fc9ce8088bf297fdd4e6
E1,jpeg_compression,1,random_direction,0.01,1.0,,7,1,-0.050000000000005596,,-0.050000000000005596,-0.050000000000005596,2000.0,,2000,2000,0.027559055118110236,,0.027559055118110236,0.027559055118110236,0.009828009828009828,,0.009828009828009828,0.009828009828009828,254.0,,254,254,1221.0,,1221,1221,-0.011837502360343933,,-0.011837502360343933,-0.011837502360343933,274f49f21a03df6f7da7f330fed2fe31ff1b6bdd1be8fc9ce8088bf297fdd4e6
E1,jpeg_compression,1,random_direction,0.01,1.0,,8,1,-0.2500000000000058,,-0.2500000000000058,-0.2500000000000058,2000.0,,2000,2000,0.015748031496062992,,0.015748031496062992,0.015748031496062992,0.009828009828009828,,0.009828009828009828,0.009828009828009828,254.0,,254,254,1221.0,,1221,1221,-0.009311880350112916,,-0.009311880350112916,-0.009311880350112916,274f49f21a03df6f7da7f330fed2fe31ff1b6bdd1be8fc9ce8088bf297fdd4e6
E1,jpeg_compression,1,random_direction,0.01,1.0,,9,1,-0.30000000000000027,,-0.30000000000000027,-0.30000000000000027,2000.0,,2000,2000,0.015748031496062992,,0.015748031496062992,0.015748031496062992,0.009009009009009009,,0.009009009009009009,0.009009009009009009,254.0,,254,254,1221.0,,1221,1221,-0.0067789130210876465,,-0.0067789130210876465,-0.0067789130210876465,274f49f21a03df6f7da7f330fed2fe31ff1b6bdd1be8fc9ce8088bf297fdd4e6
E1,jpeg_compression,1,random_direction,0.01,1.0,,10,1,-0.35000000000000586,,-0.35000000000000586,-0.35000000000000586,2000.0,,2000,2000,0.007874015748031496,,0.007874015748031496,0.007874015748031496,0.007371007371007371,,0.007371007371007371,0.007371007371007371,254.0,,254,254,1221.0,,1221,1221,-0.0032537028789520264,,-0.0032537028789520264,-0.0032537028789520264,274f49f21a03df6f7da7f330fed2fe31ff1b6bdd1be8fc9ce8088bf297fdd4e6
E1,jpeg_compression,1,random_direction,0.01,1.0,,11,1,-0.20000000000000018,,-0.20000000000000018,-0.20000000000000018,2000.0,,2000,2000,0.015748031496062992,,0.015748031496062992,0.015748031496062992,0.007371007371007371,,0.007371007371007371,0.007371007371007371,254.0,,254,254,1221.0,,1221,1221,-0.005373485088348388,,-0.005373485088348388,-0.005373485088348388,274f49f21a03df6f7da7f330fed2fe31ff1b6bdd1be8fc9ce8088bf297fdd4e6
E1,jpeg_compression,1,shuffled_donor,0.01,1.0,,0,1,-0.45000000000000595,,-0.45000000000000595,-0.45000000000000595,2000.0,,2000,2000,0.04330708661417323,,0.04330708661417323,0.04330708661417323,0.021294021294021293,,0.021294021294021293,0.021294021294021293,254.0,,254,254,1221.0,,1221,1221,-0.027663533687591554,,-0.027663533687591554,-0.027663533687591554,274f49f21a03df6f7da7f330fed2fe31ff1b6bdd1be8fc9ce8088bf297fdd4e6
E1,jpeg_compression,1,shuffled_donor,0.01,1.0,,1,1,-0.30000000000000027,,-0.30000000000000027,-0.30000000000000027,2000.0,,2000,2000,0.023622047244094488,,0.023622047244094488,0.023622047244094488,0.010647010647010647,,0.010647010647010647,0.010647010647010647,254.0,,254,254,1221.0,,1221,1221,-0.006408424973487854,,-0.006408424973487854,-0.006408424973487854,274f49f21a03df6f7da7f330fed2fe31ff1b6bdd1be8fc9ce8088bf297fdd4e6
E1,jpeg_compression,1,shuffled_donor,0.01,1.0,,2,1,-0.15000000000000568,,-0.15000000000000568,-0.15000000000000568,2000.0,,2000,2000,0.027559055118110236,,0.027559055118110236,0.027559055118110236,0.009828009828009828,,0.009828009828009828,0.009828009828009828,254.0,,254,254,1221.0,,1221,1221,-0.0076070927381515505,,-0.0076070927381515505,-0.0076070927381515505,274f49f21a03df6f7da7f330fed2fe31ff1b6bdd1be8fc9ce8088bf297fdd4e6
E1,jpeg_compression,1,shuffled_donor,0.01,1.0,,3,1,0.14999999999999458,,0.14999999999999458,0.14999999999999458,2000.0,,2000,2000,0.03543307086614173,,0.03543307086614173,0.03543307086614173,0.010647010647010647,,0.010647010647010647,0.010647010647010647,254.0,,254,254,1221.0,,1221,1221,-0.006103071093559265,,-0.006103071093559265,-0.006103071093559265,274f49f21a03df6f7da7f330fed2fe31ff1b6bdd1be8fc9ce8088bf297fdd4e6
E1,jpeg_compression,1,shuffled_donor,0.01,1.0,,4,1,0.20000000000000018,,0.20000000000000018,0.20000000000000018,2000.0,,2000,2000,0.05905511811023622,,0.05905511811023622,0.05905511811023622,0.012285012285012284,,0.012285012285012284,0.012285012285012284,254.0,,254,254,1221.0,,1221,1221,-0.007855607509613036,,-0.007855607509613036,-0.007855607509613036,274f49f21a03df6f7da7f330fed2fe31ff1b6bdd1be8fc9ce8088bf297fdd4e6
E1,jpeg_compression,1,shuffled_donor,0.01,1.0,,5,1,0.0,,0.0,0.0,2000.0,,2000,2000,0.051181102362204724,,0.051181102362204724,0.051181102362204724,0.013923013923013924,,0.013923013923013924,0.013923013923013924,254.0,,254,254,1221.0,,1221,1221,-0.006947169065475464,,-0.006947169065475464,-0.006947169065475464,274f49f21a03df6f7da7f330fed2fe31ff1b6bdd1be8fc9ce8088bf297fdd4e6
E1,jpeg_compression,1,shuffled_donor,0.01,1.0,,6,1,-0.15000000000000568,,-0.15000000000000568,-0.15000000000000568,2000.0,,2000,2000,0.03937007874015748,,0.03937007874015748,0.03937007874015748,0.014742014742014743,,0.014742014742014743,0.014742014742014743,254.0,,254,254,1221.0,,1221,1221,-0.009725348114967346,,-0.009725348114967346,-0.009725348114967346,274f49f21a03df6f7da7f330fed2fe31ff1b6bdd1be8fc9ce8088bf297fdd4e6
E1,jpeg_compression,1,shuffled_donor,0.01,1.0,,7,1,-0.6000000000000005,,-0.6000000000000005,-0.6000000000000005,2000.0,,2000,2000,0.03543307086614173,,0.03543307086614173,0.03543307086614173,0.019656019656019656,,0.019656019656019656,0.019656019656019656,254.0,,254,254,1221.0,,1221,1221,-0.01146197521686554,,-0.01146197521686554,-0.01146197521686554,274f49f21a03df6f7da7f330fed2fe31ff1b6bdd1be8fc9ce8088bf297fdd4e6
E1,jpeg_compression,1,shuffled_donor,0.01,1.0,,8,1,-0.8500000000000063,,-0.8500000000000063,-0.8500000000000063,2000.0,,2000,2000,0.015748031496062992,,0.015748031496062992,0.015748031496062992,0.018837018837018837,,0.018837018837018837,0.018837018837018837,254.0,,254,254,1221.0,,1221,1221,-0.007246939778327942,,-0.007246939778327942,-0.007246939778327942,274f49f21a03df6f7da7f330fed2fe31ff1b6bdd1be8fc9ce8088bf297fdd4e6
E1,jpeg_compression,1,shuffled_donor,0.01,1.0,,9,1,-0.2500000000000058,,-0.2500000000000058,-0.2500000000000058,2000.0,,2000,2000,0.04330708661417323,,0.04330708661417323,0.04330708661417323,0.013923013923013924,,0.013923013923013924,0.013923013923013924,254.0,,254,254,1221.0,,1221,1221,-0.0019934606552124024,,-0.0019934606552124024,-0.0019934606552124024,274f49f21a03df6f7da7f330fed2fe31ff1b6bdd1be8fc9ce8088bf297fdd4e6
E1,jpeg_compression,1,shuffled_donor,0.01,1.0,,10,1,-0.20000000000000018,,-0.20000000000000018,-0.20000000000000018,2000.0,,2000,2000,0.015748031496062992,,0.015748031496062992,0.015748031496062992,0.00819000819000819,,0.00819000819000819,0.00819000819000819,254.0,,254,254,1221.0,,1221,1221,-0.000526882529258728,,-0.000526882529258728,-0.000526882529258728,274f49f21a03df6f7da7f330fed2fe31ff1b6bdd1be8fc9ce8088bf297fdd4e6
E1,jpeg_compression,1,shuffled_donor,0.01,1.0,,11,1,-0.2500000000000058,,-0.2500000000000058,-0.2500000000000058,2000.0,,2000,2000,0.015748031496062992,,0.015748031496062992,0.015748031496062992,0.009009009009009009,,0.009009009009009009,0.009009009009009009,254.0,,254,254,1221.0,,1221,1221,-0.011851679921150207,,-0.011851679921150207,-0.011851679921150207,274f49f21a03df6f7da7f330fed2fe31ff1b6bdd1be8fc9ce8088bf297fdd4e6
E1,jpeg_compression,3,partial_channel,0.01,1.0,,0,20,0.10000000000000286,0.16622749155109265,-0.14999999999999458,0.35000000000000586,2000.0,0.0,2000,2000,0.016946778711484596,0.007736848508978949,0.008403361344537815,0.0392156862745098,0.005884995507637018,0.0020710052356796584,0.0026954177897574125,0.011680143755615454,357.0,0.0,357,357,1113.0,0.0,1113,1113,0.012774347710609434,0.005289818970721162,0.0070900799036026,0.02789753568172455,274f49f21a03df6f7da7f330fed2fe31ff1b6bdd1be8fc9ce8088bf297fdd4e6
E1,jpeg_compression,3,partial_channel,0.05,1.0,,0,20,1.1899999999999988,0.2936162909577563,0.649999999999995,1.749999999999996,2000.0,0.0,2000,2000,0.0911764705882353,0.011476680373039071,0.07282913165266107,0.12044817927170869,0.01302785265049416,0.002549609980935087,0.0071877807726864335,0.017070979335130278,357.0,0.0,357,357,1113.0,0.0,1113,1113,0.07461697162389755,0.011274840576187517,0.05523916041851044,0.09577874445915222,274f49f21a03df6f7da7f330fed2fe31ff1b6bdd1be8fc9ce8088bf297fdd4e6
E1,jpeg_compression,3,partial_channel,0.1,1.0,,0,20,2.3699999999999997,0.46887322941618054,1.7000000000000015,3.4499999999999975,2000.0,0.0,2000,2000,0.1637254901960784,0.020633541931501055,0.13445378151260504,0.22128851540616246,0.018823000898472598,0.0042490999991100595,0.008086253369272238,0.026954177897574125,357.0,0.0,357,357,1113.0,0.0,1113,1113,0.15493957914710046,0.03026449035643532,0.12323731255531312,0.25801445269584655,274f49f21a03df6f7da7f330fed2fe31ff1b6bdd1be8fc9ce8088bf297fdd4e6
E1,jpeg_compression,3,partial_channel,0.2,1.0,,0,20,3.9225000000000017,0.6570418155402454,3.0000000000000027,5.500000000000005,2000.0,0.0,2000,2000,0.26330532212885155,0.032527040176689115,0.21008403361344538,0.33613445378151263,0.02726864330637916,0.004355751371484076,0.0215633423180593,0.03593890386343217,357.0,0.0,357,357,1113.0,0.0,1113,1113,0.29797355706095696,0.035275044920771666,0.2591197875738144,0.3875548946857452,274f49f21a03df6f7da7f330fed2fe31ff1b6bdd1be8fc9ce8088bf297fdd4e6
E1,jpeg_compression,3,partial_channel,0.01,1.0,,1,20,0.047500000000001985,0.18529847898941165,-0.20000000000000018,0.5000000000000004,2000.0,0.0,2000,2000,0.017226890756302522,0.01128801970268279,0.0056022408963585435,0.058823529411764705,0.006424079065588499,0.002167242000713406,0.0026954177897574125,0.011680143755615454,357.0,0.0,357,357,1113.0,0.0,1113,1113,0.01050103726387024,0.005710183875476425,0.0035224616527557372,0.027677306056022644,274f49f21a03df6f7da7f330fed2fe31ff1b6bdd1be8fc9ce8088bf297fdd4e6
E1,jpeg_compression,3,partial_channel,0.05,1.0,,1,20,0.8724999999999989,0.28306359709436124,0.5000000000000004,1.4499999999999957,2000.0,0.0,2000,2000,0.07773109243697478,0.010155650157633821,0.058823529411764705,0.09803921568627451,0.014465408805031447,0.0035089503706887053,0.008984725965858042,0.022461814914645103,357.0,0.0,357,357,1113.0,0.0,1113,1113,0.062015179991722104,0.010343755610985567,0.035758823990821836,0.08087232685089112,274f49f21a03df6f7da7f330fed2fe31ff1b6bdd1be8fc9ce8088bf297fdd4e6
E1,jpeg_compression,3,partial_channel,0.1,1.0,,1,20,2.0049999999999986,0.5409299983897147,0.9499999999999953,3.200000000000003,2000.0,0.0,2000,2000,0.146078431372549,0.027524520364923245,0.09523809523809523,0.22128851540616246,0.018823000898472598,0.003948493989058547,0.012578616352201259,0.026954177897574125,357.0,0.0,357,357,1113.0,0.0,1113,1113,0.1339825533628464,0.035540222816365034,0.09239940524101257,0.24205556333065034,274f49f21a03df6f7da7f330fed2fe31ff1b6bdd1be8fc9ce8088bf297fdd4e6
E1,jpeg_compression,3,partial_channel,0.2,1.0,,1,20,3.56,0.614217516759932,2.649999999999997,5.049999999999999,2000.0,0.0,2000,2000,0.23907563025210082,0.027733772805474864,0.19607843137254902,0.3137254901960784,0.025202156334231805,0.0034426368890814376,0.020664869721473494,0.03234501347708895,357.0,0.0,357,357,1113.0,0.0,1113,1113,0.2766734011113643,0.04467067094504473,0.2201630401611328,0.389339421749115,274f49f21a03df6f7da7f330fed2fe31ff1b6bdd1be8fc9ce8088bf297fdd4e6
E1,jpeg_compression,3,partial_channel,0.01,1.0,,2,20,0.017500000000002514,0.20083706409871033,-0.30000000000000027,0.5000000000000004,2000.0,0.0,2000,2000,0.018907563025210083,0.009698044581868124,0.008403361344537815,0.05322128851540616,0.007097933513027853,0.001909289038039548,0.0035938903863432167,0.01078167115902965,357.0,0.0,357,357,1113.0,0.0,1113,1113,0.009963948279619217,0.006022287081388657,0.0007003318071365357,0.02281906497478485,274f49f21a03df6f7da7f330fed2fe31ff1b6bdd1be8fc9ce8088bf297fdd4e6
E1,jpeg_compression,3,partial_channel,0.05,1.0,,2,20,1.0849999999999989,0.31501879643167696,0.6000000000000005,1.5499999999999958,2000.0,0.0,2000,2000,0.0920168067226891,0.014885385382671533,0.07282913165266107,0.12324929971988796,0.015723270440251572,0.0019225943491044707,0.011680143755615454,0.017969451931716084,357.0,0.0,357,357,1113.0,0.0,1113,1113,0.0645733580470085,0.01764714239549142,0.02452097821235657,0.09623729681968689,274f49f21a03df6f7da7f330fed2fe31ff1b6bdd1be8fc9ce8088bf297fdd4e6
E1,jpeg_compression,3,partial_channel,0.1,1.0,,2,20,1.9499999999999986,0.45595475306449695,1.3499999999999956,3.0000000000000027,2000.0,0.0,2000,2000,0.14831932773109244,0.026158310171119584,0.11204481792717087,0.2184873949579832,0.021293800539083557,0.0031000902375805054,0.014375561545372867,0.025157232704402517,357.0,0.0,357,357,1113.0,0.0,1113,1113,0.12993138130307197,0.03525726847344705,0.07118751978874206,0.21519361793994904,274f49f21a03df6f7da7f330fed2fe31ff1b6bdd1be8fc9ce8088bf297fdd4e6
E1,jpeg_compression,3,partial_channel,0.2,1.0,,2,20,3.7700000000000005,0.41434793414027876,2.749999999999997,4.5000000000000036,2000.0,0.0,2000,2000,0.25210084033613445,0.02190574598877721,0.21568627450980393,0.29411764705882354,0.026999101527403414,0.0043283533599021914,0.018867924528301886,0.03324348607367475,357.0,0.0,357,357,1113.0,0.0,1113,1113,0.27328420786261565,0.033509612048707935,0.21777594602108002,0.3420106000900269,274f49f21a03df6f7da7f330fed2fe31ff1b6bdd1be8fc9ce8088bf297fdd4e6
E1,jpeg_compression,3,partial_channel,0.01,1.0,,3,20,0.11750000000000205,0.21415378144049516,-0.30000000000000027,0.40000000000000036,2000.0,0.0,2000,2000,0.021568627450980392,0.008082732817087079,0.008403361344537815,0.0392156862745098,0.007053009883198564,0.0019396452979254881,0.0026954177897574125,0.01078167115902965,357.0,0.0,357,357,1113.0,0.0,1113,1113,0.010060388809442522,0.007354851216848993,-0.006775022029876709,0.023202656984329224,274f49f21a03df6f7da7f330fed2fe31ff1b6bdd1be8fc9ce8088bf297fdd4e6
E1,jpeg_compression,3,partial_channel,0.05,1.0,,3,20,1.0899999999999987,0.3519120703572943,0.30000000000000027,1.7000000000000015,2000.0,0.0,2000,2000,0.09313725490196079,0.015868317736320425,0.058823529411764705,0.12324929971988796,0.01725067385444744,0.0038738105950987204,0.009883198562443846,0.02425876010781671,357.0,0.0,357,357,1113.0,0.0,1113,1113,0.08645247805714606,0.020947343035860645,0.04305704438686371,0.11143912982940674,274f49f21a03df6f7da7f330fed2fe31ff1b6bdd1be8fc9ce8088bf297fdd4e6
E1,jpeg_compression,3,partial_channel,0.1,1.0,,3,20,2.3124999999999996,0.5316001168270448,1.649999999999996,3.600000000000003,2000.0,0.0,2000,2000,0.16736694677871147,0.021096674352474767,0.13725490196078433,0.22128851540616246,0.022686433063791554,0.0028243467062932016,0.018867924528301886,0.026954177897574125,357.0,0.0,357,357,1113.0,0.0,1113,1113,0.17725391218066217,0.029487557737615865,0.13234384059906007,0.23289706349372863,274f49f21a03df6f7da7f330fed2fe31ff1b6bdd1be8fc9ce8088bf297fdd4e6
E1,jpeg_compression,3,partial_channel,0.2,1.0,,3,20,4.397500000000001,0.6900562524743534,3.2499999999999973,5.700000000000005,2000.0,0.0,2000,2000,0.2872549019607843,0.026643213539586767,0.24929971988795518,0.33613445378151263,0.028122192273135664,0.004421822878076631,0.0215633423180593,0.03773584905660377,357.0,0.0,357,357,1113.0,0.0,1113,1113,0.34131617877483367,0.031832842304176094,0.280341487288475,0.3942908666133881,274f49f21a03df6f7da7f330fed2fe31ff1b6bdd1be8fc9ce8088bf297fdd4e6
E1,jpeg_compression,3,partial_channel,0.01,1.0,,4,20,0.13750000000000262,0.23889823863112308,-0.20000000000000018,0.550000000000006,2000.0,0.0,2000,2000,0.023389355742296915,0.006877847310500352,0.008403361344537815,0.036414565826330535,0.007771787960467205,0.0020253690736836577,0.004492362982929021,0.011680143755615454,357.0,0.0,357,357,1113.0,0.0,1113,1113,0.013666459643840789,0.007225255889974159,0.0009535907506942749,0.034338735938072205,274f49f21a03df6f7da7f330fed2fe31ff1b6bdd1be8fc9ce8088bf297fdd4e6
E1,jpeg_compression,3,partial_channel,0.05,1.0,,4,20,1.2824999999999986,0.37250044153983036,0.8000000000000007,2.1499999999999964,2000.0,0.0,2000,2000,0.09663865546218488,0.015301940638660942,0.06722689075630252,0.13165266106442577,0.01563342318059299,0.004228301047814409,0.008086253369272238,0.02336028751123091,357.0,0.0,357,357,1113.0,0.0,1113,1113,0.09789626554846763,0.020978518399898238,0.06341018080711365,0.13711109268665314,274f49f21a03df6f7da7f330fed2fe31ff1b6bdd1be8fc9ce8088bf297fdd4e6
E1,jpeg_compression,3,partial_channel,0.1,1.0,,4,20,2.604999999999999,0.4303914986442739,1.9000000000000017,3.7000000000000033,2000.0,0.0,2000,2000,0.1764705882352941,0.020422818150372016,0.15126050420168066,0.21568627450980393,0.020530098831985626,0.003210174751786418,0.013477088948787063,0.026954177897574125,357.0,0.0,357,357,1113.0,0.0,1113,1113,0.19578193210959435,0.027926722750835888,0.14740258288383484,0.2549391025304794,274f49f21a03df6f7da7f330fed2fe31ff1b6bdd1be8fc9ce8088bf297fdd4e6
E1,jpeg_compression,3,partial_channel,0.2,1.0,,4,20,4.8225000000000025,0.5277746229514819,4.100000000000003,6.100000000000005,2000.0,0.0,2000,2000,0.3012605042016806,0.027885239400554485,0.26330532212885155,0.3557422969187675,0.02488769092542677,0.003835231352107469,0.018867924528301886,0.031446540880503145,357.0,0.0,357,357,1113.0,0.0,1113,1113,0.38144664463996886,0.0329199287616449,0.3320673516988754,0.47724274718761445,274f49f21a03df6f7da7f330fed2fe31ff1b6bdd1be8fc9ce8088bf297fdd4e6
E1,jpeg_compression,3,partial_channel,0.01,1.0,,5,20,0.2150000000000035,0.17098784198083566,-0.24999999999999467,0.550000000000006,2000.0,0.0,2000,2000,0.024369747899159667,0.008383681314373115,0.011204481792717087,0.04481792717086835,0.00633423180592992,0.0021711592962746274,0.0026954177897574125,0.009883198562443846,357.0,0.0,357,357,1113.0,0.0,1113,1113,0.01528715087771416,0.006757834678843968,0.006693112254142761,0.03723722100257874,274f49f21a03df6f7da7f330fed2fe31ff1b6bdd1be8fc9ce8088bf297fdd4e6
E1,jpeg_compression,3,partial_channel,0.05,1.0,,5,20,1.179999999999998,0.398153633399813,0.45000000000000595,1.849999999999996,2000.0,0.0,2000,2000,0.09467787114845938,0.015939076197816135,0.06442577030812324,0.12885154061624648,0.016621743036837375,0.004463899995322321,0.008984725965858042,0.025157232704402517,357.0,0.0,357,357,1113.0,0.0,1113,1113,0.09560872289538384,0.021414727432930006,0.048186013579368595,0.1351399233341217,274f49f21a03df6f7da7f330fed2fe31ff1b6bdd1be8fc9ce8088bf297fdd4e6
E1,jpeg_compression,3,partial_channel,0.1,1.0,,5,20,2.6024999999999987,0.44823484211316034,2.0499999999999963,3.4499999999999975,2000.0,0.0,2000,2000,0.17717086834733892,0.018241272892185405,0.1484593837535014,0.21568627450980393,0.020889487870619946,0.003909564985909392,0.014375561545372867,0.030548068283917342,357.0,0.0,357,357,1113.0,0.0,1113,1113,0.19428221402168275,0.026617364303808,0.15767559909820555,0.2510296519994736,274f49f21a03df6f7da7f330fed2fe31ff1b6bdd1be8fc9ce8088bf297fdd4e6
E1,jpeg_compression,3,partial_channel,0.2,1.0,,5,20,4.857500000000003,0.7284220508815797,3.749999999999998,6.35,2000.0,0.0,2000,2000,0.3056022408963585,0.030911344251736906,0.2549019607843137,0.3697478991596639,0.02592093441150045,0.004145855279085277,0.017969451931716084,0.034141958670260555,357.0,0.0,357,357,1113.0,0.0,1113,1113,0.3896594411611557,0.03286081531475988,0.3474119551181793,0.470822615146637,274f49f21a03df6f7da7f330fed2fe31ff1b6bdd1be8fc9ce8088bf297fdd4e6
E1,jpeg_compression,3,partial_channel,0.01,1.0,,6,20,0.15000000000000346,0.2164303704731794,-0.30000000000000027,0.550000000000006,2000.0,0.0,2000,2000,0.021988795518207285,0.009629672408150118,0.0056022408963585435,0.04481792717086835,0.00633423180592992,0.0020503874476535213,0.0026954177897574125,0.01078167115902965,357.0,0.0,357,357,1113.0,0.0,1113,1113,0.018444600528478624,0.004601224409850735,0.01191232705116272,0.029272207498550414,274f49f21a03df6f7da7f330fed2fe31ff1b6bdd1be8fc9ce8088bf297fdd4e6
E1,jpeg_compression,3,partial_channel,0.05,1.0,,6,20,1.2799999999999985,0.4030802453737055,0.6000000000000005,2.0499999999999963,2000.0,0.0,2000,2000,0.0984593837535014,0.01681347842008899,0.06162464985994398,0.12324929971988796,0.015543575920934407,0.003997950666897932,0.0071877807726864335,0.025157232704402517,357.0,0.0,357,357,1113.0,0.0,1113,1113,0.10382197503447532,0.019418976119758385,0.0551091548204422,0.12919583988189698,274f49f21a03df6f7da7f330fed2fe31ff1b6bdd1be8fc9ce8088bf297fdd4e6
E1,jpeg_compression,3,partial_channel,0.1,1.0,,6,20,2.5600000000000014,0.37682887362833584,1.8000000000000016,3.300000000000003,2000.0,0.0,2000,2000,0.17521008403361343,0.01708635135855798,0.14285714285714285,0.20168067226890757,0.02057502246181491,0.004552489294329259,0.013477088948787063,0.03324348607367475,357.0,0.0,357,357,1113.0,0.0,1113,1113,0.209175829744339,0.019470548841413735,0.16858716225624085,0.24769453287124635,274f49f21a03df6f7da7f330fed2fe31ff1b6bdd1be8fc9ce8088bf297fdd4e6
E1,jpeg_compression,3,partial_channel,0.2,1.0,,6,20,5.102500000000003,0.4977515232998976,4.200000000000004,5.900000000000006,2000.0,0.0,2000,2000,0.3147058823529411,0.023440700343630345,0.2801120448179272,0.36694677871148457,0.024663072776280322,0.0038060403009301954,0.015274034141958671,0.03324348607367475,357.0,0.0,357,357,1113.0,0.0,1113,1113,0.415047361111641,0.03675647355705521,0.3560699779987335,0.473381526350975,274f49f21a03df6f7da7f330fed2fe31ff1b6bdd1be8fc9ce8088bf297fdd4e6
E1,jpeg_compression,3,partial_channel,0.01,1.0,,7,20,0.10500000000000342,0.1571958215595747,-0.30000000000000027,0.30000000000000027,2000.0,0.0,2000,2000,0.019187675070028012,0.008917163812118057,0.008403361344537815,0.04201680672268908,0.006109613656783468,0.0023429298850683373,0.0026954177897574125,0.01078167115902965,357.0,0.0,357,357,1113.0,0.0,1113,1113,0.019101934313774112,0.004533883633088515,0.013109921097755432,0.02812283432483673,274f49f21a03df6f7da7f330fed2fe31ff1b6bdd1be8fc9ce8088bf297fdd4e6
E1,jpeg_compression,3,partial_channel,0.05,1.0,,7,20,1.4224999999999988,0.37713427735740873,0.8000000000000007,2.4499999999999966,2000.0,0.0,2000,2000,0.09733893557422968,0.016877217139421148,0.0784313725490196,0.14285714285714285,0.01266846361185984,0.00432270549051911,0.005390835579514825,0.020664869721473494,357.0,0.0,357,357,1113.0,0.0,1113,1113,0.11054725894331932,0.013186645007398485,0.0752738687992096,0.12525470554828644,274f49f21a03df6f7da7f330fed2fe31ff1b6bdd1be8fc9ce8088bf297fdd4e6
E1,jpeg_compression,3,partial_channel,0.1,1.0,,7,20,2.859999999999999,0.41313945651113604,1.849999999999996,3.400000000000003,2000.0,0.0,2000,2000,0.17913165266106443,0.018457326590513103,0.15126050420168066,0.21008403361344538,0.016037735849056604,0.003288626756156983,0.011680143755615454,0.02605570530098832,357.0,0.0,357,357,1113.0,0.0,1113,1113,0.21841064726114273,0.014868158136800326,0.18275434458255768,0.23947676491737366,274f49f21a03df6f7da7f330fed2fe31ff1b6bdd1be8fc9ce8088bf297fdd4e6
E1,jpeg_compression,3,partial_channel,0.2,1.0,,7,20,5.3000000000000025,0.5355764233637985,4.349999999999998,6.300000000000006,2000.0,0.0,2000,2000,0.31918767507002793,0.028091805017350854,0.28291316526610644,0.37815126050420167,0.020530098831985623,0.0030332424775609892,0.016172506738544475,0.026954177897574125,357.0,0.0,357,357,1113.0,0.0,1113,1113,0.4330108468532563,0.04047108642912505,0.3776711636781693,0.533595378279686,274f49f21a03df6f7da7f330fed2fe31ff1b6bdd1be8fc9ce8088bf297fdd4e6
E1,jpeg_compression,3,partial_channel,0.01,1.0,,8,20,0.10000000000000453,0.18496087779795378,-0.34999999999999476,0.35000000000000586,2000.0,0.0,2000,2000,0.01638655462184874,0.006314385935601993,0.0028011204481792717,0.028011204481792718,0.005166217430368374,0.0024540848194078866,0.0017969451931716084,0.013477088948787063,357.0,0.0,357,357,1113.0,0.0,1113,1113,0.020235686028003692,0.004619088810958065,0.013805150866508483,0.03270191359519958,274f49f21a03df6f7da7f330fed2fe31ff1b6bdd1be8fc9ce8088bf297fdd4e6
E1,jpeg_compression,3,partial_channel,0.05,1.0,,8,20,1.339999999999999,0.2149663376340339,1.0000000000000009,1.8000000000000016,2000.0,0.0,2000,2000,0.08851540616246498,0.014207595437196135,0.06722689075630252,0.12044817927170869,0.010377358490566039,0.0029073680058373927,0.004492362982929021,0.015274034141958671,357.0,0.0,357,357,1113.0,0.0,1113,1113,0.11545428286790849,0.008927189105448497,0.09859697651863099,0.12739238250255586,274f49f21a03df6f7da7f330fed2fe31ff1b6bdd1be8fc9ce8088bf297fdd4e6
E1,jpeg_compression,3,partial_channel,0.1,1.0,,8,20,2.9624999999999995,0.36414102242198243,2.2499999999999964,3.8000000000000034,2000.0,0.0,2000,2000,0.17507002801120447,0.02002463452326581,0.13165266106442577,0.22408963585434175,0.01271338724168913,0.003170220802224142,0.006289308176100629,0.019766397124887692,357.0,0.0,357,357,1113.0,0.0,1113,1113,0.22623162174820904,0.013279969930734357,0.1976696891784668,0.25404785525798795,274f49f21a03df6f7da7f330fed2fe31ff1b6bdd1be8fc9ce8088bf297fdd4e6
E1,jpeg_compression,3,partial_channel,0.2,1.0,,8,20,5.470000000000001,0.49161388357766705,4.800000000000004,6.800000000000006,2000.0,0.0,2000,2000,0.32030812324929964,0.02713162736430211,0.28851540616246496,0.3753501400560224,0.018373764600179695,0.0027107428339922315,0.015274034141958671,0.02605570530098832,357.0,0.0,357,357,1113.0,0.0,1113,1113,0.44973233514428135,0.037801277705149496,0.412500784277916,0.5304432190656662,274f49f21a03df6f7da7f330fed2fe31ff1b6bdd1be8fc9ce8088bf297fdd4e6
E1,jpeg_compression,3,partial_channel,0.01,1.0,,9,20,0.18000000000000294,0.14991225503782793,-0.10000000000000009,0.45000000000000595,2000.0,0.0,2000,2000,0.014425770308123248,0.005908970058747616,0.0056022408963585435,0.025210084033613446,0.003234501347708896,0.001250408578505767,0.0,0.006289308176100629,357.0,0.0,357,357,1113.0,0.0,1113,1113,0.02070632150173187,0.0038191502177540864,0.015554191946983337,0.03096479082107544,274f49f21a03df6f7da7f330fed2fe31ff1b6bdd1be8fc9ce8088bf297fdd4e6
E1,jpeg_compression,3,partial_channel,0.05,1.0,,9,20,1.3974999999999986,0.18811740455028744,1.200000000000001,2.0499999999999963,2000.0,0.0,2000,2000,0.08893557422969187,0.00978283784192599,0.0700280112044818,0.11764705882352941,0.007951482479784366,0.0023370288607788238,0.004492362982929021,0.011680143755615454,357.0,0.0,357,357,1113.0,0.0,1113,1113,0.12157855151295663,0.006750998426680297,0.11098158168792725,0.133122314453125,274f49f21a03df6f7da7f330fed2fe31ff1b6bdd1be8fc9ce8088bf297fdd4e6
E1,jpeg_compression,3,partial_channel,0.1,1.0,,9,20,3.13,0.34996240399580925,2.400000000000002,3.749999999999998,2000.0,0.0,2000,2000,0.17997198879551818,0.018951875822711,0.1484593837535014,0.21288515406162464,0.009613656783468105,0.0020426021235732824,0.006289308176100629,0.013477088948787063,357.0,0.0,357,357,1113.0,0.0,1113,1113,0.23965511301159861,0.009374273587503533,0.22089109349250793,0.26156650376319884,274f49f21a03df6f7da7f330fed2fe31ff1b6bdd1be8fc9ce8088bf297fdd4e6
E1,jpeg_compression,3,partial_channel,0.2,1.0,,9,20,5.807500000000004,0.36174831320306605,5.200000000000005,6.700000000000006,2000.0,0.0,2000,2000,0.3319327731092437,0.022344371009197346,0.3025210084033613,0.39775910364145656,0.014285714285714285,0.002100035865702036,0.01078167115902965,0.017969451931716084,357.0,0.0,357,357,1113.0,0.0,1113,1113,0.46739288241267196,0.023360199014839492,0.44125960040092466,0.5232924023866653,274f49f21a03df6f7da7f330fed2fe31ff1b6bdd1be8fc9ce8088bf297fdd4e6
E1,jpeg_compression,3,partial_channel,0.01,1.0,,10,20,0.2000000000000041,0.12460463791317604,0.0,0.45000000000000595,2000.0,0.0,2000,2000,0.011344537815126048,0.005637146161764176,0.0,0.022408963585434174,0.001976639712488769,0.0013230511761754234,0.0,0.004492362982929021,357.0,0.0,357,357,1113.0,0.0,1113,1113,0.02112320269346237,0.002136575138946854,0.017378514885902405,0.02496210694313049,274f49f21a03df6f7da7f330fed2fe31ff1b6bdd1be8fc9ce8088bf297fdd4e6
E1,jpeg_compression,3,partial_channel,0.05,1.0,,10,20,1.3849999999999993,0.26262841470512327,0.9000000000000008,1.9000000000000017,2000.0,0.0,2000,2000,0.08277310924369748,0.010180018879309758,0.06442577030812324,0.10084033613445378,0.005974842767295598,0.0022061019675189805,0.0017969451931716084,0.008984725965858042,357.0,0.0,357,357,1113.0,0.0,1113,1113,0.12642911713719368,0.008059616991315216,0.1043110899925232,0.13577854192256927,274f49f21a03df6f7da7f330fed2fe31ff1b6bdd1be8fc9ce8088bf297fdd4e6
E1,jpeg_compression,3,partial_channel,0.1,1.0,,10,20,3.0449999999999995,0.3288336645591026,2.6000000000000023,3.5499999999999976,2000.0,0.0,2000,2000,0.1753501400560224,0.015566824743030118,0.1484593837535014,0.20168067226890757,0.008355795148247979,0.0020632977089948797,0.005390835579514825,0.011680143755615454,357.0,0.0,357,357,1113.0,0.0,1113,1113,0.24906245310902592,0.010448237291204473,0.22988550353050233,0.2697267178297043,274f49f21a03df6f7da7f330fed2fe31ff1b6bdd1be8fc9ce8088bf297fdd4e6
E1,jpeg_compression,3,partial_channel,0.2,1.0,,10,20,5.935000000000003,0.32529338984013195,5.400000000000005,6.400000000000006,2000.0,0.0,2000,2000,0.3399159663865546,0.01683802186563365,0.3081232492997199,0.37254901960784315,0.012982929020664872,0.0023040726322800203,0.008086253369272238,0.018867924528301886,357.0,0.0,357,357,1113.0,0.0,1113,1113,0.48119656623601925,0.018946144847083984,0.45040802943706515,0.5203223179578781,274f49f21a03df6f7da7f330fed2fe31ff1b6bdd1be8fc9ce8088bf297fdd4e6
E1,jpeg_compression,3,partial_channel,0.01,1.0,,11,20,0.18250000000000377,0.11387319817743856,0.0,0.35000000000000586,2000.0,0.0,2000,2000,0.011484593837535015,0.005594864670781261,0.0,0.028011204481792718,0.00215633423180593,0.0009842274169005682,0.0008984725965858042,0.0035938903863432167,357.0,0.0,357,357,1113.0,0.0,1113,1113,0.020746038269996638,0.0018677715533839598,0.017447111010551453,0.024082930207252502,274f49f21a03df6f7da7f330fed2fe31ff1b6bdd1be8fc9ce8088bf297fdd4e6
E1,jpeg_compression,3,partial_channel,0.05,1.0,,11,20,1.2449999999999988,0.15886107800611035,1.0000000000000009,1.6000000000000014,2000.0,0.0,2000,2000,0.0749299719887955,0.006288171454232523,0.058823529411764705,0.08403361344537816,0.00628930817610063,0.0016489900008665717,0.0026954177897574125,0.009883198562443846,357.0,0.0,357,357,1113.0,0.0,1113,1113,0.12048453453183175,0.02008854052383156,0.058598163604736325,0.13682723915576936,274f49f21a03df6f7da7f330fed2fe31ff1b6bdd1be8fc9ce8088bf297fdd4e6
E1,jpeg_compression,3,partial_channel,0.1,1.0,,11,20,2.8175000000000003,0.29614852248225243,2.200000000000002,3.300000000000003,2000.0,0.0,2000,2000,0.16428571428571426,0.014801923074262176,0.13725490196078433,0.19047619047619047,0.009389038634321655,0.002376688178472625,0.004492362982929021,0.014375561545372867,357.0,0.0,357,357,1113.0,0.0,1113,1113,0.2381447326779365,0.02527927584221983,0.17660631477832794,0.2601092919111252,274f49f21a03df6f7da7f330fed2fe31ff1b6bdd1be8fc9ce8088bf297fdd4e6
E1,jpeg_compression,3,partial_channel,0.2,1.0,,11,20,5.5625000000000036,0.31029485128961093,5.100000000000005,6.15,2000.0,0.0,2000,2000,0.3207282913165265,0.012344348285672591,0.29411764705882354,0.3389355742296919,0.013701707097933512,0.0024192115036543145,0.009883198562443846,0.018867924528301886,357.0,0.0,357,357,1113.0,0.0,1113,1113,0.4607490199804306,0.03535661055446699,0.38785357773303986,0.491554184794426,274f49f21a03df6f7da7f330fed2fe31ff1b6bdd1be8fc9ce8088bf297fdd4e6
E1,jpeg_compression,3,none,0.01,1.0,,0,1,0.0,,0.0,0.0,2000.0,,2000,2000,0.0,,0.0,0.0,0.0,,0.0,0.0,357.0,,357,357,1113.0,,1113,1113,0.0,,0.0,0.0,274f49f21a03df6f7da7f330fed2fe31ff1b6bdd1be8fc9ce8088bf297fdd4e6
E1,jpeg_compression,3,none,0.01,1.0,,1,1,0.0,,0.0,0.0,2000.0,,2000,2000,0.0,,0.0,0.0,0.0,,0.0,0.0,357.0,,357,357,1113.0,,1113,1113,0.0,,0.0,0.0,274f49f21a03df6f7da7f330fed2fe31ff1b6bdd1be8fc9ce8088bf297fdd4e6
E1,jpeg_compression,3,none,0.01,1.0,,2,1,0.0,,0.0,0.0,2000.0,,2000,2000,0.0,,0.0,0.0,0.0,,0.0,0.0,357.0,,357,357,1113.0,,1113,1113,0.0,,0.0,0.0,274f49f21a03df6f7da7f330fed2fe31ff1b6bdd1be8fc9ce8088bf297fdd4e6
E1,jpeg_compression,3,none,0.01,1.0,,3,1,0.0,,0.0,0.0,2000.0,,2000,2000,0.0,,0.0,0.0,0.0,,0.0,0.0,357.0,,357,357,1113.0,,1113,1113,0.0,,0.0,0.0,274f49f21a03df6f7da7f330fed2fe31ff1b6bdd1be8fc9ce8088bf297fdd4e6
E1,jpeg_compression,3,none,0.01,1.0,,4,1,0.0,,0.0,0.0,2000.0,,2000,2000,0.0,,0.0,0.0,0.0,,0.0,0.0,357.0,,357,357,1113.0,,1113,1113,0.0,,0.0,0.0,274f49f21a03df6f7da7f330fed2fe31ff1b6bdd1be8fc9ce8088bf297fdd4e6
E1,jpeg_compression,3,none,0.01,1.0,,5,1,0.0,,0.0,0.0,2000.0,,2000,2000,0.0,,0.0,0.0,0.0,,0.0,0.0,357.0,,357,357,1113.0,,1113,1113,0.0,,0.0,0.0,274f49f21a03df6f7da7f330fed2fe31ff1b6bdd1be8fc9ce8088bf297fdd4e6
E1,jpeg_compression,3,none,0.01,1.0,,6,1,0.0,,0.0,0.0,2000.0,,2000,2000,0.0,,0.0,0.0,0.0,,0.0,0.0,357.0,,357,357,1113.0,,1113,1113,0.0,,0.0,0.0,274f49f21a03df6f7da7f330fed2fe31ff1b6bdd1be8fc9ce8088bf297fdd4e6
E1,jpeg_compression,3,none,0.01,1.0,,7,1,0.0,,0.0,0.0,2000.0,,2000,2000,0.0,,0.0,0.0,0.0,,0.0,0.0,357.0,,357,357,1113.0,,1113,1113,0.0,,0.0,0.0,274f49f21a03df6f7da7f330fed2fe31ff1b6bdd1be8fc9ce8088bf297fdd4e6
E1,jpeg_compression,3,none,0.01,1.0,,8,1,0.0,,0.0,0.0,2000.0,,2000,2000,0.0,,0.0,0.0,0.0,,0.0,0.0,357.0,,357,357,1113.0,,1113,1113,0.0,,0.0,0.0,274f49f21a03df6f7da7f330fed2fe31ff1b6bdd1be8fc9ce8088bf297fdd4e6
E1,jpeg_compression,3,none,0.01,1.0,,9,1,0.0,,0.0,0.0,2000.0,,2000,2000,0.0,,0.0,0.0,0.0,,0.0,0.0,357.0,,357,357,1113.0,,1113,1113,0.0,,0.0,0.0,274f49f21a03df6f7da7f330fed2fe31ff1b6bdd1be8fc9ce8088bf297fdd4e6
E1,jpeg_compression,3,none,0.01,1.0,,10,1,0.0,,0.0,0.0,2000.0,,2000,2000,0.0,,0.0,0.0,0.0,,0.0,0.0,357.0,,357,357,1113.0,,1113,1113,0.0,,0.0,0.0,274f49f21a03df6f7da7f330fed2fe31ff1b6bdd1be8fc9ce8088bf297fdd4e6
E1,jpeg_compression,3,none,0.01,1.0,,11,1,0.0,,0.0,0.0,2000.0,,2000,2000,0.0,,0.0,0.0,0.0,,0.0,0.0,357.0,,357,357,1113.0,,1113,1113,0.0,,0.0,0.0,274f49f21a03df6f7da7f330fed2fe31ff1b6bdd1be8fc9ce8088bf297fdd4e6
E1,jpeg_compression,3,clean_to_clean,0.01,1.0,,0,1,13.900000000000002,,13.900000000000002,13.900000000000002,2000.0,,2000,2000,1.0,,1.0,1.0,0.07097933513027853,,0.07097933513027853,0.07097933513027853,357.0,,357,357,1113.0,,1113,1113,1.2957889250516892,,1.2957889250516892,1.2957889250516892,274f49f21a03df6f7da7f330fed2fe31ff1b6bdd1be8fc9ce8088bf297fdd4e6
E1,jpeg_compression,3,clean_to_clean,0.01,1.0,,1,1,13.900000000000002,,13.900000000000002,13.900000000000002,2000.0,,2000,2000,1.0,,1.0,1.0,0.07097933513027853,,0.07097933513027853,0.07097933513027853,357.0,,357,357,1113.0,,1113,1113,1.2957889250516892,,1.2957889250516892,1.2957889250516892,274f49f21a03df6f7da7f330fed2fe31ff1b6bdd1be8fc9ce8088bf297fdd4e6
E1,jpeg_compression,3,clean_to_clean,0.01,1.0,,2,1,13.900000000000002,,13.900000000000002,13.900000000000002,2000.0,,2000,2000,1.0,,1.0,1.0,0.07097933513027853,,0.07097933513027853,0.07097933513027853,357.0,,357,357,1113.0,,1113,1113,1.2957889250516892,,1.2957889250516892,1.2957889250516892,274f49f21a03df6f7da7f330fed2fe31ff1b6bdd1be8fc9ce8088bf297fdd4e6
E1,jpeg_compression,3,clean_to_clean,0.01,1.0,,3,1,13.900000000000002,,13.900000000000002,13.900000000000002,2000.0,,2000,2000,1.0,,1.0,1.0,0.07097933513027853,,0.07097933513027853,0.07097933513027853,357.0,,357,357,1113.0,,1113,1113,1.2957889250516892,,1.2957889250516892,1.2957889250516892,274f49f21a03df6f7da7f330fed2fe31ff1b6bdd1be8fc9ce8088bf297fdd4e6
E1,jpeg_compression,3,clean_to_clean,0.01,1.0,,4,1,13.900000000000002,,13.900000000000002,13.900000000000002,2000.0,,2000,2000,1.0,,1.0,1.0,0.07097933513027853,,0.07097933513027853,0.07097933513027853,357.0,,357,357,1113.0,,1113,1113,1.2957889250516892,,1.2957889250516892,1.2957889250516892,274f49f21a03df6f7da7f330fed2fe31ff1b6bdd1be8fc9ce8088bf297fdd4e6
E1,jpeg_compression,3,clean_to_clean,0.01,1.0,,5,1,13.900000000000002,,13.900000000000002,13.900000000000002,2000.0,,2000,2000,1.0,,1.0,1.0,0.07097933513027853,,0.07097933513027853,0.07097933513027853,357.0,,357,357,1113.0,,1113,1113,1.2957889250516892,,1.2957889250516892,1.2957889250516892,274f49f21a03df6f7da7f330fed2fe31ff1b6bdd1be8fc9ce8088bf297fdd4e6
E1,jpeg_compression,3,clean_to_clean,0.01,1.0,,6,1,13.900000000000002,,13.900000000000002,13.900000000000002,2000.0,,2000,2000,1.0,,1.0,1.0,0.07097933513027853,,0.07097933513027853,0.07097933513027853,357.0,,357,357,1113.0,,1113,1113,1.2957889250516892,,1.2957889250516892,1.2957889250516892,274f49f21a03df6f7da7f330fed2fe31ff1b6bdd1be8fc9ce8088bf297fdd4e6
E1,jpeg_compression,3,clean_to_clean,0.01,1.0,,7,1,13.900000000000002,,13.900000000000002,13.900000000000002,2000.0,,2000,2000,1.0,,1.0,1.0,0.07097933513027853,,0.07097933513027853,0.07097933513027853,357.0,,357,357,1113.0,,1113,1113,1.2957889250516892,,1.2957889250516892,1.2957889250516892,274f49f21a03df6f7da7f330fed2fe31ff1b6bdd1be8fc9ce8088bf297fdd4e6
E1,jpeg_compression,3,clean_to_clean,0.01,1.0,,8,1,13.900000000000002,,13.900000000000002,13.900000000000002,2000.0,,2000,2000,1.0,,1.0,1.0,0.07097933513027853,,0.07097933513027853,0.07097933513027853,357.0,,357,357,1113.0,,1113,1113,1.2957889250516892,,1.2957889250516892,1.2957889250516892,274f49f21a03df6f7da7f330fed2fe31ff1b6bdd1be8fc9ce8088bf297fdd4e6
E1,jpeg_compression,3,clean_to_clean,0.01,1.0,,9,1,13.900000000000002,,13.900000000000002,13.900000000000002,2000.0,,2000,2000,1.0,,1.0,1.0,0.07097933513027853,,0.07097933513027853,0.07097933513027853,357.0,,357,357,1113.0,,1113,1113,1.2957889250516892,,1.2957889250516892,1.2957889250516892,274f49f21a03df6f7da7f330fed2fe31ff1b6bdd1be8fc9ce8088bf297fdd4e6
E1,jpeg_compression,3,clean_to_clean,0.01,1.0,,10,1,13.900000000000002,,13.900000000000002,13.900000000000002,2000.0,,2000,2000,1.0,,1.0,1.0,0.07097933513027853,,0.07097933513027853,0.07097933513027853,357.0,,357,357,1113.0,,1113,1113,1.2957889250516892,,1.2957889250516892,1.2957889250516892,274f49f21a03df6f7da7f330fed2fe31ff1b6bdd1be8fc9ce8088bf297fdd4e6
E1,jpeg_compression,3,clean_to_clean,0.01,1.0,,11,1,13.900000000000002,,13.900000000000002,13.900000000000002,2000.0,,2000,2000,1.0,,1.0,1.0,0.07097933513027853,,0.07097933513027853,0.07097933513027853,357.0,,357,357,1113.0,,1113,1113,1.2957889250516892,,1.2957889250516892,1.2957889250516892,274f49f21a03df6f7da7f330fed2fe31ff1b6bdd1be8fc9ce8088bf297fdd4e6
E1,jpeg_compression,3,full_state,0.01,1.0,,0,1,13.900000000000002,,13.900000000000002,13.900000000000002,2000.0,,2000,2000,1.0,,1.0,1.0,0.07097933513027853,,0.07097933513027853,0.07097933513027853,357.0,,357,357,1113.0,,1113,1113,1.2957889250516892,,1.2957889250516892,1.2957889250516892,274f49f21a03df6f7da7f330fed2fe31ff1b6bdd1be8fc9ce8088bf297fdd4e6
E1,jpeg_compression,3,full_state,0.01,1.0,,1,1,13.900000000000002,,13.900000000000002,13.900000000000002,2000.0,,2000,2000,1.0,,1.0,1.0,0.07097933513027853,,0.07097933513027853,0.07097933513027853,357.0,,357,357,1113.0,,1113,1113,1.2957889250516892,,1.2957889250516892,1.2957889250516892,274f49f21a03df6f7da7f330fed2fe31ff1b6bdd1be8fc9ce8088bf297fdd4e6
E1,jpeg_compression,3,full_state,0.01,1.0,,2,1,13.900000000000002,,13.900000000000002,13.900000000000002,2000.0,,2000,2000,1.0,,1.0,1.0,0.07097933513027853,,0.07097933513027853,0.07097933513027853,357.0,,357,357,1113.0,,1113,1113,1.2957889250516892,,1.2957889250516892,1.2957889250516892,274f49f21a03df6f7da7f330fed2fe31ff1b6bdd1be8fc9ce8088bf297fdd4e6
E1,jpeg_compression,3,full_state,0.01,1.0,,3,1,13.900000000000002,,13.900000000000002,13.900000000000002,2000.0,,2000,2000,1.0,,1.0,1.0,0.07097933513027853,,0.07097933513027853,0.07097933513027853,357.0,,357,357,1113.0,,1113,1113,1.2957889250516892,,1.2957889250516892,1.2957889250516892,274f49f21a03df6f7da7f330fed2fe31ff1b6bdd1be8fc9ce8088bf297fdd4e6
E1,jpeg_compression,3,full_state,0.01,1.0,,4,1,13.900000000000002,,13.900000000000002,13.900000000000002,2000.0,,2000,2000,1.0,,1.0,1.0,0.07097933513027853,,0.07097933513027853,0.07097933513027853,357.0,,357,357,1113.0,,1113,1113,1.2957889250516892,,1.2957889250516892,1.2957889250516892,274f49f21a03df6f7da7f330fed2fe31ff1b6bdd1be8fc9ce8088bf297fdd4e6
E1,jpeg_compression,3,full_state,0.01,1.0,,5,1,13.900000000000002,,13.900000000000002,13.900000000000002,2000.0,,2000,2000,1.0,,1.0,1.0,0.07097933513027853,,0.07097933513027853,0.07097933513027853,357.0,,357,357,1113.0,,1113,1113,1.2957889250516892,,1.2957889250516892,1.2957889250516892,274f49f21a03df6f7da7f330fed2fe31ff1b6bdd1be8fc9ce8088bf297fdd4e6
E1,jpeg_compression,3,full_state,0.01,1.0,,6,1,13.900000000000002,,13.900000000000002,13.900000000000002,2000.0,,2000,2000,1.0,,1.0,1.0,0.07097933513027853,,0.07097933513027853,0.07097933513027853,357.0,,357,357,1113.0,,1113,1113,1.2957889250516892,,1.2957889250516892,1.2957889250516892,274f49f21a03df6f7da7f330fed2fe31ff1b6bdd1be8fc9ce8088bf297fdd4e6
E1,jpeg_compression,3,full_state,0.01,1.0,,7,1,13.900000000000002,,13.900000000000002,13.900000000000002,2000.0,,2000,2000,1.0,,1.0,1.0,0.07097933513027853,,0.07097933513027853,0.07097933513027853,357.0,,357,357,1113.0,,1113,1113,1.2957889250516892,,1.2957889250516892,1.2957889250516892,274f49f21a03df6f7da7f330fed2fe31ff1b6bdd1be8fc9ce8088bf297fdd4e6
E1,jpeg_compression,3,full_state,0.01,1.0,,8,1,13.900000000000002,,13.900000000000002,13.900000000000002,2000.0,,2000,2000,1.0,,1.0,1.0,0.07097933513027853,,0.07097933513027853,0.07097933513027853,357.0,,357,357,1113.0,,1113,1113,1.2957889250516892,,1.2957889250516892,1.2957889250516892,274f49f21a03df6f7da7f330fed2fe31ff1b6bdd1be8fc9ce8088bf297fdd4e6
E1,jpeg_compression,3,full_state,0.01,1.0,,9,1,13.900000000000002,,13.900000000000002,13.900000000000002,2000.0,,2000,2000,1.0,,1.0,1.0,0.07097933513027853,,0.07097933513027853,0.07097933513027853,357.0,,357,357,1113.0,,1113,1113,1.2957889250516892,,1.2957889250516892,1.2957889250516892,274f49f21a03df6f7da7f330fed2fe31ff1b6bdd1be8fc9ce8088bf297fdd4e6
E1,jpeg_compression,3,full_state,0.01,1.0,,10,1,13.900000000000002,,13.900000000000002,13.900000000000002,2000.0,,2000,2000,1.0,,1.0,1.0,0.07097933513027853,,0.07097933513027853,0.07097933513027853,357.0,,357,357,1113.0,,1113,1113,1.2957889250516892,,1.2957889250516892,1.2957889250516892,274f49f21a03df6f7da7f330fed2fe31ff1b6bdd1be8fc9ce8088bf297fdd4e6
E1,jpeg_compression,3,full_state,0.01,1.0,,11,1,13.900000000000002,,13.900000000000002,13.900000000000002,2000.0,,2000,2000,1.0,,1.0,1.0,0.07097933513027853,,0.07097933513027853,0.07097933513027853,357.0,,357,357,1113.0,,1113,1113,1.2957889250516892,,1.2957889250516892,1.2957889250516892,274f49f21a03df6f7da7f330fed2fe31ff1b6bdd1be8fc9ce8088bf297fdd4e6
E1,jpeg_compression,3,random_direction,0.01,1.0,,0,1,-0.20000000000000018,,-0.20000000000000018,-0.20000000000000018,2000.0,,2000,2000,0.008403361344537815,,0.008403361344537815,0.008403361344537815,0.008086253369272238,,0.008086253369272238,0.008086253369272238,357.0,,357,357,1113.0,,1113,1113,-0.0012064321041107178,,-0.0012064321041107178,-0.0012064321041107178,274f49f21a03df6f7da7f330fed2fe31ff1b6bdd1be8fc9ce8088bf297fdd4e6
E1,jpeg_compression,3,random_direction,0.01,1.0,,1,1,-0.44999999999999485,,-0.44999999999999485,-0.44999999999999485,2000.0,,2000,2000,0.0,,0.0,0.0,0.008984725965858042,,0.008984725965858042,0.008984725965858042,357.0,,357,357,1113.0,,1113,1113,-0.0032662620544433594,,-0.0032662620544433594,-0.0032662620544433594,274f49f21a03df6f7da7f330fed2fe31ff1b6bdd1be8fc9ce8088bf297fdd4e6
E1,jpeg_compression,3,random_direction,0.01,1.0,,2,1,-0.20000000000000018,,-0.20000000000000018,-0.20000000000000018,2000.0,,2000,2000,0.0,,0.0,0.0,0.004492362982929021,,0.004492362982929021,0.004492362982929021,357.0,,357,357,1113.0,,1113,1113,-0.0032752773761749268,,-0.0032752773761749268,-0.0032752773761749268,274f49f21a03df6f7da7f330fed2fe31ff1b6bdd1be8fc9ce8088bf297fdd4e6
E1,jpeg_compression,3,random_direction,0.01,1.0,,3,1,-0.5000000000000004,,-0.5000000000000004,-0.5000000000000004,2000.0,,2000,2000,0.0,,0.0,0.0,0.009883198562443846,,0.009883198562443846,0.009883198562443846,357.0,,357,357,1113.0,,1113,1113,-0.0021388866901397704,,-0.0021388866901397704,-0.0021388866901397704,274f49f21a03df6f7da7f330fed2fe31ff1b6bdd1be8fc9ce8088bf297fdd4e6
E1,jpeg_compression,3,random_direction,0.01,1.0,,4,1,-0.34999999999999476,,-0.34999999999999476,-0.34999999999999476,2000.0,,2000,2000,0.008403361344537815,,0.008403361344537815,0.008403361344537815,0.009883198562443846,,0.009883198562443846,0.009883198562443846,357.0,,357,357,1113.0,,1113,1113,-0.0034714505672454833,,-0.0034714505672454833,-0.0034714505672454833,274f49f21a03df6f7da7f330fed2fe31ff1b6bdd1be8fc9ce8088bf297fdd4e6
E1,jpeg_compression,3,random_direction,0.01,1.0,,5,1,-0.5000000000000004,,-0.5000000000000004,-0.5000000000000004,2000.0,,2000,2000,0.011204481792717087,,0.011204481792717087,0.011204481792717087,0.014375561545372867,,0.014375561545372867,0.014375561545372867,357.0,,357,357,1113.0,,1113,1113,-0.0048692189455032345,,-0.0048692189455032345,-0.0048692189455032345,274f49f21a03df6f7da7f330fed2fe31ff1b6bdd1be8fc9ce8088bf297fdd4e6
E1,jpeg_compression,3,random_direction,0.01,1.0,,6,1,-0.649999999999995,,-0.649999999999995,-0.649999999999995,2000.0,,2000,2000,0.01680672268907563,,0.01680672268907563,0.01680672268907563,0.017070979335130278,,0.017070979335130278,0.017070979335130278,357.0,,357,357,1113.0,,1113,1113,-0.009383814811706543,,-0.009383814811706543,-0.009383814811706543,274f49f21a03df6f7da7f330fed2fe31ff1b6bdd1be8fc9ce8088bf297fdd4e6
E1,jpeg_compression,3,random_direction,0.01,1.0,,7,1,-0.40000000000000036,,-0.40000000000000036,-0.40000000000000036,2000.0,,2000,2000,0.01680672268907563,,0.01680672268907563,0.01680672268907563,0.012578616352201259,,0.012578616352201259,0.012578616352201259,357.0,,357,357,1113.0,,1113,1113,-0.007867352604866028,,-0.007867352604866028,-0.007867352604866028,274f49f21a03df6f7da7f330fed2fe31ff1b6bdd1be8fc9ce8088bf297fdd4e6
E1,jpeg_compression,3,random_direction,0.01,1.0,,8,1,-0.20000000000000018,,-0.20000000000000018,-0.20000000000000018,2000.0,,2000,2000,0.028011204481792718,,0.028011204481792718,0.028011204481792718,0.014375561545372867,,0.014375561545372867,0.014375561545372867,357.0,,357,357,1113.0,,1113,1113,-0.005843483567237854,,-0.005843483567237854,-0.005843483567237854,274f49f21a03df6f7da7f330fed2fe31ff1b6bdd1be8fc9ce8088bf297fdd4e6
E1,jpeg_compression,3,random_direction,0.01,1.0,,9,1,-0.34999999999999476,,-0.34999999999999476,-0.34999999999999476,2000.0,,2000,2000,0.014005602240896359,,0.014005602240896359,0.014005602240896359,0.012578616352201259,,0.012578616352201259,0.012578616352201259,357.0,,357,357,1113.0,,1113,1113,-0.002385415077209473,,-0.002385415077209473,-0.002385415077209473,274f49f21a03df6f7da7f330fed2fe31ff1b6bdd1be8fc9ce8088bf297fdd4e6
E1,jpeg_compression,3,random_direction,0.01,1.0,,10,1,-0.10000000000000009,,-0.10000000000000009,-0.10000000000000009,2000.0,,2000,2000,0.011204481792717087,,0.011204481792717087,0.011204481792717087,0.008984725965858042,,0.008984725965858042,0.008984725965858042,357.0,,357,357,1113.0,,1113,1113,-0.00016124606132507326,,-0.00016124606132507326,-0.00016124606132507326,274f49f21a03df6f7da7f330fed2fe31ff1b6bdd1be8fc9ce8088bf297fdd4e6
E1,jpeg_compression,3,random_direction,0.01,1.0,,11,1,-0.24999999999999467,,-0.24999999999999467,-0.24999999999999467,2000.0,,2000,2000,0.01680672268907563,,0.01680672268907563,0.01680672268907563,0.012578616352201259,,0.012578616352201259,0.012578616352201259,357.0,,357,357,1113.0,,1113,1113,-0.0043108038902282715,,-0.0043108038902282715,-0.0043108038902282715,274f49f21a03df6f7da7f330fed2fe31ff1b6bdd1be8fc9ce8088bf297fdd4e6
E1,jpeg_compression,3,shuffled_donor,0.01,1.0,,0,1,-0.30000000000000027,,-0.30000000000000027,-0.30000000000000027,2000.0,,2000,2000,0.0392156862745098,,0.0392156862745098,0.0392156862745098,0.02336028751123091,,0.02336028751123091,0.02336028751123091,357.0,,357,357,1113.0,,1113,1113,-0.019069583535194397,,-0.019069583535194397,-0.019069583535194397,274f49f21a03df6f7da7f330fed2fe31ff1b6bdd1be8fc9ce8088bf297fdd4e6
E1,jpeg_compression,3,shuffled_donor,0.01,1.0,,1,1,-0.14999999999999458,,-0.14999999999999458,-0.14999999999999458,2000.0,,2000,2000,0.0392156862745098,,0.0392156862745098,0.0392156862745098,0.019766397124887692,,0.019766397124887692,0.019766397124887692,357.0,,357,357,1113.0,,1113,1113,-0.0028359222412109373,,-0.0028359222412109373,-0.0028359222412109373,274f49f21a03df6f7da7f330fed2fe31ff1b6bdd1be8fc9ce8088bf297fdd4e6
E1,jpeg_compression,3,shuffled_donor,0.01,1.0,,2,1,-0.24999999999999467,,-0.24999999999999467,-0.24999999999999467,2000.0,,2000,2000,0.03361344537815126,,0.03361344537815126,0.03361344537815126,0.017070979335130278,,0.017070979335130278,0.017070979335130278,357.0,,357,357,1113.0,,1113,1113,-0.010177485823631286,,-0.010177485823631286,-0.010177485823631286,274f49f21a03df6f7da7f330fed2fe31ff1b6bdd1be8fc9ce8088bf297fdd4e6
E1,jpeg_compression,3,shuffled_donor,0.01,1.0,,3,1,-0.14999999999999458,,-0.14999999999999458,-0.14999999999999458,2000.0,,2000,2000,0.03361344537815126,,0.03361344537815126,0.03361344537815126,0.015274034141958671,,0.015274034141958671,0.015274034141958671,357.0,,357,357,1113.0,,1113,1113,-0.004369678616523743,,-0.004369678616523743,-0.004369678616523743,274f49f21a03df6f7da7f330fed2fe31ff1b6bdd1be8fc9ce8088bf297fdd4e6
E1,jpeg_compression,3,shuffled_donor,0.01,1.0,,4,1,-0.7000000000000006,,-0.7000000000000006,-0.7000000000000006,2000.0,,2000,2000,0.0196078431372549,,0.0196078431372549,0.0196078431372549,0.0215633423180593,,0.0215633423180593,0.0215633423180593,357.0,,357,357,1113.0,,1113,1113,-0.005741786479949951,,-0.005741786479949951,-0.005741786479949951,274f49f21a03df6f7da7f330fed2fe31ff1b6bdd1be8fc9ce8088bf297fdd4e6
E1,jpeg_compression,3,shuffled_donor,0.01,1.0,,5,1,-0.24999999999999467,,-0.24999999999999467,-0.24999999999999467,2000.0,,2000,2000,0.03361344537815126,,0.03361344537815126,0.03361344537815126,0.017070979335130278,,0.017070979335130278,0.017070979335130278,357.0,,357,357,1113.0,,1113,1113,-0.004282109141349792,,-0.004282109141349792,-0.004282109141349792,274f49f21a03df6f7da7f330fed2fe31ff1b6bdd1be8fc9ce8088bf297fdd4e6
E1,jpeg_compression,3,shuffled_donor,0.01,1.0,,6,1,-0.04999999999999449,,-0.04999999999999449,-0.04999999999999449,2000.0,,2000,2000,0.03081232492997199,,0.03081232492997199,0.03081232492997199,0.014375561545372867,,0.014375561545372867,0.014375561545372867,357.0,,357,357,1113.0,,1113,1113,-0.009368650436401367,,-0.009368650436401367,-0.009368650436401367,274f49f21a03df6f7da7f330fed2fe31ff1b6bdd1be8fc9ce8088bf297fdd4e6
E1,jpeg_compression,3,shuffled_donor,0.01,1.0,,7,1,-0.24999999999999467,,-0.24999999999999467,-0.24999999999999467,2000.0,,2000,2000,0.022408963585434174,,0.022408963585434174,0.022408963585434174,0.016172506738544475,,0.016172506738544475,0.016172506738544475,357.0,,357,357,1113.0,,1113,1113,-0.010587317943572998,,-0.010587317943572998,-0.010587317943572998,274f49f21a03df6f7da7f330fed2fe31ff1b6bdd1be8fc9ce8088bf297fdd4e6
E1,jpeg_compression,3,shuffled_donor,0.01,1.0,,8,1,0.15000000000000568,,0.15000000000000568,0.15000000000000568,2000.0,,2000,2000,0.03361344537815126,,0.03361344537815126,0.03361344537815126,0.012578616352201259,,0.012578616352201259,0.012578616352201259,357.0,,357,357,1113.0,,1113,1113,-0.006125463962554932,,-0.006125463962554932,-0.006125463962554932,274f49f21a03df6f7da7f330fed2fe31ff1b6bdd1be8fc9ce8088bf297fdd4e6
E1,jpeg_compression,3,shuffled_donor,0.01,1.0,,9,1,-0.20000000000000018,,-0.20000000000000018,-0.20000000000000018,2000.0,,2000,2000,0.01680672268907563,,0.01680672268907563,0.01680672268907563,0.011680143755615454,,0.011680143755615454,0.011680143755615454,357.0,,357,357,1113.0,,1113,1113,-0.0005612609386444092,,-0.0005612609386444092,-0.0005612609386444092,274f49f21a03df6f7da7f330fed2fe31ff1b6bdd1be8fc9ce8088bf297fdd4e6
E1,jpeg_compression,3,shuffled_donor,0.01,1.0,,10,1,-0.34999999999999476,,-0.34999999999999476,-0.34999999999999476,2000.0,,2000,2000,0.008403361344537815,,0.008403361344537815,0.008403361344537815,0.011680143755615454,,0.011680143755615454,0.011680143755615454,357.0,,357,357,1113.0,,1113,1113,0.001564375400543213,,0.001564375400543213,0.001564375400543213,274f49f21a03df6f7da7f330fed2fe31ff1b6bdd1be8fc9ce8088bf297fdd4e6
E1,jpeg_compression,3,shuffled_donor,0.01,1.0,,11,1,-0.34999999999999476,,-0.34999999999999476,-0.34999999999999476,2000.0,,2000,2000,0.0056022408963585435,,0.0056022408963585435,0.0056022408963585435,0.011680143755615454,,0.011680143755615454,0.011680143755615454,357.0,,357,357,1113.0,,1113,1113,-0.007239368915557862,,-0.007239368915557862,-0.007239368915557862,274f49f21a03df6f7da7f330fed2fe31ff1b6bdd1be8fc9ce8088bf297fdd4e6
E1,jpeg_compression,5,partial_channel,0.01,1.0,,0,20,0.40750000000000036,0.29212245089309663,0.0,1.250000000000001,2000.0,0.0,2000,2000,0.022393162393162396,0.010462761491374227,0.010256410256410256,0.05128205128205128,0.010220673635307782,0.004051482458872851,0.004645760743321719,0.019744483159117306,585.0,0.0,585,585,861.0,0.0,861,861,0.03270547943711281,0.01639039787796583,0.012203522205352783,0.07799550366401672,274f49f21a03df6f7da7f330fed2fe31ff1b6bdd1be8fc9ce8088bf297fdd4e6
E1,jpeg_compression,5,partial_channel,0.05,1.0,,0,20,2.515000000000003,0.44072309005231786,2.0000000000000018,3.5500000000000034,2000.0,0.0,2000,2000,0.0982051282051282,0.014414081431996514,0.07863247863247863,0.1282051282051282,0.021312427409988385,0.004366491573865095,0.011614401858304297,0.027874564459930314,585.0,0.0,585,585,861.0,0.0,861,861,0.18100263535380368,0.026194425990694888,0.14462310123443603,0.23062491488456727,274f49f21a03df6f7da7f330fed2fe31ff1b6bdd1be8fc9ce8088bf297fdd4e6
E1,jpeg_compression,5,partial_channel,0.1,1.0,,0,20,4.729999999999999,0.8519945638571325,3.600000000000003,6.950000000000001,2000.0,0.0,2000,2000,0.1765811965811966,0.027159137624603324,0.147008547008547,0.2512820512820513,0.03153310104529617,0.00640900332697858,0.020905923344947737,0.0429732868757259,585.0,0.0,585,585,861.0,0.0,861,861,0.36867933395504954,0.0623962819695955,0.28135007762908937,0.5583970541954041,274f49f21a03df6f7da7f330fed2fe31ff1b6bdd1be8fc9ce8088bf297fdd4e6
E1,jpeg_compression,5,partial_channel,0.2,1.0,,0,20,8.562499999999998,1.0601483262658162,7.050000000000001,10.7,2000.0,0.0,2000,2000,0.3099145299145299,0.03250040702954616,0.26153846153846155,0.36923076923076925,0.04547038327526133,0.0073771785030394875,0.03484320557491289,0.06736353077816493,585.0,0.0,585,585,861.0,0.0,861,861,0.6815979142487049,0.09189013163299745,0.5651168365478516,0.9123432067632675,274f49f21a03df6f7da7f330fed2fe31ff1b6bdd1be8fc9ce8088bf297fdd4e6
E1,jpeg_compression,5,partial_channel,0.01,1.0,,1,20,0.33500000000000024,0.32610137267904604,-0.050000000000000044,1.4000000000000012,2000.0,0.0,2000,2000,0.021965811965811967,0.00987871048268936,0.008547008547008548,0.05128205128205128,0.010743321718931475,0.0037658536826682136,0.003484320557491289,0.018583042973286876,585.0,0.0,585,585,861.0,0.0,861,861,0.024291225665807725,0.013648517518837073,0.01064326012134552,0.06881760442256928,274f49f21a03df6f7da7f330fed2fe31ff1b6bdd1be8fc9ce8088bf297fdd4e6
E1,jpeg_compression,5,partial_channel,0.05,1.0,,1,20,1.7475000000000016,0.44083503299509874,0.7500000000000007,2.2500000000000018,2000.0,0.0,2000,2000,0.07641025641025641,0.012327918602862028,0.05299145299145299,0.09230769230769231,0.022822299651567943,0.005129127050815652,0.011614401858304297,0.03368176538908246,585.0,0.0,585,585,861.0,0.0,861,861,0.1393048841238022,0.020458609190142713,0.10603211152553559,0.1742104605436325,274f49f21a03df6f7da7f330fed2fe31ff1b6bdd1be8fc9ce8088bf297fdd4e6
E1,jpeg_compression,5,partial_channel,0.1,1.0,,1,20,3.5850000000000017,0.745000883079659,2.6000000000000023,5.699999999999999,2000.0,0.0,2000,2000,0.14205128205128206,0.025353918167374062,0.11452991452991453,0.20512820512820512,0.030603948896631834,0.006079267777732006,0.022067363530778164,0.0429732868757259,585.0,0.0,585,585,861.0,0.0,861,861,0.29183339436054234,0.06416845509399909,0.2238483440876007,0.48055155301094055,274f49f21a03df6f7da7f330fed2fe31ff1b6bdd1be8fc9ce8088bf297fdd4e6
E1,jpeg_compression,5,partial_channel,0.2,1.0,,1,20,7.279999999999999,1.060461667090527,5.699999999999999,9.699999999999998,2000.0,0.0,2000,2000,0.26940170940170943,0.036038110925745215,0.2222222222222222,0.3367521367521368,0.041637630662020905,0.005949416976470012,0.027874564459930314,0.05110336817653891,585.0,0.0,585,585,861.0,0.0,861,861,0.5926652851849794,0.08573814203011126,0.4931606409549713,0.8041693649291992,274f49f21a03df6f7da7f330fed2fe31ff1b6bdd1be8fc9ce8088bf297fdd4e6
E1,jpeg_compression,5,partial_channel,0.01,1.0,,2,20,0.18500000000000014,0.27198103649064664,-0.4500000000000004,0.6000000000000005,2000.0,0.0,2000,2000,0.020598290598290596,0.0068930500710513145,0.011965811965811967,0.039316239316239315,0.014227642276422764,0.0043599829187488505,0.006968641114982578,0.022067363530778164,585.0,0.0,585,585,861.0,0.0,861,861,0.017059111106395717,0.011425719091676445,-0.005537456393241882,0.04656242072582245,274f49f21a03df6f7da7f330fed2fe31ff1b6bdd1be8fc9ce8088bf297fdd4e6
E1,jpeg_compression,5,partial_channel,0.05,1.0,,2,20,1.6725000000000017,0.5487965302176645,0.40000000000000036,2.7500000000000027,2000.0,0.0,2000,2000,0.07923076923076922,0.016295095623333918,0.04957264957264957,0.11965811965811966,0.027468060394889665,0.006055865639948182,0.018583042973286876,0.041811846689895474,585.0,0.0,585,585,861.0,0.0,861,861,0.13319563723206518,0.030397718112413076,0.06252968990802765,0.19455173122882843,274f49f21a03df6f7da7f330fed2fe31ff1b6bdd1be8fc9ce8088bf297fdd4e6
E1,jpeg_compression,5,partial_channel,0.1,1.0,,2,20,3.362500000000002,0.8249202513289574,1.9000000000000017,5.449999999999999,2000.0,0.0,2000,2000,0.1429059829059829,0.02763793999954556,0.08888888888888889,0.21196581196581196,0.03826945412311267,0.0050058362758524195,0.030197444831591175,0.047619047619047616,585.0,0.0,585,585,861.0,0.0,861,861,0.2688915886908769,0.065021946606278,0.1497048064470291,0.43758454322814944,274f49f21a03df6f7da7f330fed2fe31ff1b6bdd1be8fc9ce8088bf297fdd4e6
E1,jpeg_compression,5,partial_channel,0.2,1.0,,2,20,6.6125,0.816583866192761,5.099999999999999,8.350000000000001,2000.0,0.0,2000,2000,0.251025641025641,0.02452998506261793,0.2153846153846154,0.30256410256410254,0.045818815331010454,0.007446147977113015,0.03368176538908246,0.056910569105691054,585.0,0.0,585,585,861.0,0.0,861,861,0.5300619767814875,0.06774343404043383,0.4218123701810837,0.6786064583063126,274f49f21a03df6f7da7f330fed2fe31ff1b6bdd1be8fc9ce8088bf297fdd4e6
E1,jpeg_compression,5,partial_channel,0.01,1.0,,3,20,0.1150000000000001,0.29384027168371263,-0.4500000000000004,0.4500000000000004,2000.0,0.0,2000,2000,0.021623931623931624,0.006999324654331048,0.008547008547008548,0.039316239316239315,0.016898954703832757,0.0058555963752015515,0.006968641114982578,0.026713124274099883,585.0,0.0,585,585,861.0,0.0,861,861,0.00987873436808586,0.013924437933976137,-0.015296996235847474,0.03242081642150879,274f49f21a03df6f7da7f330fed2fe31ff1b6bdd1be8fc9ce8088bf297fdd4e6
E1,jpeg_compression,5,partial_channel,0.05,1.0,,3,20,1.6850000000000016,0.5551434143771466,0.7500000000000007,2.8500000000000023,2000.0,0.0,2000,2000,0.08333333333333334,0.019685482335433734,0.05128205128205128,0.1282051282051282,0.029907084785133563,0.005025653038723025,0.022067363530778164,0.03948896631823461,585.0,0.0,585,585,861.0,0.0,861,861,0.14457054662108423,0.037004174980549684,0.08030439805984498,0.22083432102203368,274f49f21a03df6f7da7f330fed2fe31ff1b6bdd1be8fc9ce8088bf297fdd4e6
E1,jpeg_compression,5,partial_channel,0.1,1.0,,3,20,3.5075000000000003,0.7370415613504385,2.0000000000000018,4.799999999999999,2000.0,0.0,2000,2000,0.14940170940170938,0.024240662557219014,0.11282051282051282,0.21025641025641026,0.03821138211382115,0.006686846844262706,0.029036004645760744,0.04878048780487805,585.0,0.0,585,585,861.0,0.0,861,861,0.2957071986705065,0.06016888440953039,0.2040435435771942,0.4324773597717285,274f49f21a03df6f7da7f330fed2fe31ff1b6bdd1be8fc9ce8088bf297fdd4e6
E1,jpeg_compression,5,partial_channel,0.2,1.0,,3,20,6.924999999999997,0.8059809322545375,5.199999999999999,7.9999999999999964,2000.0,0.0,2000,2000,0.2614529914529914,0.024043661655766244,0.20683760683760682,0.29572649572649573,0.04250871080139373,0.006628193837079268,0.030197444831591175,0.0545876887340302,585.0,0.0,585,585,861.0,0.0,861,861,0.5642603972315787,0.057262040986495046,0.44876797091960907,0.6469562315940857,274f49f21a03df6f7da7f330fed2fe31ff1b6bdd1be8fc9ce8088bf297fdd4e6
E1,jpeg_compression,5,partial_channel,0.01,1.0,,4,20,0.3150000000000003,0.25705825675986593,-0.050000000000000044,0.9000000000000008,2000.0,0.0,2000,2000,0.024957264957264958,0.007987055592984108,0.011965811965811967,0.046153846153846156,0.014634146341463419,0.004335897814107919,0.010452961672473868,0.024390243902439025,585.0,0.0,585,585,861.0,0.0,861,861,0.023599958455562592,0.013591858895953962,-0.0010374715328216552,0.054939897298812865,274f49f21a03df6f7da7f330fed2fe31ff1b6bdd1be8fc9ce8088bf297fdd4e6
E1,jpeg_compression,5,partial_channel,0.05,1.0,,4,20,2.1175000000000015,0.6989230437270132,0.5500000000000005,3.0500000000000025,2000.0,0.0,2000,2000,0.09051282051282052,0.02149024585617559,0.046153846153846156,0.1282051282051282,0.025551684088269456,0.004941960494261931,0.018583042973286876,0.03484320557491289,585.0,0.0,585,585,861.0,0.0,861,861,0.18461854942440986,0.04296599667533963,0.09736900222301482,0.2704852957725525,274f49f21a03df6f7da7f330fed2fe31ff1b6bdd1be8fc9ce8088bf297fdd4e6
E1,jpeg_compression,5,partial_channel,0.1,1.0,,4,20,4.165,0.9397788093622422,2.450000000000002,5.75,2000.0,0.0,2000,2000,0.16188034188034187,0.028296176603742947,0.11452991452991453,0.22393162393162394,0.030720092915214863,0.005414629976704292,0.019744483159117306,0.03832752613240418,585.0,0.0,585,585,861.0,0.0,861,861,0.36560932037532334,0.06230558713230825,0.2582378027439117,0.48058803647756576,274f49f21a03df6f7da7f330fed2fe31ff1b6bdd1be8fc9ce8088bf297fdd4e6
E1,jpeg_compression,5,partial_channel,0.2,1.0,,4,20,8.35,0.7039363009459543,7.050000000000001,9.699999999999998,2000.0,0.0,2000,2000,0.3017094017094017,0.02273534713774143,0.26495726495726496,0.3487179487179487,0.036527293844367016,0.006735246351517796,0.022067363530778164,0.04645760743321719,585.0,0.0,585,585,861.0,0.0,861,861,0.7002948825389148,0.04825764687654943,0.5780669404268265,0.7881188715696335,274f49f21a03df6f7da7f330fed2fe31ff1b6bdd1be8fc9ce8088bf297fdd4e6
E1,jpeg_compression,5,partial_channel,0.01,1.0,,5,20,0.26250000000000023,0.22353323078047702,-0.10000000000000009,0.7000000000000006,2000.0,0.0,2000,2000,0.023076923076923078,0.00709155066088657,0.010256410256410256,0.041025641025641026,0.013879210220673635,0.0034013179457412965,0.008130081300813009,0.020905923344947737,585.0,0.0,585,585,861.0,0.0,861,861,0.027585971701145174,0.011698530142343538,0.01280747938156128,0.06640428829193115,274f49f21a03df6f7da7f330fed2fe31ff1b6bdd1be8fc9ce8088bf297fdd4e6
E1,jpeg_compression,5,partial_channel,0.05,1.0,,5,20,1.992500000000002,0.5963209573799388,0.9000000000000008,3.0000000000000027,2000.0,0.0,2000,2000,0.0864102564102564,0.014761979443127873,0.06324786324786325,0.11282051282051282,0.024564459930313594,0.0052926243668904695,0.015098722415795587,0.036004645760743324,585.0,0.0,585,585,861.0,0.0,861,861,0.18634228691458704,0.03673960989961353,0.11676658642292023,0.2642474102973938,274f49f21a03df6f7da7f330fed2fe31ff1b6bdd1be8fc9ce8088bf297fdd4e6
E1,jpeg_compression,5,partial_channel,0.1,1.0,,5,20,4.1925,0.6275002621094011,3.200000000000003,5.699999999999999,2000.0,0.0,2000,2000,0.15999999999999998,0.02305041712642738,0.13162393162393163,0.2188034188034188,0.029616724738675958,0.00701433761192198,0.019744483159117306,0.041811846689895474,585.0,0.0,585,585,861.0,0.0,861,861,0.3712206516444684,0.04735574036586926,0.3158592811822891,0.4700449678897858,274f49f21a03df6f7da7f330fed2fe31ff1b6bdd1be8fc9ce8088bf297fdd4e6
E1,jpeg_compression,5,partial_channel,0.2,1.0,,5,20,8.5475,0.6955639514281322,7.15,9.799999999999997,2000.0,0.0,2000,2000,0.3055555555555555,0.021066708482564075,0.26324786324786326,0.3452991452991453,0.03571428571428571,0.00620182500994494,0.023228803716608595,0.047619047619047616,585.0,0.0,585,585,861.0,0.0,861,861,0.7223187295496463,0.047466651372817116,0.6256910157203674,0.824658530831337,274f49f21a03df6f7da7f330fed2fe31ff1b6bdd1be8fc9ce8088bf297fdd4e6
E1,jpeg_compression,5,partial_channel,0.01,1.0,,6,20,0.40000000000000036,0.2748205155905829,-0.15000000000000013,0.9500000000000008,2000.0,0.0,2000,2000,0.02341880341880342,0.0064701059714640215,0.010256410256410256,0.03247863247863248,0.011498257839721256,0.004074199597016213,0.003484320557491289,0.019744483159117306,585.0,0.0,585,585,861.0,0.0,861,861,0.03247254070341587,0.008765339592654114,0.016704784393310548,0.04629172945022583,274f49f21a03df6f7da7f330fed2fe31ff1b6bdd1be8fc9ce8088bf297fdd4e6
E1,jpeg_compression,5,partial_channel,0.05,1.0,,6,20,1.960000000000002,0.3885194569401292,0.9000000000000008,2.5500000000000025,2000.0,0.0,2000,2000,0.08316239316239316,0.01201423272899624,0.05641025641025641,0.10256410256410256,0.023519163763066207,0.0037658536826682136,0.017421602787456445,0.0313588850174216,585.0,0.0,585,585,861.0,0.0,861,861,0.19329985600709915,0.031544522521399075,0.11064599263668061,0.24094001281261443,274f49f21a03df6f7da7f330fed2fe31ff1b6bdd1be8fc9ce8088bf297fdd4e6
E1,jpeg_compression,5,partial_channel,0.1,1.0,,6,20,4.2075,0.6256102284128154,2.8000000000000025,5.249999999999999,2000.0,0.0,2000,2000,0.15880341880341878,0.017910333181718578,0.12136752136752137,0.19316239316239317,0.028222996515679437,0.00581453171380338,0.019744483159117306,0.03832752613240418,585.0,0.0,585,585,861.0,0.0,861,861,0.38607945404052735,0.036273664920162936,0.3141339448094368,0.4369550087451935,274f49f21a03df6f7da7f330fed2fe31ff1b6bdd1be8fc9ce8088bf297fdd4e6
E1,jpeg_compression,5,partial_channel,0.2,1.0,,6,20,8.809999999999999,0.4655500425359919,8.099999999999996,9.550000000000002,2000.0,0.0,2000,2000,0.31247863247863245,0.014458026498181363,0.27863247863247864,0.3316239316239316,0.033101045296167246,0.005255267761954111,0.023228803716608595,0.041811846689895474,585.0,0.0,585,585,861.0,0.0,861,861,0.7526851996302605,0.05007321782646389,0.6603333007693291,0.840482307434082,274f49f21a03df6f7da7f330fed2fe31ff1b6bdd1be8fc9ce8088bf297fdd4e6
E1,jpeg_compression,5,partial_channel,0.01,1.0,,7,20,0.45000000000000046,0.24224824153400143,0.050000000000000044,1.0000000000000009,2000.0,0.0,2000,2000,0.021623931623931624,0.006684636151192835,0.011965811965811967,0.037606837606837605,0.009465737514518003,0.003021037307836041,0.004645760743321719,0.015098722415795587,585.0,0.0,585,585,861.0,0.0,861,861,0.033377145165205,0.006565542853658237,0.022929436564445495,0.0495713974237442,274f49f21a03df6f7da7f330fed2fe31ff1b6bdd1be8fc9ce8088bf297fdd4e6
E1,jpeg_compression,5,partial_channel,0.05,1.0,,7,20,2.060000000000002,0.4266145801540312,1.150000000000001,3.0500000000000025,2000.0,0.0,2000,2000,0.08196581196581196,0.011639731528615634,0.06324786324786325,0.10427350427350428,0.020557491289198607,0.004363645231800087,0.012775842044134728,0.029036004645760744,585.0,0.0,585,585,861.0,0.0,861,861,0.1966029175400734,0.02587276682268102,0.12996980321407317,0.22586057233810425,274f49f21a03df6f7da7f330fed2fe31ff1b6bdd1be8fc9ce8088bf297fdd4e6
E1,jpeg_compression,5,partial_channel,0.1,1.0,,7,20,4.31,0.5300446853059202,2.9000000000000026,4.949999999999999,2000.0,0.0,2000,2000,0.15717948717948715,0.013396565061476132,0.12307692307692308,0.17606837606837608,0.024332171893147507,0.005019999088921516,0.016260162601626018,0.03484320557491289,585.0,0.0,585,585,861.0,0.0,861,861,0.39494262697100635,0.0334615435841516,0.3020247046947479,0.44470168405771254,274f49f21a03df6f7da7f330fed2fe31ff1b6bdd1be8fc9ce8088bf297fdd4e6
E1,jpeg_compression,5,partial_channel,0.2,1.0,,7,20,9.075,0.682005556390393,7.9999999999999964,10.499999999999998,2000.0,0.0,2000,2000,0.3153846153846153,0.021504732639150058,0.27350427350427353,0.3623931623931624,0.028397212543554012,0.0044182156542500175,0.019744483159117306,0.036004645760743324,585.0,0.0,585,585,861.0,0.0,861,861,0.7813718457460403,0.05897574537887972,0.6868782881498336,0.9139855058789254,274f49f21a03df6f7da7f330fed2fe31ff1b6bdd1be8fc9ce8088bf297fdd4e6
E1,jpeg_compression,5,partial_channel,0.01,1.0,,8,20,0.3550000000000003,0.1959457497423849,0.050000000000000044,0.8000000000000007,2000.0,0.0,2000,2000,0.018803418803418803,0.0059215412224577005,0.008547008547008548,0.02905982905982906,0.00934959349593496,0.002337353286585146,0.004645760743321719,0.012775842044134728,585.0,0.0,585,585,861.0,0.0,861,861,0.033786816853284836,0.005358082351994589,0.025286433935165404,0.04478883051872253,274f49f21a03df6f7da7f330fed2fe31ff1b6bdd1be8fc9ce8088bf297fdd4e6
E1,jpeg_compression,5,partial_channel,0.05,1.0,,8,20,2.1050000000000018,0.42824611713605243,1.3000000000000012,3.0500000000000025,2000.0,0.0,2000,2000,0.07974358974358972,0.009816240736073137,0.06153846153846154,0.10256410256410256,0.01666666666666667,0.003921020763676401,0.011614401858304297,0.025551684088269456,585.0,0.0,585,585,861.0,0.0,861,861,0.19872429227232932,0.022095318885783023,0.13880318546295167,0.22462375390529632,274f49f21a03df6f7da7f330fed2fe31ff1b6bdd1be8fc9ce8088bf297fdd4e6
E1,jpeg_compression,5,partial_channel,0.1,1.0,,8,20,4.329999999999998,0.3958335641735237,3.300000000000003,4.949999999999999,2000.0,0.0,2000,2000,0.15358974358974356,0.009831895383983977,0.13504273504273503,0.17435897435897435,0.019918699186991864,0.004010532881032841,0.013937282229965157,0.029036004645760744,585.0,0.0,585,585,861.0,0.0,861,861,0.4017913982748986,0.027740331959688697,0.3310914640426636,0.4395629935264587,274f49f21a03df6f7da7f330fed2fe31ff1b6bdd1be8fc9ce8088bf297fdd4e6
E1,jpeg_compression,5,partial_channel,0.2,1.0,,8,20,9.334999999999997,0.8129057691231423,8.250000000000002,11.250000000000004,2000.0,0.0,2000,2000,0.32034188034188027,0.025002700831844863,0.2923076923076923,0.38461538461538464,0.02415795586527294,0.004306323326986345,0.016260162601626018,0.03716608594657375,585.0,0.0,585,585,861.0,0.0,861,861,0.8136603289365768,0.06163210507228435,0.7439262464046478,0.9475300058126449,274f49f21a03df6f7da7f330fed2fe31ff1b6bdd1be8fc9ce8088bf297fdd4e6
E1,jpeg_compression,5,partial_channel,0.01,1.0,,9,20,0.3900000000000003,0.1410487037944883,0.15000000000000013,0.6500000000000006,2000.0,0.0,2000,2000,0.016666666666666666,0.004219177857837197,0.006837606837606838,0.023931623931623933,0.006387921022067364,0.0022451699580911984,0.0023228803716608595,0.009291521486643438,585.0,0.0,585,585,861.0,0.0,861,861,0.03662230348587035,0.005162544031591818,0.027188496589660646,0.047758498311042785,274f49f21a03df6f7da7f330fed2fe31ff1b6bdd1be8fc9ce8088bf297fdd4e6
E1,jpeg_compression,5,partial_channel,0.05,1.0,,9,20,2.370000000000002,0.2607680962081062,1.9500000000000017,2.7500000000000027,2000.0,0.0,2000,2000,0.08239316239316238,0.006737914721351654,0.07008547008547009,0.09401709401709402,0.011440185830429734,0.0027504057994914444,0.004645760743321719,0.016260162601626018,585.0,0.0,585,585,861.0,0.0,861,861,0.2208284441202879,0.015184553098293063,0.18294641351699828,0.2532869884967804,274f49f21a03df6f7da7f330fed2fe31ff1b6bdd1be8fc9ce8088bf297fdd4e6
E1,jpeg_compression,5,partial_channel,0.1,1.0,,9,20,4.919999999999999,0.31846672138793264,4.249999999999998,5.499999999999999,2000.0,0.0,2000,2000,0.1657264957264957,0.008564534437981688,0.15384615384615385,0.18461538461538463,0.014343786295005805,0.002901154296943393,0.008130081300813009,0.019744483159117306,585.0,0.0,585,585,861.0,0.0,861,861,0.44050130886733535,0.019833667462146154,0.39548177826404574,0.4709241878390312,274f49f21a03df6f7da7f330fed2fe31ff1b6bdd1be8fc9ce8088bf297fdd4e6
E1,jpeg_compression,5,partial_channel,0.2,1.0,,9,20,10.1525,0.6025111922961314,9.399999999999997,11.799999999999999,2000.0,0.0,2000,2000,0.3426495726495726,0.020814064817424413,0.3145299145299145,0.40341880341880343,0.020325203252032523,0.002807252889102032,0.017421602787456445,0.026713124274099883,585.0,0.0,585,585,861.0,0.0,861,861,0.8733957484573125,0.044175386241867357,0.8136520888209343,0.9733877897262573,274f49f21a03df6f7da7f330fed2fe31ff1b6bdd1be8fc9ce8088bf297fdd4e6
E1,jpeg_compression,5,partial_channel,0.01,1.0,,10,20,0.3400000000000003,0.19841477024816387,0.0,0.7000000000000006,2000.0,0.0,2000,2000,0.014615384615384613,0.004312908750950964,0.005128205128205128,0.023931623931623933,0.0051684088269454125,0.0013832460312575622,0.0023228803716608595,0.008130081300813009,585.0,0.0,585,585,861.0,0.0,861,861,0.03763601299524307,0.003238988561286438,0.03241954970359802,0.0440615416765213,274f49f21a03df6f7da7f330fed2fe31ff1b6bdd1be8fc9ce8088bf297fdd4e6
E1,jpeg_compression,5,partial_channel,0.05,1.0,,10,20,2.2575000000000016,0.2295734030074502,1.8500000000000016,2.6000000000000023,2000.0,0.0,2000,2000,0.07649572649572647,0.006368887353594824,0.06495726495726496,0.0905982905982906,0.008536585365853657,0.0028517903482562436,0.004645760743321719,0.015098722415795587,585.0,0.0,585,585,861.0,0.0,861,861,0.2286201133579016,0.010249493167530667,0.20299329614639283,0.24716262608766557,274f49f21a03df6f7da7f330fed2fe31ff1b6bdd1be8fc9ce8088bf297fdd4e6
E1,jpeg_compression,5,partial_channel,0.1,1.0,,10,20,4.595,0.1863076120715133,4.199999999999998,4.899999999999999,2000.0,0.0,2000,2000,0.15324786324786324,0.006798697208962379,0.14017094017094017,0.1641025641025641,0.01213704994192799,0.0023373532865851466,0.006968641114982578,0.016260162601626018,585.0,0.0,585,585,861.0,0.0,861,861,0.45445894199311726,0.016890749310904507,0.4160148646235466,0.47695390158891676,274f49f21a03df6f7da7f330fed2fe31ff1b6bdd1be8fc9ce8088bf297fdd4e6
E1,jpeg_compression,5,partial_channel,0.2,1.0,,10,20,10.1925,0.5606093958692122,8.899999999999997,11.350000000000005,2000.0,0.0,2000,2000,0.33982905982905975,0.01742018997349573,0.3094017094017094,0.38803418803418804,0.017421602787456445,0.0028944166762642494,0.011614401858304297,0.022067363530778164,585.0,0.0,585,585,861.0,0.0,861,861,0.8935971834987402,0.03684406235689903,0.8348504843115807,0.9739832047820092,274f49f21a03df6f7da7f330fed2fe31ff1b6bdd1be8fc9ce8088bf297fdd4e6
E1,jpeg_compression,5,partial_channel,0.01,1.0,,11,20,0.32250000000000023,0.1888155602419296,-0.050000000000000044,0.7500000000000007,2000.0,0.0,2000,2000,0.014529914529914529,0.0043138001240618454,0.006837606837606838,0.022222222222222223,0.004819976771196283,0.001931552016977523,0.0011614401858304297,0.008130081300813009,585.0,0.0,585,585,861.0,0.0,861,861,0.036685358163714404,0.0028773916730681116,0.03051837921142578,0.041097832798957824,274f49f21a03df6f7da7f330fed2fe31ff1b6bdd1be8fc9ce8088bf297fdd4e6
E1,jpeg_compression,5,partial_channel,0.05,1.0,,11,20,2.0225000000000017,0.1970005343300263,1.5500000000000014,2.450000000000002,2000.0,0.0,2000,2000,0.06786324786324786,0.00483809798352103,0.05982905982905983,0.07692307692307693,0.007723577235772358,0.002801556732629525,0.0023228803716608595,0.012775842044134728,585.0,0.0,585,585,861.0,0.0,861,861,0.2189912028223276,0.024595058931651353,0.14426691555976867,0.2401390129327774,274f49f21a03df6f7da7f330fed2fe31ff1b6bdd1be8fc9ce8088bf297fdd4e6
E1,jpeg_compression,5,partial_channel,0.1,1.0,,11,20,4.079999999999998,0.24137762509134217,3.7000000000000033,4.649999999999999,2000.0,0.0,2000,2000,0.13555555555555554,0.008944426659203907,0.11794871794871795,0.15213675213675212,0.010394889663182347,0.002045794246036236,0.006968641114982578,0.015098722415795587,585.0,0.0,585,585,861.0,0.0,861,861,0.4349841462314129,0.03331908612656589,0.35261109298467636,0.4689086326956749,274f49f21a03df6f7da7f330fed2fe31ff1b6bdd1be8fc9ce8088bf297fdd4e6
E1,jpeg_compression,5,partial_channel,0.2,1.0,,11,20,8.574999999999998,0.40441640864206874,7.699999999999996,9.250000000000004,2000.0,0.0,2000,2000,0.2879487179487179,0.012144099453139146,0.27008547008547007,0.3111111111111111,0.017363530778164923,0.0027555636208047777,0.011614401858304297,0.020905923344947737,585.0,0.0,585,585,861.0,0.0,861,861,0.8443915130525825,0.04671100863160213,0.7513469389677048,0.8870131216645241,274f49f21a03df6f7da7f330fed2fe31ff1b6bdd1be8fc9ce8088bf297fdd4e6
E1,jpeg_compression,5,none,0.01,1.0,,0,1,0.0,,0.0,0.0,2000.0,,2000,2000,0.0,,0.0,0.0,0.0,,0.0,0.0,585.0,,585,585,861.0,,861,861,0.0,,0.0,0.0,274f49f21a03df6f7da7f330fed2fe31ff1b6bdd1be8fc9ce8088bf297fdd4e6
E1,jpeg_compression,5,none,0.01,1.0,,1,1,0.0,,0.0,0.0,2000.0,,2000,2000,0.0,,0.0,0.0,0.0,,0.0,0.0,585.0,,585,585,861.0,,861,861,0.0,,0.0,0.0,274f49f21a03df6f7da7f330fed2fe31ff1b6bdd1be8fc9ce8088bf297fdd4e6
E1,jpeg_compression,5,none,0.01,1.0,,2,1,0.0,,0.0,0.0,2000.0,,2000,2000,0.0,,0.0,0.0,0.0,,0.0,0.0,585.0,,585,585,861.0,,861,861,0.0,,0.0,0.0,274f49f21a03df6f7da7f330fed2fe31ff1b6bdd1be8fc9ce8088bf297fdd4e6
E1,jpeg_compression,5,none,0.01,1.0,,3,1,0.0,,0.0,0.0,2000.0,,2000,2000,0.0,,0.0,0.0,0.0,,0.0,0.0,585.0,,585,585,861.0,,861,861,0.0,,0.0,0.0,274f49f21a03df6f7da7f330fed2fe31ff1b6bdd1be8fc9ce8088bf297fdd4e6
E1,jpeg_compression,5,none,0.01,1.0,,4,1,0.0,,0.0,0.0,2000.0,,2000,2000,0.0,,0.0,0.0,0.0,,0.0,0.0,585.0,,585,585,861.0,,861,861,0.0,,0.0,0.0,274f49f21a03df6f7da7f330fed2fe31ff1b6bdd1be8fc9ce8088bf297fdd4e6
E1,jpeg_compression,5,none,0.01,1.0,,5,1,0.0,,0.0,0.0,2000.0,,2000,2000,0.0,,0.0,0.0,0.0,,0.0,0.0,585.0,,585,585,861.0,,861,861,0.0,,0.0,0.0,274f49f21a03df6f7da7f330fed2fe31ff1b6bdd1be8fc9ce8088bf297fdd4e6
E1,jpeg_compression,5,none,0.01,1.0,,6,1,0.0,,0.0,0.0,2000.0,,2000,2000,0.0,,0.0,0.0,0.0,,0.0,0.0,585.0,,585,585,861.0,,861,861,0.0,,0.0,0.0,274f49f21a03df6f7da7f330fed2fe31ff1b6bdd1be8fc9ce8088bf297fdd4e6
E1,jpeg_compression,5,none,0.01,1.0,,7,1,0.0,,0.0,0.0,2000.0,,2000,2000,0.0,,0.0,0.0,0.0,,0.0,0.0,585.0,,585,585,861.0,,861,861,0.0,,0.0,0.0,274f49f21a03df6f7da7f330fed2fe31ff1b6bdd1be8fc9ce8088bf297fdd4e6
E1,jpeg_compression,5,none,0.01,1.0,,8,1,0.0,,0.0,0.0,2000.0,,2000,2000,0.0,,0.0,0.0,0.0,,0.0,0.0,585.0,,585,585,861.0,,861,861,0.0,,0.0,0.0,274f49f21a03df6f7da7f330fed2fe31ff1b6bdd1be8fc9ce8088bf297fdd4e6
E1,jpeg_compression,5,none,0.01,1.0,,9,1,0.0,,0.0,0.0,2000.0,,2000,2000,0.0,,0.0,0.0,0.0,,0.0,0.0,585.0,,585,585,861.0,,861,861,0.0,,0.0,0.0,274f49f21a03df6f7da7f330fed2fe31ff1b6bdd1be8fc9ce8088bf297fdd4e6
E1,jpeg_compression,5,none,0.01,1.0,,10,1,0.0,,0.0,0.0,2000.0,,2000,2000,0.0,,0.0,0.0,0.0,,0.0,0.0,585.0,,585,585,861.0,,861,861,0.0,,0.0,0.0,274f49f21a03df6f7da7f330fed2fe31ff1b6bdd1be8fc9ce8088bf297fdd4e6
E1,jpeg_compression,5,none,0.01,1.0,,11,1,0.0,,0.0,0.0,2000.0,,2000,2000,0.0,,0.0,0.0,0.0,,0.0,0.0,585.0,,585,585,861.0,,861,861,0.0,,0.0,0.0,274f49f21a03df6f7da7f330fed2fe31ff1b6bdd1be8fc9ce8088bf297fdd4e6
E1,jpeg_compression,5,clean_to_clean,0.01,1.0,,0,1,26.5,,26.5,26.5,2000.0,,2000,2000,1.0,,1.0,1.0,0.06387921022067364,,0.06387921022067364,0.06387921022067364,585.0,,585,585,861.0,,861,861,2.425123902082443,,2.425123902082443,2.425123902082443,274f49f21a03df6f7da7f330fed2fe31ff1b6bdd1be8fc9ce8088bf297fdd4e6
E1,jpeg_compression,5,clean_to_clean,0.01,1.0,,1,1,26.5,,26.5,26.5,2000.0,,2000,2000,1.0,,1.0,1.0,0.06387921022067364,,0.06387921022067364,0.06387921022067364,585.0,,585,585,861.0,,861,861,2.425123902082443,,2.425123902082443,2.425123902082443,274f49f21a03df6f7da7f330fed2fe31ff1b6bdd1be8fc9ce8088bf297fdd4e6
E1,jpeg_compression,5,clean_to_clean,0.01,1.0,,2,1,26.5,,26.5,26.5,2000.0,,2000,2000,1.0,,1.0,1.0,0.06387921022067364,,0.06387921022067364,0.06387921022067364,585.0,,585,585,861.0,,861,861,2.425123902082443,,2.425123902082443,2.425123902082443,274f49f21a03df6f7da7f330fed2fe31ff1b6bdd1be8fc9ce8088bf297fdd4e6
E1,jpeg_compression,5,clean_to_clean,0.01,1.0,,3,1,26.5,,26.5,26.5,2000.0,,2000,2000,1.0,,1.0,1.0,0.06387921022067364,,0.06387921022067364,0.06387921022067364,585.0,,585,585,861.0,,861,861,2.425123902082443,,2.425123902082443,2.425123902082443,274f49f21a03df6f7da7f330fed2fe31ff1b6bdd1be8fc9ce8088bf297fdd4e6
E1,jpeg_compression,5,clean_to_clean,0.01,1.0,,4,1,26.5,,26.5,26.5,2000.0,,2000,2000,1.0,,1.0,1.0,0.06387921022067364,,0.06387921022067364,0.06387921022067364,585.0,,585,585,861.0,,861,861,2.425123902082443,,2.425123902082443,2.425123902082443,274f49f21a03df6f7da7f330fed2fe31ff1b6bdd1be8fc9ce8088bf297fdd4e6
E1,jpeg_compression,5,clean_to_clean,0.01,1.0,,5,1,26.5,,26.5,26.5,2000.0,,2000,2000,1.0,,1.0,1.0,0.06387921022067364,,0.06387921022067364,0.06387921022067364,585.0,,585,585,861.0,,861,861,2.425123902082443,,2.425123902082443,2.425123902082443,274f49f21a03df6f7da7f330fed2fe31ff1b6bdd1be8fc9ce8088bf297fdd4e6
E1,jpeg_compression,5,clean_to_clean,0.01,1.0,,6,1,26.5,,26.5,26.5,2000.0,,2000,2000,1.0,,1.0,1.0,0.06387921022067364,,0.06387921022067364,0.06387921022067364,585.0,,585,585,861.0,,861,861,2.425123902082443,,2.425123902082443,2.425123902082443,274f49f21a03df6f7da7f330fed2fe31ff1b6bdd1be8fc9ce8088bf297fdd4e6
E1,jpeg_compression,5,clean_to_clean,0.01,1.0,,7,1,26.5,,26.5,26.5,2000.0,,2000,2000,1.0,,1.0,1.0,0.06387921022067364,,0.06387921022067364,0.06387921022067364,585.0,,585,585,861.0,,861,861,2.425123902082443,,2.425123902082443,2.425123902082443,274f49f21a03df6f7da7f330fed2fe31ff1b6bdd1be8fc9ce8088bf297fdd4e6
E1,jpeg_compression,5,clean_to_clean,0.01,1.0,,8,1,26.5,,26.5,26.5,2000.0,,2000,2000,1.0,,1.0,1.0,0.06387921022067364,,0.06387921022067364,0.06387921022067364,585.0,,585,585,861.0,,861,861,2.425123902082443,,2.425123902082443,2.425123902082443,274f49f21a03df6f7da7f330fed2fe31ff1b6bdd1be8fc9ce8088bf297fdd4e6
E1,jpeg_compression,5,clean_to_clean,0.01,1.0,,9,1,26.5,,26.5,26.5,2000.0,,2000,2000,1.0,,1.0,1.0,0.06387921022067364,,0.06387921022067364,0.06387921022067364,585.0,,585,585,861.0,,861,861,2.425123902082443,,2.425123902082443,2.425123902082443,274f49f21a03df6f7da7f330fed2fe31ff1b6bdd1be8fc9ce8088bf297fdd4e6
E1,jpeg_compression,5,clean_to_clean,0.01,1.0,,10,1,26.5,,26.5,26.5,2000.0,,2000,2000,1.0,,1.0,1.0,0.06387921022067364,,0.06387921022067364,0.06387921022067364,585.0,,585,585,861.0,,861,861,2.425123902082443,,2.425123902082443,2.425123902082443,274f49f21a03df6f7da7f330fed2fe31ff1b6bdd1be8fc9ce8088bf297fdd4e6
E1,jpeg_compression,5,clean_to_clean,0.01,1.0,,11,1,26.5,,26.5,26.5,2000.0,,2000,2000,1.0,,1.0,1.0,0.06387921022067364,,0.06387921022067364,0.06387921022067364,585.0,,585,585,861.0,,861,861,2.425123902082443,,2.425123902082443,2.425123902082443,274f49f21a03df6f7da7f330fed2fe31ff1b6bdd1be8fc9ce8088bf297fdd4e6
E1,jpeg_compression,5,full_state,0.01,1.0,,0,1,26.5,,26.5,26.5,2000.0,,2000,2000,1.0,,1.0,1.0,0.06387921022067364,,0.06387921022067364,0.06387921022067364,585.0,,585,585,861.0,,861,861,2.425123902082443,,2.425123902082443,2.425123902082443,274f49f21a03df6f7da7f330fed2fe31ff1b6bdd1be8fc9ce8088bf297fdd4e6
E1,jpeg_compression,5,full_state,0.01,1.0,,1,1,26.5,,26.5,26.5,2000.0,,2000,2000,1.0,,1.0,1.0,0.06387921022067364,,0.06387921022067364,0.06387921022067364,585.0,,585,585,861.0,,861,861,2.425123902082443,,2.425123902082443,2.425123902082443,274f49f21a03df6f7da7f330fed2fe31ff1b6bdd1be8fc9ce8088bf297fdd4e6
E1,jpeg_compression,5,full_state,0.01,1.0,,2,1,26.5,,26.5,26.5,2000.0,,2000,2000,1.0,,1.0,1.0,0.06387921022067364,,0.06387921022067364,0.06387921022067364,585.0,,585,585,861.0,,861,861,2.425123902082443,,2.425123902082443,2.425123902082443,274f49f21a03df6f7da7f330fed2fe31ff1b6bdd1be8fc9ce8088bf297fdd4e6
E1,jpeg_compression,5,full_state,0.01,1.0,,3,1,26.5,,26.5,26.5,2000.0,,2000,2000,1.0,,1.0,1.0,0.06387921022067364,,0.06387921022067364,0.06387921022067364,585.0,,585,585,861.0,,861,861,2.425123902082443,,2.425123902082443,2.425123902082443,274f49f21a03df6f7da7f330fed2fe31ff1b6bdd1be8fc9ce8088bf297fdd4e6
E1,jpeg_compression,5,full_state,0.01,1.0,,4,1,26.5,,26.5,26.5,2000.0,,2000,2000,1.0,,1.0,1.0,0.06387921022067364,,0.06387921022067364,0.06387921022067364,585.0,,585,585,861.0,,861,861,2.425123902082443,,2.425123902082443,2.425123902082443,274f49f21a03df6f7da7f330fed2fe31ff1b6bdd1be8fc9ce8088bf297fdd4e6
E1,jpeg_compression,5,full_state,0.01,1.0,,5,1,26.5,,26.5,26.5,2000.0,,2000,2000,1.0,,1.0,1.0,0.06387921022067364,,0.06387921022067364,0.06387921022067364,585.0,,585,585,861.0,,861,861,2.425123902082443,,2.425123902082443,2.425123902082443,274f49f21a03df6f7da7f330fed2fe31ff1b6bdd1be8fc9ce8088bf297fdd4e6
E1,jpeg_compression,5,full_state,0.01,1.0,,6,1,26.5,,26.5,26.5,2000.0,,2000,2000,1.0,,1.0,1.0,0.06387921022067364,,0.06387921022067364,0.06387921022067364,585.0,,585,585,861.0,,861,861,2.425123902082443,,2.425123902082443,2.425123902082443,274f49f21a03df6f7da7f330fed2fe31ff1b6bdd1be8fc9ce8088bf297fdd4e6
E1,jpeg_compression,5,full_state,0.01,1.0,,7,1,26.5,,26.5,26.5,2000.0,,2000,2000,1.0,,1.0,1.0,0.06387921022067364,,0.06387921022067364,0.06387921022067364,585.0,,585,585,861.0,,861,861,2.425123902082443,,2.425123902082443,2.425123902082443,274f49f21a03df6f7da7f330fed2fe31ff1b6bdd1be8fc9ce8088bf297fdd4e6
E1,jpeg_compression,5,full_state,0.01,1.0,,8,1,26.5,,26.5,26.5,2000.0,,2000,2000,1.0,,1.0,1.0,0.06387921022067364,,0.06387921022067364,0.06387921022067364,585.0,,585,585,861.0,,861,861,2.425123902082443,,2.425123902082443,2.425123902082443,274f49f21a03df6f7da7f330fed2fe31ff1b6bdd1be8fc9ce8088bf297fdd4e6
E1,jpeg_compression,5,full_state,0.01,1.0,,9,1,26.5,,26.5,26.5,2000.0,,2000,2000,1.0,,1.0,1.0,0.06387921022067364,,0.06387921022067364,0.06387921022067364,585.0,,585,585,861.0,,861,861,2.425123902082443,,2.425123902082443,2.425123902082443,274f49f21a03df6f7da7f330fed2fe31ff1b6bdd1be8fc9ce8088bf297fdd4e6
E1,jpeg_compression,5,full_state,0.01,1.0,,10,1,26.5,,26.5,26.5,2000.0,,2000,2000,1.0,,1.0,1.0,0.06387921022067364,,0.06387921022067364,0.06387921022067364,585.0,,585,585,861.0,,861,861,2.425123902082443,,2.425123902082443,2.425123902082443,274f49f21a03df6f7da7f330fed2fe31ff1b6bdd1be8fc9ce8088bf297fdd4e6
E1,jpeg_compression,5,full_state,0.01,1.0,,11,1,26.5,,26.5,26.5,2000.0,,2000,2000,1.0,,1.0,1.0,0.06387921022067364,,0.06387921022067364,0.06387921022067364,585.0,,585,585,861.0,,861,861,2.425123902082443,,2.425123902082443,2.425123902082443,274f49f21a03df6f7da7f330fed2fe31ff1b6bdd1be8fc9ce8088bf297fdd4e6
E1,jpeg_compression,5,random_direction,0.01,1.0,,0,1,0.40000000000000036,,0.40000000000000036,0.40000000000000036,2000.0,,2000,2000,0.023931623931623933,,0.023931623931623933,0.023931623931623933,0.011614401858304297,,0.011614401858304297,0.011614401858304297,585.0,,585,585,861.0,,861,861,0.007023714423179626,,0.007023714423179626,0.007023714423179626,274f49f21a03df6f7da7f330fed2fe31ff1b6bdd1be8fc9ce8088bf297fdd4e6
E1,jpeg_compression,5,random_direction,0.01,1.0,,1,1,0.10000000000000009,,0.10000000000000009,0.10000000000000009,2000.0,,2000,2000,0.011965811965811967,,0.011965811965811967,0.011965811965811967,0.008130081300813009,,0.008130081300813009,0.008130081300813009,585.0,,585,585,861.0,,861,861,0.000797616720199585,,0.000797616720199585,0.000797616720199585,274f49f21a03df6f7da7f330fed2fe31ff1b6bdd1be8fc9ce8088bf297fdd4e6
E1,jpeg_compression,5,random_direction,0.01,1.0,,2,1,0.0,,0.0,0.0,2000.0,,2000,2000,0.006837606837606838,,0.006837606837606838,0.006837606837606838,0.006968641114982578,,0.006968641114982578,0.006968641114982578,585.0,,585,585,861.0,,861,861,-0.0008000869750976562,,-0.0008000869750976562,-0.0008000869750976562,274f49f21a03df6f7da7f330fed2fe31ff1b6bdd1be8fc9ce8088bf297fdd4e6
E1,jpeg_compression,5,random_direction,0.01,1.0,,3,1,0.20000000000000018,,0.20000000000000018,0.20000000000000018,2000.0,,2000,2000,0.011965811965811967,,0.011965811965811967,0.011965811965811967,0.008130081300813009,,0.008130081300813009,0.008130081300813009,585.0,,585,585,861.0,,861,861,-0.0006184560060501098,,-0.0006184560060501098,-0.0006184560060501098,274f49f21a03df6f7da7f330fed2fe31ff1b6bdd1be8fc9ce8088bf297fdd4e6
E1,jpeg_compression,5,random_direction,0.01,1.0,,4,1,0.30000000000000027,,0.30000000000000027,0.30000000000000027,2000.0,,2000,2000,0.015384615384615385,,0.015384615384615385,0.015384615384615385,0.009291521486643438,,0.009291521486643438,0.009291521486643438,585.0,,585,585,861.0,,861,861,-0.0011103849411010743,,-0.0011103849411010743,-0.0011103849411010743,274f49f21a03df6f7da7f330fed2fe31ff1b6bdd1be8fc9ce8088bf297fdd4e6
E1,jpeg_compression,5,random_direction,0.01,1.0,,5,1,0.3500000000000003,,0.3500000000000003,0.3500000000000003,2000.0,,2000,2000,0.02735042735042735,,0.02735042735042735,0.02735042735042735,0.016260162601626018,,0.016260162601626018,0.016260162601626018,585.0,,585,585,861.0,,861,861,-0.0003433058261871338,,-0.0003433058261871338,-0.0003433058261871338,274f49f21a03df6f7da7f330fed2fe31ff1b6bdd1be8fc9ce8088bf297fdd4e6
E1,jpeg_compression,5,random_direction,0.01,1.0,,6,1,0.30000000000000027,,0.30000000000000027,0.30000000000000027,2000.0,,2000,2000,0.03076923076923077,,0.03076923076923077,0.03076923076923077,0.019744483159117306,,0.019744483159117306,0.019744483159117306,585.0,,585,585,861.0,,861,861,-0.006510991215705871,,-0.006510991215705871,-0.006510991215705871,274f49f21a03df6f7da7f330fed2fe31ff1b6bdd1be8fc9ce8088bf297fdd4e6
E1,jpeg_compression,5,random_direction,0.01,1.0,,7,1,0.15000000000000013,,0.15000000000000013,0.15000000000000013,2000.0,,2000,2000,0.02735042735042735,,0.02735042735042735,0.02735042735042735,0.019744483159117306,,0.019744483159117306,0.019744483159117306,585.0,,585,585,861.0,,861,861,-0.0033130303621292114,,-0.0033130303621292114,-0.0033130303621292114,274f49f21a03df6f7da7f330fed2fe31ff1b6bdd1be8fc9ce8088bf297fdd4e6
E1,jpeg_compression,5,random_direction,0.01,1.0,,8,1,0.15000000000000013,,0.15000000000000013,0.15000000000000013,2000.0,,2000,2000,0.02735042735042735,,0.02735042735042735,0.02735042735042735,0.019744483159117306,,0.019744483159117306,0.019744483159117306,585.0,,585,585,861.0,,861,861,-0.0013155266046524048,,-0.0013155266046524048,-0.0013155266046524048,274f49f21a03df6f7da7f330fed2fe31ff1b6bdd1be8fc9ce8088bf297fdd4e6
E1,jpeg_compression,5,random_direction,0.01,1.0,,9,1,0.2500000000000002,,0.2500000000000002,0.2500000000000002,2000.0,,2000,2000,0.02735042735042735,,0.02735042735042735,0.02735042735042735,0.015098722415795587,,0.015098722415795587,0.015098722415795587,585.0,,585,585,861.0,,861,861,0.0021917936801910403,,0.0021917936801910403,0.0021917936801910403,274f49f21a03df6f7da7f330fed2fe31ff1b6bdd1be8fc9ce8088bf297fdd4e6
E1,jpeg_compression,5,random_direction,0.01,1.0,,10,1,0.15000000000000013,,0.15000000000000013,0.15000000000000013,2000.0,,2000,2000,0.022222222222222223,,0.022222222222222223,0.022222222222222223,0.013937282229965157,,0.013937282229965157,0.013937282229965157,585.0,,585,585,861.0,,861,861,0.004923644185066223,,0.004923644185066223,0.004923644185066223,274f49f21a03df6f7da7f330fed2fe31ff1b6bdd1be8fc9ce8088bf297fdd4e6
E1,jpeg_compression,5,random_direction,0.01,1.0,,11,1,0.10000000000000009,,0.10000000000000009,0.10000000000000009,2000.0,,2000,2000,0.022222222222222223,,0.022222222222222223,0.022222222222222223,0.015098722415795587,,0.015098722415795587,0.015098722415795587,585.0,,585,585,861.0,,861,861,0.0022963725328445433,,0.0022963725328445433,0.0022963725328445433,274f49f21a03df6f7da7f330fed2fe31ff1b6bdd1be8fc9ce8088bf297fdd4e6
E1,jpeg_compression,5,shuffled_donor,0.01,1.0,,0,1,-0.8500000000000008,,-0.8500000000000008,-0.8500000000000008,2000.0,,2000,2000,0.03247863247863248,,0.03247863247863248,0.03247863247863248,0.047619047619047616,,0.047619047619047616,0.047619047619047616,585.0,,585,585,861.0,,861,861,-0.022591396152973175,,-0.022591396152973175,-0.022591396152973175,274f49f21a03df6f7da7f330fed2fe31ff1b6bdd1be8fc9ce8088bf297fdd4e6
E1,jpeg_compression,5,shuffled_donor,0.01,1.0,,1,1,0.0,,0.0,0.0,2000.0,,2000,2000,0.02905982905982906,,0.02905982905982906,0.02905982905982906,0.024390243902439025,,0.024390243902439025,0.024390243902439025,585.0,,585,585,861.0,,861,861,0.0002205294370651245,,0.0002205294370651245,0.0002205294370651245,274f49f21a03df6f7da7f330fed2fe31ff1b6bdd1be8fc9ce8088bf297fdd4e6
E1,jpeg_compression,5,shuffled_donor,0.01,1.0,,2,1,-0.4500000000000004,,-0.4500000000000004,-0.4500000000000004,2000.0,,2000,2000,0.017094017094017096,,0.017094017094017096,0.017094017094017096,0.027874564459930314,,0.027874564459930314,0.027874564459930314,585.0,,585,585,861.0,,861,861,-0.010481706500053405,,-0.010481706500053405,-0.010481706500053405,274f49f21a03df6f7da7f330fed2fe31ff1b6bdd1be8fc9ce8088bf297fdd4e6
E1,jpeg_compression,5,shuffled_donor,0.01,1.0,,3,1,0.15000000000000013,,0.15000000000000013,0.15000000000000013,2000.0,,2000,2000,0.022222222222222223,,0.022222222222222223,0.022222222222222223,0.015098722415795587,,0.015098722415795587,0.015098722415795587,585.0,,585,585,861.0,,861,861,-0.0028608417510986328,,-0.0028608417510986328,-0.0028608417510986328,274f49f21a03df6f7da7f330fed2fe31ff1b6bdd1be8fc9ce8088bf297fdd4e6
E1,jpeg_compression,5,shuffled_donor,0.01,1.0,,4,1,0.0,,0.0,0.0,2000.0,,2000,2000,0.020512820512820513,,0.020512820512820513,0.020512820512820513,0.020905923344947737,,0.020905923344947737,0.020905923344947737,585.0,,585,585,861.0,,861,861,-0.006085205674171448,,-0.006085205674171448,-0.006085205674171448,274f49f21a03df6f7da7f330fed2fe31ff1b6bdd1be8fc9ce8088bf297fdd4e6
E1,jpeg_compression,5,shuffled_donor,0.01,1.0,,5,1,-0.10000000000000009,,-0.10000000000000009,-0.10000000000000009,2000.0,,2000,2000,0.017094017094017096,,0.017094017094017096,0.017094017094017096,0.019744483159117306,,0.019744483159117306,0.019744483159117306,585.0,,585,585,861.0,,861,861,-0.007530887126922608,,-0.007530887126922608,-0.007530887126922608,274f49f21a03df6f7da7f330fed2fe31ff1b6bdd1be8fc9ce8088bf297fdd4e6
E1,jpeg_compression,5,shuffled_donor,0.01,1.0,,6,1,-0.2500000000000002,,-0.2500000000000002,-0.2500000000000002,2000.0,,2000,2000,0.022222222222222223,,0.022222222222222223,0.022222222222222223,0.027874564459930314,,0.027874564459930314,0.027874564459930314,585.0,,585,585,861.0,,861,861,-0.017452247858047484,,-0.017452247858047484,-0.017452247858047484,274f49f21a03df6f7da7f330fed2fe31ff1b6bdd1be8fc9ce8088bf297fdd4e6
E1,jpeg_compression,5,shuffled_donor,0.01,1.0,,7,1,-0.3500000000000003,,-0.3500000000000003,-0.3500000000000003,2000.0,,2000,2000,0.018803418803418803,,0.018803418803418803,0.018803418803418803,0.027874564459930314,,0.027874564459930314,0.027874564459930314,585.0,,585,585,861.0,,861,861,-0.01635701358318329,,-0.01635701358318329,-0.01635701358318329,274f49f21a03df6f7da7f330fed2fe31ff1b6bdd1be8fc9ce8088bf297fdd4e6
E1,jpeg_compression,5,shuffled_donor,0.01,1.0,,8,1,-0.3500000000000003,,-0.3500000000000003,-0.3500000000000003,2000.0,,2000,2000,0.013675213675213675,,0.013675213675213675,0.013675213675213675,0.024390243902439025,,0.024390243902439025,0.024390243902439025,585.0,,585,585,861.0,,861,861,-0.0063141131401062015,,-0.0063141131401062015,-0.0063141131401062015,274f49f21a03df6f7da7f330fed2fe31ff1b6bdd1be8fc9ce8088bf297fdd4e6
E1,jpeg_compression,5,shuffled_donor,0.01,1.0,,9,1,-0.40000000000000036,,-0.40000000000000036,-0.40000000000000036,2000.0,,2000,2000,0.008547008547008548,,0.008547008547008548,0.008547008547008548,0.019744483159117306,,0.019744483159117306,0.019744483159117306,585.0,,585,585,861.0,,861,861,-0.0005812205076217652,,-0.0005812205076217652,-0.0005812205076217652,274f49f21a03df6f7da7f330fed2fe31ff1b6bdd1be8fc9ce8088bf297fdd4e6
E1,jpeg_compression,5,shuffled_donor,0.01,1.0,,10,1,0.0,,0.0,0.0,2000.0,,2000,2000,0.006837606837606838,,0.006837606837606838,0.006837606837606838,0.010452961672473868,,0.010452961672473868,0.010452961672473868,585.0,,585,585,861.0,,861,861,0.0009795148372650146,,0.0009795148372650146,0.0009795148372650146,274f49f21a03df6f7da7f330fed2fe31ff1b6bdd1be8fc9ce8088bf297fdd4e6
E1,jpeg_compression,5,shuffled_donor,0.01,1.0,,11,1,-0.10000000000000009,,-0.10000000000000009,-0.10000000000000009,2000.0,,2000,2000,0.010256410256410256,,0.010256410256410256,0.010256410256410256,0.011614401858304297,,0.011614401858304297,0.011614401858304297,585.0,,585,585,861.0,,861,861,0.0014292446374893188,,0.0014292446374893188,0.0014292446374893188,274f49f21a03df6f7da7f330fed2fe31ff1b6bdd1be8fc9ce8088bf297fdd4e6
