layer,metric_name,score,n_samples,summary_mode,label_access,corruption,severity,split,is_observed,model_fingerprint
0,relative_distance,0.012447606909117401,2000,cls,none,gaussian_noise,1,score,True,274f49f21a03df6f7da7f330fed2fe31ff1b6bdd1be8fc9ce8088bf297fdd4e6
0,cosine_distance,8.256379945412091e-05,2000,cls,none,gaussian_noise,1,score,True,274f49f21a03df6f7da7f330fed2fe31ff1b6bdd1be8fc9ce8088bf297fdd4e6
0,one_minus_cka,0.008339389986021017,2000,cls,none,gaussian_noise,1,score,True,274f49f21a03df6f7da7f330fed2fe31ff1b6bdd1be8fc9ce8088bf297fdd4e6
0,amplification_ratio,1.0,2000,cls,none,gaussian_noise,1,score,True,274f49f21a03df6f7da7f330fed2fe31ff1b6bdd1be8fc9ce8088bf297fdd4e6
0,knn_preservation,0.5133179889855587,2000,cls,none,gaussian_noise,1,score,True,274f49f21a03df6f7da7f330fed2fe31ff1b6bdd1be8fc9ce8088bf297fdd4e6
0,relative_distance,0.44677207382355355,2000,patch_mean,none,gaussian_noise,1,score,True,274f49f21a03df6f7da7f330fed2fe31ff1b6bdd1be8fc9ce8088bf297fdd4e6
0,cosine_distance,0.10929724411249947,2000,patch_mean,none,gaussian_noise,1,score,True,274f49f21a03df6f7da7f330fed2fe31ff1b6bdd1be8fc9ce8088bf297fdd4e6
0,one_minus_cka,0.1130957111367259,2000,patch_mean,none,gaussian_noise,1,score,True,274f49f21a03df6f7da7f330fed2fe31ff1b6bdd1be8fc9ce8088bf297fdd4e6
0,amplification_ratio,1.0,2000,patch_mean,none,gaussian_noise,1,score,True,274f49f21a03df6f7da7f330fed2fe31ff1b6bdd1be8fc9ce8088bf297fdd4e6
0,knn_preservation,0.431939408931282,2000,patch_mean,none,gaussian_noise,1,score,True,274f49f21a03df6f7da7f330fed2fe31ff1b6bdd1be8fc9ce8088bf297fdd4e6
1,relative_distance,0.04195976102088917,2000,cls,none,gaussian_noise,1,score,True,274f49f21a03df6f7da7f330fed2fe31ff1b6bdd1be8fc9ce8088bf297fdd4e6
1,cosine_distance,0.0009618277219499752,2000,cls,none,gaussian_noise,1,score,True,274f49f21a03df6f7da7f330fed2fe31ff1b6bdd1be8fc9ce8088bf297fdd4e6
1,one_minus_cka,0.0959765016237698,2000,cls,none,gaussian_noise,1,score,True,274f49f21a03df6f7da7f330fed2fe31ff1b6bdd1be8fc9ce8088bf297fdd4e6
1,amplification_ratio,3.3709098726563442,2000,cls,none,gaussian_noise,1,score,True,274f49f21a03df6f7da7f330fed2fe31ff1b6bdd1be8fc9ce8088bf297fdd4e6
1,knn_preservation,0.4180718061608154,2000,cls,none,gaussian_noise,1,score,True,274f49f21a03df6f7da7f330fed2fe31ff1b6bdd1be8fc9ce8088bf297fdd4e6
1,relative_distance,0.5354542167938633,2000,patch_mean,none,gaussian_noise,1,score,True,274f49f21a03df6f7da7f330fed2fe31ff1b6bdd1be8fc9ce8088bf297fdd4e6
1,cosine_distance,0.14677778002121777,2000,patch_mean,none,gaussian_noise,1,score,True,274f49f21a03df6f7da7f330fed2fe31ff1b6bdd1be8fc9ce8088bf297fdd4e6
1,one_minus_cka,0.09444708214124609,2000,patch_mean,none,gaussian_noise,1,score,True,274f49f21a03df6f7da7f330fed2fe31ff1b6bdd1be8fc9ce8088bf297fdd4e6
1,amplification_ratio,1.1984952689888435,2000,patch_mean,none,gaussian_noise,1,score,True,274f49f21a03df6f7da7f330fed2fe31ff1b6bdd1be8fc9ce8088bf297fdd4e6
1,knn_preservation,0.4129735091190199,2000,patch_mean,none,gaussian_noise,1,score,True,274f49f21a03df6f7da7f330fed2fe31ff1b6bdd1be8fc9ce8088bf297fdd4e6
2,relative_distance,0.06127940629422323,2000,cls,none,gaussian_noise,1,score,True,274f49f21a03df6f7da7f330fed2fe31ff1b6bdd1be8fc9ce8088bf297fdd4e6
2,cosine_distance,0.001964968958406743,2000,cls,none,gaussian_noise,1,score,True,274f49f21a03df6f7da7f330fed2fe31ff1b6bdd1be8fc9ce8088bf297fdd4e6
2,one_minus_cka,0.11597725361478206,2000,cls,none,gaussian_noise,1,score,True,274f49f21a03df6f7da7f330fed2fe31ff1b6bdd1be8fc9ce8088bf297fdd4e6
2,amplification_ratio,1.460432681294729,2000,cls,none,gaussian_noise,1,score,True,274f49f21a03df6f7da7f330fed2fe31ff1b6bdd1be8fc9ce8088bf297fdd4e6
2,knn_preservation,0.3313533607775094,2000,cls,none,gaussian_noise,1,score,True,274f49f21a03df6f7da7f330fed2fe31ff1b6bdd1be8fc9ce8088bf297fdd4e6
2,relative_distance,0.5610830164758165,2000,patch_mean,none,gaussian_noise,1,score,True,274f49f21a03df6f7da7f330fed2fe31ff1b6bdd1be8fc9ce8088bf297fdd4e6
2,cosine_distance,0.16466954991488808,2000,patch_mean,none,gaussian_noise,1,score,True,274f49f21a03df6f7da7f330fed2fe31ff1b6bdd1be8fc9ce8088bf297fdd4e6
2,one_minus_cka,0.07941819744237022,2000,patch_mean,none,gaussian_noise,1,score,True,274f49f21a03df6f7da7f330fed2fe31ff1b6bdd1be8fc9ce8088bf297fdd4e6
2,amplification_ratio,1.0478636620613628,2000,patch_mean,none,gaussian_noise,1,score,True,274f49f21a03df6f7da7f330fed2fe31ff1b6bdd1be8fc9ce8088bf297fdd4e6
2,knn_preservation,0.42676183912406823,2000,patch_mean,none,gaussian_noise,1,score,True,274f49f21a03df6f7da7f330fed2fe31ff1b6bdd1be8fc9ce8088bf297fdd4e6
3,relative_distance,0.07287921741053922,2000,cls,none,gaussian_noise,1,score,True,274f49f21a03df6f7da7f330fed2fe31ff1b6bdd1be8fc9ce8088bf297fdd4e6
3,cosine_distance,0.0027467045514634647,2000,cls,none,gaussian_noise,1,score,True,274f49f21a03df6f7da7f330fed2fe31ff1b6bdd1be8fc9ce8088bf297fdd4e6
3,one_minus_cka,0.09525862271324326,2000,cls,none,gaussian_noise,1,score,True,274f49f21a03df6f7da7f330fed2fe31ff1b6bdd1be8fc9ce8088bf297fdd4e6
3,amplification_ratio,1.1892937908148353,2000,cls,none,gaussian_noise,1,score,True,274f49f21a03df6f7da7f330fed2fe31ff1b6bdd1be8fc9ce8088bf297fdd4e6
3,knn_preservation,0.3402289847235668,2000,cls,none,gaussian_noise,1,score,True,274f49f21a03df6f7da7f330fed2fe31ff1b6bdd1be8fc9ce8088bf297fdd4e6
3,relative_distance,0.5179811864898236,2000,patch_mean,none,gaussian_noise,1,score,True,274f49f21a03df6f7da7f330fed2fe31ff1b6bdd1be8fc9ce8088bf297fdd4e6
3,cosine_distance,0.14264496277707064,2000,patch_mean,none,gaussian_noise,1,score,True,274f49f21a03df6f7da7f330fed2fe31ff1b6bdd1be8fc9ce8088bf297fdd4e6
3,one_minus_cka,0.0678328996359735,2000,patch_mean,none,gaussian_noise,1,score,True,274f49f21a03df6f7da7f330fed2fe31ff1b6bdd1be8fc9ce8088bf297fdd4e6
3,amplification_ratio,0.9231810111510466,2000,patch_mean,none,gaussian_noise,1,score,True,274f49f21a03df6f7da7f330fed2fe31ff1b6bdd1be8fc9ce8088bf297fdd4e6
3,knn_preservation,0.42611849150161846,2000,patch_mean,none,gaussian_noise,1,score,True,274f49f21a03df6f7da7f330fed2fe31ff1b6bdd1be8fc9ce8088bf297fdd4e6
4,relative_distance,0.08537812088534048,2000,cls,none,gaussian_noise,1,score,True,274f49f21a03df6f7da7f330fed2fe31ff1b6bdd1be8fc9ce8088bf297fdd4e6
4,cosine_distance,0.0037525873284090672,2000,cls,none,gaussian_noise,1,score,True,274f49f21a03df6f7da7f330fed2fe31ff1b6bdd1be8fc9ce8088bf297fdd4e6
4,one_minus_cka,0.0812489471879384,2000,cls,none,gaussian_noise,1,score,True,274f49f21a03df6f7da7f330fed2fe31ff1b6bdd1be8fc9ce8088bf297fdd4e6
4,amplification_ratio,1.1715016148484845,2000,cls,none,gaussian_noise,1,score,True,274f49f21a03df6f7da7f330fed2fe31ff1b6bdd1be8fc9ce8088bf297fdd4e6
4,knn_preservation,0.35777274338148946,2000,cls,none,gaussian_noise,1,score,True,274f49f21a03df6f7da7f330fed2fe31ff1b6bdd1be8fc9ce8088bf297fdd4e6
4,relative_distance,0.44235738367773014,2000,patch_mean,none,gaussian_noise,1,score,True,274f49f21a03df6f7da7f330fed2fe31ff1b6bdd1be8fc9ce8088bf297fdd4e6
4,cosine_distance,0.10337307611992087,2000,patch_mean,none,gaussian_noise,1,score,True,274f49f21a03df6f7da7f330fed2fe31ff1b6bdd1be8fc9ce8088bf297fdd4e6
4,one_minus_cka,0.061933190936721005,2000,patch_mean,none,gaussian_noise,1,score,True,274f49f21a03df6f7da7f330fed2fe31ff1b6bdd1be8fc9ce8088bf297fdd4e6
4,amplification_ratio,0.8540028001314692,2000,patch_mean,none,gaussian_noise,1,score,True,274f49f21a03df6f7da7f330fed2fe31ff1b6bdd1be8fc9ce8088bf297fdd4e6
4,knn_preservation,0.41558633351512614,2000,patch_mean,none,gaussian_noise,1,score,True,274f49f21a03df6f7da7f330fed2fe31ff1b6bdd1be8fc9ce8088bf297fdd4e6
5,relative_distance,0.10377868418956535,2000,cls,none,gaussian_noise,1,score,True,274f49f21a03df6f7da7f330fed2fe31ff1b6bdd1be8fc9ce8088bf297fdd4e6
5,cosine_distance,0.005476697823888027,2000,cls,none,gaussian_noise,1,score,True,274f49f21a03df6f7da7f330fed2fe31ff1b6bdd1be8fc9ce8088bf297fdd4e6
5,one_minus_cka,0.07521815900893758,2000,cls,none,gaussian_noise,1,score,True,274f49f21a03df6f7da7f330fed2fe31ff1b6bdd1be8fc9ce8088bf297fdd4e6
5,amplification_ratio,1.215518485455262,2000,cls,none,gaussian_noise,1,score,True,274f49f21a03df6f7da7f330fed2fe31ff1b6bdd1be8fc9ce8088bf297fdd4e6
5,knn_preservation,0.37894259653315376,2000,cls,none,gaussian_noise,1,score,True,274f49f21a03df6f7da7f330fed2fe31ff1b6bdd1be8fc9ce8088bf297fdd4e6
5,relative_distance,0.3822784164564411,2000,patch_mean,none,gaussian_noise,1,score,True,274f49f21a03df6f7da7f330fed2fe31ff1b6bdd1be8fc9ce8088bf297fdd4e6
5,cosine_distance,0.07681215393927257,2000,patch_mean,none,gaussian_noise,1,score,True,274f49f21a03df6f7da7f330fed2fe31ff1b6bdd1be8fc9ce8088bf297fdd4e6
5,one_minus_cka,0.06477910291051481,2000,patch_mean,none,gaussian_noise,1,score,True,274f49f21a03df6f7da7f330fed2fe31ff1b6bdd1be8fc9ce8088bf297fdd4e6
5,amplification_ratio,0.8641845497823583,2000,patch_mean,none,gaussian_noise,1,score,True,274f49f21a03df6f7da7f330fed2fe31ff1b6bdd1be8fc9ce8088bf297fdd4e6
5,knn_preservation,0.4153458869561811,2000,patch_mean,none,gaussian_noise,1,score,True,274f49f21a03df6f7da7f330fed2fe31ff1b6bdd1be8fc9ce8088bf297fdd4e6
6,relative_distance,0.1345471194030708,2000,cls,none,gaussian_noise,1,score,True,274f49f21a03df6f7da7f330fed2fe31ff1b6bdd1be8fc9ce8088bf297fdd4e6
6,cosine_distance,0.009133595786968462,2000,cls,none,gaussian_noise,1,score,True,274f49f21a03df6f7da7f330fed2fe31ff1b6bdd1be8fc9ce8088bf297fdd4e6
6,one_minus_cka,0.07384929238770199,2000,cls,none,gaussian_noise,1,score,True,274f49f21a03df6f7da7f330fed2fe31ff1b6bdd1be8fc9ce8088bf297fdd4e6
6,amplification_ratio,1.2964812615787542,2000,cls,none,gaussian_noise,1,score,True,274f49f21a03df6f7da7f330fed2fe31ff1b6bdd1be8fc9ce8088bf297fdd4e6
6,knn_preservation,0.3956115776208656,2000,cls,none,gaussian_noise,1,score,True,274f49f21a03df6f7da7f330fed2fe31ff1b6bdd1be8fc9ce8088bf297fdd4e6
6,relative_distance,0.36046243371225317,2000,patch_mean,none,gaussian_noise,1,score,True,274f49f21a03df6f7da7f330fed2fe31ff1b6bdd1be8fc9ce8088bf297fdd4e6
6,cosine_distance,0.06665515688848507,2000,patch_mean,none,gaussian_noise,1,score,True,274f49f21a03df6f7da7f330fed2fe31ff1b6bdd1be8fc9ce8088bf297fdd4e6
6,one_minus_cka,0.0726485145679927,2000,patch_mean,none,gaussian_noise,1,score,True,274f49f21a03df6f7da7f330fed2fe31ff1b6bdd1be8fc9ce8088bf297fdd4e6
6,amplification_ratio,0.9429316911312627,2000,patch_mean,none,gaussian_noise,1,score,True,274f49f21a03df6f7da7f330fed2fe31ff1b6bdd1be8fc9ce8088bf297fdd4e6
6,knn_preservation,0.4369775766029636,2000,patch_mean,none,gaussian_noise,1,score,True,274f49f21a03df6f7da7f330fed2fe31ff1b6bdd1be8fc9ce8088bf297fdd4e6
7,relative_distance,0.17021571178410347,2000,cls,none,gaussian_noise,1,score,True,274f49f21a03df6f7da7f330fed2fe31ff1b6bdd1be8fc9ce8088bf297fdd4e6
7,cosine_distance,0.014516525554446958,2000,cls,none,gaussian_noise,1,score,True,274f49f21a03df6f7da7f330fed2fe31ff1b6bdd1be8fc9ce8088bf297fdd4e6
7,one_minus_cka,0.08471559519047978,2000,cls,none,gaussian_noise,1,score,True,274f49f21a03df6f7da7f330fed2fe31ff1b6bdd1be8fc9ce8088bf297fdd4e6
7,amplification_ratio,1.2651011224861541,2000,cls,none,gaussian_noise,1,score,True,274f49f21a03df6f7da7f330fed2fe31ff1b6bdd1be8fc9ce8088bf297fdd4e6
7,knn_preservation,0.41265717525508544,2000,cls,none,gaussian_noise,1,score,True,274f49f21a03df6f7da7f330fed2fe31ff1b6bdd1be8fc9ce8088bf297fdd4e6
7,relative_distance,0.3368823269535083,2000,patch_mean,none,gaussian_noise,1,score,True,274f49f21a03df6f7da7f330fed2fe31ff1b6bdd1be8fc9ce8088bf297fdd4e6
7,cosine_distance,0.05774437438610459,2000,patch_mean,none,gaussian_noise,1,score,True,274f49f21a03df6f7da7f330fed2fe31ff1b6bdd1be8fc9ce8088bf297fdd4e6
7,one_minus_cka,0.07783104482953651,2000,patch_mean,none,gaussian_noise,1,score,True,274f49f21a03df6f7da7f330fed2fe31ff1b6bdd1be8fc9ce8088bf297fdd4e6
7,amplification_ratio,0.9345837331343987,2000,patch_mean,none,gaussian_noise,1,score,True,274f49f21a03df6f7da7f330fed2fe31ff1b6bdd1be8fc9ce8088bf297fdd4e6
7,knn_preservation,0.45529245397705154,2000,patch_mean,none,gaussian_noise,1,score,True,274f49f21a03df6f7da7f330fed2fe31ff1b6bdd1be8fc9ce8088bf297fdd4e6
8,relative_distance,0.23100541290604684,2000,cls,none,gaussian_noise,1,score,True,274f49f21a03df6f7da7f330fed2fe31ff1b6bdd1be8fc9ce8088bf297fdd4e6
8,cosine_distance,0.026915856482706946,2000,cls,none,gaussian_noise,1,score,True,274f49f21a03df6f7da7f330fed2fe31ff1b6bdd1be8fc9ce8088bf297fdd4e6
8,one_minus_cka,0.11121598620405915,2000,cls,none,gaussian_noise,1,score,True,274f49f21a03df6f7da7f330fed2fe31ff1b6bdd1be8fc9ce8088bf297fdd4e6
8,amplification_ratio,1.3571333132810162,2000,cls,none,gaussian_noise,1,score,True,274f49f21a03df6f7da7f330fed2fe31ff1b6bdd1be8fc9ce8088bf297fdd4e6
8,knn_preservation,0.399852255544593,2000,cls,none,gaussian_noise,1,score,True,274f49f21a03df6f7da7f330fed2fe31ff1b6bdd1be8fc9ce8088bf297fdd4e6
8,relative_distance,0.3058547363855868,2000,patch_mean,none,gaussian_noise,1,score,True,274f49f21a03df6f7da7f330fed2fe31ff1b6bdd1be8fc9ce8088bf297fdd4e6
8,cosine_distance,0.04720311288884803,2000,patch_mean,none,gaussian_noise,1,score,True,274f49f21a03df6f7da7f330fed2fe31ff1b6bdd1be8fc9ce8088bf297fdd4e6
8,one_minus_cka,0.07209073832913815,2000,patch_mean,none,gaussian_noise,1,score,True,274f49f21a03df6f7da7f330fed2fe31ff1b6bdd1be8fc9ce8088bf297fdd4e6
8,amplification_ratio,0.907897838249605,2000,patch_mean,none,gaussian_noise,1,score,True,274f49f21a03df6f7da7f330fed2fe31ff1b6bdd1be8fc9ce8088bf297fdd4e6
8,knn_preservation,0.46096532419249137,2000,patch_mean,none,gaussian_noise,1,score,True,274f49f21a03df6f7da7f330fed2fe31ff1b6bdd1be8fc9ce8088bf297fdd4e6
9,relative_distance,0.2938128463578496,2000,cls,none,gaussian_noise,1,score,True,274f49f21a03df6f7da7f330fed2fe31ff1b6bdd1be8fc9ce8088bf297fdd4e6
9,cosine_distance,0.04452721502973209,2000,cls,none,gaussian_noise,1,score,True,274f49f21a03df6f7da7f330fed2fe31ff1b6bdd1be8fc9ce8088bf297fdd4e6
9,one_minus_cka,0.11757520334946259,2000,cls,none,gaussian_noise,1,score,True,274f49f21a03df6f7da7f330fed2fe31ff1b6bdd1be8fc9ce8088bf297fdd4e6
9,amplification_ratio,1.27188728030952,2000,cls,none,gaussian_noise,1,score,True,274f49f21a03df6f7da7f330fed2fe31ff1b6bdd1be8fc9ce8088bf297fdd4e6
9,knn_preservation,0.3928064021032287,2000,cls,none,gaussian_noise,1,score,True,274f49f21a03df6f7da7f330fed2fe31ff1b6bdd1be8fc9ce8088bf297fdd4e6
9,relative_distance,0.2625605061756328,2000,patch_mean,none,gaussian_noise,1,score,True,274f49f21a03df6f7da7f330fed2fe31ff1b6bdd1be8fc9ce8088bf297fdd4e6
9,cosine_distance,0.03465414781670198,2000,patch_mean,none,gaussian_noise,1,score,True,274f49f21a03df6f7da7f330fed2fe31ff1b6bdd1be8fc9ce8088bf297fdd4e6
9,one_minus_cka,0.0656706512043046,2000,patch_mean,none,gaussian_noise,1,score,True,274f49f21a03df6f7da7f330fed2fe31ff1b6bdd1be8fc9ce8088bf297fdd4e6
9,amplification_ratio,0.8584483904955013,2000,patch_mean,none,gaussian_noise,1,score,True,274f49f21a03df6f7da7f330fed2fe31ff1b6bdd1be8fc9ce8088bf297fdd4e6
9,knn_preservation,0.46272979359821464,2000,patch_mean,none,gaussian_noise,1,score,True,274f49f21a03df6f7da7f330fed2fe31ff1b6bdd1be8fc9ce8088bf297fdd4e6
10,relative_distance,0.31514429123429577,2000,cls,none,gaussian_noise,1,score,True,274f49f21a03df6f7da7f330fed2fe31ff1b6bdd1be8fc9ce8088bf297fdd4e6
10,cosine_distance,0.05347831803606898,2000,cls,none,gaussian_noise,1,score,True,274f49f21a03df6f7da7f330fed2fe31ff1b6bdd1be8fc9ce8088bf297fdd4e6
10,one_minus_cka,0.09910441112421664,2000,cls,none,gaussian_noise,1,score,True,274f49f21a03df6f7da7f330fed2fe31ff1b6bdd1be8fc9ce8088bf297fdd4e6
10,amplification_ratio,1.0726021518149194,2000,cls,none,gaussian_noise,1,score,True,274f49f21a03df6f7da7f330fed2fe31ff1b6bdd1be8fc9ce8088bf297fdd4e6
10,knn_preservation,0.40413629365990045,2000,cls,none,gaussian_noise,1,score,True,274f49f21a03df6f7da7f330fed2fe31ff1b6bdd1be8fc9ce8088bf297fdd4e6
10,relative_distance,0.24598846027672464,2000,patch_mean,none,gaussian_noise,1,score,True,274f49f21a03df6f7da7f330fed2fe31ff1b6bdd1be8fc9ce8088bf297fdd4e6
10,cosine_distance,0.02984851101057455,2000,patch_mean,none,gaussian_noise,1,score,True,274f49f21a03df6f7da7f330fed2fe31ff1b6bdd1be8fc9ce8088bf297fdd4e6
10,one_minus_cka,0.07052795060080685,2000,patch_mean,none,gaussian_noise,1,score,True,274f49f21a03df6f7da7f330fed2fe31ff1b6bdd1be8fc9ce8088bf297fdd4e6
10,amplification_ratio,0.9368829450388751,2000,patch_mean,none,gaussian_noise,1,score,True,274f49f21a03df6f7da7f330fed2fe31ff1b6bdd1be8fc9ce8088bf297fdd4e6
10,knn_preservation,0.43244956252038297,2000,patch_mean,none,gaussian_noise,1,score,True,274f49f21a03df6f7da7f330fed2fe31ff1b6bdd1be8fc9ce8088bf297fdd4e6
11,relative_distance,0.4141608920611126,2000,cls,none,gaussian_noise,1,score,True,274f49f21a03df6f7da7f330fed2fe31ff1b6bdd1be8fc9ce8088bf297fdd4e6
11,cosine_distance,0.0881997043080317,2000,cls,none,gaussian_noise,1,score,True,274f49f21a03df6f7da7f330fed2fe31ff1b6bdd1be8fc9ce8088bf297fdd4e6
11,one_minus_cka,0.13648639146731256,2000,cls,none,gaussian_noise,1,score,True,274f49f21a03df6f7da7f330fed2fe31ff1b6bdd1be8fc9ce8088bf297fdd4e6
11,amplification_ratio,1.314194493065408,2000,cls,none,gaussian_noise,1,score,True,274f49f21a03df6f7da7f330fed2fe31ff1b6bdd1be8fc9ce8088bf297fdd4e6
11,knn_preservation,0.315496428279323,2000,cls,none,gaussian_noise,1,score,True,274f49f21a03df6f7da7f330fed2fe31ff1b6bdd1be8fc9ce8088bf297fdd4e6
11,relative_distance,0.27511146066801134,2000,patch_mean,none,gaussian_noise,1,score,True,274f49f21a03df6f7da7f330fed2fe31ff1b6bdd1be8fc9ce8088bf297fdd4e6
11,cosine_distance,0.03521107839105373,2000,patch_mean,none,gaussian_noise,1,score,True,274f49f21a03df6f7da7f330fed2fe31ff1b6bdd1be8fc9ce8088bf297fdd4e6
11,one_minus_cka,0.071368564590374,2000,patch_mean,none,gaussian_noise,1,score,True,274f49f21a03df6f7da7f330fed2fe31ff1b6bdd1be8fc9ce8088bf297fdd4e6
11,amplification_ratio,1.1183917341428324,2000,patch_mean,none,gaussian_noise,1,score,True,274f49f21a03df6f7da7f330fed2fe31ff1b6bdd1be8fc9ce8088bf297fdd4e6
11,knn_preservation,0.3966487815589983,2000,patch_mean,none,gaussian_noise,1,score,True,274f49f21a03df6f7da7f330fed2fe31ff1b6bdd1be8fc9ce8088bf297fdd4e6
0,relative_distance,0.0332528278209706,2000,cls,none,gaussian_noise,3,score,True,274f49f21a03df6f7da7f330fed2fe31ff1b6bdd1be8fc9ce8088bf297fdd4e6
0,cosine_distance,0.0005938478526910132,2000,cls,none,gaussian_noise,3,score,True,274f49f21a03df6f7da7f330fed2fe31ff1b6bdd1be8fc9ce8088bf297fdd4e6
0,one_minus_cka,0.09677316942763359,2000,cls,none,gaussian_noise,3,score,True,274f49f21a03df6f7da7f330fed2fe31ff1b6bdd1be8fc9ce8088bf297fdd4e6
0,amplification_ratio,1.0,2000,cls,none,gaussian_noise,3,score,True,274f49f21a03df6f7da7f330fed2fe31ff1b6bdd1be8fc9ce8088bf297fdd4e6
0,knn_preservation,0.19056066830486335,2000,cls,none,gaussian_noise,3,score,True,274f49f21a03df6f7da7f330fed2fe31ff1b6bdd1be8fc9ce8088bf297fdd4e6
0,relative_distance,0.8014294017902505,2000,patch_mean,none,gaussian_noise,3,score,True,274f49f21a03df6f7da7f330fed2fe31ff1b6bdd1be8fc9ce8088bf297fdd4e6
0,cosine_distance,0.28368670968636645,2000,patch_mean,none,gaussian_noise,3,score,True,274f49f21a03df6f7da7f330fed2fe31ff1b6bdd1be8fc9ce8088bf297fdd4e6
0,one_minus_cka,0.22535845346703187,2000,patch_mean,none,gaussian_noise,3,score,True,274f49f21a03df6f7da7f330fed2fe31ff1b6bdd1be8fc9ce8088bf297fdd4e6
0,amplification_ratio,1.0,2000,patch_mean,none,gaussian_noise,3,score,True,274f49f21a03df6f7da7f330fed2fe31ff1b6bdd1be8fc9ce8088bf297fdd4e6
0,knn_preservation,0.2558979227257091,2000,patch_mean,none,gaussian_noise,3,score,True,274f49f21a03df6f7da7f330fed2fe31ff1b6bdd1be8fc9ce8088bf297fdd4e6
1,relative_distance,0.06385481146984509,2000,cls,none,gaussian_noise,3,score,True,274f49f21a03df6f7da7f330fed2fe31ff1b6bdd1be8fc9ce8088bf297fdd4e6
1,cosine_distance,0.002107482863900369,2000,cls,none,gaussian_noise,3,score,True,274f49f21a03df6f7da7f330fed2fe31ff1b6bdd1be8fc9ce8088bf297fdd4e6
1,one_minus_cka,0.19266385900216876,2000,cls,none,gaussian_noise,3,score,True,274f49f21a03df6f7da7f330fed2fe31ff1b6bdd1be8fc9ce8088bf297fdd4e6
1,amplification_ratio,1.9202821430295205,2000,cls,none,gaussian_noise,3,score,True,274f49f21a03df6f7da7f330fed2fe31ff1b6bdd1be8fc9ce8088bf297fdd4e6
1,knn_preservation,0.19926285638166444,2000,cls,none,gaussian_noise,3,score,True,274f49f21a03df6f7da7f330fed2fe31ff1b6bdd1be8fc9ce8088bf297fdd4e6
1,relative_distance,0.8121054383560936,2000,patch_mean,none,gaussian_noise,3,score,True,274f49f21a03df6f7da7f330fed2fe31ff1b6bdd1be8fc9ce8088bf297fdd4e6
1,cosine_distance,0.300586392724342,2000,patch_mean,none,gaussian_noise,3,score,True,274f49f21a03df6f7da7f330fed2fe31ff1b6bdd1be8fc9ce8088bf297fdd4e6
1,one_minus_cka,0.1845996769226983,2000,patch_mean,none,gaussian_noise,3,score,True,274f49f21a03df6f7da7f330fed2fe31ff1b6bdd1be8fc9ce8088bf297fdd4e6
1,amplification_ratio,1.0133212439448749,2000,patch_mean,none,gaussian_noise,3,score,True,274f49f21a03df6f7da7f330fed2fe31ff1b6bdd1be8fc9ce8088bf297fdd4e6
1,knn_preservation,0.25710340107089324,2000,patch_mean,none,gaussian_noise,3,score,True,274f49f21a03df6f7da7f330fed2fe31ff1b6bdd1be8fc9ce8088bf297fdd4e6
2,relative_distance,0.08785479289694424,2000,cls,none,gaussian_noise,3,score,True,274f49f21a03df6f7da7f330fed2fe31ff1b6bdd1be8fc9ce8088bf297fdd4e6
2,cosine_distance,0.003939119021062132,2000,cls,none,gaussian_noise,3,score,True,274f49f21a03df6f7da7f330fed2fe31ff1b6bdd1be8fc9ce8088bf297fdd4e6
2,one_minus_cka,0.24014178115330276,2000,cls,none,gaussian_noise,3,score,True,274f49f21a03df6f7da7f330fed2fe31ff1b6bdd1be8fc9ce8088bf297fdd4e6
2,amplification_ratio,1.375852357475567,2000,cls,none,gaussian_noise,3,score,True,274f49f21a03df6f7da7f330fed2fe31ff1b6bdd1be8fc9ce8088bf297fdd4e6
2,knn_preservation,0.1716220760233918,2000,cls,none,gaussian_noise,3,score,True,274f49f21a03df6f7da7f330fed2fe31ff1b6bdd1be8fc9ce8088bf297fdd4e6
2,relative_distance,0.8624558991261617,2000,patch_mean,none,gaussian_noise,3,score,True,274f49f21a03df6f7da7f330fed2fe31ff1b6bdd1be8fc9ce8088bf297fdd4e6
2,cosine_distance,0.3533148267659575,2000,patch_mean,none,gaussian_noise,3,score,True,274f49f21a03df6f7da7f330fed2fe31ff1b6bdd1be8fc9ce8088bf297fdd4e6
2,one_minus_cka,0.16825495390509737,2000,patch_mean,none,gaussian_noise,3,score,True,274f49f21a03df6f7da7f330fed2fe31ff1b6bdd1be8fc9ce8088bf297fdd4e6
2,amplification_ratio,1.061999905913683,2000,patch_mean,none,gaussian_noise,3,score,True,274f49f21a03df6f7da7f330fed2fe31ff1b6bdd1be8fc9ce8088bf297fdd4e6
2,knn_preservation,0.2661065905628599,2000,patch_mean,none,gaussian_noise,3,score,True,274f49f21a03df6f7da7f330fed2fe31ff1b6bdd1be8fc9ce8088bf297fdd4e6
3,relative_distance,0.10358442501668515,2000,cls,none,gaussian_noise,3,score,True,274f49f21a03df6f7da7f330fed2fe31ff1b6bdd1be8fc9ce8088bf297fdd4e6
3,cosine_distance,0.005456815655860917,2000,cls,none,gaussian_noise,3,score,True,274f49f21a03df6f7da7f330fed2fe31ff1b6bdd1be8fc9ce8088bf297fdd4e6
3,one_minus_cka,0.22605126306692858,2000,cls,none,gaussian_noise,3,score,True,274f49f21a03df6f7da7f330fed2fe31ff1b6bdd1be8fc9ce8088bf297fdd4e6
3,amplification_ratio,1.1790412520600002,2000,cls,none,gaussian_noise,3,score,True,274f49f21a03df6f7da7f330fed2fe31ff1b6bdd1be8fc9ce8088bf297fdd4e6
3,knn_preservation,0.1890028001754008,2000,cls,none,gaussian_noise,3,score,True,274f49f21a03df6f7da7f330fed2fe31ff1b6bdd1be8fc9ce8088bf297fdd4e6
3,relative_distance,0.8196350554451906,2000,patch_mean,none,gaussian_noise,3,score,True,274f49f21a03df6f7da7f330fed2fe31ff1b6bdd1be8fc9ce8088bf297fdd4e6
3,cosine_distance,0.3378512883822825,2000,patch_mean,none,gaussian_noise,3,score,True,274f49f21a03df6f7da7f330fed2fe31ff1b6bdd1be8fc9ce8088bf297fdd4e6
3,one_minus_cka,0.15567573128073486,2000,patch_mean,none,gaussian_noise,3,score,True,274f49f21a03df6f7da7f330fed2fe31ff1b6bdd1be8fc9ce8088bf297fdd4e6
3,amplification_ratio,0.9503501063366172,2000,patch_mean,none,gaussian_noise,3,score,True,274f49f21a03df6f7da7f330fed2fe31ff1b6bdd1be8fc9ce8088bf297fdd4e6
3,knn_preservation,0.25391332742764633,2000,patch_mean,none,gaussian_noise,3,score,True,274f49f21a03df6f7da7f330fed2fe31ff1b6bdd1be8fc9ce8088bf297fdd4e6
4,relative_distance,0.12297880875424204,2000,cls,none,gaussian_noise,3,score,True,274f49f21a03df6f7da7f330fed2fe31ff1b6bdd1be8fc9ce8088bf297fdd4e6
4,cosine_distance,0.007690702693050644,2000,cls,none,gaussian_noise,3,score,True,274f49f21a03df6f7da7f330fed2fe31ff1b6bdd1be8fc9ce8088bf297fdd4e6
4,one_minus_cka,0.21589550258196077,2000,cls,none,gaussian_noise,3,score,True,274f49f21a03df6f7da7f330fed2fe31ff1b6bdd1be8fc9ce8088bf297fdd4e6
4,amplification_ratio,1.187232624349007,2000,cls,none,gaussian_noise,3,score,True,274f49f21a03df6f7da7f330fed2fe31ff1b6bdd1be8fc9ce8088bf297fdd4e6
4,knn_preservation,0.18184379689797647,2000,cls,none,gaussian_noise,3,score,True,274f49f21a03df6f7da7f330fed2fe31ff1b6bdd1be8fc9ce8088bf297fdd4e6
4,relative_distance,0.7001538790164556,2000,patch_mean,none,gaussian_noise,3,score,True,274f49f21a03df6f7da7f330fed2fe31ff1b6bdd1be8fc9ce8088bf297fdd4e6
4,cosine_distance,0.2557583024155046,2000,patch_mean,none,gaussian_noise,3,score,True,274f49f21a03df6f7da7f330fed2fe31ff1b6bdd1be8fc9ce8088bf297fdd4e6
4,one_minus_cka,0.15640971995901876,2000,patch_mean,none,gaussian_noise,3,score,True,274f49f21a03df6f7da7f330fed2fe31ff1b6bdd1be8fc9ce8088bf297fdd4e6
4,amplification_ratio,0.8542263710721378,2000,patch_mean,none,gaussian_noise,3,score,True,274f49f21a03df6f7da7f330fed2fe31ff1b6bdd1be8fc9ce8088bf297fdd4e6
4,knn_preservation,0.2425609377722381,2000,patch_mean,none,gaussian_noise,3,score,True,274f49f21a03df6f7da7f330fed2fe31ff1b6bdd1be8fc9ce8088bf297fdd4e6
5,relative_distance,0.1589707180334824,2000,cls,none,gaussian_noise,3,score,True,274f49f21a03df6f7da7f330fed2fe31ff1b6bdd1be8fc9ce8088bf297fdd4e6
5,cosine_distance,0.012561014482841984,2000,cls,none,gaussian_noise,3,score,True,274f49f21a03df6f7da7f330fed2fe31ff1b6bdd1be8fc9ce8088bf297fdd4e6
5,one_minus_cka,0.20555375900961892,2000,cls,none,gaussian_noise,3,score,True,274f49f21a03df6f7da7f330fed2fe31ff1b6bdd1be8fc9ce8088bf297fdd4e6
5,amplification_ratio,1.2926675712981228,2000,cls,none,gaussian_noise,3,score,True,274f49f21a03df6f7da7f330fed2fe31ff1b6bdd1be8fc9ce8088bf297fdd4e6
5,knn_preservation,0.1981391705130095,2000,cls,none,gaussian_noise,3,score,True,274f49f21a03df6f7da7f330fed2fe31ff1b6bdd1be8fc9ce8088bf297fdd4e6
5,relative_distance,0.6160473497374828,2000,patch_mean,none,gaussian_noise,3,score,True,274f49f21a03df6f7da7f330fed2fe31ff1b6bdd1be8fc9ce8088bf297fdd4e6
5,cosine_distance,0.19860434945757122,2000,patch_mean,none,gaussian_noise,3,score,True,274f49f21a03df6f7da7f330fed2fe31ff1b6bdd1be8fc9ce8088bf297fdd4e6
5,one_minus_cka,0.16782356503317597,2000,patch_mean,none,gaussian_noise,3,score,True,274f49f21a03df6f7da7f330fed2fe31ff1b6bdd1be8fc9ce8088bf297fdd4e6
5,amplification_ratio,0.8798742222250887,2000,patch_mean,none,gaussian_noise,3,score,True,274f49f21a03df6f7da7f330fed2fe31ff1b6bdd1be8fc9ce8088bf297fdd4e6
5,knn_preservation,0.23573894728422592,2000,patch_mean,none,gaussian_noise,3,score,True,274f49f21a03df6f7da7f330fed2fe31ff1b6bdd1be8fc9ce8088bf297fdd4e6
6,relative_distance,0.2134844529974446,2000,cls,none,gaussian_noise,3,score,True,274f49f21a03df6f7da7f330fed2fe31ff1b6bdd1be8fc9ce8088bf297fdd4e6
6,cosine_distance,0.021988610888691903,2000,cls,none,gaussian_noise,3,score,True,274f49f21a03df6f7da7f330fed2fe31ff1b6bdd1be8fc9ce8088bf297fdd4e6
6,one_minus_cka,0.21258333988000144,2000,cls,none,gaussian_noise,3,score,True,274f49f21a03df6f7da7f330fed2fe31ff1b6bdd1be8fc9ce8088bf297fdd4e6
6,amplification_ratio,1.342916831717905,2000,cls,none,gaussian_noise,3,score,True,274f49f21a03df6f7da7f330fed2fe31ff1b6bdd1be8fc9ce8088bf297fdd4e6
6,knn_preservation,0.1981470602411005,2000,cls,none,gaussian_noise,3,score,True,274f49f21a03df6f7da7f330fed2fe31ff1b6bdd1be8fc9ce8088bf297fdd4e6
6,relative_distance,0.5896028137416076,2000,patch_mean,none,gaussian_noise,3,score,True,274f49f21a03df6f7da7f330fed2fe31ff1b6bdd1be8fc9ce8088bf297fdd4e6
6,cosine_distance,0.1744029040825659,2000,patch_mean,none,gaussian_noise,3,score,True,274f49f21a03df6f7da7f330fed2fe31ff1b6bdd1be8fc9ce8088bf297fdd4e6
6,one_minus_cka,0.19705738097955516,2000,patch_mean,none,gaussian_noise,3,score,True,274f49f21a03df6f7da7f330fed2fe31ff1b6bdd1be8fc9ce8088bf297fdd4e6
6,amplification_ratio,0.9570738580286986,2000,patch_mean,none,gaussian_noise,3,score,True,274f49f21a03df6f7da7f330fed2fe31ff1b6bdd1be8fc9ce8088bf297fdd4e6
6,knn_preservation,0.2481279771570019,2000,patch_mean,none,gaussian_noise,3,score,True,274f49f21a03df6f7da7f330fed2fe31ff1b6bdd1be8fc9ce8088bf297fdd4e6
7,relative_distance,0.27655719168351295,2000,cls,none,gaussian_noise,3,score,True,274f49f21a03df6f7da7f330fed2fe31ff1b6bdd1be8fc9ce8088bf297fdd4e6
7,cosine_distance,0.03541405569146439,2000,cls,none,gaussian_noise,3,score,True,274f49f21a03df6f7da7f330fed2fe31ff1b6bdd1be8fc9ce8088bf297fdd4e6
7,one_minus_cka,0.23963679421130402,2000,cls,none,gaussian_noise,3,score,True,274f49f21a03df6f7da7f330fed2fe31ff1b6bdd1be8fc9ce8088bf297fdd4e6
7,amplification_ratio,1.2954441777866763,2000,cls,none,gaussian_noise,3,score,True,274f49f21a03df6f7da7f330fed2fe31ff1b6bdd1be8fc9ce8088bf297fdd4e6
7,knn_preservation,0.203774828456717,2000,cls,none,gaussian_noise,3,score,True,274f49f21a03df6f7da7f330fed2fe31ff1b6bdd1be8fc9ce8088bf297fdd4e6
7,relative_distance,0.5561890049389938,2000,patch_mean,none,gaussian_noise,3,score,True,274f49f21a03df6f7da7f330fed2fe31ff1b6bdd1be8fc9ce8088bf297fdd4e6
7,cosine_distance,0.15265701229382686,2000,patch_mean,none,gaussian_noise,3,score,True,274f49f21a03df6f7da7f330fed2fe31ff1b6bdd1be8fc9ce8088bf297fdd4e6
7,one_minus_cka,0.21703513473632097,2000,patch_mean,none,gaussian_noise,3,score,True,274f49f21a03df6f7da7f330fed2fe31ff1b6bdd1be8fc9ce8088bf297fdd4e6
7,amplification_ratio,0.9433282745199765,2000,patch_mean,none,gaussian_noise,3,score,True,274f49f21a03df6f7da7f330fed2fe31ff1b6bdd1be8fc9ce8088bf297fdd4e6
7,knn_preservation,0.2554701814353517,2000,patch_mean,none,gaussian_noise,3,score,True,274f49f21a03df6f7da7f330fed2fe31ff1b6bdd1be8fc9ce8088bf297fdd4e6
8,relative_distance,0.36966011919431974,2000,cls,none,gaussian_noise,3,score,True,274f49f21a03df6f7da7f330fed2fe31ff1b6bdd1be8fc9ce8088bf297fdd4e6
8,cosine_distance,0.06387656909920406,2000,cls,none,gaussian_noise,3,score,True,274f49f21a03df6f7da7f330fed2fe31ff1b6bdd1be8fc9ce8088bf297fdd4e6
8,one_minus_cka,0.29283835367192224,2000,cls,none,gaussian_noise,3,score,True,274f49f21a03df6f7da7f330fed2fe31ff1b6bdd1be8fc9ce8088bf297fdd4e6
8,amplification_ratio,1.336649815338565,2000,cls,none,gaussian_noise,3,score,True,274f49f21a03df6f7da7f330fed2fe31ff1b6bdd1be8fc9ce8088bf297fdd4e6
8,knn_preservation,0.19535828937144725,2000,cls,none,gaussian_noise,3,score,True,274f49f21a03df6f7da7f330fed2fe31ff1b6bdd1be8fc9ce8088bf297fdd4e6
8,relative_distance,0.51089080831583,2000,patch_mean,none,gaussian_noise,3,score,True,274f49f21a03df6f7da7f330fed2fe31ff1b6bdd1be8fc9ce8088bf297fdd4e6
8,cosine_distance,0.12671534044544724,2000,patch_mean,none,gaussian_noise,3,score,True,274f49f21a03df6f7da7f330fed2fe31ff1b6bdd1be8fc9ce8088bf297fdd4e6
8,one_minus_cka,0.2224694897406474,2000,patch_mean,none,gaussian_noise,3,score,True,274f49f21a03df6f7da7f330fed2fe31ff1b6bdd1be8fc9ce8088bf297fdd4e6
8,amplification_ratio,0.9185561091267305,2000,patch_mean,none,gaussian_noise,3,score,True,274f49f21a03df6f7da7f330fed2fe31ff1b6bdd1be8fc9ce8088bf297fdd4e6
8,knn_preservation,0.2673076099596997,2000,patch_mean,none,gaussian_noise,3,score,True,274f49f21a03df6f7da7f330fed2fe31ff1b6bdd1be8fc9ce8088bf297fdd4e6
9,relative_distance,0.4771333430680593,2000,cls,none,gaussian_noise,3,score,True,274f49f21a03df6f7da7f330fed2fe31ff1b6bdd1be8fc9ce8088bf297fdd4e6
9,cosine_distance,0.10997424463609667,2000,cls,none,gaussian_noise,3,score,True,274f49f21a03df6f7da7f330fed2fe31ff1b6bdd1be8fc9ce8088bf297fdd4e6
9,one_minus_cka,0.3077320733907475,2000,cls,none,gaussian_noise,3,score,True,274f49f21a03df6f7da7f330fed2fe31ff1b6bdd1be8fc9ce8088bf297fdd4e6
9,amplification_ratio,1.2907352410857282,2000,cls,none,gaussian_noise,3,score,True,274f49f21a03df6f7da7f330fed2fe31ff1b6bdd1be8fc9ce8088bf297fdd4e6
9,knn_preservation,0.20827352725533843,2000,cls,none,gaussian_noise,3,score,True,274f49f21a03df6f7da7f330fed2fe31ff1b6bdd1be8fc9ce8088bf297fdd4e6
9,relative_distance,0.4436696448669758,2000,patch_mean,none,gaussian_noise,3,score,True,274f49f21a03df6f7da7f330fed2fe31ff1b6bdd1be8fc9ce8088bf297fdd4e6
9,cosine_distance,0.09674690284806355,2000,patch_mean,none,gaussian_noise,3,score,True,274f49f21a03df6f7da7f330fed2fe31ff1b6bdd1be8fc9ce8088bf297fdd4e6
9,one_minus_cka,0.2216534903549785,2000,patch_mean,none,gaussian_noise,3,score,True,274f49f21a03df6f7da7f330fed2fe31ff1b6bdd1be8fc9ce8088bf297fdd4e6
9,amplification_ratio,0.8684236193826794,2000,patch_mean,none,gaussian_noise,3,score,True,274f49f21a03df6f7da7f330fed2fe31ff1b6bdd1be8fc9ce8088bf297fdd4e6
9,knn_preservation,0.26262684159665584,2000,patch_mean,none,gaussian_noise,3,score,True,274f49f21a03df6f7da7f330fed2fe31ff1b6bdd1be8fc9ce8088bf297fdd4e6
10,relative_distance,0.5041065864355917,2000,cls,none,gaussian_noise,3,score,True,274f49f21a03df6f7da7f330fed2fe31ff1b6bdd1be8fc9ce8088bf297fdd4e6
10,cosine_distance,0.13502582343015024,2000,cls,none,gaussian_noise,3,score,True,274f49f21a03df6f7da7f330fed2fe31ff1b6bdd1be8fc9ce8088bf297fdd4e6
10,one_minus_cka,0.2945060702586836,2000,cls,none,gaussian_noise,3,score,True,274f49f21a03df6f7da7f330fed2fe31ff1b6bdd1be8fc9ce8088bf297fdd4e6
10,amplification_ratio,1.0565318768000769,2000,cls,none,gaussian_noise,3,score,True,274f49f21a03df6f7da7f330fed2fe31ff1b6bdd1be8fc9ce8088bf297fdd4e6
10,knn_preservation,0.2112259304163329,2000,cls,none,gaussian_noise,3,score,True,274f49f21a03df6f7da7f330fed2fe31ff1b6bdd1be8fc9ce8088bf297fdd4e6
10,relative_distance,0.41737371758350705,2000,patch_mean,none,gaussian_noise,3,score,True,274f49f21a03df6f7da7f330fed2fe31ff1b6bdd1be8fc9ce8088bf297fdd4e6
10,cosine_distance,0.08486895660819732,2000,patch_mean,none,gaussian_noise,3,score,True,274f49f21a03df6f7da7f330fed2fe31ff1b6bdd1be8fc9ce8088bf297fdd4e6
10,one_minus_cka,0.23832789886305272,2000,patch_mean,none,gaussian_noise,3,score,True,274f49f21a03df6f7da7f330fed2fe31ff1b6bdd1be8fc9ce8088bf297fdd4e6
10,amplification_ratio,0.9407308397414635,2000,patch_mean,none,gaussian_noise,3,score,True,274f49f21a03df6f7da7f330fed2fe31ff1b6bdd1be8fc9ce8088bf297fdd4e6
10,knn_preservation,0.23296081202079655,2000,patch_mean,none,gaussian_noise,3,score,True,274f49f21a03df6f7da7f330fed2fe31ff1b6bdd1be8fc9ce8088bf297fdd4e6
11,relative_distance,0.6492207773077862,2000,cls,none,gaussian_noise,3,score,True,274f49f21a03df6f7da7f330fed2fe31ff1b6bdd1be8fc9ce8088bf297fdd4e6
11,cosine_distance,0.2039980194778007,2000,cls,none,gaussian_noise,3,score,True,274f49f21a03df6f7da7f330fed2fe31ff1b6bdd1be8fc9ce8088bf297fdd4e6
11,one_minus_cka,0.3697225984820808,2000,cls,none,gaussian_noise,3,score,True,274f49f21a03df6f7da7f330fed2fe31ff1b6bdd1be8fc9ce8088bf297fdd4e6
11,amplification_ratio,1.2878641040940562,2000,cls,none,gaussian_noise,3,score,True,274f49f21a03df6f7da7f330fed2fe31ff1b6bdd1be8fc9ce8088bf297fdd4e6
11,knn_preservation,0.16123201587713973,2000,cls,none,gaussian_noise,3,score,True,274f49f21a03df6f7da7f330fed2fe31ff1b6bdd1be8fc9ce8088bf297fdd4e6
11,relative_distance,0.4258966274109164,2000,patch_mean,none,gaussian_noise,3,score,True,274f49f21a03df6f7da7f330fed2fe31ff1b6bdd1be8fc9ce8088bf297fdd4e6
11,cosine_distance,0.0849027266372989,2000,patch_mean,none,gaussian_noise,3,score,True,274f49f21a03df6f7da7f330fed2fe31ff1b6bdd1be8fc9ce8088bf297fdd4e6
11,one_minus_cka,0.20842862175343468,2000,patch_mean,none,gaussian_noise,3,score,True,274f49f21a03df6f7da7f330fed2fe31ff1b6bdd1be8fc9ce8088bf297fdd4e6
11,amplification_ratio,1.02042033187129,2000,patch_mean,none,gaussian_noise,3,score,True,274f49f21a03df6f7da7f330fed2fe31ff1b6bdd1be8fc9ce8088bf297fdd4e6
11,knn_preservation,0.20853069986429118,2000,patch_mean,none,gaussian_noise,3,score,True,274f49f21a03df6f7da7f330fed2fe31ff1b6bdd1be8fc9ce8088bf297fdd4e6
0,relative_distance,0.061373615780146336,2000,cls,none,gaussian_noise,5,score,True,274f49f21a03df6f7da7f330fed2fe31ff1b6bdd1be8fc9ce8088bf297fdd4e6
0,cosine_distance,0.001976016796776499,2000,cls,none,gaussian_noise,5,score,True,274f49f21a03df6f7da7f330fed2fe31ff1b6bdd1be8fc9ce8088bf297fdd4e6
0,one_minus_cka,0.35619222041454857,2000,cls,none,gaussian_noise,5,score,True,274f49f21a03df6f7da7f330fed2fe31ff1b6bdd1be8fc9ce8088bf297fdd4e6
0,amplification_ratio,1.0,2000,cls,none,gaussian_noise,5,score,True,274f49f21a03df6f7da7f330fed2fe31ff1b6bdd1be8fc9ce8088bf297fdd4e6
0,knn_preservation,0.04692189797646454,2000,cls,none,gaussian_noise,5,score,True,274f49f21a03df6f7da7f330fed2fe31ff1b6bdd1be8fc9ce8088bf297fdd4e6
0,relative_distance,1.2284071490799697,2000,patch_mean,none,gaussian_noise,5,score,True,274f49f21a03df6f7da7f330fed2fe31ff1b6bdd1be8fc9ce8088bf297fdd4e6
0,cosine_distance,0.518874251974762,2000,patch_mean,none,gaussian_noise,5,score,True,274f49f21a03df6f7da7f330fed2fe31ff1b6bdd1be8fc9ce8088bf297fdd4e6
0,one_minus_cka,0.3132295314391704,2000,patch_mean,none,gaussian_noise,5,score,True,274f49f21a03df6f7da7f330fed2fe31ff1b6bdd1be8fc9ce8088bf297fdd4e6
0,amplification_ratio,1.0,2000,patch_mean,none,gaussian_noise,5,score,True,274f49f21a03df6f7da7f330fed2fe31ff1b6bdd1be8fc9ce8088bf297fdd4e6
0,knn_preservation,0.1621852784298605,2000,patch_mean,none,gaussian_noise,5,score,True,274f49f21a03df6f7da7f330fed2fe31ff1b6bdd1be8fc9ce8088bf297fdd4e6
1,relative_distance,0.08110855099669351,2000,cls,none,gaussian_noise,5,score,True,274f49f21a03df6f7da7f330fed2fe31ff1b6bdd1be8fc9ce8088bf297fdd4e6
1,cosine_distance,0.0033456245457672952,2000,cls,none,gaussian_noise,5,score,True,274f49f21a03df6f7da7f330fed2fe31ff1b6bdd1be8fc9ce8088bf297fdd4e6
1,one_minus_cka,0.41924856692100443,2000,cls,none,gaussian_noise,5,score,True,274f49f21a03df6f7da7f330fed2fe31ff1b6bdd1be8fc9ce8088bf297fdd4e6
1,amplification_ratio,1.3215540581353722,2000,cls,none,gaussian_noise,5,score,True,274f49f21a03df6f7da7f330fed2fe31ff1b6bdd1be8fc9ce8088bf297fdd4e6
1,knn_preservation,0.05601284839171835,2000,cls,none,gaussian_noise,5,score,True,274f49f21a03df6f7da7f330fed2fe31ff1b6bdd1be8fc9ce8088bf297fdd4e6
1,relative_distance,1.1477593806929567,2000,patch_mean,none,gaussian_noise,5,score,True,274f49f21a03df6f7da7f330fed2fe31ff1b6bdd1be8fc9ce8088bf297fdd4e6
1,cosine_distance,0.504305346970503,2000,patch_mean,none,gaussian_noise,5,score,True,274f49f21a03df6f7da7f330fed2fe31ff1b6bdd1be8fc9ce8088bf297fdd4e6
1,one_minus_cka,0.32477587694005094,2000,patch_mean,none,gaussian_noise,5,score,True,274f49f21a03df6f7da7f330fed2fe31ff1b6bdd1be8fc9ce8088bf297fdd4e6
1,amplification_ratio,0.9343476888363804,2000,patch_mean,none,gaussian_noise,5,score,True,274f49f21a03df6f7da7f330fed2fe31ff1b6bdd1be8fc9ce8088bf297fdd4e6
1,knn_preservation,0.15246998293244424,2000,patch_mean,none,gaussian_noise,5,score,True,274f49f21a03df6f7da7f330fed2fe31ff1b6bdd1be8fc9ce8088bf297fdd4e6
2,relative_distance,0.11838141059716178,2000,cls,none,gaussian_noise,5,score,True,274f49f21a03df6f7da7f330fed2fe31ff1b6bdd1be8fc9ce8088bf297fdd4e6
2,cosine_distance,0.007096298499073535,2000,cls,none,gaussian_noise,5,score,True,274f49f21a03df6f7da7f330fed2fe31ff1b6bdd1be8fc9ce8088bf297fdd4e6
2,one_minus_cka,0.4127523814900176,2000,cls,none,gaussian_noise,5,score,True,274f49f21a03df6f7da7f330fed2fe31ff1b6bdd1be8fc9ce8088bf297fdd4e6
2,amplification_ratio,1.4595429106110864,2000,cls,none,gaussian_noise,5,score,True,274f49f21a03df6f7da7f330fed2fe31ff1b6bdd1be8fc9ce8088bf297fdd4e6
2,knn_preservation,0.0776126775271512,2000,cls,none,gaussian_noise,5,score,True,274f49f21a03df6f7da7f330fed2fe31ff1b6bdd1be8fc9ce8088bf297fdd4e6
2,relative_distance,1.2198612590544808,2000,patch_mean,none,gaussian_noise,5,score,True,274f49f21a03df6f7da7f330fed2fe31ff1b6bdd1be8fc9ce8088bf297fdd4e6
2,cosine_distance,0.5890708661437386,2000,patch_mean,none,gaussian_noise,5,score,True,274f49f21a03df6f7da7f330fed2fe31ff1b6bdd1be8fc9ce8088bf297fdd4e6
2,one_minus_cka,0.3170118868229239,2000,patch_mean,none,gaussian_noise,5,score,True,274f49f21a03df6f7da7f330fed2fe31ff1b6bdd1be8fc9ce8088bf297fdd4e6
2,amplification_ratio,1.0628196811756772,2000,patch_mean,none,gaussian_noise,5,score,True,274f49f21a03df6f7da7f330fed2fe31ff1b6bdd1be8fc9ce8088bf297fdd4e6
2,knn_preservation,0.14608194742134373,2000,patch_mean,none,gaussian_noise,5,score,True,274f49f21a03df6f7da7f330fed2fe31ff1b6bdd1be8fc9ce8088bf297fdd4e6
3,relative_distance,0.1370461850198644,2000,cls,none,gaussian_noise,5,score,True,274f49f21a03df6f7da7f330fed2fe31ff1b6bdd1be8fc9ce8088bf297fdd4e6
3,cosine_distance,0.009507710731703044,2000,cls,none,gaussian_noise,5,score,True,274f49f21a03df6f7da7f330fed2fe31ff1b6bdd1be8fc9ce8088bf297fdd4e6
3,one_minus_cka,0.41282852119821656,2000,cls,none,gaussian_noise,5,score,True,274f49f21a03df6f7da7f330fed2fe31ff1b6bdd1be8fc9ce8088bf297fdd4e6
3,amplification_ratio,1.1576664302997426,2000,cls,none,gaussian_noise,5,score,True,274f49f21a03df6f7da7f330fed2fe31ff1b6bdd1be8fc9ce8088bf297fdd4e6
3,knn_preservation,0.08959523478757224,2000,cls,none,gaussian_noise,5,score,True,274f49f21a03df6f7da7f330fed2fe31ff1b6bdd1be8fc9ce8088bf297fdd4e6
3,relative_distance,1.1516549619108574,2000,patch_mean,none,gaussian_noise,5,score,True,274f49f21a03df6f7da7f330fed2fe31ff1b6bdd1be8fc9ce8088bf297fdd4e6
3,cosine_distance,0.5653778830116564,2000,patch_mean,none,gaussian_noise,5,score,True,274f49f21a03df6f7da7f330fed2fe31ff1b6bdd1be8fc9ce8088bf297fdd4e6
3,one_minus_cka,0.3002507660876662,2000,patch_mean,none,gaussian_noise,5,score,True,274f49f21a03df6f7da7f330fed2fe31ff1b6bdd1be8fc9ce8088bf297fdd4e6
3,amplification_ratio,0.9440868405014432,2000,patch_mean,none,gaussian_noise,5,score,True,274f49f21a03df6f7da7f330fed2fe31ff1b6bdd1be8fc9ce8088bf297fdd4e6
3,knn_preservation,0.13443073227941651,2000,patch_mean,none,gaussian_noise,5,score,True,274f49f21a03df6f7da7f330fed2fe31ff1b6bdd1be8fc9ce8088bf297fdd4e6
4,relative_distance,0.16916715042851993,2000,cls,none,gaussian_noise,5,score,True,274f49f21a03df6f7da7f330fed2fe31ff1b6bdd1be8fc9ce8088bf297fdd4e6
4,cosine_distance,0.014461295601456843,2000,cls,none,gaussian_noise,5,score,True,274f49f21a03df6f7da7f330fed2fe31ff1b6bdd1be8fc9ce8088bf297fdd4e6
4,one_minus_cka,0.4296468210670108,2000,cls,none,gaussian_noise,5,score,True,274f49f21a03df6f7da7f330fed2fe31ff1b6bdd1be8fc9ce8088bf297fdd4e6
4,amplification_ratio,1.2343805878580254,2000,cls,none,gaussian_noise,5,score,True,274f49f21a03df6f7da7f330fed2fe31ff1b6bdd1be8fc9ce8088bf297fdd4e6
4,knn_preservation,0.08240324226856734,2000,cls,none,gaussian_noise,5,score,True,274f49f21a03df6f7da7f330fed2fe31ff1b6bdd1be8fc9ce8088bf297fdd4e6
4,relative_distance,1.0100211904911582,2000,patch_mean,none,gaussian_noise,5,score,True,274f49f21a03df6f7da7f330fed2fe31ff1b6bdd1be8fc9ce8088bf297fdd4e6
4,cosine_distance,0.4773913989065653,2000,patch_mean,none,gaussian_noise,5,score,True,274f49f21a03df6f7da7f330fed2fe31ff1b6bdd1be8fc9ce8088bf297fdd4e6
4,one_minus_cka,0.33482880129530856,2000,patch_mean,none,gaussian_noise,5,score,True,274f49f21a03df6f7da7f330fed2fe31ff1b6bdd1be8fc9ce8088bf297fdd4e6
4,amplification_ratio,0.8770171830070558,2000,patch_mean,none,gaussian_noise,5,score,True,274f49f21a03df6f7da7f330fed2fe31ff1b6bdd1be8fc9ce8088bf297fdd4e6
4,knn_preservation,0.11866531005114597,2000,patch_mean,none,gaussian_noise,5,score,True,274f49f21a03df6f7da7f330fed2fe31ff1b6bdd1be8fc9ce8088bf297fdd4e6
5,relative_distance,0.2292037615288835,2000,cls,none,gaussian_noise,5,score,True,274f49f21a03df6f7da7f330fed2fe31ff1b6bdd1be8fc9ce8088bf297fdd4e6
5,cosine_distance,0.02576967008314816,2000,cls,none,gaussian_noise,5,score,True,274f49f21a03df6f7da7f330fed2fe31ff1b6bdd1be8fc9ce8088bf297fdd4e6
5,one_minus_cka,0.431745275411755,2000,cls,none,gaussian_noise,5,score,True,274f49f21a03df6f7da7f330fed2fe31ff1b6bdd1be8fc9ce8088bf297fdd4e6
5,amplification_ratio,1.3548952083680779,2000,cls,none,gaussian_noise,5,score,True,274f49f21a03df6f7da7f330fed2fe31ff1b6bdd1be8fc9ce8088bf297fdd4e6
5,knn_preservation,0.08470755461428837,2000,cls,none,gaussian_noise,5,score,True,274f49f21a03df6f7da7f330fed2fe31ff1b6bdd1be8fc9ce8088bf297fdd4e6
5,relative_distance,0.91511322781355,2000,patch_mean,none,gaussian_noise,5,score,True,274f49f21a03df6f7da7f330fed2fe31ff1b6bdd1be8fc9ce8088bf297fdd4e6
5,cosine_distance,0.3974509840383348,2000,patch_mean,none,gaussian_noise,5,score,True,274f49f21a03df6f7da7f330fed2fe31ff1b6bdd1be8fc9ce8088bf297fdd4e6
5,one_minus_cka,0.3760582479827035,2000,patch_mean,none,gaussian_noise,5,score,True,274f49f21a03df6f7da7f330fed2fe31ff1b6bdd1be8fc9ce8088bf297fdd4e6
5,amplification_ratio,0.9060336915986328,2000,patch_mean,none,gaussian_noise,5,score,True,274f49f21a03df6f7da7f330fed2fe31ff1b6bdd1be8fc9ce8088bf297fdd4e6
5,knn_preservation,0.10604380977639491,2000,patch_mean,none,gaussian_noise,5,score,True,274f49f21a03df6f7da7f330fed2fe31ff1b6bdd1be8fc9ce8088bf297fdd4e6
6,relative_distance,0.33565741401896254,2000,cls,none,gaussian_noise,5,score,True,274f49f21a03df6f7da7f330fed2fe31ff1b6bdd1be8fc9ce8088bf297fdd4e6
6,cosine_distance,0.04972859662808263,2000,cls,none,gaussian_noise,5,score,True,274f49f21a03df6f7da7f330fed2fe31ff1b6bdd1be8fc9ce8088bf297fdd4e6
6,one_minus_cka,0.46427200259030377,2000,cls,none,gaussian_noise,5,score,True,274f49f21a03df6f7da7f330fed2fe31ff1b6bdd1be8fc9ce8088bf297fdd4e6
6,amplification_ratio,1.4644498492519902,2000,cls,none,gaussian_noise,5,score,True,274f49f21a03df6f7da7f330fed2fe31ff1b6bdd1be8fc9ce8088bf297fdd4e6
6,knn_preservation,0.07626246281238541,2000,cls,none,gaussian_noise,5,score,True,274f49f21a03df6f7da7f330fed2fe31ff1b6bdd1be8fc9ce8088bf297fdd4e6
6,relative_distance,0.9041317901619417,2000,patch_mean,none,gaussian_noise,5,score,True,274f49f21a03df6f7da7f330fed2fe31ff1b6bdd1be8fc9ce8088bf297fdd4e6
6,cosine_distance,0.3416986257162141,2000,patch_mean,none,gaussian_noise,5,score,True,274f49f21a03df6f7da7f330fed2fe31ff1b6bdd1be8fc9ce8088bf297fdd4e6
6,one_minus_cka,0.43710796209976566,2000,patch_mean,none,gaussian_noise,5,score,True,274f49f21a03df6f7da7f330fed2fe31ff1b6bdd1be8fc9ce8088bf297fdd4e6
6,amplification_ratio,0.98799991376166,2000,patch_mean,none,gaussian_noise,5,score,True,274f49f21a03df6f7da7f330fed2fe31ff1b6bdd1be8fc9ce8088bf297fdd4e6
6,knn_preservation,0.09638579338618038,2000,patch_mean,none,gaussian_noise,5,score,True,274f49f21a03df6f7da7f330fed2fe31ff1b6bdd1be8fc9ce8088bf297fdd4e6
7,relative_distance,0.44318531706752434,2000,cls,none,gaussian_noise,5,score,True,274f49f21a03df6f7da7f330fed2fe31ff1b6bdd1be8fc9ce8088bf297fdd4e6
7,cosine_distance,0.07810294635543821,2000,cls,none,gaussian_noise,5,score,True,274f49f21a03df6f7da7f330fed2fe31ff1b6bdd1be8fc9ce8088bf297fdd4e6
7,one_minus_cka,0.4966677111188681,2000,cls,none,gaussian_noise,5,score,True,274f49f21a03df6f7da7f330fed2fe31ff1b6bdd1be8fc9ce8088bf297fdd4e6
7,amplification_ratio,1.320350150354454,2000,cls,none,gaussian_noise,5,score,True,274f49f21a03df6f7da7f330fed2fe31ff1b6bdd1be8fc9ce8088bf297fdd4e6
7,knn_preservation,0.07258774906723822,2000,cls,none,gaussian_noise,5,score,True,274f49f21a03df6f7da7f330fed2fe31ff1b6bdd1be8fc9ce8088bf297fdd4e6
7,relative_distance,0.8792615683342849,2000,patch_mean,none,gaussian_noise,5,score,True,274f49f21a03df6f7da7f330fed2fe31ff1b6bdd1be8fc9ce8088bf297fdd4e6
7,cosine_distance,0.3100195088825072,2000,patch_mean,none,gaussian_noise,5,score,True,274f49f21a03df6f7da7f330fed2fe31ff1b6bdd1be8fc9ce8088bf297fdd4e6
7,one_minus_cka,0.5172168687775633,2000,patch_mean,none,gaussian_noise,5,score,True,274f49f21a03df6f7da7f330fed2fe31ff1b6bdd1be8fc9ce8088bf297fdd4e6
7,amplification_ratio,0.9724927028357202,2000,patch_mean,none,gaussian_noise,5,score,True,274f49f21a03df6f7da7f330fed2fe31ff1b6bdd1be8fc9ce8088bf297fdd4e6
7,knn_preservation,0.09299872418603068,2000,patch_mean,none,gaussian_noise,5,score,True,274f49f21a03df6f7da7f330fed2fe31ff1b6bdd1be8fc9ce8088bf297fdd4e6
8,relative_distance,0.5831884848983844,2000,cls,none,gaussian_noise,5,score,True,274f49f21a03df6f7da7f330fed2fe31ff1b6bdd1be8fc9ce8088bf297fdd4e6
8,cosine_distance,0.1322288072178883,2000,cls,none,gaussian_noise,5,score,True,274f49f21a03df6f7da7f330fed2fe31ff1b6bdd1be8fc9ce8088bf297fdd4e6
8,one_minus_cka,0.5751011410043712,2000,cls,none,gaussian_noise,5,score,True,274f49f21a03df6f7da7f330fed2fe31ff1b6bdd1be8fc9ce8088bf297fdd4e6
8,amplification_ratio,1.3159020898012488,2000,cls,none,gaussian_noise,5,score,True,274f49f21a03df6f7da7f330fed2fe31ff1b6bdd1be8fc9ce8088bf297fdd4e6
8,knn_preservation,0.06232033042636757,2000,cls,none,gaussian_noise,5,score,True,274f49f21a03df6f7da7f330fed2fe31ff1b6bdd1be8fc9ce8088bf297fdd4e6
8,relative_distance,0.8214058602673504,2000,patch_mean,none,gaussian_noise,5,score,True,274f49f21a03df6f7da7f330fed2fe31ff1b6bdd1be8fc9ce8088bf297fdd4e6
8,cosine_distance,0.2697213281533689,2000,patch_mean,none,gaussian_noise,5,score,True,274f49f21a03df6f7da7f330fed2fe31ff1b6bdd1be8fc9ce8088bf297fdd4e6
8,one_minus_cka,0.5857977445358173,2000,patch_mean,none,gaussian_noise,5,score,True,274f49f21a03df6f7da7f330fed2fe31ff1b6bdd1be8fc9ce8088bf297fdd4e6
8,amplification_ratio,0.9341996623637956,2000,patch_mean,none,gaussian_noise,5,score,True,274f49f21a03df6f7da7f330fed2fe31ff1b6bdd1be8fc9ce8088bf297fdd4e6
8,knn_preservation,0.09275778860802081,2000,patch_mean,none,gaussian_noise,5,score,True,274f49f21a03df6f7da7f330fed2fe31ff1b6bdd1be8fc9ce8088bf297fdd4e6
9,relative_distance,0.7439342115286001,2000,cls,none,gaussian_noise,5,score,True,274f49f21a03df6f7da7f330fed2fe31ff1b6bdd1be8fc9ce8088bf297fdd4e6
9,cosine_distance,0.2299171890795136,2000,cls,none,gaussian_noise,5,score,True,274f49f21a03df6f7da7f330fed2fe31ff1b6bdd1be8fc9ce8088bf297fdd4e6
9,one_minus_cka,0.6127074733359981,2000,cls,none,gaussian_noise,5,score,True,274f49f21a03df6f7da7f330fed2fe31ff1b6bdd1be8fc9ce8088bf297fdd4e6
9,amplification_ratio,1.2756325455538173,2000,cls,none,gaussian_noise,5,score,True,274f49f21a03df6f7da7f330fed2fe31ff1b6bdd1be8fc9ce8088bf297fdd4e6
9,knn_preservation,0.0617946615218287,2000,cls,none,gaussian_noise,5,score,True,274f49f21a03df6f7da7f330fed2fe31ff1b6bdd1be8fc9ce8088bf297fdd4e6
9,relative_distance,0.7067821838711366,2000,patch_mean,none,gaussian_noise,5,score,True,274f49f21a03df6f7da7f330fed2fe31ff1b6bdd1be8fc9ce8088bf297fdd4e6
9,cosine_distance,0.21491566343660748,2000,patch_mean,none,gaussian_noise,5,score,True,274f49f21a03df6f7da7f330fed2fe31ff1b6bdd1be8fc9ce8088bf297fdd4e6
9,one_minus_cka,0.6268950997308136,2000,patch_mean,none,gaussian_noise,5,score,True,274f49f21a03df6f7da7f330fed2fe31ff1b6bdd1be8fc9ce8088bf297fdd4e6
9,amplification_ratio,0.8604542748710045,2000,patch_mean,none,gaussian_noise,5,score,True,274f49f21a03df6f7da7f330fed2fe31ff1b6bdd1be8fc9ce8088bf297fdd4e6
9,knn_preservation,0.0937981645117868,2000,patch_mean,none,gaussian_noise,5,score,True,274f49f21a03df6f7da7f330fed2fe31ff1b6bdd1be8fc9ce8088bf297fdd4e6
10,relative_distance,0.7517541462480769,2000,cls,none,gaussian_noise,5,score,True,274f49f21a03df6f7da7f330fed2fe31ff1b6bdd1be8fc9ce8088bf297fdd4e6
10,cosine_distance,0.2830198816271562,2000,cls,none,gaussian_noise,5,score,True,274f49f21a03df6f7da7f330fed2fe31ff1b6bdd1be8fc9ce8088bf297fdd4e6
10,one_minus_cka,0.6830419096838893,2000,cls,none,gaussian_noise,5,score,True,274f49f21a03df6f7da7f330fed2fe31ff1b6bdd1be8fc9ce8088bf297fdd4e6
10,amplification_ratio,1.010511594437106,2000,cls,none,gaussian_noise,5,score,True,274f49f21a03df6f7da7f330fed2fe31ff1b6bdd1be8fc9ce8088bf297fdd4e6
10,knn_preservation,0.06752147383919828,2000,cls,none,gaussian_noise,5,score,True,274f49f21a03df6f7da7f330fed2fe31ff1b6bdd1be8fc9ce8088bf297fdd4e6
10,relative_distance,0.6619174328150029,2000,patch_mean,none,gaussian_noise,5,score,True,274f49f21a03df6f7da7f330fed2fe31ff1b6bdd1be8fc9ce8088bf297fdd4e6
10,cosine_distance,0.1871290773526365,2000,patch_mean,none,gaussian_noise,5,score,True,274f49f21a03df6f7da7f330fed2fe31ff1b6bdd1be8fc9ce8088bf297fdd4e6
10,one_minus_cka,0.6785287266192588,2000,patch_mean,none,gaussian_noise,5,score,True,274f49f21a03df6f7da7f330fed2fe31ff1b6bdd1be8fc9ce8088bf297fdd4e6
10,amplification_ratio,0.9365225212520162,2000,patch_mean,none,gaussian_noise,5,score,True,274f49f21a03df6f7da7f330fed2fe31ff1b6bdd1be8fc9ce8088bf297fdd4e6
10,knn_preservation,0.08063758377845065,2000,patch_mean,none,gaussian_noise,5,score,True,274f49f21a03df6f7da7f330fed2fe31ff1b6bdd1be8fc9ce8088bf297fdd4e6
11,relative_distance,0.9147000208248104,2000,cls,none,gaussian_noise,5,score,True,274f49f21a03df6f7da7f330fed2fe31ff1b6bdd1be8fc9ce8088bf297fdd4e6
11,cosine_distance,0.38351791383186795,2000,cls,none,gaussian_noise,5,score,True,274f49f21a03df6f7da7f330fed2fe31ff1b6bdd1be8fc9ce8088bf297fdd4e6
11,one_minus_cka,0.7760341332362213,2000,cls,none,gaussian_noise,5,score,True,274f49f21a03df6f7da7f330fed2fe31ff1b6bdd1be8fc9ce8088bf297fdd4e6
11,amplification_ratio,1.2167542079946996,2000,cls,none,gaussian_noise,5,score,True,274f49f21a03df6f7da7f330fed2fe31ff1b6bdd1be8fc9ce8088bf297fdd4e6
11,knn_preservation,0.05893517069445862,2000,cls,none,gaussian_noise,5,score,True,274f49f21a03df6f7da7f330fed2fe31ff1b6bdd1be8fc9ce8088bf297fdd4e6
11,relative_distance,0.5970490848344068,2000,patch_mean,none,gaussian_noise,5,score,True,274f49f21a03df6f7da7f330fed2fe31ff1b6bdd1be8fc9ce8088bf297fdd4e6
11,cosine_distance,0.15742078925862546,2000,patch_mean,none,gaussian_noise,5,score,True,274f49f21a03df6f7da7f330fed2fe31ff1b6bdd1be8fc9ce8088bf297fdd4e6
11,one_minus_cka,0.6029749426261173,2000,patch_mean,none,gaussian_noise,5,score,True,274f49f21a03df6f7da7f330fed2fe31ff1b6bdd1be8fc9ce8088bf297fdd4e6
11,amplification_ratio,0.9019993359221194,2000,patch_mean,none,gaussian_noise,5,score,True,274f49f21a03df6f7da7f330fed2fe31ff1b6bdd1be8fc9ce8088bf297fdd4e6
11,knn_preservation,0.07386388435266145,2000,patch_mean,none,gaussian_noise,5,score,True,274f49f21a03df6f7da7f330fed2fe31ff1b6bdd1be8fc9ce8088bf297fdd4e6
0,relative_distance,0.017686371496591916,2000,cls,none,defocus_blur,1,score,True,274f49f21a03df6f7da7f330fed2fe31ff1b6bdd1be8fc9ce8088bf297fdd4e6
0,cosine_distance,0.0002092304461626135,2000,cls,none,defocus_blur,1,score,True,274f49f21a03df6f7da7f330fed2fe31ff1b6bdd1be8fc9ce8088bf297fdd4e6
0,one_minus_cka,0.13185104901810973,2000,cls,none,defocus_blur,1,score,True,274f49f21a03df6f7da7f330fed2fe31ff1b6bdd1be8fc9ce8088bf297fdd4e6
0,amplification_ratio,1.0,2000,cls,none,defocus_blur,1,score,True,274f49f21a03df6f7da7f330fed2fe31ff1b6bdd1be8fc9ce8088bf297fdd4e6
0,knn_preservation,0.32200204602758775,2000,cls,none,defocus_blur,1,score,True,274f49f21a03df6f7da7f330fed2fe31ff1b6bdd1be8fc9ce8088bf297fdd4e6
0,relative_distance,0.4432838453037927,2000,patch_mean,none,defocus_blur,1,score,True,274f49f21a03df6f7da7f330fed2fe31ff1b6bdd1be8fc9ce8088bf297fdd4e6
0,cosine_distance,0.10140877027813412,2000,patch_mean,none,defocus_blur,1,score,True,274f49f21a03df6f7da7f330fed2fe31ff1b6bdd1be8fc9ce8088bf297fdd4e6
0,one_minus_cka,0.12136009354297939,2000,patch_mean,none,defocus_blur,1,score,True,274f49f21a03df6f7da7f330fed2fe31ff1b6bdd1be8fc9ce8088bf297fdd4e6
0,amplification_ratio,1.0,2000,patch_mean,none,defocus_blur,1,score,True,274f49f21a03df6f7da7f330fed2fe31ff1b6bdd1be8fc9ce8088bf297fdd4e6
0,knn_preservation,0.3577404337148919,2000,patch_mean,none,defocus_blur,1,score,True,274f49f21a03df6f7da7f330fed2fe31ff1b6bdd1be8fc9ce8088bf297fdd4e6
1,relative_distance,0.05133220405537502,2000,cls,none,defocus_blur,1,score,True,274f49f21a03df6f7da7f330fed2fe31ff1b6bdd1be8fc9ce8088bf297fdd4e6
1,cosine_distance,0.0014428820501308658,2000,cls,none,defocus_blur,1,score,True,274f49f21a03df6f7da7f330fed2fe31ff1b6bdd1be8fc9ce8088bf297fdd4e6
1,one_minus_cka,0.10896837141298765,2000,cls,none,defocus_blur,1,score,True,274f49f21a03df6f7da7f330fed2fe31ff1b6bdd1be8fc9ce8088bf297fdd4e6
1,amplification_ratio,2.9023592581025737,2000,cls,none,defocus_blur,1,score,True,274f49f21a03df6f7da7f330fed2fe31ff1b6bdd1be8fc9ce8088bf297fdd4e6
1,knn_preservation,0.33577076544027007,2000,cls,none,defocus_blur,1,score,True,274f49f21a03df6f7da7f330fed2fe31ff1b6bdd1be8fc9ce8088bf297fdd4e6
1,relative_distance,0.5794720781225853,2000,patch_mean,none,defocus_blur,1,score,True,274f49f21a03df6f7da7f330fed2fe31ff1b6bdd1be8fc9ce8088bf297fdd4e6
1,cosine_distance,0.16588755296441413,2000,patch_mean,none,defocus_blur,1,score,True,274f49f21a03df6f7da7f330fed2fe31ff1b6bdd1be8fc9ce8088bf297fdd4e6
1,one_minus_cka,0.0780415414225446,2000,patch_mean,none,defocus_blur,1,score,True,274f49f21a03df6f7da7f330fed2fe31ff1b6bdd1be8fc9ce8088bf297fdd4e6
1,amplification_ratio,1.3072257973341204,2000,patch_mean,none,defocus_blur,1,score,True,274f49f21a03df6f7da7f330fed2fe31ff1b6bdd1be8fc9ce8088bf297fdd4e6
1,knn_preservation,0.41805439074169726,2000,patch_mean,none,defocus_blur,1,score,True,274f49f21a03df6f7da7f330fed2fe31ff1b6bdd1be8fc9ce8088bf297fdd4e6
2,relative_distance,0.07853596309217158,2000,cls,none,defocus_blur,1,score,True,274f49f21a03df6f7da7f330fed2fe31ff1b6bdd1be8fc9ce8088bf297fdd4e6
2,cosine_distance,0.003172866505205893,2000,cls,none,defocus_blur,1,score,True,274f49f21a03df6f7da7f330fed2fe31ff1b6bdd1be8fc9ce8088bf297fdd4e6
2,one_minus_cka,0.10505205370236981,2000,cls,none,defocus_blur,1,score,True,274f49f21a03df6f7da7f330fed2fe31ff1b6bdd1be8fc9ce8088bf297fdd4e6
2,amplification_ratio,1.529955016298351,2000,cls,none,defocus_blur,1,score,True,274f49f21a03df6f7da7f330fed2fe31ff1b6bdd1be8fc9ce8088bf297fdd4e6
2,knn_preservation,0.3467685626636865,2000,cls,none,defocus_blur,1,score,True,274f49f21a03df6f7da7f330fed2fe31ff1b6bdd1be8fc9ce8088bf297fdd4e6
2,relative_distance,0.6240089928412561,2000,patch_mean,none,defocus_blur,1,score,True,274f49f21a03df6f7da7f330fed2fe31ff1b6bdd1be8fc9ce8088bf297fdd4e6
2,cosine_distance,0.18681804126054707,2000,patch_mean,none,defocus_blur,1,score,True,274f49f21a03df6f7da7f330fed2fe31ff1b6bdd1be8fc9ce8088bf297fdd4e6
2,one_minus_cka,0.06949739090187179,2000,patch_mean,none,defocus_blur,1,score,True,274f49f21a03df6f7da7f330fed2fe31ff1b6bdd1be8fc9ce8088bf297fdd4e6
2,amplification_ratio,1.0768577406921223,2000,patch_mean,none,defocus_blur,1,score,True,274f49f21a03df6f7da7f330fed2fe31ff1b6bdd1be8fc9ce8088bf297fdd4e6
2,knn_preservation,0.43557210062898916,2000,patch_mean,none,defocus_blur,1,score,True,274f49f21a03df6f7da7f330fed2fe31ff1b6bdd1be8fc9ce8088bf297fdd4e6
3,relative_distance,0.08990072851843814,2000,cls,none,defocus_blur,1,score,True,274f49f21a03df6f7da7f330fed2fe31ff1b6bdd1be8fc9ce8088bf297fdd4e6
3,cosine_distance,0.004124455253527039,2000,cls,none,defocus_blur,1,score,True,274f49f21a03df6f7da7f330fed2fe31ff1b6bdd1be8fc9ce8088bf297fdd4e6
3,one_minus_cka,0.09881792903613129,2000,cls,none,defocus_blur,1,score,True,274f49f21a03df6f7da7f330fed2fe31ff1b6bdd1be8fc9ce8088bf297fdd4e6
3,amplification_ratio,1.1447077870927567,2000,cls,none,defocus_blur,1,score,True,274f49f21a03df6f7da7f330fed2fe31ff1b6bdd1be8fc9ce8088bf297fdd4e6
3,knn_preservation,0.3587898822883343,2000,cls,none,defocus_blur,1,score,True,274f49f21a03df6f7da7f330fed2fe31ff1b6bdd1be8fc9ce8088bf297fdd4e6
3,relative_distance,0.5682577806243678,2000,patch_mean,none,defocus_blur,1,score,True,274f49f21a03df6f7da7f330fed2fe31ff1b6bdd1be8fc9ce8088bf297fdd4e6
3,cosine_distance,0.16052084236872355,2000,patch_mean,none,defocus_blur,1,score,True,274f49f21a03df6f7da7f330fed2fe31ff1b6bdd1be8fc9ce8088bf297fdd4e6
3,one_minus_cka,0.06667406321972269,2000,patch_mean,none,defocus_blur,1,score,True,274f49f21a03df6f7da7f330fed2fe31ff1b6bdd1be8fc9ce8088bf297fdd4e6
3,amplification_ratio,0.9106563962114709,2000,patch_mean,none,defocus_blur,1,score,True,274f49f21a03df6f7da7f330fed2fe31ff1b6bdd1be8fc9ce8088bf297fdd4e6
3,knn_preservation,0.42567858401488434,2000,patch_mean,none,defocus_blur,1,score,True,274f49f21a03df6f7da7f330fed2fe31ff1b6bdd1be8fc9ce8088bf297fdd4e6
4,relative_distance,0.10757011891436744,2000,cls,none,defocus_blur,1,score,True,274f49f21a03df6f7da7f330fed2fe31ff1b6bdd1be8fc9ce8088bf297fdd4e6
4,cosine_distance,0.005876677155933108,2000,cls,none,defocus_blur,1,score,True,274f49f21a03df6f7da7f330fed2fe31ff1b6bdd1be8fc9ce8088bf297fdd4e6
4,one_minus_cka,0.09098529223936414,2000,cls,none,defocus_blur,1,score,True,274f49f21a03df6f7da7f330fed2fe31ff1b6bdd1be8fc9ce8088bf297fdd4e6
4,amplification_ratio,1.196543350505835,2000,cls,none,defocus_blur,1,score,True,274f49f21a03df6f7da7f330fed2fe31ff1b6bdd1be8fc9ce8088bf297fdd4e6
4,knn_preservation,0.35216048244840814,2000,cls,none,defocus_blur,1,score,True,274f49f21a03df6f7da7f330fed2fe31ff1b6bdd1be8fc9ce8088bf297fdd4e6
4,relative_distance,0.4943356550753416,2000,patch_mean,none,defocus_blur,1,score,True,274f49f21a03df6f7da7f330fed2fe31ff1b6bdd1be8fc9ce8088bf297fdd4e6
4,cosine_distance,0.1234748357812249,2000,patch_mean,none,defocus_blur,1,score,True,274f49f21a03df6f7da7f330fed2fe31ff1b6bdd1be8fc9ce8088bf297fdd4e6
4,one_minus_cka,0.06299647460527114,2000,patch_mean,none,defocus_blur,1,score,True,274f49f21a03df6f7da7f330fed2fe31ff1b6bdd1be8fc9ce8088bf297fdd4e6
4,amplification_ratio,0.8699144506779917,2000,patch_mean,none,defocus_blur,1,score,True,274f49f21a03df6f7da7f330fed2fe31ff1b6bdd1be8fc9ce8088bf297fdd4e6
4,knn_preservation,0.40421378857640466,2000,patch_mean,none,defocus_blur,1,score,True,274f49f21a03df6f7da7f330fed2fe31ff1b6bdd1be8fc9ce8088bf297fdd4e6
5,relative_distance,0.14505676551127666,2000,cls,none,defocus_blur,1,score,True,274f49f21a03df6f7da7f330fed2fe31ff1b6bdd1be8fc9ce8088bf297fdd4e6
5,cosine_distance,0.01051317749227559,2000,cls,none,defocus_blur,1,score,True,274f49f21a03df6f7da7f330fed2fe31ff1b6bdd1be8fc9ce8088bf297fdd4e6
5,one_minus_cka,0.0935956529516031,2000,cls,none,defocus_blur,1,score,True,274f49f21a03df6f7da7f330fed2fe31ff1b6bdd1be8fc9ce8088bf297fdd4e6
5,amplification_ratio,1.348485685199911,2000,cls,none,defocus_blur,1,score,True,274f49f21a03df6f7da7f330fed2fe31ff1b6bdd1be8fc9ce8088bf297fdd4e6
5,knn_preservation,0.34458967765121007,2000,cls,none,defocus_blur,1,score,True,274f49f21a03df6f7da7f330fed2fe31ff1b6bdd1be8fc9ce8088bf297fdd4e6
5,relative_distance,0.45047713994726474,2000,patch_mean,none,defocus_blur,1,score,True,274f49f21a03df6f7da7f330fed2fe31ff1b6bdd1be8fc9ce8088bf297fdd4e6
5,cosine_distance,0.1017174880736376,2000,patch_mean,none,defocus_blur,1,score,True,274f49f21a03df6f7da7f330fed2fe31ff1b6bdd1be8fc9ce8088bf297fdd4e6
5,one_minus_cka,0.0690242486394641,2000,patch_mean,none,defocus_blur,1,score,True,274f49f21a03df6f7da7f330fed2fe31ff1b6bdd1be8fc9ce8088bf297fdd4e6
5,amplification_ratio,0.9112778641844226,2000,patch_mean,none,defocus_blur,1,score,True,274f49f21a03df6f7da7f330fed2fe31ff1b6bdd1be8fc9ce8088bf297fdd4e6
5,knn_preservation,0.4011071858567989,2000,patch_mean,none,defocus_blur,1,score,True,274f49f21a03df6f7da7f330fed2fe31ff1b6bdd1be8fc9ce8088bf297fdd4e6
6,relative_distance,0.1837859716014793,2000,cls,none,defocus_blur,1,score,True,274f49f21a03df6f7da7f330fed2fe31ff1b6bdd1be8fc9ce8088bf297fdd4e6
6,cosine_distance,0.016381860640869664,2000,cls,none,defocus_blur,1,score,True,274f49f21a03df6f7da7f330fed2fe31ff1b6bdd1be8fc9ce8088bf297fdd4e6
6,one_minus_cka,0.10620024570124953,2000,cls,none,defocus_blur,1,score,True,274f49f21a03df6f7da7f330fed2fe31ff1b6bdd1be8fc9ce8088bf297fdd4e6
6,amplification_ratio,1.2669934487625938,2000,cls,none,defocus_blur,1,score,True,274f49f21a03df6f7da7f330fed2fe31ff1b6bdd1be8fc9ce8088bf297fdd4e6
6,knn_preservation,0.33581565854166473,2000,cls,none,defocus_blur,1,score,True,274f49f21a03df6f7da7f330fed2fe31ff1b6bdd1be8fc9ce8088bf297fdd4e6
6,relative_distance,0.4308910513862935,2000,patch_mean,none,defocus_blur,1,score,True,274f49f21a03df6f7da7f330fed2fe31ff1b6bdd1be8fc9ce8088bf297fdd4e6
6,cosine_distance,0.09330439356033975,2000,patch_mean,none,defocus_blur,1,score,True,274f49f21a03df6f7da7f330fed2fe31ff1b6bdd1be8fc9ce8088bf297fdd4e6
6,one_minus_cka,0.08154112579460782,2000,patch_mean,none,defocus_blur,1,score,True,274f49f21a03df6f7da7f330fed2fe31ff1b6bdd1be8fc9ce8088bf297fdd4e6
6,amplification_ratio,0.9565214595278596,2000,patch_mean,none,defocus_blur,1,score,True,274f49f21a03df6f7da7f330fed2fe31ff1b6bdd1be8fc9ce8088bf297fdd4e6
6,knn_preservation,0.4067055469899897,2000,patch_mean,none,defocus_blur,1,score,True,274f49f21a03df6f7da7f330fed2fe31ff1b6bdd1be8fc9ce8088bf297fdd4e6
7,relative_distance,0.2310858091782874,2000,cls,none,defocus_blur,1,score,True,274f49f21a03df6f7da7f330fed2fe31ff1b6bdd1be8fc9ce8088bf297fdd4e6
7,cosine_distance,0.025535825648461186,2000,cls,none,defocus_blur,1,score,True,274f49f21a03df6f7da7f330fed2fe31ff1b6bdd1be8fc9ce8088bf297fdd4e6
7,one_minus_cka,0.13293292910992482,2000,cls,none,defocus_blur,1,score,True,274f49f21a03df6f7da7f330fed2fe31ff1b6bdd1be8fc9ce8088bf297fdd4e6
7,amplification_ratio,1.2573636995503272,2000,cls,none,defocus_blur,1,score,True,274f49f21a03df6f7da7f330fed2fe31ff1b6bdd1be8fc9ce8088bf297fdd4e6
7,knn_preservation,0.32562823927878104,2000,cls,none,defocus_blur,1,score,True,274f49f21a03df6f7da7f330fed2fe31ff1b6bdd1be8fc9ce8088bf297fdd4e6
7,relative_distance,0.4097252759902543,2000,patch_mean,none,defocus_blur,1,score,True,274f49f21a03df6f7da7f330fed2fe31ff1b6bdd1be8fc9ce8088bf297fdd4e6
7,cosine_distance,0.08500113118869176,2000,patch_mean,none,defocus_blur,1,score,True,274f49f21a03df6f7da7f330fed2fe31ff1b6bdd1be8fc9ce8088bf297fdd4e6
7,one_minus_cka,0.09328525213750138,2000,patch_mean,none,defocus_blur,1,score,True,274f49f21a03df6f7da7f330fed2fe31ff1b6bdd1be8fc9ce8088bf297fdd4e6
7,amplification_ratio,0.9508790555572153,2000,patch_mean,none,defocus_blur,1,score,True,274f49f21a03df6f7da7f330fed2fe31ff1b6bdd1be8fc9ce8088bf297fdd4e6
7,knn_preservation,0.4069716877120128,2000,patch_mean,none,defocus_blur,1,score,True,274f49f21a03df6f7da7f330fed2fe31ff1b6bdd1be8fc9ce8088bf297fdd4e6
8,relative_distance,0.3121133472107714,2000,cls,none,defocus_blur,1,score,True,274f49f21a03df6f7da7f330fed2fe31ff1b6bdd1be8fc9ce8088bf297fdd4e6
8,cosine_distance,0.04656244409117727,2000,cls,none,defocus_blur,1,score,True,274f49f21a03df6f7da7f330fed2fe31ff1b6bdd1be8fc9ce8088bf297fdd4e6
8,one_minus_cka,0.18081596347308082,2000,cls,none,defocus_blur,1,score,True,274f49f21a03df6f7da7f330fed2fe31ff1b6bdd1be8fc9ce8088bf297fdd4e6
8,amplification_ratio,1.350638311892054,2000,cls,none,defocus_blur,1,score,True,274f49f21a03df6f7da7f330fed2fe31ff1b6bdd1be8fc9ce8088bf297fdd4e6
8,knn_preservation,0.30118589515919236,2000,cls,none,defocus_blur,1,score,True,274f49f21a03df6f7da7f330fed2fe31ff1b6bdd1be8fc9ce8088bf297fdd4e6
8,relative_distance,0.383501948813759,2000,patch_mean,none,defocus_blur,1,score,True,274f49f21a03df6f7da7f330fed2fe31ff1b6bdd1be8fc9ce8088bf297fdd4e6
8,cosine_distance,0.07534107676266603,2000,patch_mean,none,defocus_blur,1,score,True,274f49f21a03df6f7da7f330fed2fe31ff1b6bdd1be8fc9ce8088bf297fdd4e6
8,one_minus_cka,0.09799918119392115,2000,patch_mean,none,defocus_blur,1,score,True,274f49f21a03df6f7da7f330fed2fe31ff1b6bdd1be8fc9ce8088bf297fdd4e6
8,amplification_ratio,0.9359977801879152,2000,patch_mean,none,defocus_blur,1,score,True,274f49f21a03df6f7da7f330fed2fe31ff1b6bdd1be8fc9ce8088bf297fdd4e6
8,knn_preservation,0.40570335246109246,2000,patch_mean,none,defocus_blur,1,score,True,274f49f21a03df6f7da7f330fed2fe31ff1b6bdd1be8fc9ce8088bf297fdd4e6
9,relative_distance,0.3999856126043367,2000,cls,none,defocus_blur,1,score,True,274f49f21a03df6f7da7f330fed2fe31ff1b6bdd1be8fc9ce8088bf297fdd4e6
9,cosine_distance,0.07991166178646597,2000,cls,none,defocus_blur,1,score,True,274f49f21a03df6f7da7f330fed2fe31ff1b6bdd1be8fc9ce8088bf297fdd4e6
9,one_minus_cka,0.20437972562542794,2000,cls,none,defocus_blur,1,score,True,274f49f21a03df6f7da7f330fed2fe31ff1b6bdd1be8fc9ce8088bf297fdd4e6
9,amplification_ratio,1.2815395950825033,2000,cls,none,defocus_blur,1,score,True,274f49f21a03df6f7da7f330fed2fe31ff1b6bdd1be8fc9ce8088bf297fdd4e6
9,knn_preservation,0.2891436620654887,2000,cls,none,defocus_blur,1,score,True,274f49f21a03df6f7da7f330fed2fe31ff1b6bdd1be8fc9ce8088bf297fdd4e6
9,relative_distance,0.32886691186896067,2000,patch_mean,none,defocus_blur,1,score,True,274f49f21a03df6f7da7f330fed2fe31ff1b6bdd1be8fc9ce8088bf297fdd4e6
9,cosine_distance,0.05597548088507726,2000,patch_mean,none,defocus_blur,1,score,True,274f49f21a03df6f7da7f330fed2fe31ff1b6bdd1be8fc9ce8088bf297fdd4e6
9,one_minus_cka,0.0984079222999279,2000,patch_mean,none,defocus_blur,1,score,True,274f49f21a03df6f7da7f330fed2fe31ff1b6bdd1be8fc9ce8088bf297fdd4e6
9,amplification_ratio,0.8575364815907862,2000,patch_mean,none,defocus_blur,1,score,True,274f49f21a03df6f7da7f330fed2fe31ff1b6bdd1be8fc9ce8088bf297fdd4e6
9,knn_preservation,0.39938160227285613,2000,patch_mean,none,defocus_blur,1,score,True,274f49f21a03df6f7da7f330fed2fe31ff1b6bdd1be8fc9ce8088bf297fdd4e6
10,relative_distance,0.407823524962917,2000,cls,none,defocus_blur,1,score,True,274f49f21a03df6f7da7f330fed2fe31ff1b6bdd1be8fc9ce8088bf297fdd4e6
10,cosine_distance,0.09064616661870578,2000,cls,none,defocus_blur,1,score,True,274f49f21a03df6f7da7f330fed2fe31ff1b6bdd1be8fc9ce8088bf297fdd4e6
10,one_minus_cka,0.18800476669840993,2000,cls,none,defocus_blur,1,score,True,274f49f21a03df6f7da7f330fed2fe31ff1b6bdd1be8fc9ce8088bf297fdd4e6
10,amplification_ratio,1.0195954857164664,2000,cls,none,defocus_blur,1,score,True,274f49f21a03df6f7da7f330fed2fe31ff1b6bdd1be8fc9ce8088bf297fdd4e6
10,knn_preservation,0.29700881694844544,2000,cls,none,defocus_blur,1,score,True,274f49f21a03df6f7da7f330fed2fe31ff1b6bdd1be8fc9ce8088bf297fdd4e6
10,relative_distance,0.2996961685198296,2000,patch_mean,none,defocus_blur,1,score,True,274f49f21a03df6f7da7f330fed2fe31ff1b6bdd1be8fc9ce8088bf297fdd4e6
10,cosine_distance,0.046412015246401345,2000,patch_mean,none,defocus_blur,1,score,True,274f49f21a03df6f7da7f330fed2fe31ff1b6bdd1be8fc9ce8088bf297fdd4e6
10,one_minus_cka,0.10686329773097303,2000,patch_mean,none,defocus_blur,1,score,True,274f49f21a03df6f7da7f330fed2fe31ff1b6bdd1be8fc9ce8088bf297fdd4e6
10,amplification_ratio,0.9112992450856402,2000,patch_mean,none,defocus_blur,1,score,True,274f49f21a03df6f7da7f330fed2fe31ff1b6bdd1be8fc9ce8088bf297fdd4e6
10,knn_preservation,0.3723101860300003,2000,patch_mean,none,defocus_blur,1,score,True,274f49f21a03df6f7da7f330fed2fe31ff1b6bdd1be8fc9ce8088bf297fdd4e6
11,relative_distance,0.49855728264519616,2000,cls,none,defocus_blur,1,score,True,274f49f21a03df6f7da7f330fed2fe31ff1b6bdd1be8fc9ce8088bf297fdd4e6
11,cosine_distance,0.13935797024210167,2000,cls,none,defocus_blur,1,score,True,274f49f21a03df6f7da7f330fed2fe31ff1b6bdd1be8fc9ce8088bf297fdd4e6
11,one_minus_cka,0.23494389549592976,2000,cls,none,defocus_blur,1,score,True,274f49f21a03df6f7da7f330fed2fe31ff1b6bdd1be8fc9ce8088bf297fdd4e6
11,amplification_ratio,1.2224828930369562,2000,cls,none,defocus_blur,1,score,True,274f49f21a03df6f7da7f330fed2fe31ff1b6bdd1be8fc9ce8088bf297fdd4e6
11,knn_preservation,0.24373239522775125,2000,cls,none,defocus_blur,1,score,True,274f49f21a03df6f7da7f330fed2fe31ff1b6bdd1be8fc9ce8088bf297fdd4e6
11,relative_distance,0.3056023750834431,2000,patch_mean,none,defocus_blur,1,score,True,274f49f21a03df6f7da7f330fed2fe31ff1b6bdd1be8fc9ce8088bf297fdd4e6
11,cosine_distance,0.04872187691553326,2000,patch_mean,none,defocus_blur,1,score,True,274f49f21a03df6f7da7f330fed2fe31ff1b6bdd1be8fc9ce8088bf297fdd4e6
11,one_minus_cka,0.10037943304404329,2000,patch_mean,none,defocus_blur,1,score,True,274f49f21a03df6f7da7f330fed2fe31ff1b6bdd1be8fc9ce8088bf297fdd4e6
11,amplification_ratio,1.0197073142202107,2000,patch_mean,none,defocus_blur,1,score,True,274f49f21a03df6f7da7f330fed2fe31ff1b6bdd1be8fc9ce8088bf297fdd4e6
11,knn_preservation,0.3436418633396187,2000,patch_mean,none,defocus_blur,1,score,True,274f49f21a03df6f7da7f330fed2fe31ff1b6bdd1be8fc9ce8088bf297fdd4e6
0,relative_distance,0.02730852343473476,2000,cls,none,defocus_blur,3,score,True,274f49f21a03df6f7da7f330fed2fe31ff1b6bdd1be8fc9ce8088bf297fdd4e6
0,cosine_distance,0.0004735293604942541,2000,cls,none,defocus_blur,3,score,True,274f49f21a03df6f7da7f330fed2fe31ff1b6bdd1be8fc9ce8088bf297fdd4e6
0,one_minus_cka,0.2302401231448904,2000,cls,none,defocus_blur,3,score,True,274f49f21a03df6f7da7f330fed2fe31ff1b6bdd1be8fc9ce8088bf297fdd4e6
0,amplification_ratio,1.0,2000,cls,none,defocus_blur,3,score,True,274f49f21a03df6f7da7f330fed2fe31ff1b6bdd1be8fc9ce8088bf297fdd4e6
0,knn_preservation,0.18910280165311125,2000,cls,none,defocus_blur,3,score,True,274f49f21a03df6f7da7f330fed2fe31ff1b6bdd1be8fc9ce8088bf297fdd4e6
0,relative_distance,0.5500468349151056,2000,patch_mean,none,defocus_blur,3,score,True,274f49f21a03df6f7da7f330fed2fe31ff1b6bdd1be8fc9ce8088bf297fdd4e6
0,cosine_distance,0.15416081482553398,2000,patch_mean,none,defocus_blur,3,score,True,274f49f21a03df6f7da7f330fed2fe31ff1b6bdd1be8fc9ce8088bf297fdd4e6
0,one_minus_cka,0.205751573739006,2000,patch_mean,none,defocus_blur,3,score,True,274f49f21a03df6f7da7f330fed2fe31ff1b6bdd1be8fc9ce8088bf297fdd4e6
0,amplification_ratio,1.0,2000,patch_mean,none,defocus_blur,3,score,True,274f49f21a03df6f7da7f330fed2fe31ff1b6bdd1be8fc9ce8088bf297fdd4e6
0,knn_preservation,0.23249666424047227,2000,patch_mean,none,defocus_blur,3,score,True,274f49f21a03df6f7da7f330fed2fe31ff1b6bdd1be8fc9ce8088bf297fdd4e6
1,relative_distance,0.06928979614653594,2000,cls,none,defocus_blur,3,score,True,274f49f21a03df6f7da7f330fed2fe31ff1b6bdd1be8fc9ce8088bf297fdd4e6
1,cosine_distance,0.002578082104885151,2000,cls,none,defocus_blur,3,score,True,274f49f21a03df6f7da7f330fed2fe31ff1b6bdd1be8fc9ce8088bf297fdd4e6
1,one_minus_cka,0.23186483231836785,2000,cls,none,defocus_blur,3,score,True,274f49f21a03df6f7da7f330fed2fe31ff1b6bdd1be8fc9ce8088bf297fdd4e6
1,amplification_ratio,2.537295592423118,2000,cls,none,defocus_blur,3,score,True,274f49f21a03df6f7da7f330fed2fe31ff1b6bdd1be8fc9ce8088bf297fdd4e6
1,knn_preservation,0.20389043636102458,2000,cls,none,defocus_blur,3,score,True,274f49f21a03df6f7da7f330fed2fe31ff1b6bdd1be8fc9ce8088bf297fdd4e6
1,relative_distance,0.7331744502272687,2000,patch_mean,none,defocus_blur,3,score,True,274f49f21a03df6f7da7f330fed2fe31ff1b6bdd1be8fc9ce8088bf297fdd4e6
1,cosine_distance,0.2604996210053277,2000,patch_mean,none,defocus_blur,3,score,True,274f49f21a03df6f7da7f330fed2fe31ff1b6bdd1be8fc9ce8088bf297fdd4e6
1,one_minus_cka,0.1493677504820594,2000,patch_mean,none,defocus_blur,3,score,True,274f49f21a03df6f7da7f330fed2fe31ff1b6bdd1be8fc9ce8088bf297fdd4e6
1,amplification_ratio,1.3329309500352402,2000,patch_mean,none,defocus_blur,3,score,True,274f49f21a03df6f7da7f330fed2fe31ff1b6bdd1be8fc9ce8088bf297fdd4e6
1,knn_preservation,0.2744036483812025,2000,patch_mean,none,defocus_blur,3,score,True,274f49f21a03df6f7da7f330fed2fe31ff1b6bdd1be8fc9ce8088bf297fdd4e6
2,relative_distance,0.10380048896007728,2000,cls,none,defocus_blur,3,score,True,274f49f21a03df6f7da7f330fed2fe31ff1b6bdd1be8fc9ce8088bf297fdd4e6
2,cosine_distance,0.005528345038227322,2000,cls,none,defocus_blur,3,score,True,274f49f21a03df6f7da7f330fed2fe31ff1b6bdd1be8fc9ce8088bf297fdd4e6
2,one_minus_cka,0.188839746181091,2000,cls,none,defocus_blur,3,score,True,274f49f21a03df6f7da7f330fed2fe31ff1b6bdd1be8fc9ce8088bf297fdd4e6
2,amplification_ratio,1.4980631309775712,2000,cls,none,defocus_blur,3,score,True,274f49f21a03df6f7da7f330fed2fe31ff1b6bdd1be8fc9ce8088bf297fdd4e6
2,knn_preservation,0.21587175350449342,2000,cls,none,defocus_blur,3,score,True,274f49f21a03df6f7da7f330fed2fe31ff1b6bdd1be8fc9ce8088bf297fdd4e6
2,relative_distance,0.8469792734302533,2000,patch_mean,none,defocus_blur,3,score,True,274f49f21a03df6f7da7f330fed2fe31ff1b6bdd1be8fc9ce8088bf297fdd4e6
2,cosine_distance,0.3152159833623025,2000,patch_mean,none,defocus_blur,3,score,True,274f49f21a03df6f7da7f330fed2fe31ff1b6bdd1be8fc9ce8088bf297fdd4e6
2,one_minus_cka,0.14013253489174982,2000,patch_mean,none,defocus_blur,3,score,True,274f49f21a03df6f7da7f330fed2fe31ff1b6bdd1be8fc9ce8088bf297fdd4e6
2,amplification_ratio,1.1552220254916241,2000,patch_mean,none,defocus_blur,3,score,True,274f49f21a03df6f7da7f330fed2fe31ff1b6bdd1be8fc9ce8088bf297fdd4e6
2,knn_preservation,0.2952466197373318,2000,patch_mean,none,defocus_blur,3,score,True,274f49f21a03df6f7da7f330fed2fe31ff1b6bdd1be8fc9ce8088bf297fdd4e6
3,relative_distance,0.1263586086856229,2000,cls,none,defocus_blur,3,score,True,274f49f21a03df6f7da7f330fed2fe31ff1b6bdd1be8fc9ce8088bf297fdd4e6
3,cosine_distance,0.008134452656429318,2000,cls,none,defocus_blur,3,score,True,274f49f21a03df6f7da7f330fed2fe31ff1b6bdd1be8fc9ce8088bf297fdd4e6
3,one_minus_cka,0.20106876798525264,2000,cls,none,defocus_blur,3,score,True,274f49f21a03df6f7da7f330fed2fe31ff1b6bdd1be8fc9ce8088bf297fdd4e6
3,amplification_ratio,1.217321902348858,2000,cls,none,defocus_blur,3,score,True,274f49f21a03df6f7da7f330fed2fe31ff1b6bdd1be8fc9ce8088bf297fdd4e6
3,knn_preservation,0.22276592705540074,2000,cls,none,defocus_blur,3,score,True,274f49f21a03df6f7da7f330fed2fe31ff1b6bdd1be8fc9ce8088bf297fdd4e6
3,relative_distance,0.8049090143873668,2000,patch_mean,none,defocus_blur,3,score,True,274f49f21a03df6f7da7f330fed2fe31ff1b6bdd1be8fc9ce8088bf297fdd4e6
3,cosine_distance,0.29648058800877836,2000,patch_mean,none,defocus_blur,3,score,True,274f49f21a03df6f7da7f330fed2fe31ff1b6bdd1be8fc9ce8088bf297fdd4e6
3,one_minus_cka,0.14159737826877117,2000,patch_mean,none,defocus_blur,3,score,True,274f49f21a03df6f7da7f330fed2fe31ff1b6bdd1be8fc9ce8088bf297fdd4e6
3,amplification_ratio,0.9503290572005352,2000,patch_mean,none,defocus_blur,3,score,True,274f49f21a03df6f7da7f330fed2fe31ff1b6bdd1be8fc9ce8088bf297fdd4e6
3,knn_preservation,0.28327281889936684,2000,patch_mean,none,defocus_blur,3,score,True,274f49f21a03df6f7da7f330fed2fe31ff1b6bdd1be8fc9ce8088bf297fdd4e6
4,relative_distance,0.15495726483985098,2000,cls,none,defocus_blur,3,score,True,274f49f21a03df6f7da7f330fed2fe31ff1b6bdd1be8fc9ce8088bf297fdd4e6
4,cosine_distance,0.012154987110082146,2000,cls,none,defocus_blur,3,score,True,274f49f21a03df6f7da7f330fed2fe31ff1b6bdd1be8fc9ce8088bf297fdd4e6
4,one_minus_cka,0.20211089349631428,2000,cls,none,defocus_blur,3,score,True,274f49f21a03df6f7da7f330fed2fe31ff1b6bdd1be8fc9ce8088bf297fdd4e6
4,amplification_ratio,1.2263293055511622,2000,cls,none,defocus_blur,3,score,True,274f49f21a03df6f7da7f330fed2fe31ff1b6bdd1be8fc9ce8088bf297fdd4e6
4,knn_preservation,0.20893593613988348,2000,cls,none,defocus_blur,3,score,True,274f49f21a03df6f7da7f330fed2fe31ff1b6bdd1be8fc9ce8088bf297fdd4e6
4,relative_distance,0.7303167819691626,2000,patch_mean,none,defocus_blur,3,score,True,274f49f21a03df6f7da7f330fed2fe31ff1b6bdd1be8fc9ce8088bf297fdd4e6
4,cosine_distance,0.25654024982312473,2000,patch_mean,none,defocus_blur,3,score,True,274f49f21a03df6f7da7f330fed2fe31ff1b6bdd1be8fc9ce8088bf297fdd4e6
4,one_minus_cka,0.14093248890134635,2000,patch_mean,none,defocus_blur,3,score,True,274f49f21a03df6f7da7f330fed2fe31ff1b6bdd1be8fc9ce8088bf297fdd4e6
4,amplification_ratio,0.907328367449111,2000,patch_mean,none,defocus_blur,3,score,True,274f49f21a03df6f7da7f330fed2fe31ff1b6bdd1be8fc9ce8088bf297fdd4e6
4,knn_preservation,0.2564740535522269,2000,patch_mean,none,defocus_blur,3,score,True,274f49f21a03df6f7da7f330fed2fe31ff1b6bdd1be8fc9ce8088bf297fdd4e6
5,relative_distance,0.20196010437705736,2000,cls,none,defocus_blur,3,score,True,274f49f21a03df6f7da7f330fed2fe31ff1b6bdd1be8fc9ce8088bf297fdd4e6
5,cosine_distance,0.020049028555105253,2000,cls,none,defocus_blur,3,score,True,274f49f21a03df6f7da7f330fed2fe31ff1b6bdd1be8fc9ce8088bf297fdd4e6
5,one_minus_cka,0.20771067502373086,2000,cls,none,defocus_blur,3,score,True,274f49f21a03df6f7da7f330fed2fe31ff1b6bdd1be8fc9ce8088bf297fdd4e6
5,amplification_ratio,1.303327756757865,2000,cls,none,defocus_blur,3,score,True,274f49f21a03df6f7da7f330fed2fe31ff1b6bdd1be8fc9ce8088bf297fdd4e6
5,knn_preservation,0.2005635395306448,2000,cls,none,defocus_blur,3,score,True,274f49f21a03df6f7da7f330fed2fe31ff1b6bdd1be8fc9ce8088bf297fdd4e6
5,relative_distance,0.6699973825477186,2000,patch_mean,none,defocus_blur,3,score,True,274f49f21a03df6f7da7f330fed2fe31ff1b6bdd1be8fc9ce8088bf297fdd4e6
5,cosine_distance,0.21614925019149264,2000,patch_mean,none,defocus_blur,3,score,True,274f49f21a03df6f7da7f330fed2fe31ff1b6bdd1be8fc9ce8088bf297fdd4e6
5,one_minus_cka,0.15103636354939154,2000,patch_mean,none,defocus_blur,3,score,True,274f49f21a03df6f7da7f330fed2fe31ff1b6bdd1be8fc9ce8088bf297fdd4e6
5,amplification_ratio,0.917406526988461,2000,patch_mean,none,defocus_blur,3,score,True,274f49f21a03df6f7da7f330fed2fe31ff1b6bdd1be8fc9ce8088bf297fdd4e6
5,knn_preservation,0.24416337347722797,2000,patch_mean,none,defocus_blur,3,score,True,274f49f21a03df6f7da7f330fed2fe31ff1b6bdd1be8fc9ce8088bf297fdd4e6
6,relative_distance,0.26960596130374026,2000,cls,none,defocus_blur,3,score,True,274f49f21a03df6f7da7f330fed2fe31ff1b6bdd1be8fc9ce8088bf297fdd4e6
6,cosine_distance,0.03359803786296752,2000,cls,none,defocus_blur,3,score,True,274f49f21a03df6f7da7f330fed2fe31ff1b6bdd1be8fc9ce8088bf297fdd4e6
6,one_minus_cka,0.23225220751040898,2000,cls,none,defocus_blur,3,score,True,274f49f21a03df6f7da7f330fed2fe31ff1b6bdd1be8fc9ce8088bf297fdd4e6
6,amplification_ratio,1.3349466328279807,2000,cls,none,defocus_blur,3,score,True,274f49f21a03df6f7da7f330fed2fe31ff1b6bdd1be8fc9ce8088bf297fdd4e6
6,knn_preservation,0.18534225694326312,2000,cls,none,defocus_blur,3,score,True,274f49f21a03df6f7da7f330fed2fe31ff1b6bdd1be8fc9ce8088bf297fdd4e6
6,relative_distance,0.6620236256360542,2000,patch_mean,none,defocus_blur,3,score,True,274f49f21a03df6f7da7f330fed2fe31ff1b6bdd1be8fc9ce8088bf297fdd4e6
6,cosine_distance,0.2078049822718048,2000,patch_mean,none,defocus_blur,3,score,True,274f49f21a03df6f7da7f330fed2fe31ff1b6bdd1be8fc9ce8088bf297fdd4e6
6,one_minus_cka,0.18123681490566135,2000,patch_mean,none,defocus_blur,3,score,True,274f49f21a03df6f7da7f330fed2fe31ff1b6bdd1be8fc9ce8088bf297fdd4e6
6,amplification_ratio,0.9880988237874251,2000,patch_mean,none,defocus_blur,3,score,True,274f49f21a03df6f7da7f330fed2fe31ff1b6bdd1be8fc9ce8088bf297fdd4e6
6,knn_preservation,0.2339250827002375,2000,patch_mean,none,defocus_blur,3,score,True,274f49f21a03df6f7da7f330fed2fe31ff1b6bdd1be8fc9ce8088bf297fdd4e6
7,relative_distance,0.3502420532783424,2000,cls,none,defocus_blur,3,score,True,274f49f21a03df6f7da7f330fed2fe31ff1b6bdd1be8fc9ce8088bf297fdd4e6
7,cosine_distance,0.05407338664444576,2000,cls,none,defocus_blur,3,score,True,274f49f21a03df6f7da7f330fed2fe31ff1b6bdd1be8fc9ce8088bf297fdd4e6
7,one_minus_cka,0.28721998516296143,2000,cls,none,defocus_blur,3,score,True,274f49f21a03df6f7da7f330fed2fe31ff1b6bdd1be8fc9ce8088bf297fdd4e6
7,amplification_ratio,1.299088683294198,2000,cls,none,defocus_blur,3,score,True,274f49f21a03df6f7da7f330fed2fe31ff1b6bdd1be8fc9ce8088bf297fdd4e6
7,knn_preservation,0.1662679114830818,2000,cls,none,defocus_blur,3,score,True,274f49f21a03df6f7da7f330fed2fe31ff1b6bdd1be8fc9ce8088bf297fdd4e6
7,relative_distance,0.6490366574700929,2000,patch_mean,none,defocus_blur,3,score,True,274f49f21a03df6f7da7f330fed2fe31ff1b6bdd1be8fc9ce8088bf297fdd4e6
7,cosine_distance,0.1994616632867337,2000,patch_mean,none,defocus_blur,3,score,True,274f49f21a03df6f7da7f330fed2fe31ff1b6bdd1be8fc9ce8088bf297fdd4e6
7,one_minus_cka,0.21082539120082755,2000,patch_mean,none,defocus_blur,3,score,True,274f49f21a03df6f7da7f330fed2fe31ff1b6bdd1be8fc9ce8088bf297fdd4e6
7,amplification_ratio,0.9803829234138226,2000,patch_mean,none,defocus_blur,3,score,True,274f49f21a03df6f7da7f330fed2fe31ff1b6bdd1be8fc9ce8088bf297fdd4e6
7,knn_preservation,0.23120703659945144,2000,patch_mean,none,defocus_blur,3,score,True,274f49f21a03df6f7da7f330fed2fe31ff1b6bdd1be8fc9ce8088bf297fdd4e6
8,relative_distance,0.4736200621571968,2000,cls,none,defocus_blur,3,score,True,274f49f21a03df6f7da7f330fed2fe31ff1b6bdd1be8fc9ce8088bf297fdd4e6
8,cosine_distance,0.0966859212460424,2000,cls,none,defocus_blur,3,score,True,274f49f21a03df6f7da7f330fed2fe31ff1b6bdd1be8fc9ce8088bf297fdd4e6
8,one_minus_cka,0.3572885182248521,2000,cls,none,defocus_blur,3,score,True,274f49f21a03df6f7da7f330fed2fe31ff1b6bdd1be8fc9ce8088bf297fdd4e6
8,amplification_ratio,1.3522649771037178,2000,cls,none,defocus_blur,3,score,True,274f49f21a03df6f7da7f330fed2fe31ff1b6bdd1be8fc9ce8088bf297fdd4e6
8,knn_preservation,0.14560188225087606,2000,cls,none,defocus_blur,3,score,True,274f49f21a03df6f7da7f330fed2fe31ff1b6bdd1be8fc9ce8088bf297fdd4e6
8,relative_distance,0.6205717153954943,2000,patch_mean,none,defocus_blur,3,score,True,274f49f21a03df6f7da7f330fed2fe31ff1b6bdd1be8fc9ce8088bf297fdd4e6
8,cosine_distance,0.18654412028262113,2000,patch_mean,none,defocus_blur,3,score,True,274f49f21a03df6f7da7f330fed2fe31ff1b6bdd1be8fc9ce8088bf297fdd4e6
8,one_minus_cka,0.24334762947817912,2000,patch_mean,none,defocus_blur,3,score,True,274f49f21a03df6f7da7f330fed2fe31ff1b6bdd1be8fc9ce8088bf297fdd4e6
8,amplification_ratio,0.9561427821572462,2000,patch_mean,none,defocus_blur,3,score,True,274f49f21a03df6f7da7f330fed2fe31ff1b6bdd1be8fc9ce8088bf297fdd4e6
8,knn_preservation,0.21907231957928552,2000,patch_mean,none,defocus_blur,3,score,True,274f49f21a03df6f7da7f330fed2fe31ff1b6bdd1be8fc9ce8088bf297fdd4e6
9,relative_distance,0.6108390410748146,2000,cls,none,defocus_blur,3,score,True,274f49f21a03df6f7da7f330fed2fe31ff1b6bdd1be8fc9ce8088bf297fdd4e6
9,cosine_distance,0.17406573024166,2000,cls,none,defocus_blur,3,score,True,274f49f21a03df6f7da7f330fed2fe31ff1b6bdd1be8fc9ce8088bf297fdd4e6
9,one_minus_cka,0.42785525504530153,2000,cls,none,defocus_blur,3,score,True,274f49f21a03df6f7da7f330fed2fe31ff1b6bdd1be8fc9ce8088bf297fdd4e6
9,amplification_ratio,1.289723746693978,2000,cls,none,defocus_blur,3,score,True,274f49f21a03df6f7da7f330fed2fe31ff1b6bdd1be8fc9ce8088bf297fdd4e6
9,knn_preservation,0.1325333497771578,2000,cls,none,defocus_blur,3,score,True,274f49f21a03df6f7da7f330fed2fe31ff1b6bdd1be8fc9ce8088bf297fdd4e6
9,relative_distance,0.5358124999927832,2000,patch_mean,none,defocus_blur,3,score,True,274f49f21a03df6f7da7f330fed2fe31ff1b6bdd1be8fc9ce8088bf297fdd4e6
9,cosine_distance,0.1449582016054329,2000,patch_mean,none,defocus_blur,3,score,True,274f49f21a03df6f7da7f330fed2fe31ff1b6bdd1be8fc9ce8088bf297fdd4e6
9,one_minus_cka,0.2596389169264778,2000,patch_mean,none,defocus_blur,3,score,True,274f49f21a03df6f7da7f330fed2fe31ff1b6bdd1be8fc9ce8088bf297fdd4e6
9,amplification_ratio,0.8634175337032668,2000,patch_mean,none,defocus_blur,3,score,True,274f49f21a03df6f7da7f330fed2fe31ff1b6bdd1be8fc9ce8088bf297fdd4e6
9,knn_preservation,0.21270127589129134,2000,patch_mean,none,defocus_blur,3,score,True,274f49f21a03df6f7da7f330fed2fe31ff1b6bdd1be8fc9ce8088bf297fdd4e6
10,relative_distance,0.6357694150806681,2000,cls,none,defocus_blur,3,score,True,274f49f21a03df6f7da7f330fed2fe31ff1b6bdd1be8fc9ce8088bf297fdd4e6
10,cosine_distance,0.21386303270319548,2000,cls,none,defocus_blur,3,score,True,274f49f21a03df6f7da7f330fed2fe31ff1b6bdd1be8fc9ce8088bf297fdd4e6
10,one_minus_cka,0.46527414533720934,2000,cls,none,defocus_blur,3,score,True,274f49f21a03df6f7da7f330fed2fe31ff1b6bdd1be8fc9ce8088bf297fdd4e6
10,amplification_ratio,1.040813327782695,2000,cls,none,defocus_blur,3,score,True,274f49f21a03df6f7da7f330fed2fe31ff1b6bdd1be8fc9ce8088bf297fdd4e6
10,knn_preservation,0.1370923530803562,2000,cls,none,defocus_blur,3,score,True,274f49f21a03df6f7da7f330fed2fe31ff1b6bdd1be8fc9ce8088bf297fdd4e6
10,relative_distance,0.47987490232227287,2000,patch_mean,none,defocus_blur,3,score,True,274f49f21a03df6f7da7f330fed2fe31ff1b6bdd1be8fc9ce8088bf297fdd4e6
10,cosine_distance,0.11752904338320366,2000,patch_mean,none,defocus_blur,3,score,True,274f49f21a03df6f7da7f330fed2fe31ff1b6bdd1be8fc9ce8088bf297fdd4e6
10,one_minus_cka,0.2831092762709809,2000,patch_mean,none,defocus_blur,3,score,True,274f49f21a03df6f7da7f330fed2fe31ff1b6bdd1be8fc9ce8088bf297fdd4e6
10,amplification_ratio,0.8956022905936988,2000,patch_mean,none,defocus_blur,3,score,True,274f49f21a03df6f7da7f330fed2fe31ff1b6bdd1be8fc9ce8088bf297fdd4e6
10,knn_preservation,0.1990420158187186,2000,patch_mean,none,defocus_blur,3,score,True,274f49f21a03df6f7da7f330fed2fe31ff1b6bdd1be8fc9ce8088bf297fdd4e6
11,relative_distance,0.7773552710824437,2000,cls,none,defocus_blur,3,score,True,274f49f21a03df6f7da7f330fed2fe31ff1b6bdd1be8fc9ce8088bf297fdd4e6
11,cosine_distance,0.31651723600637005,2000,cls,none,defocus_blur,3,score,True,274f49f21a03df6f7da7f330fed2fe31ff1b6bdd1be8fc9ce8088bf297fdd4e6
11,one_minus_cka,0.5561471450993007,2000,cls,none,defocus_blur,3,score,True,274f49f21a03df6f7da7f330fed2fe31ff1b6bdd1be8fc9ce8088bf297fdd4e6
11,amplification_ratio,1.2227000114244422,2000,cls,none,defocus_blur,3,score,True,274f49f21a03df6f7da7f330fed2fe31ff1b6bdd1be8fc9ce8088bf297fdd4e6
11,knn_preservation,0.10722181774194157,2000,cls,none,defocus_blur,3,score,True,274f49f21a03df6f7da7f330fed2fe31ff1b6bdd1be8fc9ce8088bf297fdd4e6
11,relative_distance,0.4666808019120548,2000,patch_mean,none,defocus_blur,3,score,True,274f49f21a03df6f7da7f330fed2fe31ff1b6bdd1be8fc9ce8088bf297fdd4e6
11,cosine_distance,0.11366951704391157,2000,patch_mean,none,defocus_blur,3,score,True,274f49f21a03df6f7da7f330fed2fe31ff1b6bdd1be8fc9ce8088bf297fdd4e6
11,one_minus_cka,0.2401105030915901,2000,patch_mean,none,defocus_blur,3,score,True,274f49f21a03df6f7da7f330fed2fe31ff1b6bdd1be8fc9ce8088bf297fdd4e6
11,amplification_ratio,0.9725051250932952,2000,patch_mean,none,defocus_blur,3,score,True,274f49f21a03df6f7da7f330fed2fe31ff1b6bdd1be8fc9ce8088bf297fdd4e6
11,knn_preservation,0.17415819805409585,2000,patch_mean,none,defocus_blur,3,score,True,274f49f21a03df6f7da7f330fed2fe31ff1b6bdd1be8fc9ce8088bf297fdd4e6
0,relative_distance,0.03375453314435062,2000,cls,none,defocus_blur,5,score,True,274f49f21a03df6f7da7f330fed2fe31ff1b6bdd1be8fc9ce8088bf297fdd4e6
0,cosine_distance,0.0006961798049687054,2000,cls,none,defocus_blur,5,score,True,274f49f21a03df6f7da7f330fed2fe31ff1b6bdd1be8fc9ce8088bf297fdd4e6
0,one_minus_cka,0.2768293652242686,2000,cls,none,defocus_blur,5,score,True,274f49f21a03df6f7da7f330fed2fe31ff1b6bdd1be8fc9ce8088bf297fdd4e6
0,amplification_ratio,1.0,2000,cls,none,defocus_blur,5,score,True,274f49f21a03df6f7da7f330fed2fe31ff1b6bdd1be8fc9ce8088bf297fdd4e6
0,knn_preservation,0.1240276470605418,2000,cls,none,defocus_blur,5,score,True,274f49f21a03df6f7da7f330fed2fe31ff1b6bdd1be8fc9ce8088bf297fdd4e6
0,relative_distance,0.6014488921671006,2000,patch_mean,none,defocus_blur,5,score,True,274f49f21a03df6f7da7f330fed2fe31ff1b6bdd1be8fc9ce8088bf297fdd4e6
0,cosine_distance,0.18414486624600226,2000,patch_mean,none,defocus_blur,5,score,True,274f49f21a03df6f7da7f330fed2fe31ff1b6bdd1be8fc9ce8088bf297fdd4e6
0,one_minus_cka,0.2613973338633606,2000,patch_mean,none,defocus_blur,5,score,True,274f49f21a03df6f7da7f330fed2fe31ff1b6bdd1be8fc9ce8088bf297fdd4e6
0,amplification_ratio,1.0,2000,patch_mean,none,defocus_blur,5,score,True,274f49f21a03df6f7da7f330fed2fe31ff1b6bdd1be8fc9ce8088bf297fdd4e6
0,knn_preservation,0.1722444496937531,2000,patch_mean,none,defocus_blur,5,score,True,274f49f21a03df6f7da7f330fed2fe31ff1b6bdd1be8fc9ce8088bf297fdd4e6
1,relative_distance,0.07618957009780246,2000,cls,none,defocus_blur,5,score,True,274f49f21a03df6f7da7f330fed2fe31ff1b6bdd1be8fc9ce8088bf297fdd4e6
1,cosine_distance,0.003099858761293996,2000,cls,none,defocus_blur,5,score,True,274f49f21a03df6f7da7f330fed2fe31ff1b6bdd1be8fc9ce8088bf297fdd4e6
1,one_minus_cka,0.3249558081574201,2000,cls,none,defocus_blur,5,score,True,274f49f21a03df6f7da7f330fed2fe31ff1b6bdd1be8fc9ce8088bf297fdd4e6
1,amplification_ratio,2.2571655715686902,2000,cls,none,defocus_blur,5,score,True,274f49f21a03df6f7da7f330fed2fe31ff1b6bdd1be8fc9ce8088bf297fdd4e6
1,knn_preservation,0.14133255671916664,2000,cls,none,defocus_blur,5,score,True,274f49f21a03df6f7da7f330fed2fe31ff1b6bdd1be8fc9ce8088bf297fdd4e6
1,relative_distance,0.8180829611974486,2000,patch_mean,none,defocus_blur,5,score,True,274f49f21a03df6f7da7f330fed2fe31ff1b6bdd1be8fc9ce8088bf297fdd4e6
1,cosine_distance,0.31759155104298326,2000,patch_mean,none,defocus_blur,5,score,True,274f49f21a03df6f7da7f330fed2fe31ff1b6bdd1be8fc9ce8088bf297fdd4e6
1,one_minus_cka,0.21277845249931038,2000,patch_mean,none,defocus_blur,5,score,True,274f49f21a03df6f7da7f330fed2fe31ff1b6bdd1be8fc9ce8088bf297fdd4e6
1,amplification_ratio,1.3601869948580112,2000,patch_mean,none,defocus_blur,5,score,True,274f49f21a03df6f7da7f330fed2fe31ff1b6bdd1be8fc9ce8088bf297fdd4e6
1,knn_preservation,0.20487631971571602,2000,patch_mean,none,defocus_blur,5,score,True,274f49f21a03df6f7da7f330fed2fe31ff1b6bdd1be8fc9ce8088bf297fdd4e6
2,relative_distance,0.11621364485487033,2000,cls,none,defocus_blur,5,score,True,274f49f21a03df6f7da7f330fed2fe31ff1b6bdd1be8fc9ce8088bf297fdd4e6
2,cosine_distance,0.006912094431341105,2000,cls,none,defocus_blur,5,score,True,274f49f21a03df6f7da7f330fed2fe31ff1b6bdd1be8fc9ce8088bf297fdd4e6
2,one_minus_cka,0.2658441519785929,2000,cls,none,defocus_blur,5,score,True,274f49f21a03df6f7da7f330fed2fe31ff1b6bdd1be8fc9ce8088bf297fdd4e6
2,amplification_ratio,1.525322228563438,2000,cls,none,defocus_blur,5,score,True,274f49f21a03df6f7da7f330fed2fe31ff1b6bdd1be8fc9ce8088bf297fdd4e6
2,knn_preservation,0.16044489901223646,2000,cls,none,defocus_blur,5,score,True,274f49f21a03df6f7da7f330fed2fe31ff1b6bdd1be8fc9ce8088bf297fdd4e6
2,relative_distance,0.977305244319649,2000,patch_mean,none,defocus_blur,5,score,True,274f49f21a03df6f7da7f330fed2fe31ff1b6bdd1be8fc9ce8088bf297fdd4e6
2,cosine_distance,0.3935178824696111,2000,patch_mean,none,defocus_blur,5,score,True,274f49f21a03df6f7da7f330fed2fe31ff1b6bdd1be8fc9ce8088bf297fdd4e6
2,one_minus_cka,0.1973845487881305,2000,patch_mean,none,defocus_blur,5,score,True,274f49f21a03df6f7da7f330fed2fe31ff1b6bdd1be8fc9ce8088bf297fdd4e6
2,amplification_ratio,1.1946285287364289,2000,patch_mean,none,defocus_blur,5,score,True,274f49f21a03df6f7da7f330fed2fe31ff1b6bdd1be8fc9ce8088bf297fdd4e6
2,knn_preservation,0.2215599501118077,2000,patch_mean,none,defocus_blur,5,score,True,274f49f21a03df6f7da7f330fed2fe31ff1b6bdd1be8fc9ce8088bf297fdd4e6
3,relative_distance,0.14807677997871999,2000,cls,none,defocus_blur,5,score,True,274f49f21a03df6f7da7f330fed2fe31ff1b6bdd1be8fc9ce8088bf297fdd4e6
3,cosine_distance,0.011164551907379583,2000,cls,none,defocus_blur,5,score,True,274f49f21a03df6f7da7f330fed2fe31ff1b6bdd1be8fc9ce8088bf297fdd4e6
3,one_minus_cka,0.28362126263163867,2000,cls,none,defocus_blur,5,score,True,274f49f21a03df6f7da7f330fed2fe31ff1b6bdd1be8fc9ce8088bf297fdd4e6
3,amplification_ratio,1.274177229047767,2000,cls,none,defocus_blur,5,score,True,274f49f21a03df6f7da7f330fed2fe31ff1b6bdd1be8fc9ce8088bf297fdd4e6
3,knn_preservation,0.16017361890775203,2000,cls,none,defocus_blur,5,score,True,274f49f21a03df6f7da7f330fed2fe31ff1b6bdd1be8fc9ce8088bf297fdd4e6
3,relative_distance,0.9675370580330771,2000,patch_mean,none,defocus_blur,5,score,True,274f49f21a03df6f7da7f330fed2fe31ff1b6bdd1be8fc9ce8088bf297fdd4e6
3,cosine_distance,0.3938869533296431,2000,patch_mean,none,defocus_blur,5,score,True,274f49f21a03df6f7da7f330fed2fe31ff1b6bdd1be8fc9ce8088bf297fdd4e6
3,one_minus_cka,0.20525163927144563,2000,patch_mean,none,defocus_blur,5,score,True,274f49f21a03df6f7da7f330fed2fe31ff1b6bdd1be8fc9ce8088bf297fdd4e6
3,amplification_ratio,0.9900049791573848,2000,patch_mean,none,defocus_blur,5,score,True,274f49f21a03df6f7da7f330fed2fe31ff1b6bdd1be8fc9ce8088bf297fdd4e6
3,knn_preservation,0.208821754655733,2000,patch_mean,none,defocus_blur,5,score,True,274f49f21a03df6f7da7f330fed2fe31ff1b6bdd1be8fc9ce8088bf297fdd4e6
4,relative_distance,0.1857264001039009,2000,cls,none,defocus_blur,5,score,True,274f49f21a03df6f7da7f330fed2fe31ff1b6bdd1be8fc9ce8088bf297fdd4e6
4,cosine_distance,0.01742782407371925,2000,cls,none,defocus_blur,5,score,True,274f49f21a03df6f7da7f330fed2fe31ff1b6bdd1be8fc9ce8088bf297fdd4e6
4,one_minus_cka,0.30160453418007527,2000,cls,none,defocus_blur,5,score,True,274f49f21a03df6f7da7f330fed2fe31ff1b6bdd1be8fc9ce8088bf297fdd4e6
4,amplification_ratio,1.254257420579996,2000,cls,none,defocus_blur,5,score,True,274f49f21a03df6f7da7f330fed2fe31ff1b6bdd1be8fc9ce8088bf297fdd4e6
4,knn_preservation,0.14716659883803848,2000,cls,none,defocus_blur,5,score,True,274f49f21a03df6f7da7f330fed2fe31ff1b6bdd1be8fc9ce8088bf297fdd4e6
4,relative_distance,0.9176151194234027,2000,patch_mean,none,defocus_blur,5,score,True,274f49f21a03df6f7da7f330fed2fe31ff1b6bdd1be8fc9ce8088bf297fdd4e6
4,cosine_distance,0.37331640834884977,2000,patch_mean,none,defocus_blur,5,score,True,274f49f21a03df6f7da7f330fed2fe31ff1b6bdd1be8fc9ce8088bf297fdd4e6
4,one_minus_cka,0.2177638069183625,2000,patch_mean,none,defocus_blur,5,score,True,274f49f21a03df6f7da7f330fed2fe31ff1b6bdd1be8fc9ce8088bf297fdd4e6
4,amplification_ratio,0.9484030733549766,2000,patch_mean,none,defocus_blur,5,score,True,274f49f21a03df6f7da7f330fed2fe31ff1b6bdd1be8fc9ce8088bf297fdd4e6
4,knn_preservation,0.17991419592619287,2000,patch_mean,none,defocus_blur,5,score,True,274f49f21a03df6f7da7f330fed2fe31ff1b6bdd1be8fc9ce8088bf297fdd4e6
5,relative_distance,0.2454680432008908,2000,cls,none,defocus_blur,5,score,True,274f49f21a03df6f7da7f330fed2fe31ff1b6bdd1be8fc9ce8088bf297fdd4e6
5,cosine_distance,0.02935383056806909,2000,cls,none,defocus_blur,5,score,True,274f49f21a03df6f7da7f330fed2fe31ff1b6bdd1be8fc9ce8088bf297fdd4e6
5,one_minus_cka,0.31826336002641065,2000,cls,none,defocus_blur,5,score,True,274f49f21a03df6f7da7f330fed2fe31ff1b6bdd1be8fc9ce8088bf297fdd4e6
5,amplification_ratio,1.3216647879007435,2000,cls,none,defocus_blur,5,score,True,274f49f21a03df6f7da7f330fed2fe31ff1b6bdd1be8fc9ce8088bf297fdd4e6
5,knn_preservation,0.13101182679549553,2000,cls,none,defocus_blur,5,score,True,274f49f21a03df6f7da7f330fed2fe31ff1b6bdd1be8fc9ce8088bf297fdd4e6
5,relative_distance,0.8527624229310108,2000,patch_mean,none,defocus_blur,5,score,True,274f49f21a03df6f7da7f330fed2fe31ff1b6bdd1be8fc9ce8088bf297fdd4e6
5,cosine_distance,0.32757806516894467,2000,patch_mean,none,defocus_blur,5,score,True,274f49f21a03df6f7da7f330fed2fe31ff1b6bdd1be8fc9ce8088bf297fdd4e6
5,one_minus_cka,0.24053728013480968,2000,patch_mean,none,defocus_blur,5,score,True,274f49f21a03df6f7da7f330fed2fe31ff1b6bdd1be8fc9ce8088bf297fdd4e6
5,amplification_ratio,0.9293247298135813,2000,patch_mean,none,defocus_blur,5,score,True,274f49f21a03df6f7da7f330fed2fe31ff1b6bdd1be8fc9ce8088bf297fdd4e6
5,knn_preservation,0.16124390951325937,2000,patch_mean,none,defocus_blur,5,score,True,274f49f21a03df6f7da7f330fed2fe31ff1b6bdd1be8fc9ce8088bf297fdd4e6
6,relative_distance,0.33332551722894366,2000,cls,none,defocus_blur,5,score,True,274f49f21a03df6f7da7f330fed2fe31ff1b6bdd1be8fc9ce8088bf297fdd4e6
6,cosine_distance,0.04923037224964859,2000,cls,none,defocus_blur,5,score,True,274f49f21a03df6f7da7f330fed2fe31ff1b6bdd1be8fc9ce8088bf297fdd4e6
6,one_minus_cka,0.35704850067776994,2000,cls,none,defocus_blur,5,score,True,274f49f21a03df6f7da7f330fed2fe31ff1b6bdd1be8fc9ce8088bf297fdd4e6
6,amplification_ratio,1.3579181749379505,2000,cls,none,defocus_blur,5,score,True,274f49f21a03df6f7da7f330fed2fe31ff1b6bdd1be8fc9ce8088bf297fdd4e6
6,knn_preservation,0.11586971907521441,2000,cls,none,defocus_blur,5,score,True,274f49f21a03df6f7da7f330fed2fe31ff1b6bdd1be8fc9ce8088bf297fdd4e6
6,relative_distance,0.8476283953561164,2000,patch_mean,none,defocus_blur,5,score,True,274f49f21a03df6f7da7f330fed2fe31ff1b6bdd1be8fc9ce8088bf297fdd4e6
6,cosine_distance,0.3149029517331643,2000,patch_mean,none,defocus_blur,5,score,True,274f49f21a03df6f7da7f330fed2fe31ff1b6bdd1be8fc9ce8088bf297fdd4e6
6,one_minus_cka,0.28672836296242765,2000,patch_mean,none,defocus_blur,5,score,True,274f49f21a03df6f7da7f330fed2fe31ff1b6bdd1be8fc9ce8088bf297fdd4e6
6,amplification_ratio,0.9939795335291062,2000,patch_mean,none,defocus_blur,5,score,True,274f49f21a03df6f7da7f330fed2fe31ff1b6bdd1be8fc9ce8088bf297fdd4e6
6,knn_preservation,0.14933234640316687,2000,patch_mean,none,defocus_blur,5,score,True,274f49f21a03df6f7da7f330fed2fe31ff1b6bdd1be8fc9ce8088bf297fdd4e6
7,relative_distance,0.44051774387186277,2000,cls,none,defocus_blur,5,score,True,274f49f21a03df6f7da7f330fed2fe31ff1b6bdd1be8fc9ce8088bf297fdd4e6
7,cosine_distance,0.07899824710561702,2000,cls,none,defocus_blur,5,score,True,274f49f21a03df6f7da7f330fed2fe31ff1b6bdd1be8fc9ce8088bf297fdd4e6
7,one_minus_cka,0.42428778149171054,2000,cls,none,defocus_blur,5,score,True,274f49f21a03df6f7da7f330fed2fe31ff1b6bdd1be8fc9ce8088bf297fdd4e6
7,amplification_ratio,1.3215842205362707,2000,cls,none,defocus_blur,5,score,True,274f49f21a03df6f7da7f330fed2fe31ff1b6bdd1be8fc9ce8088bf297fdd4e6
7,knn_preservation,0.09454005394330471,2000,cls,none,defocus_blur,5,score,True,274f49f21a03df6f7da7f330fed2fe31ff1b6bdd1be8fc9ce8088bf297fdd4e6
7,relative_distance,0.847537385213847,2000,patch_mean,none,defocus_blur,5,score,True,274f49f21a03df6f7da7f330fed2fe31ff1b6bdd1be8fc9ce8088bf297fdd4e6
7,cosine_distance,0.3078822419722619,2000,patch_mean,none,defocus_blur,5,score,True,274f49f21a03df6f7da7f330fed2fe31ff1b6bdd1be8fc9ce8088bf297fdd4e6
7,one_minus_cka,0.3326469679730176,2000,patch_mean,none,defocus_blur,5,score,True,274f49f21a03df6f7da7f330fed2fe31ff1b6bdd1be8fc9ce8088bf297fdd4e6
7,amplification_ratio,0.9998926296679441,2000,patch_mean,none,defocus_blur,5,score,True,274f49f21a03df6f7da7f330fed2fe31ff1b6bdd1be8fc9ce8088bf297fdd4e6
7,knn_preservation,0.1393181523069294,2000,patch_mean,none,defocus_blur,5,score,True,274f49f21a03df6f7da7f330fed2fe31ff1b6bdd1be8fc9ce8088bf297fdd4e6
8,relative_distance,0.5874669693925398,2000,cls,none,defocus_blur,5,score,True,274f49f21a03df6f7da7f330fed2fe31ff1b6bdd1be8fc9ce8088bf297fdd4e6
8,cosine_distance,0.13484162681841447,2000,cls,none,defocus_blur,5,score,True,274f49f21a03df6f7da7f330fed2fe31ff1b6bdd1be8fc9ce8088bf297fdd4e6
8,one_minus_cka,0.49168449887050114,2000,cls,none,defocus_blur,5,score,True,274f49f21a03df6f7da7f330fed2fe31ff1b6bdd1be8fc9ce8088bf297fdd4e6
8,amplification_ratio,1.3335829885740573,2000,cls,none,defocus_blur,5,score,True,274f49f21a03df6f7da7f330fed2fe31ff1b6bdd1be8fc9ce8088bf297fdd4e6
8,knn_preservation,0.08094863903726134,2000,cls,none,defocus_blur,5,score,True,274f49f21a03df6f7da7f330fed2fe31ff1b6bdd1be8fc9ce8088bf297fdd4e6
8,relative_distance,0.8204713260913595,2000,patch_mean,none,defocus_blur,5,score,True,274f49f21a03df6f7da7f330fed2fe31ff1b6bdd1be8fc9ce8088bf297fdd4e6
8,cosine_distance,0.2980538470056938,2000,patch_mean,none,defocus_blur,5,score,True,274f49f21a03df6f7da7f330fed2fe31ff1b6bdd1be8fc9ce8088bf297fdd4e6
8,one_minus_cka,0.3884235972820649,2000,patch_mean,none,defocus_blur,5,score,True,274f49f21a03df6f7da7f330fed2fe31ff1b6bdd1be8fc9ce8088bf297fdd4e6
8,amplification_ratio,0.9680650557784442,2000,patch_mean,none,defocus_blur,5,score,True,274f49f21a03df6f7da7f330fed2fe31ff1b6bdd1be8fc9ce8088bf297fdd4e6
8,knn_preservation,0.1242558030205089,2000,patch_mean,none,defocus_blur,5,score,True,274f49f21a03df6f7da7f330fed2fe31ff1b6bdd1be8fc9ce8088bf297fdd4e6
9,relative_distance,0.7638959503891051,2000,cls,none,defocus_blur,5,score,True,274f49f21a03df6f7da7f330fed2fe31ff1b6bdd1be8fc9ce8088bf297fdd4e6
9,cosine_distance,0.2505850850685133,2000,cls,none,defocus_blur,5,score,True,274f49f21a03df6f7da7f330fed2fe31ff1b6bdd1be8fc9ce8088bf297fdd4e6
9,one_minus_cka,0.5891985832285751,2000,cls,none,defocus_blur,5,score,True,274f49f21a03df6f7da7f330fed2fe31ff1b6bdd1be8fc9ce8088bf297fdd4e6
9,amplification_ratio,1.3003215332753066,2000,cls,none,defocus_blur,5,score,True,274f49f21a03df6f7da7f330fed2fe31ff1b6bdd1be8fc9ce8088bf297fdd4e6
9,knn_preservation,0.06359919548116143,2000,cls,none,defocus_blur,5,score,True,274f49f21a03df6f7da7f330fed2fe31ff1b6bdd1be8fc9ce8088bf297fdd4e6
9,relative_distance,0.7165055091808576,2000,patch_mean,none,defocus_blur,5,score,True,274f49f21a03df6f7da7f330fed2fe31ff1b6bdd1be8fc9ce8088bf297fdd4e6
9,cosine_distance,0.24320441199604367,2000,patch_mean,none,defocus_blur,5,score,True,274f49f21a03df6f7da7f330fed2fe31ff1b6bdd1be8fc9ce8088bf297fdd4e6
9,one_minus_cka,0.434765487924173,2000,patch_mean,none,defocus_blur,5,score,True,274f49f21a03df6f7da7f330fed2fe31ff1b6bdd1be8fc9ce8088bf297fdd4e6
9,amplification_ratio,0.8732852525075017,2000,patch_mean,none,defocus_blur,5,score,True,274f49f21a03df6f7da7f330fed2fe31ff1b6bdd1be8fc9ce8088bf297fdd4e6
9,knn_preservation,0.11422228506787331,2000,patch_mean,none,defocus_blur,5,score,True,274f49f21a03df6f7da7f330fed2fe31ff1b6bdd1be8fc9ce8088bf297fdd4e6
10,relative_distance,0.8109631598222653,2000,cls,none,defocus_blur,5,score,True,274f49f21a03df6f7da7f330fed2fe31ff1b6bdd1be8fc9ce8088bf297fdd4e6
10,cosine_distance,0.33112737377777535,2000,cls,none,defocus_blur,5,score,True,274f49f21a03df6f7da7f330fed2fe31ff1b6bdd1be8fc9ce8088bf297fdd4e6
10,one_minus_cka,0.681112660337959,2000,cls,none,defocus_blur,5,score,True,274f49f21a03df6f7da7f330fed2fe31ff1b6bdd1be8fc9ce8088bf297fdd4e6
10,amplification_ratio,1.0616146864100873,2000,cls,none,defocus_blur,5,score,True,274f49f21a03df6f7da7f330fed2fe31ff1b6bdd1be8fc9ce8088bf297fdd4e6
10,knn_preservation,0.059404758597096055,2000,cls,none,defocus_blur,5,score,True,274f49f21a03df6f7da7f330fed2fe31ff1b6bdd1be8fc9ce8088bf297fdd4e6
10,relative_distance,0.6287407764733922,2000,patch_mean,none,defocus_blur,5,score,True,274f49f21a03df6f7da7f330fed2fe31ff1b6bdd1be8fc9ce8088bf297fdd4e6
10,cosine_distance,0.19260742796613128,2000,patch_mean,none,defocus_blur,5,score,True,274f49f21a03df6f7da7f330fed2fe31ff1b6bdd1be8fc9ce8088bf297fdd4e6
10,one_minus_cka,0.46865632422209835,2000,patch_mean,none,defocus_blur,5,score,True,274f49f21a03df6f7da7f330fed2fe31ff1b6bdd1be8fc9ce8088bf297fdd4e6
10,amplification_ratio,0.8775100378393431,2000,patch_mean,none,defocus_blur,5,score,True,274f49f21a03df6f7da7f330fed2fe31ff1b6bdd1be8fc9ce8088bf297fdd4e6
10,knn_preservation,0.10725672023195243,2000,patch_mean,none,defocus_blur,5,score,True,274f49f21a03df6f7da7f330fed2fe31ff1b6bdd1be8fc9ce8088bf297fdd4e6
11,relative_distance,0.9955535683825992,2000,cls,none,defocus_blur,5,score,True,274f49f21a03df6f7da7f330fed2fe31ff1b6bdd1be8fc9ce8088bf297fdd4e6
11,cosine_distance,0.47437967680172644,2000,cls,none,defocus_blur,5,score,True,274f49f21a03df6f7da7f330fed2fe31ff1b6bdd1be8fc9ce8088bf297fdd4e6
11,one_minus_cka,0.7895271895673308,2000,cls,none,defocus_blur,5,score,True,274f49f21a03df6f7da7f330fed2fe31ff1b6bdd1be8fc9ce8088bf297fdd4e6
11,amplification_ratio,1.227618734987653,2000,cls,none,defocus_blur,5,score,True,274f49f21a03df6f7da7f330fed2fe31ff1b6bdd1be8fc9ce8088bf297fdd4e6
11,knn_preservation,0.045595133667502084,2000,cls,none,defocus_blur,5,score,True,274f49f21a03df6f7da7f330fed2fe31ff1b6bdd1be8fc9ce8088bf297fdd4e6
11,relative_distance,0.585001325537655,2000,patch_mean,none,defocus_blur,5,score,True,274f49f21a03df6f7da7f330fed2fe31ff1b6bdd1be8fc9ce8088bf297fdd4e6
11,cosine_distance,0.17470575115224254,2000,patch_mean,none,defocus_blur,5,score,True,274f49f21a03df6f7da7f330fed2fe31ff1b6bdd1be8fc9ce8088bf297fdd4e6
11,one_minus_cka,0.40901056748201114,2000,patch_mean,none,defocus_blur,5,score,True,274f49f21a03df6f7da7f330fed2fe31ff1b6bdd1be8fc9ce8088bf297fdd4e6
11,amplification_ratio,0.9304332523475385,2000,patch_mean,none,defocus_blur,5,score,True,274f49f21a03df6f7da7f330fed2fe31ff1b6bdd1be8fc9ce8088bf297fdd4e6
11,knn_preservation,0.09252153621232569,2000,patch_mean,none,defocus_blur,5,score,True,274f49f21a03df6f7da7f330fed2fe31ff1b6bdd1be8fc9ce8088bf297fdd4e6
0,relative_distance,0.03326331955613144,2000,cls,none,contrast,1,score,False,274f49f21a03df6f7da7f330fed2fe31ff1b6bdd1be8fc9ce8088bf297fdd4e6
0,cosine_distance,0.0006296737426537485,2000,cls,none,contrast,1,score,False,274f49f21a03df6f7da7f330fed2fe31ff1b6bdd1be8fc9ce8088bf297fdd4e6
0,one_minus_cka,0.2559013798711337,2000,cls,none,contrast,1,score,False,274f49f21a03df6f7da7f330fed2fe31ff1b6bdd1be8fc9ce8088bf297fdd4e6
0,amplification_ratio,1.0,2000,cls,none,contrast,1,score,False,274f49f21a03df6f7da7f330fed2fe31ff1b6bdd1be8fc9ce8088bf297fdd4e6
0,knn_preservation,0.19988534844068903,2000,cls,none,contrast,1,score,False,274f49f21a03df6f7da7f330fed2fe31ff1b6bdd1be8fc9ce8088bf297fdd4e6
0,relative_distance,0.32270705930938204,2000,patch_mean,none,contrast,1,score,False,274f49f21a03df6f7da7f330fed2fe31ff1b6bdd1be8fc9ce8088bf297fdd4e6
0,cosine_distance,0.0514838726953919,2000,patch_mean,none,contrast,1,score,False,274f49f21a03df6f7da7f330fed2fe31ff1b6bdd1be8fc9ce8088bf297fdd4e6
0,one_minus_cka,0.07280888390858165,2000,patch_mean,none,contrast,1,score,False,274f49f21a03df6f7da7f330fed2fe31ff1b6bdd1be8fc9ce8088bf297fdd4e6
0,amplification_ratio,1.0,2000,patch_mean,none,contrast,1,score,False,274f49f21a03df6f7da7f330fed2fe31ff1b6bdd1be8fc9ce8088bf297fdd4e6
0,knn_preservation,0.4515877779770968,2000,patch_mean,none,contrast,1,score,False,274f49f21a03df6f7da7f330fed2fe31ff1b6bdd1be8fc9ce8088bf297fdd4e6
1,relative_distance,0.04389943189916375,2000,cls,none,contrast,1,score,False,274f49f21a03df6f7da7f330fed2fe31ff1b6bdd1be8fc9ce8088bf297fdd4e6
1,cosine_distance,0.000991873294993323,2000,cls,none,contrast,1,score,False,274f49f21a03df6f7da7f330fed2fe31ff1b6bdd1be8fc9ce8088bf297fdd4e6
1,one_minus_cka,0.1267755335288756,2000,cls,none,contrast,1,score,False,274f49f21a03df6f7da7f330fed2fe31ff1b6bdd1be8fc9ce8088bf297fdd4e6
1,amplification_ratio,1.3197549879254837,2000,cls,none,contrast,1,score,False,274f49f21a03df6f7da7f330fed2fe31ff1b6bdd1be8fc9ce8088bf297fdd4e6
1,knn_preservation,0.3731694617302202,2000,cls,none,contrast,1,score,False,274f49f21a03df6f7da7f330fed2fe31ff1b6bdd1be8fc9ce8088bf297fdd4e6
1,relative_distance,0.3574725926710345,2000,patch_mean,none,contrast,1,score,False,274f49f21a03df6f7da7f330fed2fe31ff1b6bdd1be8fc9ce8088bf297fdd4e6
1,cosine_distance,0.06401212097350556,2000,patch_mean,none,contrast,1,score,False,274f49f21a03df6f7da7f330fed2fe31ff1b6bdd1be8fc9ce8088bf297fdd4e6
1,one_minus_cka,0.053711607699079345,2000,patch_mean,none,contrast,1,score,False,274f49f21a03df6f7da7f330fed2fe31ff1b6bdd1be8fc9ce8088bf297fdd4e6
1,amplification_ratio,1.1077309354064127,2000,patch_mean,none,contrast,1,score,False,274f49f21a03df6f7da7f330fed2fe31ff1b6bdd1be8fc9ce8088bf297fdd4e6
1,knn_preservation,0.4969876877078889,2000,patch_mean,none,contrast,1,score,False,274f49f21a03df6f7da7f330fed2fe31ff1b6bdd1be8fc9ce8088bf297fdd4e6
2,relative_distance,0.05453719589667155,2000,cls,none,contrast,1,score,False,274f49f21a03df6f7da7f330fed2fe31ff1b6bdd1be8fc9ce8088bf297fdd4e6
2,cosine_distance,0.0014968266698415936,2000,cls,none,contrast,1,score,False,274f49f21a03df6f7da7f330fed2fe31ff1b6bdd1be8fc9ce8088bf297fdd4e6
2,one_minus_cka,0.09785680277686137,2000,cls,none,contrast,1,score,False,274f49f21a03df6f7da7f330fed2fe31ff1b6bdd1be8fc9ce8088bf297fdd4e6
2,amplification_ratio,1.2423212223325022,2000,cls,none,contrast,1,score,False,274f49f21a03df6f7da7f330fed2fe31ff1b6bdd1be8fc9ce8088bf297fdd4e6
2,knn_preservation,0.4084185120864687,2000,cls,none,contrast,1,score,False,274f49f21a03df6f7da7f330fed2fe31ff1b6bdd1be8fc9ce8088bf297fdd4e6
2,relative_distance,0.37793178458244564,2000,patch_mean,none,contrast,1,score,False,274f49f21a03df6f7da7f330fed2fe31ff1b6bdd1be8fc9ce8088bf297fdd4e6
2,cosine_distance,0.07193724847590889,2000,patch_mean,none,contrast,1,score,False,274f49f21a03df6f7da7f330fed2fe31ff1b6bdd1be8fc9ce8088bf297fdd4e6
2,one_minus_cka,0.04538828564884767,2000,patch_mean,none,contrast,1,score,False,274f49f21a03df6f7da7f330fed2fe31ff1b6bdd1be8fc9ce8088bf297fdd4e6
2,amplification_ratio,1.057232896537718,2000,patch_mean,none,contrast,1,score,False,274f49f21a03df6f7da7f330fed2fe31ff1b6bdd1be8fc9ce8088bf297fdd4e6
2,knn_preservation,0.5112008252755156,2000,patch_mean,none,contrast,1,score,False,274f49f21a03df6f7da7f330fed2fe31ff1b6bdd1be8fc9ce8088bf297fdd4e6
3,relative_distance,0.06315317485407748,2000,cls,none,contrast,1,score,False,274f49f21a03df6f7da7f330fed2fe31ff1b6bdd1be8fc9ce8088bf297fdd4e6
3,cosine_distance,0.0020001540329885577,2000,cls,none,contrast,1,score,False,274f49f21a03df6f7da7f330fed2fe31ff1b6bdd1be8fc9ce8088bf297fdd4e6
3,one_minus_cka,0.06633900182711217,2000,cls,none,contrast,1,score,False,274f49f21a03df6f7da7f330fed2fe31ff1b6bdd1be8fc9ce8088bf297fdd4e6
3,amplification_ratio,1.1579835342786988,2000,cls,none,contrast,1,score,False,274f49f21a03df6f7da7f330fed2fe31ff1b6bdd1be8fc9ce8088bf297fdd4e6
3,knn_preservation,0.4327071169284792,2000,cls,none,contrast,1,score,False,274f49f21a03df6f7da7f330fed2fe31ff1b6bdd1be8fc9ce8088bf297fdd4e6
3,relative_distance,0.38433567513216227,2000,patch_mean,none,contrast,1,score,False,274f49f21a03df6f7da7f330fed2fe31ff1b6bdd1be8fc9ce8088bf297fdd4e6
3,cosine_distance,0.07370693746517472,2000,patch_mean,none,contrast,1,score,False,274f49f21a03df6f7da7f330fed2fe31ff1b6bdd1be8fc9ce8088bf297fdd4e6
3,one_minus_cka,0.03070566927469287,2000,patch_mean,none,contrast,1,score,False,274f49f21a03df6f7da7f330fed2fe31ff1b6bdd1be8fc9ce8088bf297fdd4e6
3,amplification_ratio,1.016944567276319,2000,patch_mean,none,contrast,1,score,False,274f49f21a03df6f7da7f330fed2fe31ff1b6bdd1be8fc9ce8088bf297fdd4e6
3,knn_preservation,0.543121870561499,2000,patch_mean,none,contrast,1,score,False,274f49f21a03df6f7da7f330fed2fe31ff1b6bdd1be8fc9ce8088bf297fdd4e6
4,relative_distance,0.07252005037849485,2000,cls,none,contrast,1,score,False,274f49f21a03df6f7da7f330fed2fe31ff1b6bdd1be8fc9ce8088bf297fdd4e6
4,cosine_distance,0.002666863297698004,2000,cls,none,contrast,1,score,False,274f49f21a03df6f7da7f330fed2fe31ff1b6bdd1be8fc9ce8088bf297fdd4e6
4,one_minus_cka,0.05918324088847671,2000,cls,none,contrast,1,score,False,274f49f21a03df6f7da7f330fed2fe31ff1b6bdd1be8fc9ce8088bf297fdd4e6
4,amplification_ratio,1.1483199466386382,2000,cls,none,contrast,1,score,False,274f49f21a03df6f7da7f330fed2fe31ff1b6bdd1be8fc9ce8088bf297fdd4e6
4,knn_preservation,0.437818039932204,2000,cls,none,contrast,1,score,False,274f49f21a03df6f7da7f330fed2fe31ff1b6bdd1be8fc9ce8088bf297fdd4e6
4,relative_distance,0.34433427349012463,2000,patch_mean,none,contrast,1,score,False,274f49f21a03df6f7da7f330fed2fe31ff1b6bdd1be8fc9ce8088bf297fdd4e6
4,cosine_distance,0.06014474764230137,2000,patch_mean,none,contrast,1,score,False,274f49f21a03df6f7da7f330fed2fe31ff1b6bdd1be8fc9ce8088bf297fdd4e6
4,one_minus_cka,0.02750051722136526,2000,patch_mean,none,contrast,1,score,False,274f49f21a03df6f7da7f330fed2fe31ff1b6bdd1be8fc9ce8088bf297fdd4e6
4,amplification_ratio,0.8959206645901859,2000,patch_mean,none,contrast,1,score,False,274f49f21a03df6f7da7f330fed2fe31ff1b6bdd1be8fc9ce8088bf297fdd4e6
4,knn_preservation,0.5628903588241823,2000,patch_mean,none,contrast,1,score,False,274f49f21a03df6f7da7f330fed2fe31ff1b6bdd1be8fc9ce8088bf297fdd4e6
5,relative_distance,0.10383437645471147,2000,cls,none,contrast,1,score,False,274f49f21a03df6f7da7f330fed2fe31ff1b6bdd1be8fc9ce8088bf297fdd4e6
5,cosine_distance,0.005423564770613378,2000,cls,none,contrast,1,score,False,274f49f21a03df6f7da7f330fed2fe31ff1b6bdd1be8fc9ce8088bf297fdd4e6
5,one_minus_cka,0.05156567112066379,2000,cls,none,contrast,1,score,False,274f49f21a03df6f7da7f330fed2fe31ff1b6bdd1be8fc9ce8088bf297fdd4e6
5,amplification_ratio,1.4318023210516493,2000,cls,none,contrast,1,score,False,274f49f21a03df6f7da7f330fed2fe31ff1b6bdd1be8fc9ce8088bf297fdd4e6
5,knn_preservation,0.4729797169634631,2000,cls,none,contrast,1,score,False,274f49f21a03df6f7da7f330fed2fe31ff1b6bdd1be8fc9ce8088bf297fdd4e6
5,relative_distance,0.30983009113327864,2000,patch_mean,none,contrast,1,score,False,274f49f21a03df6f7da7f330fed2fe31ff1b6bdd1be8fc9ce8088bf297fdd4e6
5,cosine_distance,0.04980040709178623,2000,patch_mean,none,contrast,1,score,False,274f49f21a03df6f7da7f330fed2fe31ff1b6bdd1be8fc9ce8088bf297fdd4e6
5,one_minus_cka,0.033417232043358114,2000,patch_mean,none,contrast,1,score,False,274f49f21a03df6f7da7f330fed2fe31ff1b6bdd1be8fc9ce8088bf297fdd4e6
5,amplification_ratio,0.8997945165111902,2000,patch_mean,none,contrast,1,score,False,274f49f21a03df6f7da7f330fed2fe31ff1b6bdd1be8fc9ce8088bf297fdd4e6
5,knn_preservation,0.5543408666496902,2000,patch_mean,none,contrast,1,score,False,274f49f21a03df6f7da7f330fed2fe31ff1b6bdd1be8fc9ce8088bf297fdd4e6
6,relative_distance,0.13367275090705202,2000,cls,none,contrast,1,score,False,274f49f21a03df6f7da7f330fed2fe31ff1b6bdd1be8fc9ce8088bf297fdd4e6
6,cosine_distance,0.008949565613759205,2000,cls,none,contrast,1,score,False,274f49f21a03df6f7da7f330fed2fe31ff1b6bdd1be8fc9ce8088bf297fdd4e6
6,one_minus_cka,0.052753583275008564,2000,cls,none,contrast,1,score,False,274f49f21a03df6f7da7f330fed2fe31ff1b6bdd1be8fc9ce8088bf297fdd4e6
6,amplification_ratio,1.2873650853516214,2000,cls,none,contrast,1,score,False,274f49f21a03df6f7da7f330fed2fe31ff1b6bdd1be8fc9ce8088bf297fdd4e6
6,knn_preservation,0.46225668934608566,2000,cls,none,contrast,1,score,False,274f49f21a03df6f7da7f330fed2fe31ff1b6bdd1be8fc9ce8088bf297fdd4e6
6,relative_distance,0.3006923817425845,2000,patch_mean,none,contrast,1,score,False,274f49f21a03df6f7da7f330fed2fe31ff1b6bdd1be8fc9ce8088bf297fdd4e6
6,cosine_distance,0.04689294110728259,2000,patch_mean,none,contrast,1,score,False,274f49f21a03df6f7da7f330fed2fe31ff1b6bdd1be8fc9ce8088bf297fdd4e6
6,one_minus_cka,0.0376277791137305,2000,patch_mean,none,contrast,1,score,False,274f49f21a03df6f7da7f330fed2fe31ff1b6bdd1be8fc9ce8088bf297fdd4e6
6,amplification_ratio,0.9705073533778764,2000,patch_mean,none,contrast,1,score,False,274f49f21a03df6f7da7f330fed2fe31ff1b6bdd1be8fc9ce8088bf297fdd4e6
6,knn_preservation,0.5732316123419064,2000,patch_mean,none,contrast,1,score,False,274f49f21a03df6f7da7f330fed2fe31ff1b6bdd1be8fc9ce8088bf297fdd4e6
7,relative_distance,0.18775509776720237,2000,cls,none,contrast,1,score,False,274f49f21a03df6f7da7f330fed2fe31ff1b6bdd1be8fc9ce8088bf297fdd4e6
7,cosine_distance,0.01677109451584004,2000,cls,none,contrast,1,score,False,274f49f21a03df6f7da7f330fed2fe31ff1b6bdd1be8fc9ce8088bf297fdd4e6
7,one_minus_cka,0.059088851016456445,2000,cls,none,contrast,1,score,False,274f49f21a03df6f7da7f330fed2fe31ff1b6bdd1be8fc9ce8088bf297fdd4e6
7,amplification_ratio,1.4045876702107818,2000,cls,none,contrast,1,score,False,274f49f21a03df6f7da7f330fed2fe31ff1b6bdd1be8fc9ce8088bf297fdd4e6
7,knn_preservation,0.46807585040518473,2000,cls,none,contrast,1,score,False,274f49f21a03df6f7da7f330fed2fe31ff1b6bdd1be8fc9ce8088bf297fdd4e6
7,relative_distance,0.2827828796931922,2000,patch_mean,none,contrast,1,score,False,274f49f21a03df6f7da7f330fed2fe31ff1b6bdd1be8fc9ce8088bf297fdd4e6
7,cosine_distance,0.041102024116897715,2000,patch_mean,none,contrast,1,score,False,274f49f21a03df6f7da7f330fed2fe31ff1b6bdd1be8fc9ce8088bf297fdd4e6
7,one_minus_cka,0.04238907430447125,2000,patch_mean,none,contrast,1,score,False,274f49f21a03df6f7da7f330fed2fe31ff1b6bdd1be8fc9ce8088bf297fdd4e6
7,amplification_ratio,0.940439122715373,2000,patch_mean,none,contrast,1,score,False,274f49f21a03df6f7da7f330fed2fe31ff1b6bdd1be8fc9ce8088bf297fdd4e6
7,knn_preservation,0.5830455141263965,2000,patch_mean,none,contrast,1,score,False,274f49f21a03df6f7da7f330fed2fe31ff1b6bdd1be8fc9ce8088bf297fdd4e6
8,relative_distance,0.23423912546136103,2000,cls,none,contrast,1,score,False,274f49f21a03df6f7da7f330fed2fe31ff1b6bdd1be8fc9ce8088bf297fdd4e6
8,cosine_distance,0.026501931071339566,2000,cls,none,contrast,1,score,False,274f49f21a03df6f7da7f330fed2fe31ff1b6bdd1be8fc9ce8088bf297fdd4e6
8,one_minus_cka,0.07634603275748353,2000,cls,none,contrast,1,score,False,274f49f21a03df6f7da7f330fed2fe31ff1b6bdd1be8fc9ce8088bf297fdd4e6
8,amplification_ratio,1.2475779792237345,2000,cls,none,contrast,1,score,False,274f49f21a03df6f7da7f330fed2fe31ff1b6bdd1be8fc9ce8088bf297fdd4e6
8,knn_preservation,0.44714233315703905,2000,cls,none,contrast,1,score,False,274f49f21a03df6f7da7f330fed2fe31ff1b6bdd1be8fc9ce8088bf297fdd4e6
8,relative_distance,0.2650040725924247,2000,patch_mean,none,contrast,1,score,False,274f49f21a03df6f7da7f330fed2fe31ff1b6bdd1be8fc9ce8088bf297fdd4e6
8,cosine_distance,0.03485759176675978,2000,patch_mean,none,contrast,1,score,False,274f49f21a03df6f7da7f330fed2fe31ff1b6bdd1be8fc9ce8088bf297fdd4e6
8,one_minus_cka,0.04641462326148771,2000,patch_mean,none,contrast,1,score,False,274f49f21a03df6f7da7f330fed2fe31ff1b6bdd1be8fc9ce8088bf297fdd4e6
8,amplification_ratio,0.937129124931266,2000,patch_mean,none,contrast,1,score,False,274f49f21a03df6f7da7f330fed2fe31ff1b6bdd1be8fc9ce8088bf297fdd4e6
8,knn_preservation,0.5702149974208799,2000,patch_mean,none,contrast,1,score,False,274f49f21a03df6f7da7f330fed2fe31ff1b6bdd1be8fc9ce8088bf297fdd4e6
9,relative_distance,0.29650575814668484,2000,cls,none,contrast,1,score,False,274f49f21a03df6f7da7f330fed2fe31ff1b6bdd1be8fc9ce8088bf297fdd4e6
9,cosine_distance,0.04421031259277218,2000,cls,none,contrast,1,score,False,274f49f21a03df6f7da7f330fed2fe31ff1b6bdd1be8fc9ce8088bf297fdd4e6
9,one_minus_cka,0.08619561391758868,2000,cls,none,contrast,1,score,False,274f49f21a03df6f7da7f330fed2fe31ff1b6bdd1be8fc9ce8088bf297fdd4e6
9,amplification_ratio,1.2658250732565812,2000,cls,none,contrast,1,score,False,274f49f21a03df6f7da7f330fed2fe31ff1b6bdd1be8fc9ce8088bf297fdd4e6
9,knn_preservation,0.44353770223584466,2000,cls,none,contrast,1,score,False,274f49f21a03df6f7da7f330fed2fe31ff1b6bdd1be8fc9ce8088bf297fdd4e6
9,relative_distance,0.2581953889406355,2000,patch_mean,none,contrast,1,score,False,274f49f21a03df6f7da7f330fed2fe31ff1b6bdd1be8fc9ce8088bf297fdd4e6
9,cosine_distance,0.031329660874235145,2000,patch_mean,none,contrast,1,score,False,274f49f21a03df6f7da7f330fed2fe31ff1b6bdd1be8fc9ce8088bf297fdd4e6
9,one_minus_cka,0.05391796601937071,2000,patch_mean,none,contrast,1,score,False,274f49f21a03df6f7da7f330fed2fe31ff1b6bdd1be8fc9ce8088bf297fdd4e6
9,amplification_ratio,0.974307248997411,2000,patch_mean,none,contrast,1,score,False,274f49f21a03df6f7da7f330fed2fe31ff1b6bdd1be8fc9ce8088bf297fdd4e6
9,knn_preservation,0.5486238701958516,2000,patch_mean,none,contrast,1,score,False,274f49f21a03df6f7da7f330fed2fe31ff1b6bdd1be8fc9ce8088bf297fdd4e6
10,relative_distance,0.39309411281016915,2000,cls,none,contrast,1,score,False,274f49f21a03df6f7da7f330fed2fe31ff1b6bdd1be8fc9ce8088bf297fdd4e6
10,cosine_distance,0.07723291855406268,2000,cls,none,contrast,1,score,False,274f49f21a03df6f7da7f330fed2fe31ff1b6bdd1be8fc9ce8088bf297fdd4e6
10,one_minus_cka,0.16184443604115795,2000,cls,none,contrast,1,score,False,274f49f21a03df6f7da7f330fed2fe31ff1b6bdd1be8fc9ce8088bf297fdd4e6
10,amplification_ratio,1.3257554094976494,2000,cls,none,contrast,1,score,False,274f49f21a03df6f7da7f330fed2fe31ff1b6bdd1be8fc9ce8088bf297fdd4e6
10,knn_preservation,0.350828469518098,2000,cls,none,contrast,1,score,False,274f49f21a03df6f7da7f330fed2fe31ff1b6bdd1be8fc9ce8088bf297fdd4e6
10,relative_distance,0.2675301086501129,2000,patch_mean,none,contrast,1,score,False,274f49f21a03df6f7da7f330fed2fe31ff1b6bdd1be8fc9ce8088bf297fdd4e6
10,cosine_distance,0.03280683164634748,2000,patch_mean,none,contrast,1,score,False,274f49f21a03df6f7da7f330fed2fe31ff1b6bdd1be8fc9ce8088bf297fdd4e6
10,one_minus_cka,0.07127271020905268,2000,patch_mean,none,contrast,1,score,False,274f49f21a03df6f7da7f330fed2fe31ff1b6bdd1be8fc9ce8088bf297fdd4e6
10,amplification_ratio,1.0361537041686815,2000,patch_mean,none,contrast,1,score,False,274f49f21a03df6f7da7f330fed2fe31ff1b6bdd1be8fc9ce8088bf297fdd4e6
10,knn_preservation,0.47988764091086067,2000,patch_mean,none,contrast,1,score,False,274f49f21a03df6f7da7f330fed2fe31ff1b6bdd1be8fc9ce8088bf297fdd4e6
11,relative_distance,0.5745298515051634,2000,cls,none,contrast,1,score,False,274f49f21a03df6f7da7f330fed2fe31ff1b6bdd1be8fc9ce8088bf297fdd4e6
11,cosine_distance,0.1340631100146902,2000,cls,none,contrast,1,score,False,274f49f21a03df6f7da7f330fed2fe31ff1b6bdd1be8fc9ce8088bf297fdd4e6
11,one_minus_cka,0.2926827010145434,2000,cls,none,contrast,1,score,False,274f49f21a03df6f7da7f330fed2fe31ff1b6bdd1be8fc9ce8088bf297fdd4e6
11,amplification_ratio,1.4615580157075827,2000,cls,none,contrast,1,score,False,274f49f21a03df6f7da7f330fed2fe31ff1b6bdd1be8fc9ce8088bf297fdd4e6
11,knn_preservation,0.2197221071412248,2000,cls,none,contrast,1,score,False,274f49f21a03df6f7da7f330fed2fe31ff1b6bdd1be8fc9ce8088bf297fdd4e6
11,relative_distance,0.3514941092595685,2000,patch_mean,none,contrast,1,score,False,274f49f21a03df6f7da7f330fed2fe31ff1b6bdd1be8fc9ce8088bf297fdd4e6
11,cosine_distance,0.050725662181064106,2000,patch_mean,none,contrast,1,score,False,274f49f21a03df6f7da7f330fed2fe31ff1b6bdd1be8fc9ce8088bf297fdd4e6
11,one_minus_cka,0.09101711581924343,2000,patch_mean,none,contrast,1,score,False,274f49f21a03df6f7da7f330fed2fe31ff1b6bdd1be8fc9ce8088bf297fdd4e6
11,amplification_ratio,1.3138487889573103,2000,patch_mean,none,contrast,1,score,False,274f49f21a03df6f7da7f330fed2fe31ff1b6bdd1be8fc9ce8088bf297fdd4e6
11,knn_preservation,0.4024968054391429,2000,patch_mean,none,contrast,1,score,False,274f49f21a03df6f7da7f330fed2fe31ff1b6bdd1be8fc9ce8088bf297fdd4e6
0,relative_distance,0.04307326279785871,2000,cls,none,contrast,3,score,False,274f49f21a03df6f7da7f330fed2fe31ff1b6bdd1be8fc9ce8088bf297fdd4e6
0,cosine_distance,0.0010610734401740143,2000,cls,none,contrast,3,score,False,274f49f21a03df6f7da7f330fed2fe31ff1b6bdd1be8fc9ce8088bf297fdd4e6
0,one_minus_cka,0.32837719929876863,2000,cls,none,contrast,3,score,False,274f49f21a03df6f7da7f330fed2fe31ff1b6bdd1be8fc9ce8088bf297fdd4e6
0,amplification_ratio,1.0,2000,cls,none,contrast,3,score,False,274f49f21a03df6f7da7f330fed2fe31ff1b6bdd1be8fc9ce8088bf297fdd4e6
0,knn_preservation,0.10791761918851703,2000,cls,none,contrast,3,score,False,274f49f21a03df6f7da7f330fed2fe31ff1b6bdd1be8fc9ce8088bf297fdd4e6
0,relative_distance,0.4992760924851032,2000,patch_mean,none,contrast,3,score,False,274f49f21a03df6f7da7f330fed2fe31ff1b6bdd1be8fc9ce8088bf297fdd4e6
0,cosine_distance,0.12537544659027458,2000,patch_mean,none,contrast,3,score,False,274f49f21a03df6f7da7f330fed2fe31ff1b6bdd1be8fc9ce8088bf297fdd4e6
0,one_minus_cka,0.1697067815976101,2000,patch_mean,none,contrast,3,score,False,274f49f21a03df6f7da7f330fed2fe31ff1b6bdd1be8fc9ce8088bf297fdd4e6
0,amplification_ratio,1.0,2000,patch_mean,none,contrast,3,score,False,274f49f21a03df6f7da7f330fed2fe31ff1b6bdd1be8fc9ce8088bf297fdd4e6
0,knn_preservation,0.2859954429815111,2000,patch_mean,none,contrast,3,score,False,274f49f21a03df6f7da7f330fed2fe31ff1b6bdd1be8fc9ce8088bf297fdd4e6
1,relative_distance,0.06431529755919149,2000,cls,none,contrast,3,score,False,274f49f21a03df6f7da7f330fed2fe31ff1b6bdd1be8fc9ce8088bf297fdd4e6
1,cosine_distance,0.002116431845224349,2000,cls,none,contrast,3,score,False,274f49f21a03df6f7da7f330fed2fe31ff1b6bdd1be8fc9ce8088bf297fdd4e6
1,one_minus_cka,0.2932662871514031,2000,cls,none,contrast,3,score,False,274f49f21a03df6f7da7f330fed2fe31ff1b6bdd1be8fc9ce8088bf297fdd4e6
1,amplification_ratio,1.4931605683326312,2000,cls,none,contrast,3,score,False,274f49f21a03df6f7da7f330fed2fe31ff1b6bdd1be8fc9ce8088bf297fdd4e6
1,knn_preservation,0.21885674404714653,2000,cls,none,contrast,3,score,False,274f49f21a03df6f7da7f330fed2fe31ff1b6bdd1be8fc9ce8088bf297fdd4e6
1,relative_distance,0.5349435689580029,2000,patch_mean,none,contrast,3,score,False,274f49f21a03df6f7da7f330fed2fe31ff1b6bdd1be8fc9ce8088bf297fdd4e6
1,cosine_distance,0.1418791689125495,2000,patch_mean,none,contrast,3,score,False,274f49f21a03df6f7da7f330fed2fe31ff1b6bdd1be8fc9ce8088bf297fdd4e6
1,one_minus_cka,0.11637521144573038,2000,patch_mean,none,contrast,3,score,False,274f49f21a03df6f7da7f330fed2fe31ff1b6bdd1be8fc9ce8088bf297fdd4e6
1,amplification_ratio,1.0714383825097011,2000,patch_mean,none,contrast,3,score,False,274f49f21a03df6f7da7f330fed2fe31ff1b6bdd1be8fc9ce8088bf297fdd4e6
1,knn_preservation,0.3510070100608026,2000,patch_mean,none,contrast,3,score,False,274f49f21a03df6f7da7f330fed2fe31ff1b6bdd1be8fc9ce8088bf297fdd4e6
2,relative_distance,0.08513860830676538,2000,cls,none,contrast,3,score,False,274f49f21a03df6f7da7f330fed2fe31ff1b6bdd1be8fc9ce8088bf297fdd4e6
2,cosine_distance,0.0036001240048511044,2000,cls,none,contrast,3,score,False,274f49f21a03df6f7da7f330fed2fe31ff1b6bdd1be8fc9ce8088bf297fdd4e6
2,one_minus_cka,0.19724395217370838,2000,cls,none,contrast,3,score,False,274f49f21a03df6f7da7f330fed2fe31ff1b6bdd1be8fc9ce8088bf297fdd4e6
2,amplification_ratio,1.3237691737087822,2000,cls,none,contrast,3,score,False,274f49f21a03df6f7da7f330fed2fe31ff1b6bdd1be8fc9ce8088bf297fdd4e6
2,knn_preservation,0.27676032614616203,2000,cls,none,contrast,3,score,False,274f49f21a03df6f7da7f330fed2fe31ff1b6bdd1be8fc9ce8088bf297fdd4e6
2,relative_distance,0.5615914306118459,2000,patch_mean,none,contrast,3,score,False,274f49f21a03df6f7da7f330fed2fe31ff1b6bdd1be8fc9ce8088bf297fdd4e6
2,cosine_distance,0.15134765639161826,2000,patch_mean,none,contrast,3,score,False,274f49f21a03df6f7da7f330fed2fe31ff1b6bdd1be8fc9ce8088bf297fdd4e6
2,one_minus_cka,0.10422492148441687,2000,patch_mean,none,contrast,3,score,False,274f49f21a03df6f7da7f330fed2fe31ff1b6bdd1be8fc9ce8088bf297fdd4e6
2,amplification_ratio,1.0498143415496133,2000,patch_mean,none,contrast,3,score,False,274f49f21a03df6f7da7f330fed2fe31ff1b6bdd1be8fc9ce8088bf297fdd4e6
2,knn_preservation,0.37769518493202703,2000,patch_mean,none,contrast,3,score,False,274f49f21a03df6f7da7f330fed2fe31ff1b6bdd1be8fc9ce8088bf297fdd4e6
3,relative_distance,0.09090697800282091,2000,cls,none,contrast,3,score,False,274f49f21a03df6f7da7f330fed2fe31ff1b6bdd1be8fc9ce8088bf297fdd4e6
3,cosine_distance,0.004113692339486226,2000,cls,none,contrast,3,score,False,274f49f21a03df6f7da7f330fed2fe31ff1b6bdd1be8fc9ce8088bf297fdd4e6
3,one_minus_cka,0.1533180348704487,2000,cls,none,contrast,3,score,False,274f49f21a03df6f7da7f330fed2fe31ff1b6bdd1be8fc9ce8088bf297fdd4e6
3,amplification_ratio,1.067752689535062,2000,cls,none,contrast,3,score,False,274f49f21a03df6f7da7f330fed2fe31ff1b6bdd1be8fc9ce8088bf297fdd4e6
3,knn_preservation,0.2948733281682198,2000,cls,none,contrast,3,score,False,274f49f21a03df6f7da7f330fed2fe31ff1b6bdd1be8fc9ce8088bf297fdd4e6
3,relative_distance,0.5026548838146243,2000,patch_mean,none,contrast,3,score,False,274f49f21a03df6f7da7f330fed2fe31ff1b6bdd1be8fc9ce8088bf297fdd4e6
3,cosine_distance,0.12071339384763577,2000,patch_mean,none,contrast,3,score,False,274f49f21a03df6f7da7f330fed2fe31ff1b6bdd1be8fc9ce8088bf297fdd4e6
3,one_minus_cka,0.07478621643339867,2000,patch_mean,none,contrast,3,score,False,274f49f21a03df6f7da7f330fed2fe31ff1b6bdd1be8fc9ce8088bf297fdd4e6
3,amplification_ratio,0.8950544050627498,2000,patch_mean,none,contrast,3,score,False,274f49f21a03df6f7da7f330fed2fe31ff1b6bdd1be8fc9ce8088bf297fdd4e6
3,knn_preservation,0.39985834512924295,2000,patch_mean,none,contrast,3,score,False,274f49f21a03df6f7da7f330fed2fe31ff1b6bdd1be8fc9ce8088bf297fdd4e6
4,relative_distance,0.0986017476649461,2000,cls,none,contrast,3,score,False,274f49f21a03df6f7da7f330fed2fe31ff1b6bdd1be8fc9ce8088bf297fdd4e6
4,cosine_distance,0.004886580420596003,2000,cls,none,contrast,3,score,False,274f49f21a03df6f7da7f330fed2fe31ff1b6bdd1be8fc9ce8088bf297fdd4e6
4,one_minus_cka,0.13036680195095185,2000,cls,none,contrast,3,score,False,274f49f21a03df6f7da7f330fed2fe31ff1b6bdd1be8fc9ce8088bf297fdd4e6
4,amplification_ratio,1.084644433586676,2000,cls,none,contrast,3,score,False,274f49f21a03df6f7da7f330fed2fe31ff1b6bdd1be8fc9ce8088bf297fdd4e6
4,knn_preservation,0.3133786745590151,2000,cls,none,contrast,3,score,False,274f49f21a03df6f7da7f330fed2fe31ff1b6bdd1be8fc9ce8088bf297fdd4e6
4,relative_distance,0.4137925796591062,2000,patch_mean,none,contrast,3,score,False,274f49f21a03df6f7da7f330fed2fe31ff1b6bdd1be8fc9ce8088bf297fdd4e6
4,cosine_distance,0.08489817790263955,2000,patch_mean,none,contrast,3,score,False,274f49f21a03df6f7da7f330fed2fe31ff1b6bdd1be8fc9ce8088bf297fdd4e6
4,one_minus_cka,0.05958498084854613,2000,patch_mean,none,contrast,3,score,False,274f49f21a03df6f7da7f330fed2fe31ff1b6bdd1be8fc9ce8088bf297fdd4e6
4,amplification_ratio,0.8232140838239823,2000,patch_mean,none,contrast,3,score,False,274f49f21a03df6f7da7f330fed2fe31ff1b6bdd1be8fc9ce8088bf297fdd4e6
4,knn_preservation,0.43564728000757413,2000,patch_mean,none,contrast,3,score,False,274f49f21a03df6f7da7f330fed2fe31ff1b6bdd1be8fc9ce8088bf297fdd4e6
5,relative_distance,0.11023892354477789,2000,cls,none,contrast,3,score,False,274f49f21a03df6f7da7f330fed2fe31ff1b6bdd1be8fc9ce8088bf297fdd4e6
5,cosine_distance,0.006147096436510193,2000,cls,none,contrast,3,score,False,274f49f21a03df6f7da7f330fed2fe31ff1b6bdd1be8fc9ce8088bf297fdd4e6
5,one_minus_cka,0.10544925086492796,2000,cls,none,contrast,3,score,False,274f49f21a03df6f7da7f330fed2fe31ff1b6bdd1be8fc9ce8088bf297fdd4e6
5,amplification_ratio,1.1180220042283178,2000,cls,none,contrast,3,score,False,274f49f21a03df6f7da7f330fed2fe31ff1b6bdd1be8fc9ce8088bf297fdd4e6
5,knn_preservation,0.35959226248467735,2000,cls,none,contrast,3,score,False,274f49f21a03df6f7da7f330fed2fe31ff1b6bdd1be8fc9ce8088bf297fdd4e6
5,relative_distance,0.35540643396750937,2000,patch_mean,none,contrast,3,score,False,274f49f21a03df6f7da7f330fed2fe31ff1b6bdd1be8fc9ce8088bf297fdd4e6
5,cosine_distance,0.06531968423625292,2000,patch_mean,none,contrast,3,score,False,274f49f21a03df6f7da7f330fed2fe31ff1b6bdd1be8fc9ce8088bf297fdd4e6
5,one_minus_cka,0.06803064272191961,2000,patch_mean,none,contrast,3,score,False,274f49f21a03df6f7da7f330fed2fe31ff1b6bdd1be8fc9ce8088bf297fdd4e6
5,amplification_ratio,0.8588999693041935,2000,patch_mean,none,contrast,3,score,False,274f49f21a03df6f7da7f330fed2fe31ff1b6bdd1be8fc9ce8088bf297fdd4e6
5,knn_preservation,0.4441984295803955,2000,patch_mean,none,contrast,3,score,False,274f49f21a03df6f7da7f330fed2fe31ff1b6bdd1be8fc9ce8088bf297fdd4e6
6,relative_distance,0.1296472947890353,2000,cls,none,contrast,3,score,False,274f49f21a03df6f7da7f330fed2fe31ff1b6bdd1be8fc9ce8088bf297fdd4e6
6,cosine_distance,0.008618871135024105,2000,cls,none,contrast,3,score,False,274f49f21a03df6f7da7f330fed2fe31ff1b6bdd1be8fc9ce8088bf297fdd4e6
6,one_minus_cka,0.08957781057914871,2000,cls,none,contrast,3,score,False,274f49f21a03df6f7da7f330fed2fe31ff1b6bdd1be8fc9ce8088bf297fdd4e6
6,amplification_ratio,1.1760573363760571,2000,cls,none,contrast,3,score,False,274f49f21a03df6f7da7f330fed2fe31ff1b6bdd1be8fc9ce8088bf297fdd4e6
6,knn_preservation,0.3676789933063153,2000,cls,none,contrast,3,score,False,274f49f21a03df6f7da7f330fed2fe31ff1b6bdd1be8fc9ce8088bf297fdd4e6
6,relative_distance,0.3254455647208906,2000,patch_mean,none,contrast,3,score,False,274f49f21a03df6f7da7f330fed2fe31ff1b6bdd1be8fc9ce8088bf297fdd4e6
6,cosine_distance,0.055552939470757255,2000,patch_mean,none,contrast,3,score,False,274f49f21a03df6f7da7f330fed2fe31ff1b6bdd1be8fc9ce8088bf297fdd4e6
6,one_minus_cka,0.07524178668857784,2000,patch_mean,none,contrast,3,score,False,274f49f21a03df6f7da7f330fed2fe31ff1b6bdd1be8fc9ce8088bf297fdd4e6
6,amplification_ratio,0.9156996993212628,2000,patch_mean,none,contrast,3,score,False,274f49f21a03df6f7da7f330fed2fe31ff1b6bdd1be8fc9ce8088bf297fdd4e6
6,knn_preservation,0.46035534984451393,2000,patch_mean,none,contrast,3,score,False,274f49f21a03df6f7da7f330fed2fe31ff1b6bdd1be8fc9ce8088bf297fdd4e6
7,relative_distance,0.1668998245457987,2000,cls,none,contrast,3,score,False,274f49f21a03df6f7da7f330fed2fe31ff1b6bdd1be8fc9ce8088bf297fdd4e6
7,cosine_distance,0.014195439132530258,2000,cls,none,contrast,3,score,False,274f49f21a03df6f7da7f330fed2fe31ff1b6bdd1be8fc9ce8088bf297fdd4e6
7,one_minus_cka,0.10792829139592053,2000,cls,none,contrast,3,score,False,274f49f21a03df6f7da7f330fed2fe31ff1b6bdd1be8fc9ce8088bf297fdd4e6
7,amplification_ratio,1.2873375014679747,2000,cls,none,contrast,3,score,False,274f49f21a03df6f7da7f330fed2fe31ff1b6bdd1be8fc9ce8088bf297fdd4e6
7,knn_preservation,0.3703983279362536,2000,cls,none,contrast,3,score,False,274f49f21a03df6f7da7f330fed2fe31ff1b6bdd1be8fc9ce8088bf297fdd4e6
7,relative_distance,0.3034418209772043,2000,patch_mean,none,contrast,3,score,False,274f49f21a03df6f7da7f330fed2fe31ff1b6bdd1be8fc9ce8088bf297fdd4e6
7,cosine_distance,0.04821963417587684,2000,patch_mean,none,contrast,3,score,False,274f49f21a03df6f7da7f330fed2fe31ff1b6bdd1be8fc9ce8088bf297fdd4e6
7,one_minus_cka,0.08137459313898443,2000,patch_mean,none,contrast,3,score,False,274f49f21a03df6f7da7f330fed2fe31ff1b6bdd1be8fc9ce8088bf297fdd4e6
7,amplification_ratio,0.9323888658228997,2000,patch_mean,none,contrast,3,score,False,274f49f21a03df6f7da7f330fed2fe31ff1b6bdd1be8fc9ce8088bf297fdd4e6
7,knn_preservation,0.4885178015998449,2000,patch_mean,none,contrast,3,score,False,274f49f21a03df6f7da7f330fed2fe31ff1b6bdd1be8fc9ce8088bf297fdd4e6
8,relative_distance,0.21523542581044622,2000,cls,none,contrast,3,score,False,274f49f21a03df6f7da7f330fed2fe31ff1b6bdd1be8fc9ce8088bf297fdd4e6
8,cosine_distance,0.023603014171057098,2000,cls,none,contrast,3,score,False,274f49f21a03df6f7da7f330fed2fe31ff1b6bdd1be8fc9ce8088bf297fdd4e6
8,one_minus_cka,0.12088971474628896,2000,cls,none,contrast,3,score,False,274f49f21a03df6f7da7f330fed2fe31ff1b6bdd1be8fc9ce8088bf297fdd4e6
8,amplification_ratio,1.2896084606211424,2000,cls,none,contrast,3,score,False,274f49f21a03df6f7da7f330fed2fe31ff1b6bdd1be8fc9ce8088bf297fdd4e6
8,knn_preservation,0.3491427557220901,2000,cls,none,contrast,3,score,False,274f49f21a03df6f7da7f330fed2fe31ff1b6bdd1be8fc9ce8088bf297fdd4e6
8,relative_distance,0.2772028235439165,2000,patch_mean,none,contrast,3,score,False,274f49f21a03df6f7da7f330fed2fe31ff1b6bdd1be8fc9ce8088bf297fdd4e6
8,cosine_distance,0.039492355350418396,2000,patch_mean,none,contrast,3,score,False,274f49f21a03df6f7da7f330fed2fe31ff1b6bdd1be8fc9ce8088bf297fdd4e6
8,one_minus_cka,0.07683122873387938,2000,patch_mean,none,contrast,3,score,False,274f49f21a03df6f7da7f330fed2fe31ff1b6bdd1be8fc9ce8088bf297fdd4e6
8,amplification_ratio,0.9135287372426527,2000,patch_mean,none,contrast,3,score,False,274f49f21a03df6f7da7f330fed2fe31ff1b6bdd1be8fc9ce8088bf297fdd4e6
8,knn_preservation,0.49646303142162274,2000,patch_mean,none,contrast,3,score,False,274f49f21a03df6f7da7f330fed2fe31ff1b6bdd1be8fc9ce8088bf297fdd4e6
9,relative_distance,0.26869544395249784,2000,cls,none,contrast,3,score,False,274f49f21a03df6f7da7f330fed2fe31ff1b6bdd1be8fc9ce8088bf297fdd4e6
9,cosine_distance,0.03765122335436989,2000,cls,none,contrast,3,score,False,274f49f21a03df6f7da7f330fed2fe31ff1b6bdd1be8fc9ce8088bf297fdd4e6
9,one_minus_cka,0.11451575778186718,2000,cls,none,contrast,3,score,False,274f49f21a03df6f7da7f330fed2fe31ff1b6bdd1be8fc9ce8088bf297fdd4e6
9,amplification_ratio,1.24837927093439,2000,cls,none,contrast,3,score,False,274f49f21a03df6f7da7f330fed2fe31ff1b6bdd1be8fc9ce8088bf297fdd4e6
9,knn_preservation,0.36205793561443717,2000,cls,none,contrast,3,score,False,274f49f21a03df6f7da7f330fed2fe31ff1b6bdd1be8fc9ce8088bf297fdd4e6
9,relative_distance,0.24621592319348862,2000,patch_mean,none,contrast,3,score,False,274f49f21a03df6f7da7f330fed2fe31ff1b6bdd1be8fc9ce8088bf297fdd4e6
9,cosine_distance,0.030986657824094918,2000,patch_mean,none,contrast,3,score,False,274f49f21a03df6f7da7f330fed2fe31ff1b6bdd1be8fc9ce8088bf297fdd4e6
9,one_minus_cka,0.07956263847640221,2000,patch_mean,none,contrast,3,score,False,274f49f21a03df6f7da7f330fed2fe31ff1b6bdd1be8fc9ce8088bf297fdd4e6
9,amplification_ratio,0.8882157838283392,2000,patch_mean,none,contrast,3,score,False,274f49f21a03df6f7da7f330fed2fe31ff1b6bdd1be8fc9ce8088bf297fdd4e6
9,knn_preservation,0.47907151396934683,2000,patch_mean,none,contrast,3,score,False,274f49f21a03df6f7da7f330fed2fe31ff1b6bdd1be8fc9ce8088bf297fdd4e6
10,relative_distance,0.3289098488615774,2000,cls,none,contrast,3,score,False,274f49f21a03df6f7da7f330fed2fe31ff1b6bdd1be8fc9ce8088bf297fdd4e6
10,cosine_distance,0.058987773678968326,2000,cls,none,contrast,3,score,False,274f49f21a03df6f7da7f330fed2fe31ff1b6bdd1be8fc9ce8088bf297fdd4e6
10,one_minus_cka,0.14874410337244437,2000,cls,none,contrast,3,score,False,274f49f21a03df6f7da7f330fed2fe31ff1b6bdd1be8fc9ce8088bf297fdd4e6
10,amplification_ratio,1.2240990916084338,2000,cls,none,contrast,3,score,False,274f49f21a03df6f7da7f330fed2fe31ff1b6bdd1be8fc9ce8088bf297fdd4e6
10,knn_preservation,0.33254546425366854,2000,cls,none,contrast,3,score,False,274f49f21a03df6f7da7f330fed2fe31ff1b6bdd1be8fc9ce8088bf297fdd4e6
10,relative_distance,0.240093127775185,2000,patch_mean,none,contrast,3,score,False,274f49f21a03df6f7da7f330fed2fe31ff1b6bdd1be8fc9ce8088bf297fdd4e6
10,cosine_distance,0.029431636059922245,2000,patch_mean,none,contrast,3,score,False,274f49f21a03df6f7da7f330fed2fe31ff1b6bdd1be8fc9ce8088bf297fdd4e6
10,one_minus_cka,0.09224764056178092,2000,patch_mean,none,contrast,3,score,False,274f49f21a03df6f7da7f330fed2fe31ff1b6bdd1be8fc9ce8088bf297fdd4e6
10,amplification_ratio,0.9751324149190301,2000,patch_mean,none,contrast,3,score,False,274f49f21a03df6f7da7f330fed2fe31ff1b6bdd1be8fc9ce8088bf297fdd4e6
10,knn_preservation,0.421282959902155,2000,patch_mean,none,contrast,3,score,False,274f49f21a03df6f7da7f330fed2fe31ff1b6bdd1be8fc9ce8088bf297fdd4e6
11,relative_distance,0.4520787699743521,2000,cls,none,contrast,3,score,False,274f49f21a03df6f7da7f330fed2fe31ff1b6bdd1be8fc9ce8088bf297fdd4e6
11,cosine_distance,0.10318337248908373,2000,cls,none,contrast,3,score,False,274f49f21a03df6f7da7f330fed2fe31ff1b6bdd1be8fc9ce8088bf297fdd4e6
11,one_minus_cka,0.2577695280660439,2000,cls,none,contrast,3,score,False,274f49f21a03df6f7da7f330fed2fe31ff1b6bdd1be8fc9ce8088bf297fdd4e6
11,amplification_ratio,1.3744762327400255,2000,cls,none,contrast,3,score,False,274f49f21a03df6f7da7f330fed2fe31ff1b6bdd1be8fc9ce8088bf297fdd4e6
11,knn_preservation,0.23515070563251675,2000,cls,none,contrast,3,score,False,274f49f21a03df6f7da7f330fed2fe31ff1b6bdd1be8fc9ce8088bf297fdd4e6
11,relative_distance,0.2776086539145839,2000,patch_mean,none,contrast,3,score,False,274f49f21a03df6f7da7f330fed2fe31ff1b6bdd1be8fc9ce8088bf297fdd4e6
11,cosine_distance,0.03791704931160918,2000,patch_mean,none,contrast,3,score,False,274f49f21a03df6f7da7f330fed2fe31ff1b6bdd1be8fc9ce8088bf297fdd4e6
11,one_minus_cka,0.11422853365835994,2000,patch_mean,none,contrast,3,score,False,274f49f21a03df6f7da7f330fed2fe31ff1b6bdd1be8fc9ce8088bf297fdd4e6
11,amplification_ratio,1.156254060609878,2000,patch_mean,none,contrast,3,score,False,274f49f21a03df6f7da7f330fed2fe31ff1b6bdd1be8fc9ce8088bf297fdd4e6
11,knn_preservation,0.3626968268229878,2000,patch_mean,none,contrast,3,score,False,274f49f21a03df6f7da7f330fed2fe31ff1b6bdd1be8fc9ce8088bf297fdd4e6
0,relative_distance,0.047326842463895714,2000,cls,none,contrast,5,score,False,274f49f21a03df6f7da7f330fed2fe31ff1b6bdd1be8fc9ce8088bf297fdd4e6
0,cosine_distance,0.0012790874607065674,2000,cls,none,contrast,5,score,False,274f49f21a03df6f7da7f330fed2fe31ff1b6bdd1be8fc9ce8088bf297fdd4e6
0,one_minus_cka,0.3487328792348646,2000,cls,none,contrast,5,score,False,274f49f21a03df6f7da7f330fed2fe31ff1b6bdd1be8fc9ce8088bf297fdd4e6
0,amplification_ratio,1.0,2000,cls,none,contrast,5,score,False,274f49f21a03df6f7da7f330fed2fe31ff1b6bdd1be8fc9ce8088bf297fdd4e6
0,knn_preservation,0.08363314768307029,2000,cls,none,contrast,5,score,False,274f49f21a03df6f7da7f330fed2fe31ff1b6bdd1be8fc9ce8088bf297fdd4e6
0,relative_distance,0.7258034212264748,2000,patch_mean,none,contrast,5,score,False,274f49f21a03df6f7da7f330fed2fe31ff1b6bdd1be8fc9ce8088bf297fdd4e6
0,cosine_distance,0.2693344580617928,2000,patch_mean,none,contrast,5,score,False,274f49f21a03df6f7da7f330fed2fe31ff1b6bdd1be8fc9ce8088bf297fdd4e6
0,one_minus_cka,0.38960858554850086,2000,patch_mean,none,contrast,5,score,False,274f49f21a03df6f7da7f330fed2fe31ff1b6bdd1be8fc9ce8088bf297fdd4e6
0,amplification_ratio,1.0,2000,patch_mean,none,contrast,5,score,False,274f49f21a03df6f7da7f330fed2fe31ff1b6bdd1be8fc9ce8088bf297fdd4e6
0,knn_preservation,0.092633023151599,2000,patch_mean,none,contrast,5,score,False,274f49f21a03df6f7da7f330fed2fe31ff1b6bdd1be8fc9ce8088bf297fdd4e6
1,relative_distance,0.08338659657933897,2000,cls,none,contrast,5,score,False,274f49f21a03df6f7da7f330fed2fe31ff1b6bdd1be8fc9ce8088bf297fdd4e6
1,cosine_distance,0.003565408028859598,2000,cls,none,contrast,5,score,False,274f49f21a03df6f7da7f330fed2fe31ff1b6bdd1be8fc9ce8088bf297fdd4e6
1,one_minus_cka,0.5394180895122591,2000,cls,none,contrast,5,score,False,274f49f21a03df6f7da7f330fed2fe31ff1b6bdd1be8fc9ce8088bf297fdd4e6
1,amplification_ratio,1.7619302754658144,2000,cls,none,contrast,5,score,False,274f49f21a03df6f7da7f330fed2fe31ff1b6bdd1be8fc9ce8088bf297fdd4e6
1,knn_preservation,0.06256007193700693,2000,cls,none,contrast,5,score,False,274f49f21a03df6f7da7f330fed2fe31ff1b6bdd1be8fc9ce8088bf297fdd4e6
1,relative_distance,0.8633817022397074,2000,patch_mean,none,contrast,5,score,False,274f49f21a03df6f7da7f330fed2fe31ff1b6bdd1be8fc9ce8088bf297fdd4e6
1,cosine_distance,0.37251712366543777,2000,patch_mean,none,contrast,5,score,False,274f49f21a03df6f7da7f330fed2fe31ff1b6bdd1be8fc9ce8088bf297fdd4e6
1,one_minus_cka,0.3070154550445039,2000,patch_mean,none,contrast,5,score,False,274f49f21a03df6f7da7f330fed2fe31ff1b6bdd1be8fc9ce8088bf297fdd4e6
1,amplification_ratio,1.1895530897067839,2000,patch_mean,none,contrast,5,score,False,274f49f21a03df6f7da7f330fed2fe31ff1b6bdd1be8fc9ce8088bf297fdd4e6
1,knn_preservation,0.15416187123849662,2000,patch_mean,none,contrast,5,score,False,274f49f21a03df6f7da7f330fed2fe31ff1b6bdd1be8fc9ce8088bf297fdd4e6
2,relative_distance,0.13281273714788128,2000,cls,none,contrast,5,score,False,274f49f21a03df6f7da7f330fed2fe31ff1b6bdd1be8fc9ce8088bf297fdd4e6
2,cosine_distance,0.008593116047828774,2000,cls,none,contrast,5,score,False,274f49f21a03df6f7da7f330fed2fe31ff1b6bdd1be8fc9ce8088bf297fdd4e6
2,one_minus_cka,0.3466395278948048,2000,cls,none,contrast,5,score,False,274f49f21a03df6f7da7f330fed2fe31ff1b6bdd1be8fc9ce8088bf297fdd4e6
2,amplification_ratio,1.5927348350464854,2000,cls,none,contrast,5,score,False,274f49f21a03df6f7da7f330fed2fe31ff1b6bdd1be8fc9ce8088bf297fdd4e6
2,knn_preservation,0.1394289678759493,2000,cls,none,contrast,5,score,False,274f49f21a03df6f7da7f330fed2fe31ff1b6bdd1be8fc9ce8088bf297fdd4e6
2,relative_distance,0.9356785928059717,2000,patch_mean,none,contrast,5,score,False,274f49f21a03df6f7da7f330fed2fe31ff1b6bdd1be8fc9ce8088bf297fdd4e6
2,cosine_distance,0.3777301263439441,2000,patch_mean,none,contrast,5,score,False,274f49f21a03df6f7da7f330fed2fe31ff1b6bdd1be8fc9ce8088bf297fdd4e6
2,one_minus_cka,0.27861005881366196,2000,patch_mean,none,contrast,5,score,False,274f49f21a03df6f7da7f330fed2fe31ff1b6bdd1be8fc9ce8088bf297fdd4e6
2,amplification_ratio,1.0837368806620735,2000,patch_mean,none,contrast,5,score,False,274f49f21a03df6f7da7f330fed2fe31ff1b6bdd1be8fc9ce8088bf297fdd4e6
2,knn_preservation,0.19769212499746555,2000,patch_mean,none,contrast,5,score,False,274f49f21a03df6f7da7f330fed2fe31ff1b6bdd1be8fc9ce8088bf297fdd4e6
3,relative_distance,0.1433822787967356,2000,cls,none,contrast,5,score,False,274f49f21a03df6f7da7f330fed2fe31ff1b6bdd1be8fc9ce8088bf297fdd4e6
3,cosine_distance,0.010093623033133239,2000,cls,none,contrast,5,score,False,274f49f21a03df6f7da7f330fed2fe31ff1b6bdd1be8fc9ce8088bf297fdd4e6
3,one_minus_cka,0.33425821072773054,2000,cls,none,contrast,5,score,False,274f49f21a03df6f7da7f330fed2fe31ff1b6bdd1be8fc9ce8088bf297fdd4e6
3,amplification_ratio,1.0795822891375666,2000,cls,none,contrast,5,score,False,274f49f21a03df6f7da7f330fed2fe31ff1b6bdd1be8fc9ce8088bf297fdd4e6
3,knn_preservation,0.14646884178772723,2000,cls,none,contrast,5,score,False,274f49f21a03df6f7da7f330fed2fe31ff1b6bdd1be8fc9ce8088bf297fdd4e6
3,relative_distance,0.8483542827355285,2000,patch_mean,none,contrast,5,score,False,274f49f21a03df6f7da7f330fed2fe31ff1b6bdd1be8fc9ce8088bf297fdd4e6
3,cosine_distance,0.3023677333285532,2000,patch_mean,none,contrast,5,score,False,274f49f21a03df6f7da7f330fed2fe31ff1b6bdd1be8fc9ce8088bf297fdd4e6
3,one_minus_cka,0.22251106522648945,2000,patch_mean,none,contrast,5,score,False,274f49f21a03df6f7da7f330fed2fe31ff1b6bdd1be8fc9ce8088bf297fdd4e6
3,amplification_ratio,0.9066727498717593,2000,patch_mean,none,contrast,5,score,False,274f49f21a03df6f7da7f330fed2fe31ff1b6bdd1be8fc9ce8088bf297fdd4e6
3,knn_preservation,0.21262888624962925,2000,patch_mean,none,contrast,5,score,False,274f49f21a03df6f7da7f330fed2fe31ff1b6bdd1be8fc9ce8088bf297fdd4e6
4,relative_distance,0.15536506381753762,2000,cls,none,contrast,5,score,False,274f49f21a03df6f7da7f330fed2fe31ff1b6bdd1be8fc9ce8088bf297fdd4e6
4,cosine_distance,0.012040918908774486,2000,cls,none,contrast,5,score,False,274f49f21a03df6f7da7f330fed2fe31ff1b6bdd1be8fc9ce8088bf297fdd4e6
4,one_minus_cka,0.33718873806797744,2000,cls,none,contrast,5,score,False,274f49f21a03df6f7da7f330fed2fe31ff1b6bdd1be8fc9ce8088bf297fdd4e6
4,amplification_ratio,1.083572287463706,2000,cls,none,contrast,5,score,False,274f49f21a03df6f7da7f330fed2fe31ff1b6bdd1be8fc9ce8088bf297fdd4e6
4,knn_preservation,0.14708648811628688,2000,cls,none,contrast,5,score,False,274f49f21a03df6f7da7f330fed2fe31ff1b6bdd1be8fc9ce8088bf297fdd4e6
4,relative_distance,0.7010498543306617,2000,patch_mean,none,contrast,5,score,False,274f49f21a03df6f7da7f330fed2fe31ff1b6bdd1be8fc9ce8088bf297fdd4e6
4,cosine_distance,0.22515363504115254,2000,patch_mean,none,contrast,5,score,False,274f49f21a03df6f7da7f330fed2fe31ff1b6bdd1be8fc9ce8088bf297fdd4e6
4,one_minus_cka,0.17903997732042487,2000,patch_mean,none,contrast,5,score,False,274f49f21a03df6f7da7f330fed2fe31ff1b6bdd1be8fc9ce8088bf297fdd4e6
4,amplification_ratio,0.8263644901633762,2000,patch_mean,none,contrast,5,score,False,274f49f21a03df6f7da7f330fed2fe31ff1b6bdd1be8fc9ce8088bf297fdd4e6
4,knn_preservation,0.23158980024962997,2000,patch_mean,none,contrast,5,score,False,274f49f21a03df6f7da7f330fed2fe31ff1b6bdd1be8fc9ce8088bf297fdd4e6
5,relative_distance,0.19649271056914178,2000,cls,none,contrast,5,score,False,274f49f21a03df6f7da7f330fed2fe31ff1b6bdd1be8fc9ce8088bf297fdd4e6
5,cosine_distance,0.018787228652792923,2000,cls,none,contrast,5,score,False,274f49f21a03df6f7da7f330fed2fe31ff1b6bdd1be8fc9ce8088bf297fdd4e6
5,one_minus_cka,0.3026638034051633,2000,cls,none,contrast,5,score,False,274f49f21a03df6f7da7f330fed2fe31ff1b6bdd1be8fc9ce8088bf297fdd4e6
5,amplification_ratio,1.2647161835552998,2000,cls,none,contrast,5,score,False,274f49f21a03df6f7da7f330fed2fe31ff1b6bdd1be8fc9ce8088bf297fdd4e6
5,knn_preservation,0.1698628875424541,2000,cls,none,contrast,5,score,False,274f49f21a03df6f7da7f330fed2fe31ff1b6bdd1be8fc9ce8088bf297fdd4e6
5,relative_distance,0.621333456073962,2000,patch_mean,none,contrast,5,score,False,274f49f21a03df6f7da7f330fed2fe31ff1b6bdd1be8fc9ce8088bf297fdd4e6
5,cosine_distance,0.18638843865364976,2000,patch_mean,none,contrast,5,score,False,274f49f21a03df6f7da7f330fed2fe31ff1b6bdd1be8fc9ce8088bf297fdd4e6
5,one_minus_cka,0.20268867216241648,2000,patch_mean,none,contrast,5,score,False,274f49f21a03df6f7da7f330fed2fe31ff1b6bdd1be8fc9ce8088bf297fdd4e6
5,amplification_ratio,0.8862899724402479,2000,patch_mean,none,contrast,5,score,False,274f49f21a03df6f7da7f330fed2fe31ff1b6bdd1be8fc9ce8088bf297fdd4e6
5,knn_preservation,0.24020709145515648,2000,patch_mean,none,contrast,5,score,False,274f49f21a03df6f7da7f330fed2fe31ff1b6bdd1be8fc9ce8088bf297fdd4e6
6,relative_distance,0.24639086277576278,2000,cls,none,contrast,5,score,False,274f49f21a03df6f7da7f330fed2fe31ff1b6bdd1be8fc9ce8088bf297fdd4e6
6,cosine_distance,0.028125204770296543,2000,cls,none,contrast,5,score,False,274f49f21a03df6f7da7f330fed2fe31ff1b6bdd1be8fc9ce8088bf297fdd4e6
6,one_minus_cka,0.30965052037948126,2000,cls,none,contrast,5,score,False,274f49f21a03df6f7da7f330fed2fe31ff1b6bdd1be8fc9ce8088bf297fdd4e6
6,amplification_ratio,1.2539440372219959,2000,cls,none,contrast,5,score,False,274f49f21a03df6f7da7f330fed2fe31ff1b6bdd1be8fc9ce8088bf297fdd4e6
6,knn_preservation,0.17845676713207673,2000,cls,none,contrast,5,score,False,274f49f21a03df6f7da7f330fed2fe31ff1b6bdd1be8fc9ce8088bf297fdd4e6
6,relative_distance,0.5959292576722489,2000,patch_mean,none,contrast,5,score,False,274f49f21a03df6f7da7f330fed2fe31ff1b6bdd1be8fc9ce8088bf297fdd4e6
6,cosine_distance,0.17152239574422085,2000,patch_mean,none,contrast,5,score,False,274f49f21a03df6f7da7f330fed2fe31ff1b6bdd1be8fc9ce8088bf297fdd4e6
6,one_minus_cka,0.24746226387356907,2000,patch_mean,none,contrast,5,score,False,274f49f21a03df6f7da7f330fed2fe31ff1b6bdd1be8fc9ce8088bf297fdd4e6
6,amplification_ratio,0.9591134226664129,2000,patch_mean,none,contrast,5,score,False,274f49f21a03df6f7da7f330fed2fe31ff1b6bdd1be8fc9ce8088bf297fdd4e6
6,knn_preservation,0.24753899042134336,2000,patch_mean,none,contrast,5,score,False,274f49f21a03df6f7da7f330fed2fe31ff1b6bdd1be8fc9ce8088bf297fdd4e6
7,relative_distance,0.3132098468693554,2000,cls,none,contrast,5,score,False,274f49f21a03df6f7da7f330fed2fe31ff1b6bdd1be8fc9ce8088bf297fdd4e6
7,cosine_distance,0.0425644313729286,2000,cls,none,contrast,5,score,False,274f49f21a03df6f7da7f330fed2fe31ff1b6bdd1be8fc9ce8088bf297fdd4e6
7,one_minus_cka,0.3265967839584991,2000,cls,none,contrast,5,score,False,274f49f21a03df6f7da7f330fed2fe31ff1b6bdd1be8fc9ce8088bf297fdd4e6
7,amplification_ratio,1.271190998484403,2000,cls,none,contrast,5,score,False,274f49f21a03df6f7da7f330fed2fe31ff1b6bdd1be8fc9ce8088bf297fdd4e6
7,knn_preservation,0.17662284267160427,2000,cls,none,contrast,5,score,False,274f49f21a03df6f7da7f330fed2fe31ff1b6bdd1be8fc9ce8088bf297fdd4e6
7,relative_distance,0.5597962233988392,2000,patch_mean,none,contrast,5,score,False,274f49f21a03df6f7da7f330fed2fe31ff1b6bdd1be8fc9ce8088bf297fdd4e6
7,cosine_distance,0.15010365269685566,2000,patch_mean,none,contrast,5,score,False,274f49f21a03df6f7da7f330fed2fe31ff1b6bdd1be8fc9ce8088bf297fdd4e6
7,one_minus_cka,0.2767585304769318,2000,patch_mean,none,contrast,5,score,False,274f49f21a03df6f7da7f330fed2fe31ff1b6bdd1be8fc9ce8088bf297fdd4e6
7,amplification_ratio,0.9393669067121347,2000,patch_mean,none,contrast,5,score,False,274f49f21a03df6f7da7f330fed2fe31ff1b6bdd1be8fc9ce8088bf297fdd4e6
7,knn_preservation,0.2735630042901715,2000,patch_mean,none,contrast,5,score,False,274f49f21a03df6f7da7f330fed2fe31ff1b6bdd1be8fc9ce8088bf297fdd4e6
8,relative_distance,0.41519103785464834,2000,cls,none,contrast,5,score,False,274f49f21a03df6f7da7f330fed2fe31ff1b6bdd1be8fc9ce8088bf297fdd4e6
8,cosine_distance,0.07289848115030666,2000,cls,none,contrast,5,score,False,274f49f21a03df6f7da7f330fed2fe31ff1b6bdd1be8fc9ce8088bf297fdd4e6
8,one_minus_cka,0.4063617528292336,2000,cls,none,contrast,5,score,False,274f49f21a03df6f7da7f330fed2fe31ff1b6bdd1be8fc9ce8088bf297fdd4e6
8,amplification_ratio,1.325600207032542,2000,cls,none,contrast,5,score,False,274f49f21a03df6f7da7f330fed2fe31ff1b6bdd1be8fc9ce8088bf297fdd4e6
8,knn_preservation,0.1620502200328052,2000,cls,none,contrast,5,score,False,274f49f21a03df6f7da7f330fed2fe31ff1b6bdd1be8fc9ce8088bf297fdd4e6
8,relative_distance,0.519944007482837,2000,patch_mean,none,contrast,5,score,False,274f49f21a03df6f7da7f330fed2fe31ff1b6bdd1be8fc9ce8088bf297fdd4e6
8,cosine_distance,0.12407581095127194,2000,patch_mean,none,contrast,5,score,False,274f49f21a03df6f7da7f330fed2fe31ff1b6bdd1be8fc9ce8088bf297fdd4e6
8,one_minus_cka,0.2733564750445232,2000,patch_mean,none,contrast,5,score,False,274f49f21a03df6f7da7f330fed2fe31ff1b6bdd1be8fc9ce8088bf297fdd4e6
8,amplification_ratio,0.928809423411189,2000,patch_mean,none,contrast,5,score,False,274f49f21a03df6f7da7f330fed2fe31ff1b6bdd1be8fc9ce8088bf297fdd4e6
8,knn_preservation,0.28866634483507553,2000,patch_mean,none,contrast,5,score,False,274f49f21a03df6f7da7f330fed2fe31ff1b6bdd1be8fc9ce8088bf297fdd4e6
9,relative_distance,0.5268866735179288,2000,cls,none,contrast,5,score,False,274f49f21a03df6f7da7f330fed2fe31ff1b6bdd1be8fc9ce8088bf297fdd4e6
9,cosine_distance,0.1236519571109934,2000,cls,none,contrast,5,score,False,274f49f21a03df6f7da7f330fed2fe31ff1b6bdd1be8fc9ce8088bf297fdd4e6
9,one_minus_cka,0.38648540785738705,2000,cls,none,contrast,5,score,False,274f49f21a03df6f7da7f330fed2fe31ff1b6bdd1be8fc9ce8088bf297fdd4e6
9,amplification_ratio,1.2690222704238219,2000,cls,none,contrast,5,score,False,274f49f21a03df6f7da7f330fed2fe31ff1b6bdd1be8fc9ce8088bf297fdd4e6
9,knn_preservation,0.17814271340974128,2000,cls,none,contrast,5,score,False,274f49f21a03df6f7da7f330fed2fe31ff1b6bdd1be8fc9ce8088bf297fdd4e6
9,relative_distance,0.46933251616976246,2000,patch_mean,none,contrast,5,score,False,274f49f21a03df6f7da7f330fed2fe31ff1b6bdd1be8fc9ce8088bf297fdd4e6
9,cosine_distance,0.10049649113097638,2000,patch_mean,none,contrast,5,score,False,274f49f21a03df6f7da7f330fed2fe31ff1b6bdd1be8fc9ce8088bf297fdd4e6
9,one_minus_cka,0.26362677687718183,2000,patch_mean,none,contrast,5,score,False,274f49f21a03df6f7da7f330fed2fe31ff1b6bdd1be8fc9ce8088bf297fdd4e6
9,amplification_ratio,0.9026597276154872,2000,patch_mean,none,contrast,5,score,False,274f49f21a03df6f7da7f330fed2fe31ff1b6bdd1be8fc9ce8088bf297fdd4e6
9,knn_preservation,0.28601741520433466,2000,patch_mean,none,contrast,5,score,False,274f49f21a03df6f7da7f330fed2fe31ff1b6bdd1be8fc9ce8088bf297fdd4e6
10,relative_distance,0.625598226329445,2000,cls,none,contrast,5,score,False,274f49f21a03df6f7da7f330fed2fe31ff1b6bdd1be8fc9ce8088bf297fdd4e6
10,cosine_distance,0.18342724967213211,2000,cls,none,contrast,5,score,False,274f49f21a03df6f7da7f330fed2fe31ff1b6bdd1be8fc9ce8088bf297fdd4e6
10,one_minus_cka,0.48881384446582843,2000,cls,none,contrast,5,score,False,274f49f21a03df6f7da7f330fed2fe31ff1b6bdd1be8fc9ce8088bf297fdd4e6
10,amplification_ratio,1.1873487369730507,2000,cls,none,contrast,5,score,False,274f49f21a03df6f7da7f330fed2fe31ff1b6bdd1be8fc9ce8088bf297fdd4e6
10,knn_preservation,0.14346791538355005,2000,cls,none,contrast,5,score,False,274f49f21a03df6f7da7f330fed2fe31ff1b6bdd1be8fc9ce8088bf297fdd4e6
10,relative_distance,0.47258116366655467,2000,patch_mean,none,contrast,5,score,False,274f49f21a03df6f7da7f330fed2fe31ff1b6bdd1be8fc9ce8088bf297fdd4e6
10,cosine_distance,0.09993342709294088,2000,patch_mean,none,contrast,5,score,False,274f49f21a03df6f7da7f330fed2fe31ff1b6bdd1be8fc9ce8088bf297fdd4e6
10,one_minus_cka,0.28710769461136243,2000,patch_mean,none,contrast,5,score,False,274f49f21a03df6f7da7f330fed2fe31ff1b6bdd1be8fc9ce8088bf297fdd4e6
10,amplification_ratio,1.0069218462068312,2000,patch_mean,none,contrast,5,score,False,274f49f21a03df6f7da7f330fed2fe31ff1b6bdd1be8fc9ce8088bf297fdd4e6
10,knn_preservation,0.2443731435832829,2000,patch_mean,none,contrast,5,score,False,274f49f21a03df6f7da7f330fed2fe31ff1b6bdd1be8fc9ce8088bf297fdd4e6
11,relative_distance,0.8622794378634685,2000,cls,none,contrast,5,score,False,274f49f21a03df6f7da7f330fed2fe31ff1b6bdd1be8fc9ce8088bf297fdd4e6
11,cosine_distance,0.2702684376307554,2000,cls,none,contrast,5,score,False,274f49f21a03df6f7da7f330fed2fe31ff1b6bdd1be8fc9ce8088bf297fdd4e6
11,one_minus_cka,0.6722061608983854,2000,cls,none,contrast,5,score,False,274f49f21a03df6f7da7f330fed2fe31ff1b6bdd1be8fc9ce8088bf297fdd4e6
11,amplification_ratio,1.3783278173959934,2000,cls,none,contrast,5,score,False,274f49f21a03df6f7da7f330fed2fe31ff1b6bdd1be8fc9ce8088bf297fdd4e6
11,knn_preservation,0.09474688959131683,2000,cls,none,contrast,5,score,False,274f49f21a03df6f7da7f330fed2fe31ff1b6bdd1be8fc9ce8088bf297fdd4e6
11,relative_distance,0.49381283021847766,2000,patch_mean,none,contrast,5,score,False,274f49f21a03df6f7da7f330fed2fe31ff1b6bdd1be8fc9ce8088bf297fdd4e6
11,cosine_distance,0.10167434120605773,2000,patch_mean,none,contrast,5,score,False,274f49f21a03df6f7da7f330fed2fe31ff1b6bdd1be8fc9ce8088bf297fdd4e6
11,one_minus_cka,0.26816899971334973,2000,patch_mean,none,contrast,5,score,False,274f49f21a03df6f7da7f330fed2fe31ff1b6bdd1be8fc9ce8088bf297fdd4e6
11,amplification_ratio,1.0449270266872162,2000,patch_mean,none,contrast,5,score,False,274f49f21a03df6f7da7f330fed2fe31ff1b6bdd1be8fc9ce8088bf297fdd4e6
11,knn_preservation,0.2140219230803596,2000,patch_mean,none,contrast,5,score,False,274f49f21a03df6f7da7f330fed2fe31ff1b6bdd1be8fc9ce8088bf297fdd4e6
0,relative_distance,0.00622669535202933,2000,cls,none,jpeg_compression,1,score,False,274f49f21a03df6f7da7f330fed2fe31ff1b6bdd1be8fc9ce8088bf297fdd4e6
0,cosine_distance,2.101225243922833e-05,2000,cls,none,jpeg_compression,1,score,False,274f49f21a03df6f7da7f330fed2fe31ff1b6bdd1be8fc9ce8088bf297fdd4e6
0,one_minus_cka,0.0024270998395834464,2000,cls,none,jpeg_compression,1,score,False,274f49f21a03df6f7da7f330fed2fe31ff1b6bdd1be8fc9ce8088bf297fdd4e6
0,amplification_ratio,1.0,2000,cls,none,jpeg_compression,1,score,False,274f49f21a03df6f7da7f330fed2fe31ff1b6bdd1be8fc9ce8088bf297fdd4e6
0,knn_preservation,0.657878205128205,2000,cls,none,jpeg_compression,1,score,False,274f49f21a03df6f7da7f330fed2fe31ff1b6bdd1be8fc9ce8088bf297fdd4e6
0,relative_distance,0.1841695999214004,2000,patch_mean,none,jpeg_compression,1,score,False,274f49f21a03df6f7da7f330fed2fe31ff1b6bdd1be8fc9ce8088bf297fdd4e6
0,cosine_distance,0.017910827497727363,2000,patch_mean,none,jpeg_compression,1,score,False,274f49f21a03df6f7da7f330fed2fe31ff1b6bdd1be8fc9ce8088bf297fdd4e6
0,one_minus_cka,0.02164446189150626,2000,patch_mean,none,jpeg_compression,1,score,False,274f49f21a03df6f7da7f330fed2fe31ff1b6bdd1be8fc9ce8088bf297fdd4e6
0,amplification_ratio,1.0,2000,patch_mean,none,jpeg_compression,1,score,False,274f49f21a03df6f7da7f330fed2fe31ff1b6bdd1be8fc9ce8088bf297fdd4e6
0,knn_preservation,0.5591254043943672,2000,patch_mean,none,jpeg_compression,1,score,False,274f49f21a03df6f7da7f330fed2fe31ff1b6bdd1be8fc9ce8088bf297fdd4e6
1,relative_distance,0.021305171566408165,2000,cls,none,jpeg_compression,1,score,False,274f49f21a03df6f7da7f330fed2fe31ff1b6bdd1be8fc9ce8088bf297fdd4e6
1,cosine_distance,0.0002466911032369508,2000,cls,none,jpeg_compression,1,score,False,274f49f21a03df6f7da7f330fed2fe31ff1b6bdd1be8fc9ce8088bf297fdd4e6
1,one_minus_cka,0.028070629818256698,2000,cls,none,jpeg_compression,1,score,False,274f49f21a03df6f7da7f330fed2fe31ff1b6bdd1be8fc9ce8088bf297fdd4e6
1,amplification_ratio,3.421585666538935,2000,cls,none,jpeg_compression,1,score,False,274f49f21a03df6f7da7f330fed2fe31ff1b6bdd1be8fc9ce8088bf297fdd4e6
1,knn_preservation,0.5382847599596826,2000,cls,none,jpeg_compression,1,score,False,274f49f21a03df6f7da7f330fed2fe31ff1b6bdd1be8fc9ce8088bf297fdd4e6
1,relative_distance,0.3286521393261753,2000,patch_mean,none,jpeg_compression,1,score,False,274f49f21a03df6f7da7f330fed2fe31ff1b6bdd1be8fc9ce8088bf297fdd4e6
1,cosine_distance,0.055211578271010094,2000,patch_mean,none,jpeg_compression,1,score,False,274f49f21a03df6f7da7f330fed2fe31ff1b6bdd1be8fc9ce8088bf297fdd4e6
1,one_minus_cka,0.04707712173565981,2000,patch_mean,none,jpeg_compression,1,score,False,274f49f21a03df6f7da7f330fed2fe31ff1b6bdd1be8fc9ce8088bf297fdd4e6
1,amplification_ratio,1.7845080809560152,2000,patch_mean,none,jpeg_compression,1,score,False,274f49f21a03df6f7da7f330fed2fe31ff1b6bdd1be8fc9ce8088bf297fdd4e6
1,knn_preservation,0.46793652765363286,2000,patch_mean,none,jpeg_compression,1,score,False,274f49f21a03df6f7da7f330fed2fe31ff1b6bdd1be8fc9ce8088bf297fdd4e6
2,relative_distance,0.05480696974339675,2000,cls,none,jpeg_compression,1,score,False,274f49f21a03df6f7da7f330fed2fe31ff1b6bdd1be8fc9ce8088bf297fdd4e6
2,cosine_distance,0.0015657016402942593,2000,cls,none,jpeg_compression,1,score,False,274f49f21a03df6f7da7f330fed2fe31ff1b6bdd1be8fc9ce8088bf297fdd4e6
2,one_minus_cka,0.11378746198547873,2000,cls,none,jpeg_compression,1,score,False,274f49f21a03df6f7da7f330fed2fe31ff1b6bdd1be8fc9ce8088bf297fdd4e6
2,amplification_ratio,2.572472583596127,2000,cls,none,jpeg_compression,1,score,False,274f49f21a03df6f7da7f330fed2fe31ff1b6bdd1be8fc9ce8088bf297fdd4e6
2,knn_preservation,0.36332056780508787,2000,cls,none,jpeg_compression,1,score,False,274f49f21a03df6f7da7f330fed2fe31ff1b6bdd1be8fc9ce8088bf297fdd4e6
2,relative_distance,0.4361093799036719,2000,patch_mean,none,jpeg_compression,1,score,False,274f49f21a03df6f7da7f330fed2fe31ff1b6bdd1be8fc9ce8088bf297fdd4e6
2,cosine_distance,0.09452427732516082,2000,patch_mean,none,jpeg_compression,1,score,False,274f49f21a03df6f7da7f330fed2fe31ff1b6bdd1be8fc9ce8088bf297fdd4e6
2,one_minus_cka,0.06231154244551507,2000,patch_mean,none,jpeg_compression,1,score,False,274f49f21a03df6f7da7f330fed2fe31ff1b6bdd1be8fc9ce8088bf297fdd4e6
2,amplification_ratio,1.326963459899615,2000,patch_mean,none,jpeg_compression,1,score,False,274f49f21a03df6f7da7f330fed2fe31ff1b6bdd1be8fc9ce8088bf297fdd4e6
2,knn_preservation,0.45073005825443907,2000,patch_mean,none,jpeg_compression,1,score,False,274f49f21a03df6f7da7f330fed2fe31ff1b6bdd1be8fc9ce8088bf297fdd4e6
3,relative_distance,0.09994057787167065,2000,cls,none,jpeg_compression,1,score,False,274f49f21a03df6f7da7f330fed2fe31ff1b6bdd1be8fc9ce8088bf297fdd4e6
3,cosine_distance,0.0051605176513928475,2000,cls,none,jpeg_compression,1,score,False,274f49f21a03df6f7da7f330fed2fe31ff1b6bdd1be8fc9ce8088bf297fdd4e6
3,one_minus_cka,0.15564215085661737,2000,cls,none,jpeg_compression,1,score,False,274f49f21a03df6f7da7f330fed2fe31ff1b6bdd1be8fc9ce8088bf297fdd4e6
3,amplification_ratio,1.823501250654561,2000,cls,none,jpeg_compression,1,score,False,274f49f21a03df6f7da7f330fed2fe31ff1b6bdd1be8fc9ce8088bf297fdd4e6
3,knn_preservation,0.32006474382170974,2000,cls,none,jpeg_compression,1,score,False,274f49f21a03df6f7da7f330fed2fe31ff1b6bdd1be8fc9ce8088bf297fdd4e6
3,relative_distance,0.5318707418736451,2000,patch_mean,none,jpeg_compression,1,score,False,274f49f21a03df6f7da7f330fed2fe31ff1b6bdd1be8fc9ce8088bf297fdd4e6
3,cosine_distance,0.14694037637603233,2000,patch_mean,none,jpeg_compression,1,score,False,274f49f21a03df6f7da7f330fed2fe31ff1b6bdd1be8fc9ce8088bf297fdd4e6
3,one_minus_cka,0.08058466414451582,2000,patch_mean,none,jpeg_compression,1,score,False,274f49f21a03df6f7da7f330fed2fe31ff1b6bdd1be8fc9ce8088bf297fdd4e6
3,amplification_ratio,1.2195810647116214,2000,patch_mean,none,jpeg_compression,1,score,False,274f49f21a03df6f7da7f330fed2fe31ff1b6bdd1be8fc9ce8088bf297fdd4e6
3,knn_preservation,0.397028681028294,2000,patch_mean,none,jpeg_compression,1,score,False,274f49f21a03df6f7da7f330fed2fe31ff1b6bdd1be8fc9ce8088bf297fdd4e6
4,relative_distance,0.11191534326154172,2000,cls,none,jpeg_compression,1,score,False,274f49f21a03df6f7da7f330fed2fe31ff1b6bdd1be8fc9ce8088bf297fdd4e6
4,cosine_distance,0.006437934603041061,2000,cls,none,jpeg_compression,1,score,False,274f49f21a03df6f7da7f330fed2fe31ff1b6bdd1be8fc9ce8088bf297fdd4e6
4,one_minus_cka,0.13305346738297597,2000,cls,none,jpeg_compression,1,score,False,274f49f21a03df6f7da7f330fed2fe31ff1b6bdd1be8fc9ce8088bf297fdd4e6
4,amplification_ratio,1.1198188528111908,2000,cls,none,jpeg_compression,1,score,False,274f49f21a03df6f7da7f330fed2fe31ff1b6bdd1be8fc9ce8088bf297fdd4e6
4,knn_preservation,0.31265665264388165,2000,cls,none,jpeg_compression,1,score,False,274f49f21a03df6f7da7f330fed2fe31ff1b6bdd1be8fc9ce8088bf297fdd4e6
4,relative_distance,0.5032089522051834,2000,patch_mean,none,jpeg_compression,1,score,False,274f49f21a03df6f7da7f330fed2fe31ff1b6bdd1be8fc9ce8088bf297fdd4e6
4,cosine_distance,0.132360152221601,2000,patch_mean,none,jpeg_compression,1,score,False,274f49f21a03df6f7da7f330fed2fe31ff1b6bdd1be8fc9ce8088bf297fdd4e6
4,one_minus_cka,0.0969998168329439,2000,patch_mean,none,jpeg_compression,1,score,False,274f49f21a03df6f7da7f330fed2fe31ff1b6bdd1be8fc9ce8088bf297fdd4e6
4,amplification_ratio,0.9461113623819697,2000,patch_mean,none,jpeg_compression,1,score,False,274f49f21a03df6f7da7f330fed2fe31ff1b6bdd1be8fc9ce8088bf297fdd4e6
4,knn_preservation,0.3746570006361028,2000,patch_mean,none,jpeg_compression,1,score,False,274f49f21a03df6f7da7f330fed2fe31ff1b6bdd1be8fc9ce8088bf297fdd4e6
5,relative_distance,0.15414650113968292,2000,cls,none,jpeg_compression,1,score,False,274f49f21a03df6f7da7f330fed2fe31ff1b6bdd1be8fc9ce8088bf297fdd4e6
5,cosine_distance,0.012070587742735403,2000,cls,none,jpeg_compression,1,score,False,274f49f21a03df6f7da7f330fed2fe31ff1b6bdd1be8fc9ce8088bf297fdd4e6
5,one_minus_cka,0.10799755635334463,2000,cls,none,jpeg_compression,1,score,False,274f49f21a03df6f7da7f330fed2fe31ff1b6bdd1be8fc9ce8088bf297fdd4e6
5,amplification_ratio,1.3773491341526662,2000,cls,none,jpeg_compression,1,score,False,274f49f21a03df6f7da7f330fed2fe31ff1b6bdd1be8fc9ce8088bf297fdd4e6
5,knn_preservation,0.32390445433479487,2000,cls,none,jpeg_compression,1,score,False,274f49f21a03df6f7da7f330fed2fe31ff1b6bdd1be8fc9ce8088bf297fdd4e6
5,relative_distance,0.4511561863688363,2000,patch_mean,none,jpeg_compression,1,score,False,274f49f21a03df6f7da7f330fed2fe31ff1b6bdd1be8fc9ce8088bf297fdd4e6
5,cosine_distance,0.10742530617827356,2000,patch_mean,none,jpeg_compression,1,score,False,274f49f21a03df6f7da7f330fed2fe31ff1b6bdd1be8fc9ce8088bf297fdd4e6
5,one_minus_cka,0.10804512100852792,2000,patch_mean,none,jpeg_compression,1,score,False,274f49f21a03df6f7da7f330fed2fe31ff1b6bdd1be8fc9ce8088bf297fdd4e6
5,amplification_ratio,0.8965583469685123,2000,patch_mean,none,jpeg_compression,1,score,False,274f49f21a03df6f7da7f330fed2fe31ff1b6bdd1be8fc9ce8088bf297fdd4e6
5,knn_preservation,0.37540683825977944,2000,patch_mean,none,jpeg_compression,1,score,False,274f49f21a03df6f7da7f330fed2fe31ff1b6bdd1be8fc9ce8088bf297fdd4e6
6,relative_distance,0.20056093411861228,2000,cls,none,jpeg_compression,1,score,False,274f49f21a03df6f7da7f330fed2fe31ff1b6bdd1be8fc9ce8088bf297fdd4e6
6,cosine_distance,0.019715849997625032,2000,cls,none,jpeg_compression,1,score,False,274f49f21a03df6f7da7f330fed2fe31ff1b6bdd1be8fc9ce8088bf297fdd4e6
6,one_minus_cka,0.10460101454850035,2000,cls,none,jpeg_compression,1,score,False,274f49f21a03df6f7da7f330fed2fe31ff1b6bdd1be8fc9ce8088bf297fdd4e6
6,amplification_ratio,1.3011059779869412,2000,cls,none,jpeg_compression,1,score,False,274f49f21a03df6f7da7f330fed2fe31ff1b6bdd1be8fc9ce8088bf297fdd4e6
6,knn_preservation,0.34533621121740316,2000,cls,none,jpeg_compression,1,score,False,274f49f21a03df6f7da7f330fed2fe31ff1b6bdd1be8fc9ce8088bf297fdd4e6
6,relative_distance,0.42000469947650015,2000,patch_mean,none,jpeg_compression,1,score,False,274f49f21a03df6f7da7f330fed2fe31ff1b6bdd1be8fc9ce8088bf297fdd4e6
6,cosine_distance,0.09211981630825557,2000,patch_mean,none,jpeg_compression,1,score,False,274f49f21a03df6f7da7f330fed2fe31ff1b6bdd1be8fc9ce8088bf297fdd4e6
6,one_minus_cka,0.10598591963812498,2000,patch_mean,none,jpeg_compression,1,score,False,274f49f21a03df6f7da7f330fed2fe31ff1b6bdd1be8fc9ce8088bf297fdd4e6
6,amplification_ratio,0.930951879119599,2000,patch_mean,none,jpeg_compression,1,score,False,274f49f21a03df6f7da7f330fed2fe31ff1b6bdd1be8fc9ce8088bf297fdd4e6
6,knn_preservation,0.39344963670660266,2000,patch_mean,none,jpeg_compression,1,score,False,274f49f21a03df6f7da7f330fed2fe31ff1b6bdd1be8fc9ce8088bf297fdd4e6
7,relative_distance,0.2519777770606789,2000,cls,none,jpeg_compression,1,score,False,274f49f21a03df6f7da7f330fed2fe31ff1b6bdd1be8fc9ce8088bf297fdd4e6
7,cosine_distance,0.031091803607013066,2000,cls,none,jpeg_compression,1,score,False,274f49f21a03df6f7da7f330fed2fe31ff1b6bdd1be8fc9ce8088bf297fdd4e6
7,one_minus_cka,0.13636156366414542,2000,cls,none,jpeg_compression,1,score,False,274f49f21a03df6f7da7f330fed2fe31ff1b6bdd1be8fc9ce8088bf297fdd4e6
7,amplification_ratio,1.2563651947874284,2000,cls,none,jpeg_compression,1,score,False,274f49f21a03df6f7da7f330fed2fe31ff1b6bdd1be8fc9ce8088bf297fdd4e6
7,knn_preservation,0.3341475971998418,2000,cls,none,jpeg_compression,1,score,False,274f49f21a03df6f7da7f330fed2fe31ff1b6bdd1be8fc9ce8088bf297fdd4e6
7,relative_distance,0.3976704246234018,2000,patch_mean,none,jpeg_compression,1,score,False,274f49f21a03df6f7da7f330fed2fe31ff1b6bdd1be8fc9ce8088bf297fdd4e6
7,cosine_distance,0.08205442288696885,2000,patch_mean,none,jpeg_compression,1,score,False,274f49f21a03df6f7da7f330fed2fe31ff1b6bdd1be8fc9ce8088bf297fdd4e6
7,one_minus_cka,0.11701831649401773,2000,patch_mean,none,jpeg_compression,1,score,False,274f49f21a03df6f7da7f330fed2fe31ff1b6bdd1be8fc9ce8088bf297fdd4e6
7,amplification_ratio,0.9468237501129485,2000,patch_mean,none,jpeg_compression,1,score,False,274f49f21a03df6f7da7f330fed2fe31ff1b6bdd1be8fc9ce8088bf297fdd4e6
7,knn_preservation,0.40488077724648935,2000,patch_mean,none,jpeg_compression,1,score,False,274f49f21a03df6f7da7f330fed2fe31ff1b6bdd1be8fc9ce8088bf297fdd4e6
8,relative_distance,0.3300829796248936,2000,cls,none,jpeg_compression,1,score,False,274f49f21a03df6f7da7f330fed2fe31ff1b6bdd1be8fc9ce8088bf297fdd4e6
8,cosine_distance,0.0535652524320668,2000,cls,none,jpeg_compression,1,score,False,274f49f21a03df6f7da7f330fed2fe31ff1b6bdd1be8fc9ce8088bf297fdd4e6
8,one_minus_cka,0.18714278647597293,2000,cls,none,jpeg_compression,1,score,False,274f49f21a03df6f7da7f330fed2fe31ff1b6bdd1be8fc9ce8088bf297fdd4e6
8,amplification_ratio,1.3099686149918137,2000,cls,none,jpeg_compression,1,score,False,274f49f21a03df6f7da7f330fed2fe31ff1b6bdd1be8fc9ce8088bf297fdd4e6
8,knn_preservation,0.3009083325944781,2000,cls,none,jpeg_compression,1,score,False,274f49f21a03df6f7da7f330fed2fe31ff1b6bdd1be8fc9ce8088bf297fdd4e6
8,relative_distance,0.3653638350450347,2000,patch_mean,none,jpeg_compression,1,score,False,274f49f21a03df6f7da7f330fed2fe31ff1b6bdd1be8fc9ce8088bf297fdd4e6
8,cosine_distance,0.06884871211060968,2000,patch_mean,none,jpeg_compression,1,score,False,274f49f21a03df6f7da7f330fed2fe31ff1b6bdd1be8fc9ce8088bf297fdd4e6
8,one_minus_cka,0.11515587079518963,2000,patch_mean,none,jpeg_compression,1,score,False,274f49f21a03df6f7da7f330fed2fe31ff1b6bdd1be8fc9ce8088bf297fdd4e6
8,amplification_ratio,0.9187603915756074,2000,patch_mean,none,jpeg_compression,1,score,False,274f49f21a03df6f7da7f330fed2fe31ff1b6bdd1be8fc9ce8088bf297fdd4e6
8,knn_preservation,0.4103516480509514,2000,patch_mean,none,jpeg_compression,1,score,False,274f49f21a03df6f7da7f330fed2fe31ff1b6bdd1be8fc9ce8088bf297fdd4e6
9,relative_distance,0.41984723312754313,2000,cls,none,jpeg_compression,1,score,False,274f49f21a03df6f7da7f330fed2fe31ff1b6bdd1be8fc9ce8088bf297fdd4e6
9,cosine_distance,0.08984190029589424,2000,cls,none,jpeg_compression,1,score,False,274f49f21a03df6f7da7f330fed2fe31ff1b6bdd1be8fc9ce8088bf297fdd4e6
9,one_minus_cka,0.20825512736792695,2000,cls,none,jpeg_compression,1,score,False,274f49f21a03df6f7da7f330fed2fe31ff1b6bdd1be8fc9ce8088bf297fdd4e6
9,amplification_ratio,1.2719445080284286,2000,cls,none,jpeg_compression,1,score,False,274f49f21a03df6f7da7f330fed2fe31ff1b6bdd1be8fc9ce8088bf297fdd4e6
9,knn_preservation,0.30731730988309935,2000,cls,none,jpeg_compression,1,score,False,274f49f21a03df6f7da7f330fed2fe31ff1b6bdd1be8fc9ce8088bf297fdd4e6
9,relative_distance,0.3145607855990402,2000,patch_mean,none,jpeg_compression,1,score,False,274f49f21a03df6f7da7f330fed2fe31ff1b6bdd1be8fc9ce8088bf297fdd4e6
9,cosine_distance,0.05100069564843808,2000,patch_mean,none,jpeg_compression,1,score,False,274f49f21a03df6f7da7f330fed2fe31ff1b6bdd1be8fc9ce8088bf297fdd4e6
9,one_minus_cka,0.10956741757193755,2000,patch_mean,none,jpeg_compression,1,score,False,274f49f21a03df6f7da7f330fed2fe31ff1b6bdd1be8fc9ce8088bf297fdd4e6
9,amplification_ratio,0.8609521672014075,2000,patch_mean,none,jpeg_compression,1,score,False,274f49f21a03df6f7da7f330fed2fe31ff1b6bdd1be8fc9ce8088bf297fdd4e6
9,knn_preservation,0.40509974884936184,2000,patch_mean,none,jpeg_compression,1,score,False,274f49f21a03df6f7da7f330fed2fe31ff1b6bdd1be8fc9ce8088bf297fdd4e6
10,relative_distance,0.4185364750352296,2000,cls,none,jpeg_compression,1,score,False,274f49f21a03df6f7da7f330fed2fe31ff1b6bdd1be8fc9ce8088bf297fdd4e6
10,cosine_distance,0.09584467894101452,2000,cls,none,jpeg_compression,1,score,False,274f49f21a03df6f7da7f330fed2fe31ff1b6bdd1be8fc9ce8088bf297fdd4e6
10,one_minus_cka,0.17535202503517588,2000,cls,none,jpeg_compression,1,score,False,274f49f21a03df6f7da7f330fed2fe31ff1b6bdd1be8fc9ce8088bf297fdd4e6
10,amplification_ratio,0.9968780118364736,2000,cls,none,jpeg_compression,1,score,False,274f49f21a03df6f7da7f330fed2fe31ff1b6bdd1be8fc9ce8088bf297fdd4e6
10,knn_preservation,0.31767087633728497,2000,cls,none,jpeg_compression,1,score,False,274f49f21a03df6f7da7f330fed2fe31ff1b6bdd1be8fc9ce8088bf297fdd4e6
10,relative_distance,0.29305543519630406,2000,patch_mean,none,jpeg_compression,1,score,False,274f49f21a03df6f7da7f330fed2fe31ff1b6bdd1be8fc9ce8088bf297fdd4e6
10,cosine_distance,0.04400933742021876,2000,patch_mean,none,jpeg_compression,1,score,False,274f49f21a03df6f7da7f330fed2fe31ff1b6bdd1be8fc9ce8088bf297fdd4e6
10,one_minus_cka,0.1170013991605372,2000,patch_mean,none,jpeg_compression,1,score,False,274f49f21a03df6f7da7f330fed2fe31ff1b6bdd1be8fc9ce8088bf297fdd4e6
10,amplification_ratio,0.9316337210889717,2000,patch_mean,none,jpeg_compression,1,score,False,274f49f21a03df6f7da7f330fed2fe31ff1b6bdd1be8fc9ce8088bf297fdd4e6
10,knn_preservation,0.3768985379085998,2000,patch_mean,none,jpeg_compression,1,score,False,274f49f21a03df6f7da7f330fed2fe31ff1b6bdd1be8fc9ce8088bf297fdd4e6
11,relative_distance,0.5079505648043964,2000,cls,none,jpeg_compression,1,score,False,274f49f21a03df6f7da7f330fed2fe31ff1b6bdd1be8fc9ce8088bf297fdd4e6
11,cosine_distance,0.14497502514347826,2000,cls,none,jpeg_compression,1,score,False,274f49f21a03df6f7da7f330fed2fe31ff1b6bdd1be8fc9ce8088bf297fdd4e6
11,one_minus_cka,0.22122103382188973,2000,cls,none,jpeg_compression,1,score,False,274f49f21a03df6f7da7f330fed2fe31ff1b6bdd1be8fc9ce8088bf297fdd4e6
11,amplification_ratio,1.213635119284742,2000,cls,none,jpeg_compression,1,score,False,274f49f21a03df6f7da7f330fed2fe31ff1b6bdd1be8fc9ce8088bf297fdd4e6
11,knn_preservation,0.25750035254563114,2000,cls,none,jpeg_compression,1,score,False,274f49f21a03df6f7da7f330fed2fe31ff1b6bdd1be8fc9ce8088bf297fdd4e6
11,relative_distance,0.3075128450760556,2000,patch_mean,none,jpeg_compression,1,score,False,274f49f21a03df6f7da7f330fed2fe31ff1b6bdd1be8fc9ce8088bf297fdd4e6
11,cosine_distance,0.049138520034078974,2000,patch_mean,none,jpeg_compression,1,score,False,274f49f21a03df6f7da7f330fed2fe31ff1b6bdd1be8fc9ce8088bf297fdd4e6
11,one_minus_cka,0.10843725708696317,2000,patch_mean,none,jpeg_compression,1,score,False,274f49f21a03df6f7da7f330fed2fe31ff1b6bdd1be8fc9ce8088bf297fdd4e6
11,amplification_ratio,1.0493333620312046,2000,patch_mean,none,jpeg_compression,1,score,False,274f49f21a03df6f7da7f330fed2fe31ff1b6bdd1be8fc9ce8088bf297fdd4e6
11,knn_preservation,0.3485111220478867,2000,patch_mean,none,jpeg_compression,1,score,False,274f49f21a03df6f7da7f330fed2fe31ff1b6bdd1be8fc9ce8088bf297fdd4e6
0,relative_distance,0.007921419175570004,2000,cls,none,jpeg_compression,3,score,False,274f49f21a03df6f7da7f330fed2fe31ff1b6bdd1be8fc9ce8088bf297fdd4e6
0,cosine_distance,3.398021086491465e-05,2000,cls,none,jpeg_compression,3,score,False,274f49f21a03df6f7da7f330fed2fe31ff1b6bdd1be8fc9ce8088bf297fdd4e6
0,one_minus_cka,0.006063363978486058,2000,cls,none,jpeg_compression,3,score,False,274f49f21a03df6f7da7f330fed2fe31ff1b6bdd1be8fc9ce8088bf297fdd4e6
0,amplification_ratio,1.0,2000,cls,none,jpeg_compression,3,score,False,274f49f21a03df6f7da7f330fed2fe31ff1b6bdd1be8fc9ce8088bf297fdd4e6
0,knn_preservation,0.5711308460631217,2000,cls,none,jpeg_compression,3,score,False,274f49f21a03df6f7da7f330fed2fe31ff1b6bdd1be8fc9ce8088bf297fdd4e6
0,relative_distance,0.2317667728954334,2000,patch_mean,none,jpeg_compression,3,score,False,274f49f21a03df6f7da7f330fed2fe31ff1b6bdd1be8fc9ce8088bf297fdd4e6
0,cosine_distance,0.027990152146971623,2000,patch_mean,none,jpeg_compression,3,score,False,274f49f21a03df6f7da7f330fed2fe31ff1b6bdd1be8fc9ce8088bf297fdd4e6
0,one_minus_cka,0.0411533184721532,2000,patch_mean,none,jpeg_compression,3,score,False,274f49f21a03df6f7da7f330fed2fe31ff1b6bdd1be8fc9ce8088bf297fdd4e6
0,amplification_ratio,1.0,2000,patch_mean,none,jpeg_compression,3,score,False,274f49f21a03df6f7da7f330fed2fe31ff1b6bdd1be8fc9ce8088bf297fdd4e6
0,knn_preservation,0.46628077387868405,2000,patch_mean,none,jpeg_compression,3,score,False,274f49f21a03df6f7da7f330fed2fe31ff1b6bdd1be8fc9ce8088bf297fdd4e6
1,relative_distance,0.026121490115431818,2000,cls,none,jpeg_compression,3,score,False,274f49f21a03df6f7da7f330fed2fe31ff1b6bdd1be8fc9ce8088bf297fdd4e6
1,cosine_distance,0.0003654717888157145,2000,cls,none,jpeg_compression,3,score,False,274f49f21a03df6f7da7f330fed2fe31ff1b6bdd1be8fc9ce8088bf297fdd4e6
1,one_minus_cka,0.04609041085070853,2000,cls,none,jpeg_compression,3,score,False,274f49f21a03df6f7da7f330fed2fe31ff1b6bdd1be8fc9ce8088bf297fdd4e6
1,amplification_ratio,3.2975770548781984,2000,cls,none,jpeg_compression,3,score,False,274f49f21a03df6f7da7f330fed2fe31ff1b6bdd1be8fc9ce8088bf297fdd4e6
1,knn_preservation,0.4495292690625508,2000,cls,none,jpeg_compression,3,score,False,274f49f21a03df6f7da7f330fed2fe31ff1b6bdd1be8fc9ce8088bf297fdd4e6
1,relative_distance,0.3993225561129099,2000,patch_mean,none,jpeg_compression,3,score,False,274f49f21a03df6f7da7f330fed2fe31ff1b6bdd1be8fc9ce8088bf297fdd4e6
1,cosine_distance,0.08003858585511758,2000,patch_mean,none,jpeg_compression,3,score,False,274f49f21a03df6f7da7f330fed2fe31ff1b6bdd1be8fc9ce8088bf297fdd4e6
1,one_minus_cka,0.07156658939567717,2000,patch_mean,none,jpeg_compression,3,score,False,274f49f21a03df6f7da7f330fed2fe31ff1b6bdd1be8fc9ce8088bf297fdd4e6
1,amplification_ratio,1.7229499773596664,2000,patch_mean,none,jpeg_compression,3,score,False,274f49f21a03df6f7da7f330fed2fe31ff1b6bdd1be8fc9ce8088bf297fdd4e6
1,knn_preservation,0.38733827116296154,2000,patch_mean,none,jpeg_compression,3,score,False,274f49f21a03df6f7da7f330fed2fe31ff1b6bdd1be8fc9ce8088bf297fdd4e6
2,relative_distance,0.06532708500439809,2000,cls,none,jpeg_compression,3,score,False,274f49f21a03df6f7da7f330fed2fe31ff1b6bdd1be8fc9ce8088bf297fdd4e6
2,cosine_distance,0.002211573564411509,2000,cls,none,jpeg_compression,3,score,False,274f49f21a03df6f7da7f330fed2fe31ff1b6bdd1be8fc9ce8088bf297fdd4e6
2,one_minus_cka,0.16466909347273428,2000,cls,none,jpeg_compression,3,score,False,274f49f21a03df6f7da7f330fed2fe31ff1b6bdd1be8fc9ce8088bf297fdd4e6
2,amplification_ratio,2.5008942719467884,2000,cls,none,jpeg_compression,3,score,False,274f49f21a03df6f7da7f330fed2fe31ff1b6bdd1be8fc9ce8088bf297fdd4e6
2,knn_preservation,0.279147577740457,2000,cls,none,jpeg_compression,3,score,False,274f49f21a03df6f7da7f330fed2fe31ff1b6bdd1be8fc9ce8088bf297fdd4e6
2,relative_distance,0.5307926320904794,2000,patch_mean,none,jpeg_compression,3,score,False,274f49f21a03df6f7da7f330fed2fe31ff1b6bdd1be8fc9ce8088bf297fdd4e6
2,cosine_distance,0.1371636521261093,2000,patch_mean,none,jpeg_compression,3,score,False,274f49f21a03df6f7da7f330fed2fe31ff1b6bdd1be8fc9ce8088bf297fdd4e6
2,one_minus_cka,0.09807858762926436,2000,patch_mean,none,jpeg_compression,3,score,False,274f49f21a03df6f7da7f330fed2fe31ff1b6bdd1be8fc9ce8088bf297fdd4e6
2,amplification_ratio,1.3292327817825444,2000,patch_mean,none,jpeg_compression,3,score,False,274f49f21a03df6f7da7f330fed2fe31ff1b6bdd1be8fc9ce8088bf297fdd4e6
2,knn_preservation,0.356730510975093,2000,patch_mean,none,jpeg_compression,3,score,False,274f49f21a03df6f7da7f330fed2fe31ff1b6bdd1be8fc9ce8088bf297fdd4e6
3,relative_distance,0.1186850483695188,2000,cls,none,jpeg_compression,3,score,False,274f49f21a03df6f7da7f330fed2fe31ff1b6bdd1be8fc9ce8088bf297fdd4e6
3,cosine_distance,0.007260192767587773,2000,cls,none,jpeg_compression,3,score,False,274f49f21a03df6f7da7f330fed2fe31ff1b6bdd1be8fc9ce8088bf297fdd4e6
3,one_minus_cka,0.20827802087196,2000,cls,none,jpeg_compression,3,score,False,274f49f21a03df6f7da7f330fed2fe31ff1b6bdd1be8fc9ce8088bf297fdd4e6
3,amplification_ratio,1.8167816360017968,2000,cls,none,jpeg_compression,3,score,False,274f49f21a03df6f7da7f330fed2fe31ff1b6bdd1be8fc9ce8088bf297fdd4e6
3,knn_preservation,0.24724033938198023,2000,cls,none,jpeg_compression,3,score,False,274f49f21a03df6f7da7f330fed2fe31ff1b6bdd1be8fc9ce8088bf297fdd4e6
3,relative_distance,0.6727102248345164,2000,patch_mean,none,jpeg_compression,3,score,False,274f49f21a03df6f7da7f330fed2fe31ff1b6bdd1be8fc9ce8088bf297fdd4e6
3,cosine_distance,0.2260497783668573,2000,patch_mean,none,jpeg_compression,3,score,False,274f49f21a03df6f7da7f330fed2fe31ff1b6bdd1be8fc9ce8088bf297fdd4e6
3,one_minus_cka,0.14209324068660822,2000,patch_mean,none,jpeg_compression,3,score,False,274f49f21a03df6f7da7f330fed2fe31ff1b6bdd1be8fc9ce8088bf297fdd4e6
3,amplification_ratio,1.2673691836774508,2000,patch_mean,none,jpeg_compression,3,score,False,274f49f21a03df6f7da7f330fed2fe31ff1b6bdd1be8fc9ce8088bf297fdd4e6
3,knn_preservation,0.3026563120402129,2000,patch_mean,none,jpeg_compression,3,score,False,274f49f21a03df6f7da7f330fed2fe31ff1b6bdd1be8fc9ce8088bf297fdd4e6
4,relative_distance,0.13308312454463875,2000,cls,none,jpeg_compression,3,score,False,274f49f21a03df6f7da7f330fed2fe31ff1b6bdd1be8fc9ce8088bf297fdd4e6
4,cosine_distance,0.009080630331864225,2000,cls,none,jpeg_compression,3,score,False,274f49f21a03df6f7da7f330fed2fe31ff1b6bdd1be8fc9ce8088bf297fdd4e6
4,one_minus_cka,0.20374941606818786,2000,cls,none,jpeg_compression,3,score,False,274f49f21a03df6f7da7f330fed2fe31ff1b6bdd1be8fc9ce8088bf297fdd4e6
4,amplification_ratio,1.1213133109260098,2000,cls,none,jpeg_compression,3,score,False,274f49f21a03df6f7da7f330fed2fe31ff1b6bdd1be8fc9ce8088bf297fdd4e6
4,knn_preservation,0.2298602616423824,2000,cls,none,jpeg_compression,3,score,False,274f49f21a03df6f7da7f330fed2fe31ff1b6bdd1be8fc9ce8088bf297fdd4e6
4,relative_distance,0.6362100648810207,2000,patch_mean,none,jpeg_compression,3,score,False,274f49f21a03df6f7da7f330fed2fe31ff1b6bdd1be8fc9ce8088bf297fdd4e6
4,cosine_distance,0.2050988549805764,2000,patch_mean,none,jpeg_compression,3,score,False,274f49f21a03df6f7da7f330fed2fe31ff1b6bdd1be8fc9ce8088bf297fdd4e6
4,one_minus_cka,0.165471278691399,2000,patch_mean,none,jpeg_compression,3,score,False,274f49f21a03df6f7da7f330fed2fe31ff1b6bdd1be8fc9ce8088bf297fdd4e6
4,amplification_ratio,0.9457416304881132,2000,patch_mean,none,jpeg_compression,3,score,False,274f49f21a03df6f7da7f330fed2fe31ff1b6bdd1be8fc9ce8088bf297fdd4e6
4,knn_preservation,0.2831059803629463,2000,patch_mean,none,jpeg_compression,3,score,False,274f49f21a03df6f7da7f330fed2fe31ff1b6bdd1be8fc9ce8088bf297fdd4e6
5,relative_distance,0.17693033763395086,2000,cls,none,jpeg_compression,3,score,False,274f49f21a03df6f7da7f330fed2fe31ff1b6bdd1be8fc9ce8088bf297fdd4e6
5,cosine_distance,0.015817061502099293,2000,cls,none,jpeg_compression,3,score,False,274f49f21a03df6f7da7f330fed2fe31ff1b6bdd1be8fc9ce8088bf297fdd4e6
5,one_minus_cka,0.16880369268677697,2000,cls,none,jpeg_compression,3,score,False,274f49f21a03df6f7da7f330fed2fe31ff1b6bdd1be8fc9ce8088bf297fdd4e6
5,amplification_ratio,1.3294723747983905,2000,cls,none,jpeg_compression,3,score,False,274f49f21a03df6f7da7f330fed2fe31ff1b6bdd1be8fc9ce8088bf297fdd4e6
5,knn_preservation,0.24618275532517017,2000,cls,none,jpeg_compression,3,score,False,274f49f21a03df6f7da7f330fed2fe31ff1b6bdd1be8fc9ce8088bf297fdd4e6
5,relative_distance,0.5634166396113395,2000,patch_mean,none,jpeg_compression,3,score,False,274f49f21a03df6f7da7f330fed2fe31ff1b6bdd1be8fc9ce8088bf297fdd4e6
5,cosine_distance,0.16635265663190427,2000,patch_mean,none,jpeg_compression,3,score,False,274f49f21a03df6f7da7f330fed2fe31ff1b6bdd1be8fc9ce8088bf297fdd4e6
5,one_minus_cka,0.19182360976353585,2000,patch_mean,none,jpeg_compression,3,score,False,274f49f21a03df6f7da7f330fed2fe31ff1b6bdd1be8fc9ce8088bf297fdd4e6
5,amplification_ratio,0.8855827197840787,2000,patch_mean,none,jpeg_compression,3,score,False,274f49f21a03df6f7da7f330fed2fe31ff1b6bdd1be8fc9ce8088bf297fdd4e6
5,knn_preservation,0.2836409537744677,2000,patch_mean,none,jpeg_compression,3,score,False,274f49f21a03df6f7da7f330fed2fe31ff1b6bdd1be8fc9ce8088bf297fdd4e6
6,relative_distance,0.22997636937576954,2000,cls,none,jpeg_compression,3,score,False,274f49f21a03df6f7da7f330fed2fe31ff1b6bdd1be8fc9ce8088bf297fdd4e6
6,cosine_distance,0.025512977670914337,2000,cls,none,jpeg_compression,3,score,False,274f49f21a03df6f7da7f330fed2fe31ff1b6bdd1be8fc9ce8088bf297fdd4e6
6,one_minus_cka,0.1611025175776135,2000,cls,none,jpeg_compression,3,score,False,274f49f21a03df6f7da7f330fed2fe31ff1b6bdd1be8fc9ce8088bf297fdd4e6
6,amplification_ratio,1.2998130928318523,2000,cls,none,jpeg_compression,3,score,False,274f49f21a03df6f7da7f330fed2fe31ff1b6bdd1be8fc9ce8088bf297fdd4e6
6,knn_preservation,0.2624392914876661,2000,cls,none,jpeg_compression,3,score,False,274f49f21a03df6f7da7f330fed2fe31ff1b6bdd1be8fc9ce8088bf297fdd4e6
6,relative_distance,0.5177620103798286,2000,patch_mean,none,jpeg_compression,3,score,False,274f49f21a03df6f7da7f330fed2fe31ff1b6bdd1be8fc9ce8088bf297fdd4e6
6,cosine_distance,0.13882122692521806,2000,patch_mean,none,jpeg_compression,3,score,False,274f49f21a03df6f7da7f330fed2fe31ff1b6bdd1be8fc9ce8088bf297fdd4e6
6,one_minus_cka,0.18268850565132233,2000,patch_mean,none,jpeg_compression,3,score,False,274f49f21a03df6f7da7f330fed2fe31ff1b6bdd1be8fc9ce8088bf297fdd4e6
6,amplification_ratio,0.9189682625223765,2000,patch_mean,none,jpeg_compression,3,score,False,274f49f21a03df6f7da7f330fed2fe31ff1b6bdd1be8fc9ce8088bf297fdd4e6
6,knn_preservation,0.29991470685317434,2000,patch_mean,none,jpeg_compression,3,score,False,274f49f21a03df6f7da7f330fed2fe31ff1b6bdd1be8fc9ce8088bf297fdd4e6
7,relative_distance,0.29034571283922195,2000,cls,none,jpeg_compression,3,score,False,274f49f21a03df6f7da7f330fed2fe31ff1b6bdd1be8fc9ce8088bf297fdd4e6
7,cosine_distance,0.04036672484836879,2000,cls,none,jpeg_compression,3,score,False,274f49f21a03df6f7da7f330fed2fe31ff1b6bdd1be8fc9ce8088bf297fdd4e6
7,one_minus_cka,0.19653382359330585,2000,cls,none,jpeg_compression,3,score,False,274f49f21a03df6f7da7f330fed2fe31ff1b6bdd1be8fc9ce8088bf297fdd4e6
7,amplification_ratio,1.2625023763411622,2000,cls,none,jpeg_compression,3,score,False,274f49f21a03df6f7da7f330fed2fe31ff1b6bdd1be8fc9ce8088bf297fdd4e6
7,knn_preservation,0.2561548720886956,2000,cls,none,jpeg_compression,3,score,False,274f49f21a03df6f7da7f330fed2fe31ff1b6bdd1be8fc9ce8088bf297fdd4e6
7,relative_distance,0.4869803401569981,2000,patch_mean,none,jpeg_compression,3,score,False,274f49f21a03df6f7da7f330fed2fe31ff1b6bdd1be8fc9ce8088bf297fdd4e6
7,cosine_distance,0.12199777457874401,2000,patch_mean,none,jpeg_compression,3,score,False,274f49f21a03df6f7da7f330fed2fe31ff1b6bdd1be8fc9ce8088bf297fdd4e6
7,one_minus_cka,0.19639602600287087,2000,patch_mean,none,jpeg_compression,3,score,False,274f49f21a03df6f7da7f330fed2fe31ff1b6bdd1be8fc9ce8088bf297fdd4e6
7,amplification_ratio,0.9405486118994146,2000,patch_mean,none,jpeg_compression,3,score,False,274f49f21a03df6f7da7f330fed2fe31ff1b6bdd1be8fc9ce8088bf297fdd4e6
7,knn_preservation,0.3098002840812438,2000,patch_mean,none,jpeg_compression,3,score,False,274f49f21a03df6f7da7f330fed2fe31ff1b6bdd1be8fc9ce8088bf297fdd4e6
8,relative_distance,0.38023755506444756,2000,cls,none,jpeg_compression,3,score,False,274f49f21a03df6f7da7f330fed2fe31ff1b6bdd1be8fc9ce8088bf297fdd4e6
8,cosine_distance,0.06944821113359055,2000,cls,none,jpeg_compression,3,score,False,274f49f21a03df6f7da7f330fed2fe31ff1b6bdd1be8fc9ce8088bf297fdd4e6
8,one_minus_cka,0.2538206849328166,2000,cls,none,jpeg_compression,3,score,False,274f49f21a03df6f7da7f330fed2fe31ff1b6bdd1be8fc9ce8088bf297fdd4e6
8,amplification_ratio,1.3096027881596548,2000,cls,none,jpeg_compression,3,score,False,274f49f21a03df6f7da7f330fed2fe31ff1b6bdd1be8fc9ce8088bf297fdd4e6
8,knn_preservation,0.23652710181115755,2000,cls,none,jpeg_compression,3,score,False,274f49f21a03df6f7da7f330fed2fe31ff1b6bdd1be8fc9ce8088bf297fdd4e6
8,relative_distance,0.44515762220848165,2000,patch_mean,none,jpeg_compression,3,score,False,274f49f21a03df6f7da7f330fed2fe31ff1b6bdd1be8fc9ce8088bf297fdd4e6
8,cosine_distance,0.1014043167458513,2000,patch_mean,none,jpeg_compression,3,score,False,274f49f21a03df6f7da7f330fed2fe31ff1b6bdd1be8fc9ce8088bf297fdd4e6
8,one_minus_cka,0.19481938672102894,2000,patch_mean,none,jpeg_compression,3,score,False,274f49f21a03df6f7da7f330fed2fe31ff1b6bdd1be8fc9ce8088bf297fdd4e6
8,amplification_ratio,0.9141182620739203,2000,patch_mean,none,jpeg_compression,3,score,False,274f49f21a03df6f7da7f330fed2fe31ff1b6bdd1be8fc9ce8088bf297fdd4e6
8,knn_preservation,0.319120787709023,2000,patch_mean,none,jpeg_compression,3,score,False,274f49f21a03df6f7da7f330fed2fe31ff1b6bdd1be8fc9ce8088bf297fdd4e6
9,relative_distance,0.48294215303036747,2000,cls,none,jpeg_compression,3,score,False,274f49f21a03df6f7da7f330fed2fe31ff1b6bdd1be8fc9ce8088bf297fdd4e6
9,cosine_distance,0.11748100604771401,2000,cls,none,jpeg_compression,3,score,False,274f49f21a03df6f7da7f330fed2fe31ff1b6bdd1be8fc9ce8088bf297fdd4e6
9,one_minus_cka,0.27486032811233585,2000,cls,none,jpeg_compression,3,score,False,274f49f21a03df6f7da7f330fed2fe31ff1b6bdd1be8fc9ce8088bf297fdd4e6
9,amplification_ratio,1.2701064021635429,2000,cls,none,jpeg_compression,3,score,False,274f49f21a03df6f7da7f330fed2fe31ff1b6bdd1be8fc9ce8088bf297fdd4e6
9,knn_preservation,0.23815691132912498,2000,cls,none,jpeg_compression,3,score,False,274f49f21a03df6f7da7f330fed2fe31ff1b6bdd1be8fc9ce8088bf297fdd4e6
9,relative_distance,0.38191368831676253,2000,patch_mean,none,jpeg_compression,3,score,False,274f49f21a03df6f7da7f330fed2fe31ff1b6bdd1be8fc9ce8088bf297fdd4e6
9,cosine_distance,0.07518914353179562,2000,patch_mean,none,jpeg_compression,3,score,False,274f49f21a03df6f7da7f330fed2fe31ff1b6bdd1be8fc9ce8088bf297fdd4e6
9,one_minus_cka,0.18220730735354207,2000,patch_mean,none,jpeg_compression,3,score,False,274f49f21a03df6f7da7f330fed2fe31ff1b6bdd1be8fc9ce8088bf297fdd4e6
9,amplification_ratio,0.857929122772383,2000,patch_mean,none,jpeg_compression,3,score,False,274f49f21a03df6f7da7f330fed2fe31ff1b6bdd1be8fc9ce8088bf297fdd4e6
9,knn_preservation,0.3162586173716205,2000,patch_mean,none,jpeg_compression,3,score,False,274f49f21a03df6f7da7f330fed2fe31ff1b6bdd1be8fc9ce8088bf297fdd4e6
10,relative_distance,0.48899230264346394,2000,cls,none,jpeg_compression,3,score,False,274f49f21a03df6f7da7f330fed2fe31ff1b6bdd1be8fc9ce8088bf297fdd4e6
10,cosine_distance,0.13073404744158132,2000,cls,none,jpeg_compression,3,score,False,274f49f21a03df6f7da7f330fed2fe31ff1b6bdd1be8fc9ce8088bf297fdd4e6
10,one_minus_cka,0.2530755268334862,2000,cls,none,jpeg_compression,3,score,False,274f49f21a03df6f7da7f330fed2fe31ff1b6bdd1be8fc9ce8088bf297fdd4e6
10,amplification_ratio,1.0125276900662594,2000,cls,none,jpeg_compression,3,score,False,274f49f21a03df6f7da7f330fed2fe31ff1b6bdd1be8fc9ce8088bf297fdd4e6
10,knn_preservation,0.25479179192840185,2000,cls,none,jpeg_compression,3,score,False,274f49f21a03df6f7da7f330fed2fe31ff1b6bdd1be8fc9ce8088bf297fdd4e6
10,relative_distance,0.3519488853495111,2000,patch_mean,none,jpeg_compression,3,score,False,274f49f21a03df6f7da7f330fed2fe31ff1b6bdd1be8fc9ce8088bf297fdd4e6
10,cosine_distance,0.06345908269337089,2000,patch_mean,none,jpeg_compression,3,score,False,274f49f21a03df6f7da7f330fed2fe31ff1b6bdd1be8fc9ce8088bf297fdd4e6
10,one_minus_cka,0.19205890870103604,2000,patch_mean,none,jpeg_compression,3,score,False,274f49f21a03df6f7da7f330fed2fe31ff1b6bdd1be8fc9ce8088bf297fdd4e6
10,amplification_ratio,0.9215403797142815,2000,patch_mean,none,jpeg_compression,3,score,False,274f49f21a03df6f7da7f330fed2fe31ff1b6bdd1be8fc9ce8088bf297fdd4e6
10,knn_preservation,0.2950113935342264,2000,patch_mean,none,jpeg_compression,3,score,False,274f49f21a03df6f7da7f330fed2fe31ff1b6bdd1be8fc9ce8088bf297fdd4e6
11,relative_distance,0.5932416543867005,2000,cls,none,jpeg_compression,3,score,False,274f49f21a03df6f7da7f330fed2fe31ff1b6bdd1be8fc9ce8088bf297fdd4e6
11,cosine_distance,0.19585649938647998,2000,cls,none,jpeg_compression,3,score,False,274f49f21a03df6f7da7f330fed2fe31ff1b6bdd1be8fc9ce8088bf297fdd4e6
11,one_minus_cka,0.316123365780667,2000,cls,none,jpeg_compression,3,score,False,274f49f21a03df6f7da7f330fed2fe31ff1b6bdd1be8fc9ce8088bf297fdd4e6
11,amplification_ratio,1.2131922142325566,2000,cls,none,jpeg_compression,3,score,False,274f49f21a03df6f7da7f330fed2fe31ff1b6bdd1be8fc9ce8088bf297fdd4e6
11,knn_preservation,0.19819942553146888,2000,cls,none,jpeg_compression,3,score,False,274f49f21a03df6f7da7f330fed2fe31ff1b6bdd1be8fc9ce8088bf297fdd4e6
11,relative_distance,0.36342587844997604,2000,patch_mean,none,jpeg_compression,3,score,False,274f49f21a03df6f7da7f330fed2fe31ff1b6bdd1be8fc9ce8088bf297fdd4e6
11,cosine_distance,0.06860746853065379,2000,patch_mean,none,jpeg_compression,3,score,False,274f49f21a03df6f7da7f330fed2fe31ff1b6bdd1be8fc9ce8088bf297fdd4e6
11,one_minus_cka,0.16726274373586703,2000,patch_mean,none,jpeg_compression,3,score,False,274f49f21a03df6f7da7f330fed2fe31ff1b6bdd1be8fc9ce8088bf297fdd4e6
11,amplification_ratio,1.0326098293764092,2000,patch_mean,none,jpeg_compression,3,score,False,274f49f21a03df6f7da7f330fed2fe31ff1b6bdd1be8fc9ce8088bf297fdd4e6
11,knn_preservation,0.2708407528573937,2000,patch_mean,none,jpeg_compression,3,score,False,274f49f21a03df6f7da7f330fed2fe31ff1b6bdd1be8fc9ce8088bf297fdd4e6
0,relative_distance,0.011282676433682816,2000,cls,none,jpeg_compression,5,score,False,274f49f21a03df6f7da7f330fed2fe31ff1b6bdd1be8fc9ce8088bf297fdd4e6
0,cosine_distance,6.900471113785045e-05,2000,cls,none,jpeg_compression,5,score,False,274f49f21a03df6f7da7f330fed2fe31ff1b6bdd1be8fc9ce8088bf297fdd4e6
0,one_minus_cka,0.028945770216263766,2000,cls,none,jpeg_compression,5,score,False,274f49f21a03df6f7da7f330fed2fe31ff1b6bdd1be8fc9ce8088bf297fdd4e6
0,amplification_ratio,1.0,2000,cls,none,jpeg_compression,5,score,False,274f49f21a03df6f7da7f330fed2fe31ff1b6bdd1be8fc9ce8088bf297fdd4e6
0,knn_preservation,0.3961149492062805,2000,cls,none,jpeg_compression,5,score,False,274f49f21a03df6f7da7f330fed2fe31ff1b6bdd1be8fc9ce8088bf297fdd4e6
0,relative_distance,0.31487610233253827,2000,patch_mean,none,jpeg_compression,5,score,False,274f49f21a03df6f7da7f330fed2fe31ff1b6bdd1be8fc9ce8088bf297fdd4e6
0,cosine_distance,0.05165264804425844,2000,patch_mean,none,jpeg_compression,5,score,False,274f49f21a03df6f7da7f330fed2fe31ff1b6bdd1be8fc9ce8088bf297fdd4e6
0,one_minus_cka,0.10542011623902459,2000,patch_mean,none,jpeg_compression,5,score,False,274f49f21a03df6f7da7f330fed2fe31ff1b6bdd1be8fc9ce8088bf297fdd4e6
0,amplification_ratio,1.0,2000,patch_mean,none,jpeg_compression,5,score,False,274f49f21a03df6f7da7f330fed2fe31ff1b6bdd1be8fc9ce8088bf297fdd4e6
0,knn_preservation,0.3026632104995108,2000,patch_mean,none,jpeg_compression,5,score,False,274f49f21a03df6f7da7f330fed2fe31ff1b6bdd1be8fc9ce8088bf297fdd4e6
1,relative_distance,0.03390764520228018,2000,cls,none,jpeg_compression,5,score,False,274f49f21a03df6f7da7f330fed2fe31ff1b6bdd1be8fc9ce8088bf297fdd4e6
1,cosine_distance,0.000605147470664057,2000,cls,none,jpeg_compression,5,score,False,274f49f21a03df6f7da7f330fed2fe31ff1b6bdd1be8fc9ce8088bf297fdd4e6
1,one_minus_cka,0.10113776913422223,2000,cls,none,jpeg_compression,5,score,False,274f49f21a03df6f7da7f330fed2fe31ff1b6bdd1be8fc9ce8088bf297fdd4e6
1,amplification_ratio,3.005283843916126,2000,cls,none,jpeg_compression,5,score,False,274f49f21a03df6f7da7f330fed2fe31ff1b6bdd1be8fc9ce8088bf297fdd4e6
1,knn_preservation,0.30744328426990963,2000,cls,none,jpeg_compression,5,score,False,274f49f21a03df6f7da7f330fed2fe31ff1b6bdd1be8fc9ce8088bf297fdd4e6
1,relative_distance,0.5212022672371763,2000,patch_mean,none,jpeg_compression,5,score,False,274f49f21a03df6f7da7f330fed2fe31ff1b6bdd1be8fc9ce8088bf297fdd4e6
1,cosine_distance,0.13411334095794517,2000,patch_mean,none,jpeg_compression,5,score,False,274f49f21a03df6f7da7f330fed2fe31ff1b6bdd1be8fc9ce8088bf297fdd4e6
1,one_minus_cka,0.14366145897742277,2000,patch_mean,none,jpeg_compression,5,score,False,274f49f21a03df6f7da7f330fed2fe31ff1b6bdd1be8fc9ce8088bf297fdd4e6
1,amplification_ratio,1.6552614294200663,2000,patch_mean,none,jpeg_compression,5,score,False,274f49f21a03df6f7da7f330fed2fe31ff1b6bdd1be8fc9ce8088bf297fdd4e6
1,knn_preservation,0.2551820641518784,2000,patch_mean,none,jpeg_compression,5,score,False,274f49f21a03df6f7da7f330fed2fe31ff1b6bdd1be8fc9ce8088bf297fdd4e6
2,relative_distance,0.08442349716972157,2000,cls,none,jpeg_compression,5,score,False,274f49f21a03df6f7da7f330fed2fe31ff1b6bdd1be8fc9ce8088bf297fdd4e6
2,cosine_distance,0.003698121766196364,2000,cls,none,jpeg_compression,5,score,False,274f49f21a03df6f7da7f330fed2fe31ff1b6bdd1be8fc9ce8088bf297fdd4e6
2,one_minus_cka,0.24959166534167687,2000,cls,none,jpeg_compression,5,score,False,274f49f21a03df6f7da7f330fed2fe31ff1b6bdd1be8fc9ce8088bf297fdd4e6
2,amplification_ratio,2.4898071413123186,2000,cls,none,jpeg_compression,5,score,False,274f49f21a03df6f7da7f330fed2fe31ff1b6bdd1be8fc9ce8088bf297fdd4e6
2,knn_preservation,0.17936532219930051,2000,cls,none,jpeg_compression,5,score,False,274f49f21a03df6f7da7f330fed2fe31ff1b6bdd1be8fc9ce8088bf297fdd4e6
2,relative_distance,0.7082015048997474,2000,patch_mean,none,jpeg_compression,5,score,False,274f49f21a03df6f7da7f330fed2fe31ff1b6bdd1be8fc9ce8088bf297fdd4e6
2,cosine_distance,0.23616135380051623,2000,patch_mean,none,jpeg_compression,5,score,False,274f49f21a03df6f7da7f330fed2fe31ff1b6bdd1be8fc9ce8088bf297fdd4e6
2,one_minus_cka,0.17975458058193516,2000,patch_mean,none,jpeg_compression,5,score,False,274f49f21a03df6f7da7f330fed2fe31ff1b6bdd1be8fc9ce8088bf297fdd4e6
2,amplification_ratio,1.3587843902787091,2000,patch_mean,none,jpeg_compression,5,score,False,274f49f21a03df6f7da7f330fed2fe31ff1b6bdd1be8fc9ce8088bf297fdd4e6
2,knn_preservation,0.2317931131476023,2000,patch_mean,none,jpeg_compression,5,score,False,274f49f21a03df6f7da7f330fed2fe31ff1b6bdd1be8fc9ce8088bf297fdd4e6
3,relative_distance,0.1493637868925299,2000,cls,none,jpeg_compression,5,score,False,274f49f21a03df6f7da7f330fed2fe31ff1b6bdd1be8fc9ce8088bf297fdd4e6
3,cosine_distance,0.011507186109860758,2000,cls,none,jpeg_compression,5,score,False,274f49f21a03df6f7da7f330fed2fe31ff1b6bdd1be8fc9ce8088bf297fdd4e6
3,one_minus_cka,0.28862048497305104,2000,cls,none,jpeg_compression,5,score,False,274f49f21a03df6f7da7f330fed2fe31ff1b6bdd1be8fc9ce8088bf297fdd4e6
3,amplification_ratio,1.7692205594404011,2000,cls,none,jpeg_compression,5,score,False,274f49f21a03df6f7da7f330fed2fe31ff1b6bdd1be8fc9ce8088bf297fdd4e6
3,knn_preservation,0.15932671563902215,2000,cls,none,jpeg_compression,5,score,False,274f49f21a03df6f7da7f330fed2fe31ff1b6bdd1be8fc9ce8088bf297fdd4e6
3,relative_distance,0.9434432180561445,2000,patch_mean,none,jpeg_compression,5,score,False,274f49f21a03df6f7da7f330fed2fe31ff1b6bdd1be8fc9ce8088bf297fdd4e6
3,cosine_distance,0.3929395899097566,2000,patch_mean,none,jpeg_compression,5,score,False,274f49f21a03df6f7da7f330fed2fe31ff1b6bdd1be8fc9ce8088bf297fdd4e6
3,one_minus_cka,0.23571179933331343,2000,patch_mean,none,jpeg_compression,5,score,False,274f49f21a03df6f7da7f330fed2fe31ff1b6bdd1be8fc9ce8088bf297fdd4e6
3,amplification_ratio,1.3321677679712045,2000,patch_mean,none,jpeg_compression,5,score,False,274f49f21a03df6f7da7f330fed2fe31ff1b6bdd1be8fc9ce8088bf297fdd4e6
3,knn_preservation,0.19190315360593999,2000,patch_mean,none,jpeg_compression,5,score,False,274f49f21a03df6f7da7f330fed2fe31ff1b6bdd1be8fc9ce8088bf297fdd4e6
4,relative_distance,0.1660260741966709,2000,cls,none,jpeg_compression,5,score,False,274f49f21a03df6f7da7f330fed2fe31ff1b6bdd1be8fc9ce8088bf297fdd4e6
4,cosine_distance,0.014091550311660584,2000,cls,none,jpeg_compression,5,score,False,274f49f21a03df6f7da7f330fed2fe31ff1b6bdd1be8fc9ce8088bf297fdd4e6
4,one_minus_cka,0.34497474255304206,2000,cls,none,jpeg_compression,5,score,False,274f49f21a03df6f7da7f330fed2fe31ff1b6bdd1be8fc9ce8088bf297fdd4e6
4,amplification_ratio,1.1115550673345596,2000,cls,none,jpeg_compression,5,score,False,274f49f21a03df6f7da7f330fed2fe31ff1b6bdd1be8fc9ce8088bf297fdd4e6
4,knn_preservation,0.13628595054756046,2000,cls,none,jpeg_compression,5,score,False,274f49f21a03df6f7da7f330fed2fe31ff1b6bdd1be8fc9ce8088bf297fdd4e6
4,relative_distance,0.9022598378266703,2000,patch_mean,none,jpeg_compression,5,score,False,274f49f21a03df6f7da7f330fed2fe31ff1b6bdd1be8fc9ce8088bf297fdd4e6
4,cosine_distance,0.36863665258570927,2000,patch_mean,none,jpeg_compression,5,score,False,274f49f21a03df6f7da7f330fed2fe31ff1b6bdd1be8fc9ce8088bf297fdd4e6
4,one_minus_cka,0.26063142729437727,2000,patch_mean,none,jpeg_compression,5,score,False,274f49f21a03df6f7da7f330fed2fe31ff1b6bdd1be8fc9ce8088bf297fdd4e6
4,amplification_ratio,0.9563477913230138,2000,patch_mean,none,jpeg_compression,5,score,False,274f49f21a03df6f7da7f330fed2fe31ff1b6bdd1be8fc9ce8088bf297fdd4e6
4,knn_preservation,0.16978319311407547,2000,patch_mean,none,jpeg_compression,5,score,False,274f49f21a03df6f7da7f330fed2fe31ff1b6bdd1be8fc9ce8088bf297fdd4e6
5,relative_distance,0.20959740277491798,2000,cls,none,jpeg_compression,5,score,False,274f49f21a03df6f7da7f330fed2fe31ff1b6bdd1be8fc9ce8088bf297fdd4e6
5,cosine_distance,0.021919601531085815,2000,cls,none,jpeg_compression,5,score,False,274f49f21a03df6f7da7f330fed2fe31ff1b6bdd1be8fc9ce8088bf297fdd4e6
5,one_minus_cka,0.31428881703656497,2000,cls,none,jpeg_compression,5,score,False,274f49f21a03df6f7da7f330fed2fe31ff1b6bdd1be8fc9ce8088bf297fdd4e6
5,amplification_ratio,1.2624366611634352,2000,cls,none,jpeg_compression,5,score,False,274f49f21a03df6f7da7f330fed2fe31ff1b6bdd1be8fc9ce8088bf297fdd4e6
5,knn_preservation,0.1369127362145938,2000,cls,none,jpeg_compression,5,score,False,274f49f21a03df6f7da7f330fed2fe31ff1b6bdd1be8fc9ce8088bf297fdd4e6
5,relative_distance,0.7831527538626232,2000,patch_mean,none,jpeg_compression,5,score,False,274f49f21a03df6f7da7f330fed2fe31ff1b6bdd1be8fc9ce8088bf297fdd4e6
5,cosine_distance,0.30151098718120156,2000,patch_mean,none,jpeg_compression,5,score,False,274f49f21a03df6f7da7f330fed2fe31ff1b6bdd1be8fc9ce8088bf297fdd4e6
5,one_minus_cka,0.30106876241461433,2000,patch_mean,none,jpeg_compression,5,score,False,274f49f21a03df6f7da7f330fed2fe31ff1b6bdd1be8fc9ce8088bf297fdd4e6
5,amplification_ratio,0.8679902629258687,2000,patch_mean,none,jpeg_compression,5,score,False,274f49f21a03df6f7da7f330fed2fe31ff1b6bdd1be8fc9ce8088bf297fdd4e6
5,knn_preservation,0.16590250156620126,2000,patch_mean,none,jpeg_compression,5,score,False,274f49f21a03df6f7da7f330fed2fe31ff1b6bdd1be8fc9ce8088bf297fdd4e6
6,relative_distance,0.27609777370021693,2000,cls,none,jpeg_compression,5,score,False,274f49f21a03df6f7da7f330fed2fe31ff1b6bdd1be8fc9ce8088bf297fdd4e6
6,cosine_distance,0.03570334933816203,2000,cls,none,jpeg_compression,5,score,False,274f49f21a03df6f7da7f330fed2fe31ff1b6bdd1be8fc9ce8088bf297fdd4e6
6,one_minus_cka,0.2957114145465264,2000,cls,none,jpeg_compression,5,score,False,274f49f21a03df6f7da7f330fed2fe31ff1b6bdd1be8fc9ce8088bf297fdd4e6
6,amplification_ratio,1.3172766935318956,2000,cls,none,jpeg_compression,5,score,False,274f49f21a03df6f7da7f330fed2fe31ff1b6bdd1be8fc9ce8088bf297fdd4e6
6,knn_preservation,0.14555245107489687,2000,cls,none,jpeg_compression,5,score,False,274f49f21a03df6f7da7f330fed2fe31ff1b6bdd1be8fc9ce8088bf297fdd4e6
6,relative_distance,0.717268086232636,2000,patch_mean,none,jpeg_compression,5,score,False,274f49f21a03df6f7da7f330fed2fe31ff1b6bdd1be8fc9ce8088bf297fdd4e6
6,cosine_distance,0.24961358571136588,2000,patch_mean,none,jpeg_compression,5,score,False,274f49f21a03df6f7da7f330fed2fe31ff1b6bdd1be8fc9ce8088bf297fdd4e6
6,one_minus_cka,0.315941791768657,2000,patch_mean,none,jpeg_compression,5,score,False,274f49f21a03df6f7da7f330fed2fe31ff1b6bdd1be8fc9ce8088bf297fdd4e6
6,amplification_ratio,0.9158725200096222,2000,patch_mean,none,jpeg_compression,5,score,False,274f49f21a03df6f7da7f330fed2fe31ff1b6bdd1be8fc9ce8088bf297fdd4e6
6,knn_preservation,0.17234587432691148,2000,patch_mean,none,jpeg_compression,5,score,False,274f49f21a03df6f7da7f330fed2fe31ff1b6bdd1be8fc9ce8088bf297fdd4e6
7,relative_distance,0.35479333067585667,2000,cls,none,jpeg_compression,5,score,False,274f49f21a03df6f7da7f330fed2fe31ff1b6bdd1be8fc9ce8088bf297fdd4e6
7,cosine_distance,0.05701052101093019,2000,cls,none,jpeg_compression,5,score,False,274f49f21a03df6f7da7f330fed2fe31ff1b6bdd1be8fc9ce8088bf297fdd4e6
7,one_minus_cka,0.3328330634136857,2000,cls,none,jpeg_compression,5,score,False,274f49f21a03df6f7da7f330fed2fe31ff1b6bdd1be8fc9ce8088bf297fdd4e6
7,amplification_ratio,1.2850278577801437,2000,cls,none,jpeg_compression,5,score,False,274f49f21a03df6f7da7f330fed2fe31ff1b6bdd1be8fc9ce8088bf297fdd4e6
7,knn_preservation,0.14129748059817718,2000,cls,none,jpeg_compression,5,score,False,274f49f21a03df6f7da7f330fed2fe31ff1b6bdd1be8fc9ce8088bf297fdd4e6
7,relative_distance,0.6726987017509917,2000,patch_mean,none,jpeg_compression,5,score,False,274f49f21a03df6f7da7f330fed2fe31ff1b6bdd1be8fc9ce8088bf297fdd4e6
7,cosine_distance,0.2194300939528885,2000,patch_mean,none,jpeg_compression,5,score,False,274f49f21a03df6f7da7f330fed2fe31ff1b6bdd1be8fc9ce8088bf297fdd4e6
7,one_minus_cka,0.3438045605605605,2000,patch_mean,none,jpeg_compression,5,score,False,274f49f21a03df6f7da7f330fed2fe31ff1b6bdd1be8fc9ce8088bf297fdd4e6
7,amplification_ratio,0.9378623065251102,2000,patch_mean,none,jpeg_compression,5,score,False,274f49f21a03df6f7da7f330fed2fe31ff1b6bdd1be8fc9ce8088bf297fdd4e6
7,knn_preservation,0.18164548458937002,2000,patch_mean,none,jpeg_compression,5,score,False,274f49f21a03df6f7da7f330fed2fe31ff1b6bdd1be8fc9ce8088bf297fdd4e6
8,relative_distance,0.47077155144464156,2000,cls,none,jpeg_compression,5,score,False,274f49f21a03df6f7da7f330fed2fe31ff1b6bdd1be8fc9ce8088bf297fdd4e6
8,cosine_distance,0.09957501104497621,2000,cls,none,jpeg_compression,5,score,False,274f49f21a03df6f7da7f330fed2fe31ff1b6bdd1be8fc9ce8088bf297fdd4e6
8,one_minus_cka,0.4033625966618958,2000,cls,none,jpeg_compression,5,score,False,274f49f21a03df6f7da7f330fed2fe31ff1b6bdd1be8fc9ce8088bf297fdd4e6
8,amplification_ratio,1.326889517759126,2000,cls,none,jpeg_compression,5,score,False,274f49f21a03df6f7da7f330fed2fe31ff1b6bdd1be8fc9ce8088bf297fdd4e6
8,knn_preservation,0.13553897280909666,2000,cls,none,jpeg_compression,5,score,False,274f49f21a03df6f7da7f330fed2fe31ff1b6bdd1be8fc9ce8088bf297fdd4e6
8,relative_distance,0.6160592807850661,2000,patch_mean,none,jpeg_compression,5,score,False,274f49f21a03df6f7da7f330fed2fe31ff1b6bdd1be8fc9ce8088bf297fdd4e6
8,cosine_distance,0.18574012763578834,2000,patch_mean,none,jpeg_compression,5,score,False,274f49f21a03df6f7da7f330fed2fe31ff1b6bdd1be8fc9ce8088bf297fdd4e6
8,one_minus_cka,0.35699285203216047,2000,patch_mean,none,jpeg_compression,5,score,False,274f49f21a03df6f7da7f330fed2fe31ff1b6bdd1be8fc9ce8088bf297fdd4e6
8,amplification_ratio,0.9158026902408214,2000,patch_mean,none,jpeg_compression,5,score,False,274f49f21a03df6f7da7f330fed2fe31ff1b6bdd1be8fc9ce8088bf297fdd4e6
8,knn_preservation,0.1846799908038298,2000,patch_mean,none,jpeg_compression,5,score,False,274f49f21a03df6f7da7f330fed2fe31ff1b6bdd1be8fc9ce8088bf297fdd4e6
9,relative_distance,0.6063116994794484,2000,cls,none,jpeg_compression,5,score,False,274f49f21a03df6f7da7f330fed2fe31ff1b6bdd1be8fc9ce8088bf297fdd4e6
9,cosine_distance,0.17741035566761382,2000,cls,none,jpeg_compression,5,score,False,274f49f21a03df6f7da7f330fed2fe31ff1b6bdd1be8fc9ce8088bf297fdd4e6
9,one_minus_cka,0.4421576775114108,2000,cls,none,jpeg_compression,5,score,False,274f49f21a03df6f7da7f330fed2fe31ff1b6bdd1be8fc9ce8088bf297fdd4e6
9,amplification_ratio,1.287910659891999,2000,cls,none,jpeg_compression,5,score,False,274f49f21a03df6f7da7f330fed2fe31ff1b6bdd1be8fc9ce8088bf297fdd4e6
9,knn_preservation,0.1300537089329659,2000,cls,none,jpeg_compression,5,score,False,274f49f21a03df6f7da7f330fed2fe31ff1b6bdd1be8fc9ce8088bf297fdd4e6
9,relative_distance,0.529133622599235,2000,patch_mean,none,jpeg_compression,5,score,False,274f49f21a03df6f7da7f330fed2fe31ff1b6bdd1be8fc9ce8088bf297fdd4e6
9,cosine_distance,0.14148853750746443,2000,patch_mean,none,jpeg_compression,5,score,False,274f49f21a03df6f7da7f330fed2fe31ff1b6bdd1be8fc9ce8088bf297fdd4e6
9,one_minus_cka,0.3679321647168974,2000,patch_mean,none,jpeg_compression,5,score,False,274f49f21a03df6f7da7f330fed2fe31ff1b6bdd1be8fc9ce8088bf297fdd4e6
9,amplification_ratio,0.8589004972458841,2000,patch_mean,none,jpeg_compression,5,score,False,274f49f21a03df6f7da7f330fed2fe31ff1b6bdd1be8fc9ce8088bf297fdd4e6
9,knn_preservation,0.18048731428530193,2000,patch_mean,none,jpeg_compression,5,score,False,274f49f21a03df6f7da7f330fed2fe31ff1b6bdd1be8fc9ce8088bf297fdd4e6
10,relative_distance,0.6328578103830194,2000,cls,none,jpeg_compression,5,score,False,274f49f21a03df6f7da7f330fed2fe31ff1b6bdd1be8fc9ce8088bf297fdd4e6
10,cosine_distance,0.21513511220991394,2000,cls,none,jpeg_compression,5,score,False,274f49f21a03df6f7da7f330fed2fe31ff1b6bdd1be8fc9ce8088bf297fdd4e6
10,one_minus_cka,0.46728852955391265,2000,cls,none,jpeg_compression,5,score,False,274f49f21a03df6f7da7f330fed2fe31ff1b6bdd1be8fc9ce8088bf297fdd4e6
10,amplification_ratio,1.043782943536076,2000,cls,none,jpeg_compression,5,score,False,274f49f21a03df6f7da7f330fed2fe31ff1b6bdd1be8fc9ce8088bf297fdd4e6
10,knn_preservation,0.14083523356588376,2000,cls,none,jpeg_compression,5,score,False,274f49f21a03df6f7da7f330fed2fe31ff1b6bdd1be8fc9ce8088bf297fdd4e6
10,relative_distance,0.48209349709940774,2000,patch_mean,none,jpeg_compression,5,score,False,274f49f21a03df6f7da7f330fed2fe31ff1b6bdd1be8fc9ce8088bf297fdd4e6
10,cosine_distance,0.11702753128790862,2000,patch_mean,none,jpeg_compression,5,score,False,274f49f21a03df6f7da7f330fed2fe31ff1b6bdd1be8fc9ce8088bf297fdd4e6
10,one_minus_cka,0.39585487790781637,2000,patch_mean,none,jpeg_compression,5,score,False,274f49f21a03df6f7da7f330fed2fe31ff1b6bdd1be8fc9ce8088bf297fdd4e6
10,amplification_ratio,0.9110997232253839,2000,patch_mean,none,jpeg_compression,5,score,False,274f49f21a03df6f7da7f330fed2fe31ff1b6bdd1be8fc9ce8088bf297fdd4e6
10,knn_preservation,0.16788500422865746,2000,patch_mean,none,jpeg_compression,5,score,False,274f49f21a03df6f7da7f330fed2fe31ff1b6bdd1be8fc9ce8088bf297fdd4e6
11,relative_distance,0.769379941589623,2000,cls,none,jpeg_compression,5,score,False,274f49f21a03df6f7da7f330fed2fe31ff1b6bdd1be8fc9ce8088bf297fdd4e6
11,cosine_distance,0.31076213959278787,2000,cls,none,jpeg_compression,5,score,False,274f49f21a03df6f7da7f330fed2fe31ff1b6bdd1be8fc9ce8088bf297fdd4e6
11,one_minus_cka,0.5565312028621899,2000,cls,none,jpeg_compression,5,score,False,274f49f21a03df6f7da7f330fed2fe31ff1b6bdd1be8fc9ce8088bf297fdd4e6
11,amplification_ratio,1.2157232303477103,2000,cls,none,jpeg_compression,5,score,False,274f49f21a03df6f7da7f330fed2fe31ff1b6bdd1be8fc9ce8088bf297fdd4e6
11,knn_preservation,0.11338203398768414,2000,cls,none,jpeg_compression,5,score,False,274f49f21a03df6f7da7f330fed2fe31ff1b6bdd1be8fc9ce8088bf297fdd4e6
11,relative_distance,0.4727754757115599,2000,patch_mean,none,jpeg_compression,5,score,False,274f49f21a03df6f7da7f330fed2fe31ff1b6bdd1be8fc9ce8088bf297fdd4e6
11,cosine_distance,0.1150630238688303,2000,patch_mean,none,jpeg_compression,5,score,False,274f49f21a03df6f7da7f330fed2fe31ff1b6bdd1be8fc9ce8088bf297fdd4e6
11,one_minus_cka,0.333487336639284,2000,patch_mean,none,jpeg_compression,5,score,False,274f49f21a03df6f7da7f330fed2fe31ff1b6bdd1be8fc9ce8088bf297fdd4e6
11,amplification_ratio,0.9806717546618837,2000,patch_mean,none,jpeg_compression,5,score,False,274f49f21a03df6f7da7f330fed2fe31ff1b6bdd1be8fc9ce8088bf297fdd4e6
11,knn_preservation,0.14997849707911626,2000,patch_mean,none,jpeg_compression,5,score,False,274f49f21a03df6f7da7f330fed2fe31ff1b6bdd1be8fc9ce8088bf297fdd4e6
