experiment,corruption,severity,intervention_type,fraction,alpha,norm_cap,layer_id,mask_seed,U,n_images,recovery_rate,new_error_rate,corruption_failure_set_size,still_correct_set_size,margin_change,model_fingerprint
E1,gaussian_noise,1,partial_channel,0.01,1.0,,0,0,0.10000000000000009,2000,0.05660377358490566,0.010483870967741936,212,1240,0.04156611865758896,99fc6ef526bc821b82a48435c0a11457653382b1512fd893fda45260071da58a
E1,gaussian_noise,1,partial_channel,0.01,1.0,,0,1,0.45000000000000595,2000,0.09433962264150944,0.016935483870967744,212,1240,0.04875793170928955,99fc6ef526bc821b82a48435c0a11457653382b1512fd893fda45260071da58a
E1,gaussian_noise,1,partial_channel,0.01,1.0,,0,2,-0.10000000000000009,2000,0.03773584905660377,0.00967741935483871,212,1240,0.019182696282863617,99fc6ef526bc821b82a48435c0a11457653382b1512fd893fda45260071da58a
E1,gaussian_noise,1,partial_channel,0.01,1.0,,0,3,-0.14999999999999458,2000,0.014150943396226415,0.008064516129032258,212,1240,0.012356976091861725,99fc6ef526bc821b82a48435c0a11457653382b1512fd893fda45260071da58a
E1,gaussian_noise,1,partial_channel,0.01,1.0,,0,4,0.20000000000000018,2000,0.04716981132075472,0.00967741935483871,212,1240,0.03106242871284485,99fc6ef526bc821b82a48435c0a11457653382b1512fd893fda45260071da58a
E1,gaussian_noise,1,partial_channel,0.05,1.0,,0,0,0.8499999999999952,2000,0.11320754716981132,0.014516129032258065,212,1240,0.1154780768752098,99fc6ef526bc821b82a48435c0a11457653382b1512fd893fda45260071da58a
E1,gaussian_noise,1,partial_channel,0.05,1.0,,0,1,0.649999999999995,2000,0.11320754716981132,0.024193548387096774,212,1240,0.0485148823261261,99fc6ef526bc821b82a48435c0a11457653382b1512fd893fda45260071da58a
E1,gaussian_noise,1,partial_channel,0.05,1.0,,0,2,0.20000000000000018,2000,0.14622641509433962,0.036290322580645164,212,1240,0.053410655915737154,99fc6ef526bc821b82a48435c0a11457653382b1512fd893fda45260071da58a
E1,gaussian_noise,1,partial_channel,0.05,1.0,,0,3,0.35000000000000586,2000,0.06132075471698113,0.01129032258064516,212,1240,0.09205023980140686,99fc6ef526bc821b82a48435c0a11457653382b1512fd893fda45260071da58a
E1,gaussian_noise,1,partial_channel,0.05,1.0,,0,4,0.0,2000,0.0660377358490566,0.016935483870967744,212,1240,0.09685669755935669,99fc6ef526bc821b82a48435c0a11457653382b1512fd893fda45260071da58a
E1,gaussian_noise,1,partial_channel,0.1,1.0,,0,0,0.8499999999999952,2000,0.12735849056603774,0.020161290322580645,212,1240,0.14433296805620194,99fc6ef526bc821b82a48435c0a11457653382b1512fd893fda45260071da58a
E1,gaussian_noise,1,partial_channel,0.1,1.0,,0,1,0.20000000000000018,2000,0.21226415094339623,0.05,212,1240,0.12465632927417755,99fc6ef526bc821b82a48435c0a11457653382b1512fd893fda45260071da58a
E1,gaussian_noise,1,partial_channel,0.1,1.0,,0,2,-0.44999999999999485,2000,0.1792452830188679,0.054838709677419356,212,1240,-0.14871587300300598,99fc6ef526bc821b82a48435c0a11457653382b1512fd893fda45260071da58a
E1,gaussian_noise,1,partial_channel,0.1,1.0,,0,3,0.0,2000,0.12735849056603774,0.03467741935483871,212,1240,0.07515014690160751,99fc6ef526bc821b82a48435c0a11457653382b1512fd893fda45260071da58a
E1,gaussian_noise,1,partial_channel,0.1,1.0,,0,4,0.5499999999999949,2000,0.11320754716981132,0.020967741935483872,212,1240,0.15160465091466904,99fc6ef526bc821b82a48435c0a11457653382b1512fd893fda45260071da58a
E1,gaussian_noise,1,partial_channel,0.2,1.0,,0,0,1.4000000000000012,2000,0.2169811320754717,0.03387096774193549,212,1240,0.17753056639432907,99fc6ef526bc821b82a48435c0a11457653382b1512fd893fda45260071da58a
E1,gaussian_noise,1,partial_channel,0.2,1.0,,0,1,1.0000000000000009,2000,0.25471698113207547,0.043548387096774194,212,1240,0.17187349182367326,99fc6ef526bc821b82a48435c0a11457653382b1512fd893fda45260071da58a
E1,gaussian_noise,1,partial_channel,0.2,1.0,,0,2,0.6000000000000005,2000,0.25,0.049193548387096775,212,1240,0.07755201882123947,99fc6ef526bc821b82a48435c0a11457653382b1512fd893fda45260071da58a
E1,gaussian_noise,1,partial_channel,0.2,1.0,,0,3,1.2499999999999956,2000,0.29245283018867924,0.05241935483870968,212,1240,0.22108062237501144,99fc6ef526bc821b82a48435c0a11457653382b1512fd893fda45260071da58a
E1,gaussian_noise,1,partial_channel,0.2,1.0,,0,4,0.10000000000000009,2000,0.24528301886792453,0.06129032258064516,212,1240,-0.11783921831846238,99fc6ef526bc821b82a48435c0a11457653382b1512fd893fda45260071da58a
E1,gaussian_noise,1,partial_channel,0.01,1.0,,1,0,-0.20000000000000018,2000,0.04716981132075472,0.012096774193548387,212,1240,0.028474701404571534,99fc6ef526bc821b82a48435c0a11457653382b1512fd893fda45260071da58a
E1,gaussian_noise,1,partial_channel,0.01,1.0,,1,1,-0.04999999999999449,2000,0.05188679245283019,0.014516129032258065,212,1240,-0.019841407597064972,99fc6ef526bc821b82a48435c0a11457653382b1512fd893fda45260071da58a
E1,gaussian_noise,1,partial_channel,0.01,1.0,,1,2,0.0,2000,0.04245283018867924,0.00967741935483871,212,1240,0.013881115853786468,99fc6ef526bc821b82a48435c0a11457653382b1512fd893fda45260071da58a
E1,gaussian_noise,1,partial_channel,0.01,1.0,,1,3,0.050000000000005596,2000,0.02830188679245283,0.007258064516129033,212,1240,0.015491800963878631,99fc6ef526bc821b82a48435c0a11457653382b1512fd893fda45260071da58a
E1,gaussian_noise,1,partial_channel,0.01,1.0,,1,4,0.2500000000000058,2000,0.06132075471698113,0.008870967741935484,212,1240,0.023482470333576203,99fc6ef526bc821b82a48435c0a11457653382b1512fd893fda45260071da58a
E1,gaussian_noise,1,partial_channel,0.05,1.0,,1,0,0.2500000000000058,2000,0.07547169811320754,0.01532258064516129,212,1240,0.09038708788156509,99fc6ef526bc821b82a48435c0a11457653382b1512fd893fda45260071da58a
E1,gaussian_noise,1,partial_channel,0.05,1.0,,1,1,0.7000000000000006,2000,0.14622641509433962,0.029838709677419355,212,1240,0.12817367458343507,99fc6ef526bc821b82a48435c0a11457653382b1512fd893fda45260071da58a
E1,gaussian_noise,1,partial_channel,0.05,1.0,,1,2,0.15000000000000568,2000,0.12735849056603774,0.03064516129032258,212,1240,0.08983771342039108,99fc6ef526bc821b82a48435c0a11457653382b1512fd893fda45260071da58a
E1,gaussian_noise,1,partial_channel,0.05,1.0,,1,3,0.7000000000000006,2000,0.08490566037735849,0.01129032258064516,212,1240,0.10783692014217376,99fc6ef526bc821b82a48435c0a11457653382b1512fd893fda45260071da58a
E1,gaussian_noise,1,partial_channel,0.05,1.0,,1,4,0.35000000000000586,2000,0.09433962264150944,0.021774193548387097,212,1240,0.0801011712551117,99fc6ef526bc821b82a48435c0a11457653382b1512fd893fda45260071da58a
E1,gaussian_noise,1,partial_channel,0.1,1.0,,1,0,0.40000000000000036,2000,0.11320754716981132,0.020161290322580645,212,1240,0.10796263718605041,99fc6ef526bc821b82a48435c0a11457653382b1512fd893fda45260071da58a
E1,gaussian_noise,1,partial_channel,0.1,1.0,,1,1,0.9499999999999953,2000,0.20754716981132076,0.036290322580645164,212,1240,0.18071635282039641,99fc6ef526bc821b82a48435c0a11457653382b1512fd893fda45260071da58a
E1,gaussian_noise,1,partial_channel,0.1,1.0,,1,2,0.15000000000000568,2000,0.16981132075471697,0.041935483870967745,212,1240,0.03189035153388977,99fc6ef526bc821b82a48435c0a11457653382b1512fd893fda45260071da58a
E1,gaussian_noise,1,partial_channel,0.1,1.0,,1,3,0.5499999999999949,2000,0.1320754716981132,0.025,212,1240,0.1177962926030159,99fc6ef526bc821b82a48435c0a11457653382b1512fd893fda45260071da58a
E1,gaussian_noise,1,partial_channel,0.1,1.0,,1,4,-0.6000000000000005,2000,0.08962264150943396,0.03306451612903226,212,1240,0.03674854332208633,99fc6ef526bc821b82a48435c0a11457653382b1512fd893fda45260071da58a
E1,gaussian_noise,1,partial_channel,0.2,1.0,,1,0,1.1499999999999955,2000,0.23113207547169812,0.03467741935483871,212,1240,0.2536423078775406,99fc6ef526bc821b82a48435c0a11457653382b1512fd893fda45260071da58a
E1,gaussian_noise,1,partial_channel,0.2,1.0,,1,1,1.4499999999999957,2000,0.25471698113207547,0.04112903225806452,212,1240,0.199072901904583,99fc6ef526bc821b82a48435c0a11457653382b1512fd893fda45260071da58a
E1,gaussian_noise,1,partial_channel,0.2,1.0,,1,2,1.5000000000000013,2000,0.27358490566037735,0.041935483870967745,212,1240,0.19421299850940704,99fc6ef526bc821b82a48435c0a11457653382b1512fd893fda45260071da58a
E1,gaussian_noise,1,partial_channel,0.2,1.0,,1,3,1.0499999999999954,2000,0.2641509433962264,0.049193548387096775,212,1240,0.2317717641592026,99fc6ef526bc821b82a48435c0a11457653382b1512fd893fda45260071da58a
E1,gaussian_noise,1,partial_channel,0.2,1.0,,1,4,0.7000000000000006,2000,0.2688679245283019,0.055645161290322584,212,1240,0.017115814447402955,99fc6ef526bc821b82a48435c0a11457653382b1512fd893fda45260071da58a
E1,gaussian_noise,1,partial_channel,0.01,1.0,,2,0,-0.20000000000000018,2000,0.0330188679245283,0.00967741935483871,212,1240,0.0204803386926651,99fc6ef526bc821b82a48435c0a11457653382b1512fd893fda45260071da58a
E1,gaussian_noise,1,partial_channel,0.01,1.0,,2,1,-0.10000000000000009,2000,0.0330188679245283,0.012096774193548387,212,1240,-0.0016583722233772277,99fc6ef526bc821b82a48435c0a11457653382b1512fd893fda45260071da58a
E1,gaussian_noise,1,partial_channel,0.01,1.0,,2,2,0.10000000000000009,2000,0.0330188679245283,0.00564516129032258,212,1240,0.012666852355003358,99fc6ef526bc821b82a48435c0a11457653382b1512fd893fda45260071da58a
E1,gaussian_noise,1,partial_channel,0.01,1.0,,2,3,0.10000000000000009,2000,0.02830188679245283,0.007258064516129033,212,1240,0.011457006633281707,99fc6ef526bc821b82a48435c0a11457653382b1512fd893fda45260071da58a
E1,gaussian_noise,1,partial_channel,0.01,1.0,,2,4,0.35000000000000586,2000,0.04716981132075472,0.004838709677419355,212,1240,0.027348627984523772,99fc6ef526bc821b82a48435c0a11457653382b1512fd893fda45260071da58a
E1,gaussian_noise,1,partial_channel,0.05,1.0,,2,0,0.2500000000000058,2000,0.08490566037735849,0.016935483870967744,212,1240,0.07657217383384704,99fc6ef526bc821b82a48435c0a11457653382b1512fd893fda45260071da58a
E1,gaussian_noise,1,partial_channel,0.05,1.0,,2,1,0.6000000000000005,2000,0.13679245283018868,0.03064516129032258,212,1240,0.14571213150024415,99fc6ef526bc821b82a48435c0a11457653382b1512fd893fda45260071da58a
E1,gaussian_noise,1,partial_channel,0.05,1.0,,2,2,0.45000000000000595,2000,0.1320754716981132,0.025,212,1240,0.13133040630817414,99fc6ef526bc821b82a48435c0a11457653382b1512fd893fda45260071da58a
E1,gaussian_noise,1,partial_channel,0.05,1.0,,2,3,0.649999999999995,2000,0.09433962264150944,0.012903225806451613,212,1240,0.12398023420572281,99fc6ef526bc821b82a48435c0a11457653382b1512fd893fda45260071da58a
E1,gaussian_noise,1,partial_channel,0.05,1.0,,2,4,0.5000000000000004,2000,0.10849056603773585,0.020161290322580645,212,1240,0.09049843853712082,99fc6ef526bc821b82a48435c0a11457653382b1512fd893fda45260071da58a
E1,gaussian_noise,1,partial_channel,0.1,1.0,,2,0,0.45000000000000595,2000,0.12735849056603774,0.021774193548387097,212,1240,0.11420101666450501,99fc6ef526bc821b82a48435c0a11457653382b1512fd893fda45260071da58a
E1,gaussian_noise,1,partial_channel,0.1,1.0,,2,1,1.200000000000001,2000,0.2028301886792453,0.036290322580645164,212,1240,0.1949965071082115,99fc6ef526bc821b82a48435c0a11457653382b1512fd893fda45260071da58a
E1,gaussian_noise,1,partial_channel,0.1,1.0,,2,2,0.649999999999995,2000,0.18867924528301888,0.03790322580645161,212,1240,0.07057693356275559,99fc6ef526bc821b82a48435c0a11457653382b1512fd893fda45260071da58a
E1,gaussian_noise,1,partial_channel,0.1,1.0,,2,3,0.30000000000000027,2000,0.13679245283018868,0.029838709677419355,212,1240,0.11774897313117981,99fc6ef526bc821b82a48435c0a11457653382b1512fd893fda45260071da58a
E1,gaussian_noise,1,partial_channel,0.1,1.0,,2,4,0.35000000000000586,2000,0.11320754716981132,0.024193548387096774,212,1240,0.07665225940942764,99fc6ef526bc821b82a48435c0a11457653382b1512fd893fda45260071da58a
E1,gaussian_noise,1,partial_channel,0.2,1.0,,2,0,1.5000000000000013,2000,0.25,0.035483870967741936,212,1240,0.30002257466316223,99fc6ef526bc821b82a48435c0a11457653382b1512fd893fda45260071da58a
E1,gaussian_noise,1,partial_channel,0.2,1.0,,2,1,1.4499999999999957,2000,0.25,0.042741935483870966,212,1240,0.20154329526424408,99fc6ef526bc821b82a48435c0a11457653382b1512fd893fda45260071da58a
E1,gaussian_noise,1,partial_channel,0.2,1.0,,2,2,1.6000000000000014,2000,0.2971698113207547,0.043548387096774194,212,1240,0.23995308649539948,99fc6ef526bc821b82a48435c0a11457653382b1512fd893fda45260071da58a
E1,gaussian_noise,1,partial_channel,0.2,1.0,,2,3,1.649999999999996,2000,0.29245283018867924,0.041935483870967745,212,1240,0.29986359578371047,99fc6ef526bc821b82a48435c0a11457653382b1512fd893fda45260071da58a
E1,gaussian_noise,1,partial_channel,0.2,1.0,,2,4,0.6000000000000005,2000,0.25943396226415094,0.0532258064516129,212,1240,0.05079592674970627,99fc6ef526bc821b82a48435c0a11457653382b1512fd893fda45260071da58a
E1,gaussian_noise,1,partial_channel,0.01,1.0,,3,0,-0.14999999999999458,2000,0.05188679245283019,0.012096774193548387,212,1240,-0.030223924577236175,99fc6ef526bc821b82a48435c0a11457653382b1512fd893fda45260071da58a
E1,gaussian_noise,1,partial_channel,0.01,1.0,,3,1,0.050000000000005596,2000,0.04245283018867924,0.00967741935483871,212,1240,0.01107787561416626,99fc6ef526bc821b82a48435c0a11457653382b1512fd893fda45260071da58a
E1,gaussian_noise,1,partial_channel,0.01,1.0,,3,2,0.0,2000,0.02830188679245283,0.00967741935483871,212,1240,0.010712545931339263,99fc6ef526bc821b82a48435c0a11457653382b1512fd893fda45260071da58a
E1,gaussian_noise,1,partial_channel,0.01,1.0,,3,3,-0.10000000000000009,2000,0.04716981132075472,0.01129032258064516,212,1240,0.01845004427433014,99fc6ef526bc821b82a48435c0a11457653382b1512fd893fda45260071da58a
E1,gaussian_noise,1,partial_channel,0.01,1.0,,3,4,0.050000000000005596,2000,0.05188679245283019,0.01129032258064516,212,1240,0.040797381162643434,99fc6ef526bc821b82a48435c0a11457653382b1512fd893fda45260071da58a
E1,gaussian_noise,1,partial_channel,0.05,1.0,,3,0,0.20000000000000018,2000,0.10849056603773585,0.028225806451612902,212,1240,0.02886043280363083,99fc6ef526bc821b82a48435c0a11457653382b1512fd893fda45260071da58a
E1,gaussian_noise,1,partial_channel,0.05,1.0,,3,1,-1.200000000000001,2000,0.13679245283018868,0.050806451612903224,212,1240,-0.14362666141986846,99fc6ef526bc821b82a48435c0a11457653382b1512fd893fda45260071da58a
E1,gaussian_noise,1,partial_channel,0.05,1.0,,3,2,0.35000000000000586,2000,0.1179245283018868,0.02661290322580645,212,1240,-0.0006988004446029663,99fc6ef526bc821b82a48435c0a11457653382b1512fd893fda45260071da58a
E1,gaussian_noise,1,partial_channel,0.05,1.0,,3,3,1.2499999999999956,2000,0.19339622641509435,0.03225806451612903,212,1240,0.06338751393556595,99fc6ef526bc821b82a48435c0a11457653382b1512fd893fda45260071da58a
E1,gaussian_noise,1,partial_channel,0.05,1.0,,3,4,0.20000000000000018,2000,0.07075471698113207,0.016935483870967744,212,1240,0.0671251727938652,99fc6ef526bc821b82a48435c0a11457653382b1512fd893fda45260071da58a
E1,gaussian_noise,1,partial_channel,0.1,1.0,,3,0,0.30000000000000027,2000,0.13679245283018868,0.03467741935483871,212,1240,0.040441770374774935,99fc6ef526bc821b82a48435c0a11457653382b1512fd893fda45260071da58a
E1,gaussian_noise,1,partial_channel,0.1,1.0,,3,1,0.050000000000005596,2000,0.16037735849056603,0.04596774193548387,212,1240,0.003690204918384552,99fc6ef526bc821b82a48435c0a11457653382b1512fd893fda45260071da58a
E1,gaussian_noise,1,partial_channel,0.1,1.0,,3,2,0.5499999999999949,2000,0.1792452830188679,0.03387096774193549,212,1240,0.22215584218502044,99fc6ef526bc821b82a48435c0a11457653382b1512fd893fda45260071da58a
E1,gaussian_noise,1,partial_channel,0.1,1.0,,3,3,1.849999999999996,2000,0.27358490566037735,0.04112903225806452,212,1240,0.2057491283416748,99fc6ef526bc821b82a48435c0a11457653382b1512fd893fda45260071da58a
E1,gaussian_noise,1,partial_channel,0.1,1.0,,3,4,0.9499999999999953,2000,0.16037735849056603,0.02338709677419355,212,1240,0.14883553087711335,99fc6ef526bc821b82a48435c0a11457653382b1512fd893fda45260071da58a
E1,gaussian_noise,1,partial_channel,0.2,1.0,,3,0,0.7499999999999951,2000,0.27358490566037735,0.056451612903225805,212,1240,0.11863664990663528,99fc6ef526bc821b82a48435c0a11457653382b1512fd893fda45260071da58a
E1,gaussian_noise,1,partial_channel,0.2,1.0,,3,1,1.0499999999999954,2000,0.2830188679245283,0.05161290322580645,212,1240,0.16291425144672395,99fc6ef526bc821b82a48435c0a11457653382b1512fd893fda45260071da58a
E1,gaussian_noise,1,partial_channel,0.2,1.0,,3,2,2.7000000000000024,2000,0.33490566037735847,0.03467741935483871,212,1240,0.4222113753557205,99fc6ef526bc821b82a48435c0a11457653382b1512fd893fda45260071da58a
E1,gaussian_noise,1,partial_channel,0.2,1.0,,3,3,1.4499999999999957,2000,0.33490566037735847,0.050806451612903224,212,1240,0.26785592222213744,99fc6ef526bc821b82a48435c0a11457653382b1512fd893fda45260071da58a
E1,gaussian_noise,1,partial_channel,0.2,1.0,,3,4,1.2499999999999956,2000,0.2688679245283019,0.04596774193548387,212,1240,0.23149813294410707,99fc6ef526bc821b82a48435c0a11457653382b1512fd893fda45260071da58a
E1,gaussian_noise,1,partial_channel,0.01,1.0,,4,0,0.0,2000,0.04245283018867924,0.012096774193548387,212,1240,-0.03477895230054855,99fc6ef526bc821b82a48435c0a11457653382b1512fd893fda45260071da58a
E1,gaussian_noise,1,partial_channel,0.01,1.0,,4,1,0.0,2000,0.0330188679245283,0.008064516129032258,212,1240,-0.0011183005571365357,99fc6ef526bc821b82a48435c0a11457653382b1512fd893fda45260071da58a
E1,gaussian_noise,1,partial_channel,0.01,1.0,,4,2,-0.24999999999999467,2000,0.02358490566037736,0.01129032258064516,212,1240,0.01094148349761963,99fc6ef526bc821b82a48435c0a11457653382b1512fd893fda45260071da58a
E1,gaussian_noise,1,partial_channel,0.01,1.0,,4,3,-0.24999999999999467,2000,0.07075471698113207,0.017741935483870968,212,1240,0.020029167532920836,99fc6ef526bc821b82a48435c0a11457653382b1512fd893fda45260071da58a
E1,gaussian_noise,1,partial_channel,0.01,1.0,,4,4,0.0,2000,0.04716981132075472,0.00967741935483871,212,1240,0.017937844753265382,99fc6ef526bc821b82a48435c0a11457653382b1512fd893fda45260071da58a
E1,gaussian_noise,1,partial_channel,0.05,1.0,,4,0,0.30000000000000027,2000,0.1179245283018868,0.029838709677419355,212,1240,0.05926851254701614,99fc6ef526bc821b82a48435c0a11457653382b1512fd893fda45260071da58a
E1,gaussian_noise,1,partial_channel,0.05,1.0,,4,1,-0.7499999999999951,2000,0.1179245283018868,0.0467741935483871,212,1240,-0.14963672226667404,99fc6ef526bc821b82a48435c0a11457653382b1512fd893fda45260071da58a
E1,gaussian_noise,1,partial_channel,0.05,1.0,,4,2,0.30000000000000027,2000,0.08018867924528301,0.02258064516129032,212,1240,-0.01749757069349289,99fc6ef526bc821b82a48435c0a11457653382b1512fd893fda45260071da58a
E1,gaussian_noise,1,partial_channel,0.05,1.0,,4,3,0.649999999999995,2000,0.18867924528301888,0.03951612903225806,212,1240,0.05455228090286255,99fc6ef526bc821b82a48435c0a11457653382b1512fd893fda45260071da58a
E1,gaussian_noise,1,partial_channel,0.05,1.0,,4,4,-0.14999999999999458,2000,0.08962264150943396,0.02338709677419355,212,1240,0.06713901770114898,99fc6ef526bc821b82a48435c0a11457653382b1512fd893fda45260071da58a
E1,gaussian_noise,1,partial_channel,0.1,1.0,,4,0,-0.5000000000000004,2000,0.1179245283018868,0.04838709677419355,212,1240,-0.05879015588760376,99fc6ef526bc821b82a48435c0a11457653382b1512fd893fda45260071da58a
E1,gaussian_noise,1,partial_channel,0.1,1.0,,4,1,0.0,2000,0.1509433962264151,0.04112903225806452,212,1240,-0.03930237197875976,99fc6ef526bc821b82a48435c0a11457653382b1512fd893fda45260071da58a
E1,gaussian_noise,1,partial_channel,0.1,1.0,,4,2,0.5499999999999949,2000,0.1792452830188679,0.036290322580645164,212,1240,0.19847193086147308,99fc6ef526bc821b82a48435c0a11457653382b1512fd893fda45260071da58a
E1,gaussian_noise,1,partial_channel,0.1,1.0,,4,3,1.5499999999999958,2000,0.25,0.037096774193548385,212,1240,0.2294545354247093,99fc6ef526bc821b82a48435c0a11457653382b1512fd893fda45260071da58a
E1,gaussian_noise,1,partial_channel,0.1,1.0,,4,4,0.45000000000000595,2000,0.14150943396226415,0.02903225806451613,212,1240,0.13280863612890242,99fc6ef526bc821b82a48435c0a11457653382b1512fd893fda45260071da58a
E1,gaussian_noise,1,partial_channel,0.2,1.0,,4,0,0.45000000000000595,2000,0.25943396226415094,0.055645161290322584,212,1240,0.02807095468044281,99fc6ef526bc821b82a48435c0a11457653382b1512fd893fda45260071da58a
E1,gaussian_noise,1,partial_channel,0.2,1.0,,4,1,1.0499999999999954,2000,0.25943396226415094,0.043548387096774194,212,1240,0.16407453161478042,99fc6ef526bc821b82a48435c0a11457653382b1512fd893fda45260071da58a
E1,gaussian_noise,1,partial_channel,0.2,1.0,,4,2,2.3499999999999965,2000,0.33962264150943394,0.03870967741935484,212,1240,0.4059586475491524,99fc6ef526bc821b82a48435c0a11457653382b1512fd893fda45260071da58a
E1,gaussian_noise,1,partial_channel,0.2,1.0,,4,3,1.7000000000000015,2000,0.2830188679245283,0.03790322580645161,212,1240,0.32029951256513595,99fc6ef526bc821b82a48435c0a11457653382b1512fd893fda45260071da58a
E1,gaussian_noise,1,partial_channel,0.2,1.0,,4,4,0.9499999999999953,2000,0.27358490566037735,0.049193548387096775,212,1240,0.21036135238409043,99fc6ef526bc821b82a48435c0a11457653382b1512fd893fda45260071da58a
E1,gaussian_noise,1,partial_channel,0.01,1.0,,5,0,-0.04999999999999449,2000,0.04716981132075472,0.013709677419354839,212,1240,-0.02458075398206711,99fc6ef526bc821b82a48435c0a11457653382b1512fd893fda45260071da58a
E1,gaussian_noise,1,partial_channel,0.01,1.0,,5,1,-0.14999999999999458,2000,0.03773584905660377,0.010483870967741936,212,1240,0.008063758552074432,99fc6ef526bc821b82a48435c0a11457653382b1512fd893fda45260071da58a
E1,gaussian_noise,1,partial_channel,0.01,1.0,,5,2,-0.34999999999999476,2000,0.02358490566037736,0.01129032258064516,212,1240,0.005074702978134156,99fc6ef526bc821b82a48435c0a11457653382b1512fd893fda45260071da58a
E1,gaussian_noise,1,partial_channel,0.01,1.0,,5,3,0.050000000000005596,2000,0.07075471698113207,0.013709677419354839,212,1240,0.027897630035877228,99fc6ef526bc821b82a48435c0a11457653382b1512fd893fda45260071da58a
E1,gaussian_noise,1,partial_channel,0.01,1.0,,5,4,-0.44999999999999485,2000,0.02830188679245283,0.012903225806451613,212,1240,0.007683829247951508,99fc6ef526bc821b82a48435c0a11457653382b1512fd893fda45260071da58a
E1,gaussian_noise,1,partial_channel,0.05,1.0,,5,0,0.35000000000000586,2000,0.10849056603773585,0.02661290322580645,212,1240,0.06452438372373581,99fc6ef526bc821b82a48435c0a11457653382b1512fd893fda45260071da58a
E1,gaussian_noise,1,partial_channel,0.05,1.0,,5,1,-0.40000000000000036,2000,0.1320754716981132,0.04112903225806452,212,1240,-0.10670429027080536,99fc6ef526bc821b82a48435c0a11457653382b1512fd893fda45260071da58a
E1,gaussian_noise,1,partial_channel,0.05,1.0,,5,2,0.40000000000000036,2000,0.08018867924528301,0.018548387096774192,212,1240,-0.012125860869884491,99fc6ef526bc821b82a48435c0a11457653382b1512fd893fda45260071da58a
E1,gaussian_noise,1,partial_channel,0.05,1.0,,5,3,0.7000000000000006,2000,0.19339622641509435,0.036290322580645164,212,1240,0.06698395496606827,99fc6ef526bc821b82a48435c0a11457653382b1512fd893fda45260071da58a
E1,gaussian_noise,1,partial_channel,0.05,1.0,,5,4,0.10000000000000009,2000,0.08018867924528301,0.021774193548387097,212,1240,0.060209072351455686,99fc6ef526bc821b82a48435c0a11457653382b1512fd893fda45260071da58a
E1,gaussian_noise,1,partial_channel,0.1,1.0,,5,0,-0.04999999999999449,2000,0.1320754716981132,0.042741935483870966,212,1240,-0.013911693751811982,99fc6ef526bc821b82a48435c0a11457653382b1512fd893fda45260071da58a
E1,gaussian_noise,1,partial_channel,0.1,1.0,,5,1,0.35000000000000586,2000,0.1650943396226415,0.03870967741935484,212,1240,0.005728376030921936,99fc6ef526bc821b82a48435c0a11457653382b1512fd893fda45260071da58a
E1,gaussian_noise,1,partial_channel,0.1,1.0,,5,2,1.2499999999999956,2000,0.18396226415094338,0.02661290322580645,212,1240,0.22025895822048186,99fc6ef526bc821b82a48435c0a11457653382b1512fd893fda45260071da58a
E1,gaussian_noise,1,partial_channel,0.1,1.0,,5,3,1.649999999999996,2000,0.25943396226415094,0.03467741935483871,212,1240,0.25869017481803896,99fc6ef526bc821b82a48435c0a11457653382b1512fd893fda45260071da58a
E1,gaussian_noise,1,partial_channel,0.1,1.0,,5,4,0.35000000000000586,2000,0.1320754716981132,0.028225806451612902,212,1240,0.11761365211009979,99fc6ef526bc821b82a48435c0a11457653382b1512fd893fda45260071da58a
E1,gaussian_noise,1,partial_channel,0.2,1.0,,5,0,0.5000000000000004,2000,0.2641509433962264,0.054838709677419356,212,1240,0.10896868693828583,99fc6ef526bc821b82a48435c0a11457653382b1512fd893fda45260071da58a
E1,gaussian_noise,1,partial_channel,0.2,1.0,,5,1,1.1499999999999955,2000,0.24056603773584906,0.037096774193548385,212,1240,0.16672656792402268,99fc6ef526bc821b82a48435c0a11457653382b1512fd893fda45260071da58a
E1,gaussian_noise,1,partial_channel,0.2,1.0,,5,2,2.8000000000000025,2000,0.33490566037735847,0.035483870967741936,212,1240,0.3962067581415176,99fc6ef526bc821b82a48435c0a11457653382b1512fd893fda45260071da58a
E1,gaussian_noise,1,partial_channel,0.2,1.0,,5,3,1.6000000000000014,2000,0.2688679245283019,0.03790322580645161,212,1240,0.3482189317941666,99fc6ef526bc821b82a48435c0a11457653382b1512fd893fda45260071da58a
E1,gaussian_noise,1,partial_channel,0.2,1.0,,5,4,1.0499999999999954,2000,0.2783018867924528,0.049193548387096775,212,1240,0.25575744920969007,99fc6ef526bc821b82a48435c0a11457653382b1512fd893fda45260071da58a
E1,gaussian_noise,1,partial_channel,0.01,1.0,,6,0,0.0,2000,0.04716981132075472,0.012096774193548387,212,1240,-0.019887002825737,99fc6ef526bc821b82a48435c0a11457653382b1512fd893fda45260071da58a
E1,gaussian_noise,1,partial_channel,0.01,1.0,,6,1,0.050000000000005596,2000,0.03773584905660377,0.008870967741935484,212,1240,0.008268349111080169,99fc6ef526bc821b82a48435c0a11457653382b1512fd893fda45260071da58a
E1,gaussian_noise,1,partial_channel,0.01,1.0,,6,2,-0.10000000000000009,2000,0.02358490566037736,0.008064516129032258,212,1240,0.005801051259040833,99fc6ef526bc821b82a48435c0a11457653382b1512fd893fda45260071da58a
E1,gaussian_noise,1,partial_channel,0.01,1.0,,6,3,0.2500000000000058,2000,0.08490566037735849,0.013709677419354839,212,1240,0.028900486648082733,99fc6ef526bc821b82a48435c0a11457653382b1512fd893fda45260071da58a
E1,gaussian_noise,1,partial_channel,0.01,1.0,,6,4,-0.34999999999999476,2000,0.018867924528301886,0.008870967741935484,212,1240,0.01289570438861847,99fc6ef526bc821b82a48435c0a11457653382b1512fd893fda45260071da58a
E1,gaussian_noise,1,partial_channel,0.05,1.0,,6,0,0.30000000000000027,2000,0.1179245283018868,0.025,212,1240,0.10381004762649536,99fc6ef526bc821b82a48435c0a11457653382b1512fd893fda45260071da58a
E1,gaussian_noise,1,partial_channel,0.05,1.0,,6,1,-0.04999999999999449,2000,0.1320754716981132,0.037096774193548385,212,1240,-0.09257941955327988,99fc6ef526bc821b82a48435c0a11457653382b1512fd893fda45260071da58a
E1,gaussian_noise,1,partial_channel,0.05,1.0,,6,2,0.30000000000000027,2000,0.08962264150943396,0.021774193548387097,212,1240,-0.019741322576999665,99fc6ef526bc821b82a48435c0a11457653382b1512fd893fda45260071da58a
E1,gaussian_noise,1,partial_channel,0.05,1.0,,6,3,0.8000000000000007,2000,0.19339622641509435,0.03467741935483871,212,1240,0.07697473067045212,99fc6ef526bc821b82a48435c0a11457653382b1512fd893fda45260071da58a
E1,gaussian_noise,1,partial_channel,0.05,1.0,,6,4,0.050000000000005596,2000,0.07547169811320754,0.02258064516129032,212,1240,0.07562401342391968,99fc6ef526bc821b82a48435c0a11457653382b1512fd893fda45260071da58a
E1,gaussian_noise,1,partial_channel,0.1,1.0,,6,0,0.20000000000000018,2000,0.13679245283018868,0.03870967741935484,212,1240,0.08020017522573471,99fc6ef526bc821b82a48435c0a11457653382b1512fd893fda45260071da58a
E1,gaussian_noise,1,partial_channel,0.1,1.0,,6,1,0.35000000000000586,2000,0.1792452830188679,0.03790322580645161,212,1240,-9.061574935913085e-06,99fc6ef526bc821b82a48435c0a11457653382b1512fd893fda45260071da58a
E1,gaussian_noise,1,partial_channel,0.1,1.0,,6,2,1.3499999999999956,2000,0.18396226415094338,0.021774193548387097,212,1240,0.22482753306627273,99fc6ef526bc821b82a48435c0a11457653382b1512fd893fda45260071da58a
E1,gaussian_noise,1,partial_channel,0.1,1.0,,6,3,1.5000000000000013,2000,0.25,0.03870967741935484,212,1240,0.27041861110925675,99fc6ef526bc821b82a48435c0a11457653382b1512fd893fda45260071da58a
E1,gaussian_noise,1,partial_channel,0.1,1.0,,6,4,0.9499999999999953,2000,0.14622641509433962,0.021774193548387097,212,1240,0.18083232998847962,99fc6ef526bc821b82a48435c0a11457653382b1512fd893fda45260071da58a
E1,gaussian_noise,1,partial_channel,0.2,1.0,,6,0,1.6000000000000014,2000,0.2971698113207547,0.041935483870967745,212,1240,0.19339690923690797,99fc6ef526bc821b82a48435c0a11457653382b1512fd893fda45260071da58a
E1,gaussian_noise,1,partial_channel,0.2,1.0,,6,1,1.3000000000000012,2000,0.2641509433962264,0.03951612903225806,212,1240,0.15954041254520415,99fc6ef526bc821b82a48435c0a11457653382b1512fd893fda45260071da58a
E1,gaussian_noise,1,partial_channel,0.2,1.0,,6,2,2.749999999999997,2000,0.32547169811320753,0.03225806451612903,212,1240,0.3984075246453285,99fc6ef526bc821b82a48435c0a11457653382b1512fd893fda45260071da58a
E1,gaussian_noise,1,partial_channel,0.2,1.0,,6,3,1.3499999999999956,2000,0.25943396226415094,0.03870967741935484,212,1240,0.34138482648134233,99fc6ef526bc821b82a48435c0a11457653382b1512fd893fda45260071da58a
E1,gaussian_noise,1,partial_channel,0.2,1.0,,6,4,1.5499999999999958,2000,0.27358490566037735,0.042741935483870966,212,1240,0.30668691754341126,99fc6ef526bc821b82a48435c0a11457653382b1512fd893fda45260071da58a
E1,gaussian_noise,1,partial_channel,0.01,1.0,,7,0,0.15000000000000568,2000,0.03773584905660377,0.0064516129032258064,212,1240,0.023724901616573334,99fc6ef526bc821b82a48435c0a11457653382b1512fd893fda45260071da58a
E1,gaussian_noise,1,partial_channel,0.01,1.0,,7,1,-0.20000000000000018,2000,0.03773584905660377,0.01129032258064516,212,1240,0.05948205411434174,99fc6ef526bc821b82a48435c0a11457653382b1512fd893fda45260071da58a
E1,gaussian_noise,1,partial_channel,0.01,1.0,,7,2,-0.04999999999999449,2000,0.03773584905660377,0.008870967741935484,212,1240,0.030412417590618135,99fc6ef526bc821b82a48435c0a11457653382b1512fd893fda45260071da58a
E1,gaussian_noise,1,partial_channel,0.01,1.0,,7,3,0.050000000000005596,2000,0.05188679245283019,0.012096774193548387,212,1240,0.034365865051746367,99fc6ef526bc821b82a48435c0a11457653382b1512fd893fda45260071da58a
E1,gaussian_noise,1,partial_channel,0.01,1.0,,7,4,0.30000000000000027,2000,0.0660377358490566,0.00967741935483871,212,1240,0.03717559194564819,99fc6ef526bc821b82a48435c0a11457653382b1512fd893fda45260071da58a
E1,gaussian_noise,1,partial_channel,0.05,1.0,,7,0,0.30000000000000027,2000,0.08962264150943396,0.016935483870967744,212,1240,0.10113815152645111,99fc6ef526bc821b82a48435c0a11457653382b1512fd893fda45260071da58a
E1,gaussian_noise,1,partial_channel,0.05,1.0,,7,1,0.5499999999999949,2000,0.14622641509433962,0.027419354838709678,212,1240,0.1509790362715721,99fc6ef526bc821b82a48435c0a11457653382b1512fd893fda45260071da58a
E1,gaussian_noise,1,partial_channel,0.05,1.0,,7,2,0.35000000000000586,2000,0.12264150943396226,0.02258064516129032,212,1240,0.1475870578289032,99fc6ef526bc821b82a48435c0a11457653382b1512fd893fda45260071da58a
E1,gaussian_noise,1,partial_channel,0.05,1.0,,7,3,0.6000000000000005,2000,0.1320754716981132,0.020161290322580645,212,1240,0.08818668538331985,99fc6ef526bc821b82a48435c0a11457653382b1512fd893fda45260071da58a
E1,gaussian_noise,1,partial_channel,0.05,1.0,,7,4,0.20000000000000018,2000,0.07547169811320754,0.014516129032258065,212,1240,0.09966162788867951,99fc6ef526bc821b82a48435c0a11457653382b1512fd893fda45260071da58a
E1,gaussian_noise,1,partial_channel,0.1,1.0,,7,0,0.5000000000000004,2000,0.16037735849056603,0.03064516129032258,212,1240,0.15973042833805084,99fc6ef526bc821b82a48435c0a11457653382b1512fd893fda45260071da58a
E1,gaussian_noise,1,partial_channel,0.1,1.0,,7,1,1.3000000000000012,2000,0.23113207547169812,0.027419354838709678,212,1240,0.2674630368351936,99fc6ef526bc821b82a48435c0a11457653382b1512fd893fda45260071da58a
E1,gaussian_noise,1,partial_channel,0.1,1.0,,7,2,0.7000000000000006,2000,0.13679245283018868,0.024193548387096774,212,1240,0.23044077247381212,99fc6ef526bc821b82a48435c0a11457653382b1512fd893fda45260071da58a
E1,gaussian_noise,1,partial_channel,0.1,1.0,,7,3,0.9000000000000008,2000,0.18867924528301888,0.029838709677419355,212,1240,0.20732829362154007,99fc6ef526bc821b82a48435c0a11457653382b1512fd893fda45260071da58a
E1,gaussian_noise,1,partial_channel,0.1,1.0,,7,4,0.5000000000000004,2000,0.12264150943396226,0.021774193548387097,212,1240,0.18242820936441423,99fc6ef526bc821b82a48435c0a11457653382b1512fd893fda45260071da58a
E1,gaussian_noise,1,partial_channel,0.2,1.0,,7,0,1.5000000000000013,2000,0.2641509433962264,0.03387096774193549,212,1240,0.3427972627878189,99fc6ef526bc821b82a48435c0a11457653382b1512fd893fda45260071da58a
E1,gaussian_noise,1,partial_channel,0.2,1.0,,7,1,1.9499999999999962,2000,0.30660377358490565,0.031451612903225803,212,1240,0.46939210677146914,99fc6ef526bc821b82a48435c0a11457653382b1512fd893fda45260071da58a
E1,gaussian_noise,1,partial_channel,0.2,1.0,,7,2,1.6000000000000014,2000,0.2641509433962264,0.029838709677419355,212,1240,0.37850582879781725,99fc6ef526bc821b82a48435c0a11457653382b1512fd893fda45260071da58a
E1,gaussian_noise,1,partial_channel,0.2,1.0,,7,3,1.3000000000000012,2000,0.25471698113207547,0.03951612903225806,212,1240,0.3889306480884552,99fc6ef526bc821b82a48435c0a11457653382b1512fd893fda45260071da58a
E1,gaussian_noise,1,partial_channel,0.2,1.0,,7,4,2.0000000000000018,2000,0.24056603773584906,0.01935483870967742,212,1240,0.40177911943197253,99fc6ef526bc821b82a48435c0a11457653382b1512fd893fda45260071da58a
E1,gaussian_noise,1,partial_channel,0.01,1.0,,8,0,0.0,2000,0.03773584905660377,0.008870967741935484,212,1240,0.02512698620557785,99fc6ef526bc821b82a48435c0a11457653382b1512fd893fda45260071da58a
E1,gaussian_noise,1,partial_channel,0.01,1.0,,8,1,0.15000000000000568,2000,0.06132075471698113,0.010483870967741936,212,1240,0.0572690035700798,99fc6ef526bc821b82a48435c0a11457653382b1512fd893fda45260071da58a
E1,gaussian_noise,1,partial_channel,0.01,1.0,,8,2,-0.04999999999999449,2000,0.04245283018867924,0.010483870967741936,212,1240,0.03833623337745667,99fc6ef526bc821b82a48435c0a11457653382b1512fd893fda45260071da58a
E1,gaussian_noise,1,partial_channel,0.01,1.0,,8,3,-0.24999999999999467,2000,0.04716981132075472,0.01532258064516129,212,1240,0.02488541442155838,99fc6ef526bc821b82a48435c0a11457653382b1512fd893fda45260071da58a
E1,gaussian_noise,1,partial_channel,0.01,1.0,,8,4,0.15000000000000568,2000,0.05660377358490566,0.008064516129032258,212,1240,0.023526807069778444,99fc6ef526bc821b82a48435c0a11457653382b1512fd893fda45260071da58a
E1,gaussian_noise,1,partial_channel,0.05,1.0,,8,0,0.7499999999999951,2000,0.10849056603773585,0.013709677419354839,212,1240,0.10798687678575515,99fc6ef526bc821b82a48435c0a11457653382b1512fd893fda45260071da58a
E1,gaussian_noise,1,partial_channel,0.05,1.0,,8,1,0.5000000000000004,2000,0.12264150943396226,0.020967741935483872,212,1240,0.15263208079338073,99fc6ef526bc821b82a48435c0a11457653382b1512fd893fda45260071da58a
E1,gaussian_noise,1,partial_channel,0.05,1.0,,8,2,0.9000000000000008,2000,0.13679245283018868,0.016935483870967744,212,1240,0.17318635922670364,99fc6ef526bc821b82a48435c0a11457653382b1512fd893fda45260071da58a
E1,gaussian_noise,1,partial_channel,0.05,1.0,,8,3,0.5499999999999949,2000,0.1179245283018868,0.018548387096774192,212,1240,0.08906208062171936,99fc6ef526bc821b82a48435c0a11457653382b1512fd893fda45260071da58a
E1,gaussian_noise,1,partial_channel,0.05,1.0,,8,4,0.0,2000,0.08018867924528301,0.016129032258064516,212,1240,0.10740462327003479,99fc6ef526bc821b82a48435c0a11457653382b1512fd893fda45260071da58a
E1,gaussian_noise,1,partial_channel,0.1,1.0,,8,0,1.100000000000001,2000,0.16981132075471697,0.024193548387096774,212,1240,0.18456226468086243,99fc6ef526bc821b82a48435c0a11457653382b1512fd893fda45260071da58a
E1,gaussian_noise,1,partial_channel,0.1,1.0,,8,1,1.3000000000000012,2000,0.22641509433962265,0.025,212,1240,0.27463323777914045,99fc6ef526bc821b82a48435c0a11457653382b1512fd893fda45260071da58a
E1,gaussian_noise,1,partial_channel,0.1,1.0,,8,2,1.3499999999999956,2000,0.18867924528301888,0.021774193548387097,212,1240,0.28839536505937574,99fc6ef526bc821b82a48435c0a11457653382b1512fd893fda45260071da58a
E1,gaussian_noise,1,partial_channel,0.1,1.0,,8,3,1.749999999999996,2000,0.19811320754716982,0.020967741935483872,212,1240,0.19165476781129837,99fc6ef526bc821b82a48435c0a11457653382b1512fd893fda45260071da58a
E1,gaussian_noise,1,partial_channel,0.1,1.0,,8,4,0.6000000000000005,2000,0.14150943396226415,0.020967741935483872,212,1240,0.20816657102108002,99fc6ef526bc821b82a48435c0a11457653382b1512fd893fda45260071da58a
E1,gaussian_noise,1,partial_channel,0.2,1.0,,8,0,1.8000000000000016,2000,0.27358490566037735,0.03225806451612903,212,1240,0.39271202009916306,99fc6ef526bc821b82a48435c0a11457653382b1512fd893fda45260071da58a
E1,gaussian_noise,1,partial_channel,0.2,1.0,,8,1,2.5499999999999967,2000,0.33962264150943394,0.029838709677419355,212,1240,0.5529698640108108,99fc6ef526bc821b82a48435c0a11457653382b1512fd893fda45260071da58a
E1,gaussian_noise,1,partial_channel,0.2,1.0,,8,2,1.849999999999996,2000,0.2783018867924528,0.025,212,1240,0.4303487676382065,99fc6ef526bc821b82a48435c0a11457653382b1512fd893fda45260071da58a
E1,gaussian_noise,1,partial_channel,0.2,1.0,,8,3,1.9499999999999962,2000,0.2830188679245283,0.031451612903225803,212,1240,0.46086491221189496,99fc6ef526bc821b82a48435c0a11457653382b1512fd893fda45260071da58a
E1,gaussian_noise,1,partial_channel,0.2,1.0,,8,4,2.1499999999999964,2000,0.25471698113207547,0.020967741935483872,212,1240,0.42688965100049975,99fc6ef526bc821b82a48435c0a11457653382b1512fd893fda45260071da58a
E1,gaussian_noise,1,partial_channel,0.01,1.0,,9,0,0.050000000000005596,2000,0.03773584905660377,0.008064516129032258,212,1240,0.01838642716407776,99fc6ef526bc821b82a48435c0a11457653382b1512fd893fda45260071da58a
E1,gaussian_noise,1,partial_channel,0.01,1.0,,9,1,0.10000000000000009,2000,0.0660377358490566,0.012096774193548387,212,1240,0.052890942633152006,99fc6ef526bc821b82a48435c0a11457653382b1512fd893fda45260071da58a
E1,gaussian_noise,1,partial_channel,0.01,1.0,,9,2,0.15000000000000568,2000,0.04716981132075472,0.008064516129032258,212,1240,0.04012990015745163,99fc6ef526bc821b82a48435c0a11457653382b1512fd893fda45260071da58a
E1,gaussian_noise,1,partial_channel,0.01,1.0,,9,3,-0.04999999999999449,2000,0.04716981132075472,0.010483870967741936,212,1240,0.02089190363883972,99fc6ef526bc821b82a48435c0a11457653382b1512fd893fda45260071da58a
E1,gaussian_noise,1,partial_channel,0.01,1.0,,9,4,0.10000000000000009,2000,0.04245283018867924,0.008064516129032258,212,1240,0.020101803719997407,99fc6ef526bc821b82a48435c0a11457653382b1512fd893fda45260071da58a
E1,gaussian_noise,1,partial_channel,0.05,1.0,,9,0,0.8000000000000007,2000,0.10849056603773585,0.013709677419354839,212,1240,0.10437989938259125,99fc6ef526bc821b82a48435c0a11457653382b1512fd893fda45260071da58a
E1,gaussian_noise,1,partial_channel,0.05,1.0,,9,1,0.6000000000000005,2000,0.13679245283018868,0.02258064516129032,212,1240,0.14599426913261412,99fc6ef526bc821b82a48435c0a11457653382b1512fd893fda45260071da58a
E1,gaussian_noise,1,partial_channel,0.05,1.0,,9,2,0.9499999999999953,2000,0.12264150943396226,0.01129032258064516,212,1240,0.15827115774154663,99fc6ef526bc821b82a48435c0a11457653382b1512fd893fda45260071da58a
E1,gaussian_noise,1,partial_channel,0.05,1.0,,9,3,0.40000000000000036,2000,0.10849056603773585,0.020967741935483872,212,1240,0.074956616461277,99fc6ef526bc821b82a48435c0a11457653382b1512fd893fda45260071da58a
E1,gaussian_noise,1,partial_channel,0.05,1.0,,9,4,0.2500000000000058,2000,0.08490566037735849,0.013709677419354839,212,1240,0.10319005542993545,99fc6ef526bc821b82a48435c0a11457653382b1512fd893fda45260071da58a
E1,gaussian_noise,1,partial_channel,0.1,1.0,,9,0,1.100000000000001,2000,0.1792452830188679,0.025,212,1240,0.1951481335759163,99fc6ef526bc821b82a48435c0a11457653382b1512fd893fda45260071da58a
E1,gaussian_noise,1,partial_channel,0.1,1.0,,9,1,1.6000000000000014,2000,0.2358490566037736,0.024193548387096774,212,1240,0.27366227889060973,99fc6ef526bc821b82a48435c0a11457653382b1512fd893fda45260071da58a
E1,gaussian_noise,1,partial_channel,0.1,1.0,,9,2,0.9499999999999953,2000,0.1792452830188679,0.02258064516129032,212,1240,0.2672411926984787,99fc6ef526bc821b82a48435c0a11457653382b1512fd893fda45260071da58a
E1,gaussian_noise,1,partial_channel,0.1,1.0,,9,3,1.0000000000000009,2000,0.16981132075471697,0.02258064516129032,212,1240,0.18854370397329331,99fc6ef526bc821b82a48435c0a11457653382b1512fd893fda45260071da58a
E1,gaussian_noise,1,partial_channel,0.1,1.0,,9,4,1.0499999999999954,2000,0.1650943396226415,0.01935483870967742,212,1240,0.21844139099121093,99fc6ef526bc821b82a48435c0a11457653382b1512fd893fda45260071da58a
E1,gaussian_noise,1,partial_channel,0.2,1.0,,9,0,2.3499999999999965,2000,0.2830188679245283,0.028225806451612902,212,1240,0.42648442137241366,99fc6ef526bc821b82a48435c0a11457653382b1512fd893fda45260071da58a
E1,gaussian_noise,1,partial_channel,0.2,1.0,,9,1,3.1000000000000028,2000,0.3490566037735849,0.02338709677419355,212,1240,0.5628907243609429,99fc6ef526bc821b82a48435c0a11457653382b1512fd893fda45260071da58a
E1,gaussian_noise,1,partial_channel,0.2,1.0,,9,2,2.100000000000002,2000,0.2830188679245283,0.024193548387096774,212,1240,0.43216998827457426,99fc6ef526bc821b82a48435c0a11457653382b1512fd893fda45260071da58a
E1,gaussian_noise,1,partial_channel,0.2,1.0,,9,3,2.1499999999999964,2000,0.3113207547169811,0.036290322580645164,212,1240,0.47158546137809754,99fc6ef526bc821b82a48435c0a11457653382b1512fd893fda45260071da58a
E1,gaussian_noise,1,partial_channel,0.2,1.0,,9,4,2.849999999999997,2000,0.2688679245283019,0.016935483870967744,212,1240,0.43989093315601346,99fc6ef526bc821b82a48435c0a11457653382b1512fd893fda45260071da58a
E1,gaussian_noise,1,partial_channel,0.01,1.0,,10,0,-0.04999999999999449,2000,0.04245283018867924,0.00967741935483871,212,1240,0.012937275886535645,99fc6ef526bc821b82a48435c0a11457653382b1512fd893fda45260071da58a
E1,gaussian_noise,1,partial_channel,0.01,1.0,,10,1,0.20000000000000018,2000,0.06132075471698113,0.00967741935483871,212,1240,0.05278084337711334,99fc6ef526bc821b82a48435c0a11457653382b1512fd893fda45260071da58a
E1,gaussian_noise,1,partial_channel,0.01,1.0,,10,2,0.40000000000000036,2000,0.04716981132075472,0.00564516129032258,212,1240,0.048152777254581454,99fc6ef526bc821b82a48435c0a11457653382b1512fd893fda45260071da58a
E1,gaussian_noise,1,partial_channel,0.01,1.0,,10,3,-0.04999999999999449,2000,0.0330188679245283,0.008064516129032258,212,1240,0.03358156454563141,99fc6ef526bc821b82a48435c0a11457653382b1512fd893fda45260071da58a
E1,gaussian_noise,1,partial_channel,0.01,1.0,,10,4,0.15000000000000568,2000,0.04716981132075472,0.008064516129032258,212,1240,0.02208220887184143,99fc6ef526bc821b82a48435c0a11457653382b1512fd893fda45260071da58a
E1,gaussian_noise,1,partial_channel,0.05,1.0,,10,0,0.45000000000000595,2000,0.09905660377358491,0.01532258064516129,212,1240,0.1064646852016449,99fc6ef526bc821b82a48435c0a11457653382b1512fd893fda45260071da58a
E1,gaussian_noise,1,partial_channel,0.05,1.0,,10,1,0.7000000000000006,2000,0.12735849056603774,0.01935483870967742,212,1240,0.14465957391262055,99fc6ef526bc821b82a48435c0a11457653382b1512fd893fda45260071da58a
E1,gaussian_noise,1,partial_channel,0.05,1.0,,10,2,0.8499999999999952,2000,0.12264150943396226,0.014516129032258065,212,1240,0.1648773008584976,99fc6ef526bc821b82a48435c0a11457653382b1512fd893fda45260071da58a
E1,gaussian_noise,1,partial_channel,0.05,1.0,,10,3,0.649999999999995,2000,0.1179245283018868,0.017741935483870968,212,1240,0.10336984622478484,99fc6ef526bc821b82a48435c0a11457653382b1512fd893fda45260071da58a
E1,gaussian_noise,1,partial_channel,0.05,1.0,,10,4,0.40000000000000036,2000,0.1179245283018868,0.016935483870967744,212,1240,0.11206143420934678,99fc6ef526bc821b82a48435c0a11457653382b1512fd893fda45260071da58a
E1,gaussian_noise,1,partial_channel,0.1,1.0,,10,0,1.4499999999999957,2000,0.19339622641509435,0.020161290322580645,212,1240,0.20931976079940795,99fc6ef526bc821b82a48435c0a11457653382b1512fd893fda45260071da58a
E1,gaussian_noise,1,partial_channel,0.1,1.0,,10,1,1.849999999999996,2000,0.24528301886792453,0.02258064516129032,212,1240,0.2829519315361977,99fc6ef526bc821b82a48435c0a11457653382b1512fd893fda45260071da58a
E1,gaussian_noise,1,partial_channel,0.1,1.0,,10,2,1.4499999999999957,2000,0.17452830188679244,0.018548387096774192,212,1240,0.25744050765037535,99fc6ef526bc821b82a48435c0a11457653382b1512fd893fda45260071da58a
E1,gaussian_noise,1,partial_channel,0.1,1.0,,10,3,1.3499999999999956,2000,0.18396226415094338,0.020967741935483872,212,1240,0.215395652115345,99fc6ef526bc821b82a48435c0a11457653382b1512fd893fda45260071da58a
E1,gaussian_noise,1,partial_channel,0.1,1.0,,10,4,0.5499999999999949,2000,0.16981132075471697,0.025806451612903226,212,1240,0.21535750514268875,99fc6ef526bc821b82a48435c0a11457653382b1512fd893fda45260071da58a
E1,gaussian_noise,1,partial_channel,0.2,1.0,,10,0,2.200000000000002,2000,0.2641509433962264,0.024193548387096774,212,1240,0.4425948598980904,99fc6ef526bc821b82a48435c0a11457653382b1512fd893fda45260071da58a
E1,gaussian_noise,1,partial_channel,0.2,1.0,,10,1,3.300000000000003,2000,0.33962264150943394,0.020161290322580645,212,1240,0.5686607572436333,99fc6ef526bc821b82a48435c0a11457653382b1512fd893fda45260071da58a
E1,gaussian_noise,1,partial_channel,0.2,1.0,,10,2,2.200000000000002,2000,0.25943396226415094,0.020161290322580645,212,1240,0.4365065068602562,99fc6ef526bc821b82a48435c0a11457653382b1512fd893fda45260071da58a
E1,gaussian_noise,1,partial_channel,0.2,1.0,,10,3,1.8000000000000016,2000,0.29245283018867924,0.035483870967741936,212,1240,0.5011089580059052,99fc6ef526bc821b82a48435c0a11457653382b1512fd893fda45260071da58a
E1,gaussian_noise,1,partial_channel,0.2,1.0,,10,4,2.649999999999997,2000,0.29245283018867924,0.020161290322580645,212,1240,0.43861166578531263,99fc6ef526bc821b82a48435c0a11457653382b1512fd893fda45260071da58a
E1,gaussian_noise,1,partial_channel,0.01,1.0,,11,0,-0.20000000000000018,2000,0.02830188679245283,0.010483870967741936,212,1240,0.01638543999195099,99fc6ef526bc821b82a48435c0a11457653382b1512fd893fda45260071da58a
E1,gaussian_noise,1,partial_channel,0.01,1.0,,11,1,0.15000000000000568,2000,0.05188679245283019,0.008870967741935484,212,1240,0.04806440544128418,99fc6ef526bc821b82a48435c0a11457653382b1512fd893fda45260071da58a
E1,gaussian_noise,1,partial_channel,0.01,1.0,,11,2,0.20000000000000018,2000,0.04716981132075472,0.008064516129032258,212,1240,0.04575802910327911,99fc6ef526bc821b82a48435c0a11457653382b1512fd893fda45260071da58a
E1,gaussian_noise,1,partial_channel,0.01,1.0,,11,3,-0.10000000000000009,2000,0.0330188679245283,0.00967741935483871,212,1240,0.03188043612241745,99fc6ef526bc821b82a48435c0a11457653382b1512fd893fda45260071da58a
E1,gaussian_noise,1,partial_channel,0.01,1.0,,11,4,0.10000000000000009,2000,0.04245283018867924,0.007258064516129033,212,1240,0.022773313701152802,99fc6ef526bc821b82a48435c0a11457653382b1512fd893fda45260071da58a
E1,gaussian_noise,1,partial_channel,0.05,1.0,,11,0,0.6000000000000005,2000,0.10849056603773585,0.013709677419354839,212,1240,0.11092617380619049,99fc6ef526bc821b82a48435c0a11457653382b1512fd893fda45260071da58a
E1,gaussian_noise,1,partial_channel,0.05,1.0,,11,1,0.7000000000000006,2000,0.10849056603773585,0.016935483870967744,212,1240,0.13061719626188278,99fc6ef526bc821b82a48435c0a11457653382b1512fd893fda45260071da58a
E1,gaussian_noise,1,partial_channel,0.05,1.0,,11,2,0.5499999999999949,2000,0.11320754716981132,0.01935483870967742,212,1240,0.15911295157670974,99fc6ef526bc821b82a48435c0a11457653382b1512fd893fda45260071da58a
E1,gaussian_noise,1,partial_channel,0.05,1.0,,11,3,0.30000000000000027,2000,0.08490566037735849,0.017741935483870968,212,1240,0.09521175199747085,99fc6ef526bc821b82a48435c0a11457653382b1512fd893fda45260071da58a
E1,gaussian_noise,1,partial_channel,0.05,1.0,,11,4,0.2500000000000058,2000,0.10377358490566038,0.016935483870967744,212,1240,0.11507773035764694,99fc6ef526bc821b82a48435c0a11457653382b1512fd893fda45260071da58a
E1,gaussian_noise,1,partial_channel,0.1,1.0,,11,0,1.4000000000000012,2000,0.18396226415094338,0.020161290322580645,212,1240,0.2292927576303482,99fc6ef526bc821b82a48435c0a11457653382b1512fd893fda45260071da58a
E1,gaussian_noise,1,partial_channel,0.1,1.0,,11,1,1.6000000000000014,2000,0.2028301886792453,0.01935483870967742,212,1240,0.2697536697983742,99fc6ef526bc821b82a48435c0a11457653382b1512fd893fda45260071da58a
E1,gaussian_noise,1,partial_channel,0.1,1.0,,11,2,1.1499999999999955,2000,0.1792452830188679,0.025,212,1240,0.25514298474788666,99fc6ef526bc821b82a48435c0a11457653382b1512fd893fda45260071da58a
E1,gaussian_noise,1,partial_channel,0.1,1.0,,11,3,1.100000000000001,2000,0.16037735849056603,0.020967741935483872,212,1240,0.19613170778751374,99fc6ef526bc821b82a48435c0a11457653382b1512fd893fda45260071da58a
E1,gaussian_noise,1,partial_channel,0.1,1.0,,11,4,0.9000000000000008,2000,0.15566037735849056,0.018548387096774192,212,1240,0.23682418394088744,99fc6ef526bc821b82a48435c0a11457653382b1512fd893fda45260071da58a
E1,gaussian_noise,1,partial_channel,0.2,1.0,,11,0,2.200000000000002,2000,0.2971698113207547,0.02661290322580645,212,1240,0.46385287898778915,99fc6ef526bc821b82a48435c0a11457653382b1512fd893fda45260071da58a
E1,gaussian_noise,1,partial_channel,0.2,1.0,,11,1,2.7000000000000024,2000,0.3160377358490566,0.02338709677419355,212,1240,0.5562990373373031,99fc6ef526bc821b82a48435c0a11457653382b1512fd893fda45260071da58a
E1,gaussian_noise,1,partial_channel,0.2,1.0,,11,2,2.1499999999999964,2000,0.25471698113207547,0.021774193548387097,212,1240,0.4293154438138008,99fc6ef526bc821b82a48435c0a11457653382b1512fd893fda45260071da58a
E1,gaussian_noise,1,partial_channel,0.2,1.0,,11,3,1.9000000000000017,2000,0.29245283018867924,0.03306451612903226,212,1240,0.4810677468776703,99fc6ef526bc821b82a48435c0a11457653382b1512fd893fda45260071da58a
E1,gaussian_noise,1,partial_channel,0.2,1.0,,11,4,2.5499999999999967,2000,0.2830188679245283,0.020161290322580645,212,1240,0.45188437432050704,99fc6ef526bc821b82a48435c0a11457653382b1512fd893fda45260071da58a
E1,gaussian_noise,1,partial_channel,0.01,1.0,,12,0,-0.04999999999999449,2000,0.02830188679245283,0.008870967741935484,212,1240,0.015157727003097534,99fc6ef526bc821b82a48435c0a11457653382b1512fd893fda45260071da58a
E1,gaussian_noise,1,partial_channel,0.01,1.0,,12,1,0.2500000000000058,2000,0.05188679245283019,0.00967741935483871,212,1240,0.03502865213155747,99fc6ef526bc821b82a48435c0a11457653382b1512fd893fda45260071da58a
E1,gaussian_noise,1,partial_channel,0.01,1.0,,12,2,0.20000000000000018,2000,0.03773584905660377,0.007258064516129033,212,1240,0.038461346030235294,99fc6ef526bc821b82a48435c0a11457653382b1512fd893fda45260071da58a
E1,gaussian_noise,1,partial_channel,0.01,1.0,,12,3,0.15000000000000568,2000,0.03773584905660377,0.008064516129032258,212,1240,0.028206777095794677,99fc6ef526bc821b82a48435c0a11457653382b1512fd893fda45260071da58a
E1,gaussian_noise,1,partial_channel,0.01,1.0,,12,4,0.10000000000000009,2000,0.04716981132075472,0.008064516129032258,212,1240,0.026091784834861756,99fc6ef526bc821b82a48435c0a11457653382b1512fd893fda45260071da58a
E1,gaussian_noise,1,partial_channel,0.05,1.0,,12,0,0.6000000000000005,2000,0.10849056603773585,0.014516129032258065,212,1240,0.11622211515903473,99fc6ef526bc821b82a48435c0a11457653382b1512fd893fda45260071da58a
E1,gaussian_noise,1,partial_channel,0.05,1.0,,12,1,0.649999999999995,2000,0.10377358490566038,0.017741935483870968,212,1240,0.11140942490100861,99fc6ef526bc821b82a48435c0a11457653382b1512fd893fda45260071da58a
E1,gaussian_noise,1,partial_channel,0.05,1.0,,12,2,0.5499999999999949,2000,0.10849056603773585,0.01532258064516129,212,1240,0.15748358595371245,99fc6ef526bc821b82a48435c0a11457653382b1512fd893fda45260071da58a
E1,gaussian_noise,1,partial_channel,0.05,1.0,,12,3,0.40000000000000036,2000,0.08962264150943396,0.016935483870967744,212,1240,0.08974187076091766,99fc6ef526bc821b82a48435c0a11457653382b1512fd893fda45260071da58a
E1,gaussian_noise,1,partial_channel,0.05,1.0,,12,4,0.40000000000000036,2000,0.10377358490566038,0.016935483870967744,212,1240,0.11475974768400192,99fc6ef526bc821b82a48435c0a11457653382b1512fd893fda45260071da58a
E1,gaussian_noise,1,partial_channel,0.1,1.0,,12,0,1.2499999999999956,2000,0.16981132075471697,0.018548387096774192,212,1240,0.2437673910856247,99fc6ef526bc821b82a48435c0a11457653382b1512fd893fda45260071da58a
E1,gaussian_noise,1,partial_channel,0.1,1.0,,12,1,1.5499999999999958,2000,0.21226415094339623,0.021774193548387097,212,1240,0.24515518194437028,99fc6ef526bc821b82a48435c0a11457653382b1512fd893fda45260071da58a
E1,gaussian_noise,1,partial_channel,0.1,1.0,,12,2,1.1499999999999955,2000,0.15566037735849056,0.020967741935483872,212,1240,0.2386649034023285,99fc6ef526bc821b82a48435c0a11457653382b1512fd893fda45260071da58a
E1,gaussian_noise,1,partial_channel,0.1,1.0,,12,3,0.8499999999999952,2000,0.14150943396226415,0.02258064516129032,212,1240,0.2018120375275612,99fc6ef526bc821b82a48435c0a11457653382b1512fd893fda45260071da58a
E1,gaussian_noise,1,partial_channel,0.1,1.0,,12,4,1.100000000000001,2000,0.1650943396226415,0.018548387096774192,212,1240,0.23412669682502746,99fc6ef526bc821b82a48435c0a11457653382b1512fd893fda45260071da58a
E1,gaussian_noise,1,partial_channel,0.2,1.0,,12,0,2.2499999999999964,2000,0.2830188679245283,0.02258064516129032,212,1240,0.49108734405040744,99fc6ef526bc821b82a48435c0a11457653382b1512fd893fda45260071da58a
E1,gaussian_noise,1,partial_channel,0.2,1.0,,12,1,2.749999999999997,2000,0.32547169811320753,0.020967741935483872,212,1240,0.5190787324905396,99fc6ef526bc821b82a48435c0a11457653382b1512fd893fda45260071da58a
E1,gaussian_noise,1,partial_channel,0.2,1.0,,12,2,2.300000000000002,2000,0.25943396226415094,0.020161290322580645,212,1240,0.42868791699409486,99fc6ef526bc821b82a48435c0a11457653382b1512fd893fda45260071da58a
E1,gaussian_noise,1,partial_channel,0.2,1.0,,12,3,2.4499999999999966,2000,0.2971698113207547,0.027419354838709678,212,1240,0.4785835906267166,99fc6ef526bc821b82a48435c0a11457653382b1512fd893fda45260071da58a
E1,gaussian_noise,1,partial_channel,0.2,1.0,,12,4,2.200000000000002,2000,0.25943396226415094,0.018548387096774192,212,1240,0.4502867125272751,99fc6ef526bc821b82a48435c0a11457653382b1512fd893fda45260071da58a
E1,gaussian_noise,1,partial_channel,0.01,1.0,,13,0,0.2500000000000058,2000,0.03773584905660377,0.004838709677419355,212,1240,0.026700540840625762,99fc6ef526bc821b82a48435c0a11457653382b1512fd893fda45260071da58a
E1,gaussian_noise,1,partial_channel,0.01,1.0,,13,1,0.20000000000000018,2000,0.04245283018867924,0.007258064516129033,212,1240,0.02602882033586502,99fc6ef526bc821b82a48435c0a11457653382b1512fd893fda45260071da58a
E1,gaussian_noise,1,partial_channel,0.01,1.0,,13,2,0.10000000000000009,2000,0.02830188679245283,0.0064516129032258064,212,1240,0.032944070160388944,99fc6ef526bc821b82a48435c0a11457653382b1512fd893fda45260071da58a
E1,gaussian_noise,1,partial_channel,0.01,1.0,,13,3,0.2500000000000058,2000,0.05188679245283019,0.008870967741935484,212,1240,0.03558128875494003,99fc6ef526bc821b82a48435c0a11457653382b1512fd893fda45260071da58a
E1,gaussian_noise,1,partial_channel,0.01,1.0,,13,4,-0.20000000000000018,2000,0.0330188679245283,0.01129032258064516,212,1240,0.01387128609418869,99fc6ef526bc821b82a48435c0a11457653382b1512fd893fda45260071da58a
E1,gaussian_noise,1,partial_channel,0.05,1.0,,13,0,0.6000000000000005,2000,0.1320754716981132,0.018548387096774192,212,1240,0.11913751554489135,99fc6ef526bc821b82a48435c0a11457653382b1512fd893fda45260071da58a
E1,gaussian_noise,1,partial_channel,0.05,1.0,,13,1,1.200000000000001,2000,0.13679245283018868,0.01129032258064516,212,1240,0.17921658897399903,99fc6ef526bc821b82a48435c0a11457653382b1512fd893fda45260071da58a
E1,gaussian_noise,1,partial_channel,0.05,1.0,,13,2,0.9499999999999953,2000,0.14150943396226415,0.017741935483870968,212,1240,0.1201083060503006,99fc6ef526bc821b82a48435c0a11457653382b1512fd893fda45260071da58a
E1,gaussian_noise,1,partial_channel,0.05,1.0,,13,3,0.30000000000000027,2000,0.09433962264150944,0.018548387096774192,212,1240,0.129095348238945,99fc6ef526bc821b82a48435c0a11457653382b1512fd893fda45260071da58a
E1,gaussian_noise,1,partial_channel,0.05,1.0,,13,4,0.30000000000000027,2000,0.1179245283018868,0.020161290322580645,212,1240,0.12131779181957245,99fc6ef526bc821b82a48435c0a11457653382b1512fd893fda45260071da58a
E1,gaussian_noise,1,partial_channel,0.1,1.0,,13,0,1.8000000000000016,2000,0.2169811320754717,0.021774193548387097,212,1240,0.19490570551156997,99fc6ef526bc821b82a48435c0a11457653382b1512fd893fda45260071da58a
E1,gaussian_noise,1,partial_channel,0.1,1.0,,13,1,1.9000000000000017,2000,0.20754716981132076,0.016129032258064516,212,1240,0.2742855226397514,99fc6ef526bc821b82a48435c0a11457653382b1512fd893fda45260071da58a
E1,gaussian_noise,1,partial_channel,0.1,1.0,,13,2,1.3000000000000012,2000,0.18396226415094338,0.018548387096774192,212,1240,0.25656122344732285,99fc6ef526bc821b82a48435c0a11457653382b1512fd893fda45260071da58a
E1,gaussian_noise,1,partial_channel,0.1,1.0,,13,3,1.649999999999996,2000,0.21226415094339623,0.020967741935483872,212,1240,0.21853624057769774,99fc6ef526bc821b82a48435c0a11457653382b1512fd893fda45260071da58a
E1,gaussian_noise,1,partial_channel,0.1,1.0,,13,4,1.100000000000001,2000,0.19811320754716982,0.02338709677419355,212,1240,0.2571446055173874,99fc6ef526bc821b82a48435c0a11457653382b1512fd893fda45260071da58a
E1,gaussian_noise,1,partial_channel,0.2,1.0,,13,0,2.500000000000002,2000,0.2971698113207547,0.025806451612903226,212,1240,0.4324538957476616,99fc6ef526bc821b82a48435c0a11457653382b1512fd893fda45260071da58a
E1,gaussian_noise,1,partial_channel,0.2,1.0,,13,1,2.3499999999999965,2000,0.2641509433962264,0.024193548387096774,212,1240,0.4577755028009415,99fc6ef526bc821b82a48435c0a11457653382b1512fd893fda45260071da58a
E1,gaussian_noise,1,partial_channel,0.2,1.0,,13,2,3.2499999999999973,2000,0.3160377358490566,0.018548387096774192,212,1240,0.4942365410923958,99fc6ef526bc821b82a48435c0a11457653382b1512fd893fda45260071da58a
E1,gaussian_noise,1,partial_channel,0.2,1.0,,13,3,1.9000000000000017,2000,0.29245283018867924,0.028225806451612902,212,1240,0.4060373360514641,99fc6ef526bc821b82a48435c0a11457653382b1512fd893fda45260071da58a
E1,gaussian_noise,1,partial_channel,0.2,1.0,,13,4,2.2499999999999964,2000,0.30660377358490565,0.028225806451612902,212,1240,0.4615961135625839,99fc6ef526bc821b82a48435c0a11457653382b1512fd893fda45260071da58a
E1,gaussian_noise,1,partial_channel,0.01,1.0,,14,0,-0.10000000000000009,2000,0.02358490566037736,0.008064516129032258,212,1240,0.014746015310287476,99fc6ef526bc821b82a48435c0a11457653382b1512fd893fda45260071da58a
E1,gaussian_noise,1,partial_channel,0.01,1.0,,14,1,0.45000000000000595,2000,0.06132075471698113,0.0064516129032258064,212,1240,0.034206143021583556,99fc6ef526bc821b82a48435c0a11457653382b1512fd893fda45260071da58a
E1,gaussian_noise,1,partial_channel,0.01,1.0,,14,2,0.050000000000005596,2000,0.0330188679245283,0.00564516129032258,212,1240,0.033163778960704805,99fc6ef526bc821b82a48435c0a11457653382b1512fd893fda45260071da58a
E1,gaussian_noise,1,partial_channel,0.01,1.0,,14,3,-0.04999999999999449,2000,0.018867924528301886,0.004838709677419355,212,1240,0.02765886002779007,99fc6ef526bc821b82a48435c0a11457653382b1512fd893fda45260071da58a
E1,gaussian_noise,1,partial_channel,0.01,1.0,,14,4,0.10000000000000009,2000,0.04716981132075472,0.008870967741935484,212,1240,0.01992487931251526,99fc6ef526bc821b82a48435c0a11457653382b1512fd893fda45260071da58a
E1,gaussian_noise,1,partial_channel,0.05,1.0,,14,0,1.3000000000000012,2000,0.13679245283018868,0.012096774193548387,212,1240,0.12250257778167725,99fc6ef526bc821b82a48435c0a11457653382b1512fd893fda45260071da58a
E1,gaussian_noise,1,partial_channel,0.05,1.0,,14,1,1.3499999999999956,2000,0.14622641509433962,0.010483870967741936,212,1240,0.16089596170186996,99fc6ef526bc821b82a48435c0a11457653382b1512fd893fda45260071da58a
E1,gaussian_noise,1,partial_channel,0.05,1.0,,14,2,0.8000000000000007,2000,0.14622641509433962,0.017741935483870968,212,1240,0.10375254482030868,99fc6ef526bc821b82a48435c0a11457653382b1512fd893fda45260071da58a
E1,gaussian_noise,1,partial_channel,0.05,1.0,,14,3,0.30000000000000027,2000,0.09433962264150944,0.014516129032258065,212,1240,0.10925832420587539,99fc6ef526bc821b82a48435c0a11457653382b1512fd893fda45260071da58a
E1,gaussian_noise,1,partial_channel,0.05,1.0,,14,4,0.649999999999995,2000,0.1179245283018868,0.014516129032258065,212,1240,0.1316872670650482,99fc6ef526bc821b82a48435c0a11457653382b1512fd893fda45260071da58a
E1,gaussian_noise,1,partial_channel,0.1,1.0,,14,0,1.9000000000000017,2000,0.19339622641509435,0.01532258064516129,212,1240,0.23454115921258925,99fc6ef526bc821b82a48435c0a11457653382b1512fd893fda45260071da58a
E1,gaussian_noise,1,partial_channel,0.1,1.0,,14,1,1.3499999999999956,2000,0.18867924528301888,0.01935483870967742,212,1240,0.25086532956361773,99fc6ef526bc821b82a48435c0a11457653382b1512fd893fda45260071da58a
E1,gaussian_noise,1,partial_channel,0.1,1.0,,14,2,0.9000000000000008,2000,0.16037735849056603,0.016935483870967744,212,1240,0.17173295426368712,99fc6ef526bc821b82a48435c0a11457653382b1512fd893fda45260071da58a
E1,gaussian_noise,1,partial_channel,0.1,1.0,,14,3,1.7000000000000015,2000,0.20754716981132076,0.016129032258064516,212,1240,0.2475683115720749,99fc6ef526bc821b82a48435c0a11457653382b1512fd893fda45260071da58a
E1,gaussian_noise,1,partial_channel,0.1,1.0,,14,4,1.7000000000000015,2000,0.18396226415094338,0.012096774193548387,212,1240,0.24639301776885986,99fc6ef526bc821b82a48435c0a11457653382b1512fd893fda45260071da58a
E1,gaussian_noise,1,partial_channel,0.2,1.0,,14,0,2.9000000000000026,2000,0.2971698113207547,0.020161290322580645,212,1240,0.4558860395550728,99fc6ef526bc821b82a48435c0a11457653382b1512fd893fda45260071da58a
E1,gaussian_noise,1,partial_channel,0.2,1.0,,14,1,2.2499999999999964,2000,0.2830188679245283,0.02661290322580645,212,1240,0.4668339095711708,99fc6ef526bc821b82a48435c0a11457653382b1512fd893fda45260071da58a
E1,gaussian_noise,1,partial_channel,0.2,1.0,,14,2,2.0000000000000018,2000,0.25471698113207547,0.02661290322580645,212,1240,0.38312944811582567,99fc6ef526bc821b82a48435c0a11457653382b1512fd893fda45260071da58a
E1,gaussian_noise,1,partial_channel,0.2,1.0,,14,3,2.4499999999999966,2000,0.3113207547169811,0.02258064516129032,212,1240,0.437175274848938,99fc6ef526bc821b82a48435c0a11457653382b1512fd893fda45260071da58a
E1,gaussian_noise,1,partial_channel,0.2,1.0,,14,4,3.1000000000000028,2000,0.3113207547169811,0.017741935483870968,212,1240,0.4426709902882576,99fc6ef526bc821b82a48435c0a11457653382b1512fd893fda45260071da58a
E1,gaussian_noise,1,partial_channel,0.01,1.0,,15,0,-0.20000000000000018,2000,0.018867924528301886,0.008064516129032258,212,1240,0.02048066884279251,99fc6ef526bc821b82a48435c0a11457653382b1512fd893fda45260071da58a
E1,gaussian_noise,1,partial_channel,0.01,1.0,,15,1,0.15000000000000568,2000,0.0330188679245283,0.004032258064516129,212,1240,0.0327840034365654,99fc6ef526bc821b82a48435c0a11457653382b1512fd893fda45260071da58a
E1,gaussian_noise,1,partial_channel,0.01,1.0,,15,2,0.0,2000,0.02830188679245283,0.004838709677419355,212,1240,0.030796466529369355,99fc6ef526bc821b82a48435c0a11457653382b1512fd893fda45260071da58a
E1,gaussian_noise,1,partial_channel,0.01,1.0,,15,3,0.15000000000000568,2000,0.02830188679245283,0.004032258064516129,212,1240,0.019840208649635316,99fc6ef526bc821b82a48435c0a11457653382b1512fd893fda45260071da58a
E1,gaussian_noise,1,partial_channel,0.01,1.0,,15,4,-0.04999999999999449,2000,0.02830188679245283,0.008064516129032258,212,1240,0.016508969724178313,99fc6ef526bc821b82a48435c0a11457653382b1512fd893fda45260071da58a
E1,gaussian_noise,1,partial_channel,0.05,1.0,,15,0,0.9499999999999953,2000,0.10849056603773585,0.00967741935483871,212,1240,0.12727054738998414,99fc6ef526bc821b82a48435c0a11457653382b1512fd893fda45260071da58a
E1,gaussian_noise,1,partial_channel,0.05,1.0,,15,1,1.0499999999999954,2000,0.12264150943396226,0.008064516129032258,212,1240,0.13788748317956925,99fc6ef526bc821b82a48435c0a11457653382b1512fd893fda45260071da58a
E1,gaussian_noise,1,partial_channel,0.05,1.0,,15,2,0.5499999999999949,2000,0.1179245283018868,0.014516129032258065,212,1240,0.13316541600227355,99fc6ef526bc821b82a48435c0a11457653382b1512fd893fda45260071da58a
E1,gaussian_noise,1,partial_channel,0.05,1.0,,15,3,0.35000000000000586,2000,0.09433962264150944,0.01129032258064516,212,1240,0.099224056661129,99fc6ef526bc821b82a48435c0a11457653382b1512fd893fda45260071da58a
E1,gaussian_noise,1,partial_channel,0.05,1.0,,15,4,0.6000000000000005,2000,0.10849056603773585,0.012096774193548387,212,1240,0.11341028183698654,99fc6ef526bc821b82a48435c0a11457653382b1512fd893fda45260071da58a
E1,gaussian_noise,1,partial_channel,0.1,1.0,,15,0,1.3499999999999956,2000,0.1650943396226415,0.012903225806451613,212,1240,0.2275014966726303,99fc6ef526bc821b82a48435c0a11457653382b1512fd893fda45260071da58a
E1,gaussian_noise,1,partial_channel,0.1,1.0,,15,1,1.8000000000000016,2000,0.20754716981132076,0.012903225806451613,212,1240,0.23672274446487426,99fc6ef526bc821b82a48435c0a11457653382b1512fd893fda45260071da58a
E1,gaussian_noise,1,partial_channel,0.1,1.0,,15,2,1.1499999999999955,2000,0.1792452830188679,0.016129032258064516,212,1240,0.22807793158292772,99fc6ef526bc821b82a48435c0a11457653382b1512fd893fda45260071da58a
E1,gaussian_noise,1,partial_channel,0.1,1.0,,15,3,1.849999999999996,2000,0.2028301886792453,0.010483870967741936,212,1240,0.23096136176586152,99fc6ef526bc821b82a48435c0a11457653382b1512fd893fda45260071da58a
E1,gaussian_noise,1,partial_channel,0.1,1.0,,15,4,1.3000000000000012,2000,0.17452830188679244,0.012096774193548387,212,1240,0.22327661955356598,99fc6ef526bc821b82a48435c0a11457653382b1512fd893fda45260071da58a
E1,gaussian_noise,1,partial_channel,0.2,1.0,,15,0,3.2499999999999973,2000,0.3113207547169811,0.012903225806451613,212,1240,0.44677540999650955,99fc6ef526bc821b82a48435c0a11457653382b1512fd893fda45260071da58a
E1,gaussian_noise,1,partial_channel,0.2,1.0,,15,1,2.8000000000000025,2000,0.3113207547169811,0.017741935483870968,212,1240,0.44157222509384153,99fc6ef526bc821b82a48435c0a11457653382b1512fd893fda45260071da58a
E1,gaussian_noise,1,partial_channel,0.2,1.0,,15,2,2.200000000000002,2000,0.3018867924528302,0.02338709677419355,212,1240,0.4458229764103889,99fc6ef526bc821b82a48435c0a11457653382b1512fd893fda45260071da58a
E1,gaussian_noise,1,partial_channel,0.2,1.0,,15,3,2.500000000000002,2000,0.3113207547169811,0.017741935483870968,212,1240,0.44269176590442655,99fc6ef526bc821b82a48435c0a11457653382b1512fd893fda45260071da58a
E1,gaussian_noise,1,partial_channel,0.2,1.0,,15,4,2.6000000000000023,2000,0.2830188679245283,0.016935483870967744,212,1240,0.4358237199783325,99fc6ef526bc821b82a48435c0a11457653382b1512fd893fda45260071da58a
E1,gaussian_noise,1,none,0.01,1.0,,0,0,0.0,2000,0.0,0.0,212,1240,0.0,99fc6ef526bc821b82a48435c0a11457653382b1512fd893fda45260071da58a
E1,gaussian_noise,1,none,0.01,1.0,,1,0,0.0,2000,0.0,0.0,212,1240,0.0,99fc6ef526bc821b82a48435c0a11457653382b1512fd893fda45260071da58a
E1,gaussian_noise,1,none,0.01,1.0,,2,0,0.0,2000,0.0,0.0,212,1240,0.0,99fc6ef526bc821b82a48435c0a11457653382b1512fd893fda45260071da58a
E1,gaussian_noise,1,none,0.01,1.0,,3,0,0.0,2000,0.0,0.0,212,1240,0.0,99fc6ef526bc821b82a48435c0a11457653382b1512fd893fda45260071da58a
E1,gaussian_noise,1,none,0.01,1.0,,4,0,0.0,2000,0.0,0.0,212,1240,0.0,99fc6ef526bc821b82a48435c0a11457653382b1512fd893fda45260071da58a
E1,gaussian_noise,1,none,0.01,1.0,,5,0,0.0,2000,0.0,0.0,212,1240,0.0,99fc6ef526bc821b82a48435c0a11457653382b1512fd893fda45260071da58a
E1,gaussian_noise,1,none,0.01,1.0,,6,0,0.0,2000,0.0,0.0,212,1240,0.0,99fc6ef526bc821b82a48435c0a11457653382b1512fd893fda45260071da58a
E1,gaussian_noise,1,none,0.01,1.0,,7,0,0.0,2000,0.0,0.0,212,1240,0.0,99fc6ef526bc821b82a48435c0a11457653382b1512fd893fda45260071da58a
E1,gaussian_noise,1,none,0.01,1.0,,8,0,0.0,2000,0.0,0.0,212,1240,0.0,99fc6ef526bc821b82a48435c0a11457653382b1512fd893fda45260071da58a
E1,gaussian_noise,1,none,0.01,1.0,,9,0,0.0,2000,0.0,0.0,212,1240,0.0,99fc6ef526bc821b82a48435c0a11457653382b1512fd893fda45260071da58a
E1,gaussian_noise,1,none,0.01,1.0,,10,0,0.0,2000,0.0,0.0,212,1240,0.0,99fc6ef526bc821b82a48435c0a11457653382b1512fd893fda45260071da58a
E1,gaussian_noise,1,none,0.01,1.0,,11,0,0.0,2000,0.0,0.0,212,1240,0.0,99fc6ef526bc821b82a48435c0a11457653382b1512fd893fda45260071da58a
E1,gaussian_noise,1,none,0.01,1.0,,12,0,0.0,2000,0.0,0.0,212,1240,0.0,99fc6ef526bc821b82a48435c0a11457653382b1512fd893fda45260071da58a
E1,gaussian_noise,1,none,0.01,1.0,,13,0,0.0,2000,0.0,0.0,212,1240,0.0,99fc6ef526bc821b82a48435c0a11457653382b1512fd893fda45260071da58a
E1,gaussian_noise,1,none,0.01,1.0,,14,0,0.0,2000,0.0,0.0,212,1240,0.0,99fc6ef526bc821b82a48435c0a11457653382b1512fd893fda45260071da58a
E1,gaussian_noise,1,none,0.01,1.0,,15,0,0.0,2000,0.0,0.0,212,1240,0.0,99fc6ef526bc821b82a48435c0a11457653382b1512fd893fda45260071da58a
E1,gaussian_noise,1,clean_to_clean,0.01,1.0,,0,0,7.550000000000001,2000,1.0,0.049193548387096775,212,1240,1.5396602067351342,99fc6ef526bc821b82a48435c0a11457653382b1512fd893fda45260071da58a
E1,gaussian_noise,1,clean_to_clean,0.01,1.0,,1,0,7.550000000000001,2000,1.0,0.049193548387096775,212,1240,1.5396602067351342,99fc6ef526bc821b82a48435c0a11457653382b1512fd893fda45260071da58a
E1,gaussian_noise,1,clean_to_clean,0.01,1.0,,2,0,7.550000000000001,2000,1.0,0.049193548387096775,212,1240,1.5396602067351342,99fc6ef526bc821b82a48435c0a11457653382b1512fd893fda45260071da58a
E1,gaussian_noise,1,clean_to_clean,0.01,1.0,,3,0,7.550000000000001,2000,1.0,0.049193548387096775,212,1240,1.5396602067351342,99fc6ef526bc821b82a48435c0a11457653382b1512fd893fda45260071da58a
E1,gaussian_noise,1,clean_to_clean,0.01,1.0,,4,0,7.550000000000001,2000,1.0,0.049193548387096775,212,1240,1.5396602067351342,99fc6ef526bc821b82a48435c0a11457653382b1512fd893fda45260071da58a
E1,gaussian_noise,1,clean_to_clean,0.01,1.0,,5,0,7.550000000000001,2000,1.0,0.049193548387096775,212,1240,1.5396602067351342,99fc6ef526bc821b82a48435c0a11457653382b1512fd893fda45260071da58a
E1,gaussian_noise,1,clean_to_clean,0.01,1.0,,6,0,7.550000000000001,2000,1.0,0.049193548387096775,212,1240,1.5396602067351342,99fc6ef526bc821b82a48435c0a11457653382b1512fd893fda45260071da58a
E1,gaussian_noise,1,clean_to_clean,0.01,1.0,,7,0,7.550000000000001,2000,1.0,0.049193548387096775,212,1240,1.5396602067351342,99fc6ef526bc821b82a48435c0a11457653382b1512fd893fda45260071da58a
E1,gaussian_noise,1,clean_to_clean,0.01,1.0,,8,0,7.550000000000001,2000,1.0,0.049193548387096775,212,1240,1.5396602067351342,99fc6ef526bc821b82a48435c0a11457653382b1512fd893fda45260071da58a
E1,gaussian_noise,1,clean_to_clean,0.01,1.0,,9,0,7.550000000000001,2000,1.0,0.049193548387096775,212,1240,1.5396602067351342,99fc6ef526bc821b82a48435c0a11457653382b1512fd893fda45260071da58a
E1,gaussian_noise,1,clean_to_clean,0.01,1.0,,10,0,7.550000000000001,2000,1.0,0.049193548387096775,212,1240,1.5396602067351342,99fc6ef526bc821b82a48435c0a11457653382b1512fd893fda45260071da58a
E1,gaussian_noise,1,clean_to_clean,0.01,1.0,,11,0,7.550000000000001,2000,1.0,0.049193548387096775,212,1240,1.5396602067351342,99fc6ef526bc821b82a48435c0a11457653382b1512fd893fda45260071da58a
E1,gaussian_noise,1,clean_to_clean,0.01,1.0,,12,0,7.550000000000001,2000,1.0,0.049193548387096775,212,1240,1.5396602067351342,99fc6ef526bc821b82a48435c0a11457653382b1512fd893fda45260071da58a
E1,gaussian_noise,1,clean_to_clean,0.01,1.0,,13,0,7.550000000000001,2000,1.0,0.049193548387096775,212,1240,1.5396602067351342,99fc6ef526bc821b82a48435c0a11457653382b1512fd893fda45260071da58a
E1,gaussian_noise,1,clean_to_clean,0.01,1.0,,14,0,7.550000000000001,2000,1.0,0.049193548387096775,212,1240,1.5396602067351342,99fc6ef526bc821b82a48435c0a11457653382b1512fd893fda45260071da58a
E1,gaussian_noise,1,clean_to_clean,0.01,1.0,,15,0,7.550000000000001,2000,1.0,0.049193548387096775,212,1240,1.5396602067351342,99fc6ef526bc821b82a48435c0a11457653382b1512fd893fda45260071da58a
E1,gaussian_noise,1,full_state,0.01,1.0,,0,0,7.550000000000001,2000,1.0,0.049193548387096775,212,1240,1.5396602067351342,99fc6ef526bc821b82a48435c0a11457653382b1512fd893fda45260071da58a
E1,gaussian_noise,1,full_state,0.01,1.0,,1,0,7.550000000000001,2000,1.0,0.049193548387096775,212,1240,1.5396602067351342,99fc6ef526bc821b82a48435c0a11457653382b1512fd893fda45260071da58a
E1,gaussian_noise,1,full_state,0.01,1.0,,2,0,7.550000000000001,2000,1.0,0.049193548387096775,212,1240,1.5396602067351342,99fc6ef526bc821b82a48435c0a11457653382b1512fd893fda45260071da58a
E1,gaussian_noise,1,full_state,0.01,1.0,,3,0,7.550000000000001,2000,1.0,0.049193548387096775,212,1240,1.5396602067351342,99fc6ef526bc821b82a48435c0a11457653382b1512fd893fda45260071da58a
E1,gaussian_noise,1,full_state,0.01,1.0,,4,0,7.550000000000001,2000,1.0,0.049193548387096775,212,1240,1.5396602067351342,99fc6ef526bc821b82a48435c0a11457653382b1512fd893fda45260071da58a
E1,gaussian_noise,1,full_state,0.01,1.0,,5,0,7.550000000000001,2000,1.0,0.049193548387096775,212,1240,1.5396602067351342,99fc6ef526bc821b82a48435c0a11457653382b1512fd893fda45260071da58a
E1,gaussian_noise,1,full_state,0.01,1.0,,6,0,7.550000000000001,2000,1.0,0.049193548387096775,212,1240,1.5396602067351342,99fc6ef526bc821b82a48435c0a11457653382b1512fd893fda45260071da58a
E1,gaussian_noise,1,full_state,0.01,1.0,,7,0,7.550000000000001,2000,1.0,0.049193548387096775,212,1240,1.5396602067351342,99fc6ef526bc821b82a48435c0a11457653382b1512fd893fda45260071da58a
E1,gaussian_noise,1,full_state,0.01,1.0,,8,0,7.550000000000001,2000,1.0,0.049193548387096775,212,1240,1.5396602067351342,99fc6ef526bc821b82a48435c0a11457653382b1512fd893fda45260071da58a
E1,gaussian_noise,1,full_state,0.01,1.0,,9,0,7.550000000000001,2000,1.0,0.049193548387096775,212,1240,1.5396602067351342,99fc6ef526bc821b82a48435c0a11457653382b1512fd893fda45260071da58a
E1,gaussian_noise,1,full_state,0.01,1.0,,10,0,7.550000000000001,2000,1.0,0.049193548387096775,212,1240,1.5396602067351342,99fc6ef526bc821b82a48435c0a11457653382b1512fd893fda45260071da58a
E1,gaussian_noise,1,full_state,0.01,1.0,,11,0,7.550000000000001,2000,1.0,0.049193548387096775,212,1240,1.5396602067351342,99fc6ef526bc821b82a48435c0a11457653382b1512fd893fda45260071da58a
E1,gaussian_noise,1,full_state,0.01,1.0,,12,0,7.550000000000001,2000,1.0,0.049193548387096775,212,1240,1.5396602067351342,99fc6ef526bc821b82a48435c0a11457653382b1512fd893fda45260071da58a
E1,gaussian_noise,1,full_state,0.01,1.0,,13,0,7.550000000000001,2000,1.0,0.049193548387096775,212,1240,1.5396602067351342,99fc6ef526bc821b82a48435c0a11457653382b1512fd893fda45260071da58a
E1,gaussian_noise,1,full_state,0.01,1.0,,14,0,7.550000000000001,2000,1.0,0.049193548387096775,212,1240,1.5396602067351342,99fc6ef526bc821b82a48435c0a11457653382b1512fd893fda45260071da58a
E1,gaussian_noise,1,full_state,0.01,1.0,,15,0,7.550000000000001,2000,1.0,0.049193548387096775,212,1240,1.5396602067351342,99fc6ef526bc821b82a48435c0a11457653382b1512fd893fda45260071da58a
E1,gaussian_noise,1,random_direction,0.01,1.0,,0,0,-0.14999999999999458,2000,0.009433962264150943,0.004838709677419355,212,1240,-0.01149183201789856,99fc6ef526bc821b82a48435c0a11457653382b1512fd893fda45260071da58a
E1,gaussian_noise,1,random_direction,0.01,1.0,,1,0,-0.34999999999999476,2000,0.0047169811320754715,0.007258064516129033,212,1240,-0.009705785810947418,99fc6ef526bc821b82a48435c0a11457653382b1512fd893fda45260071da58a
E1,gaussian_noise,1,random_direction,0.01,1.0,,2,0,-0.34999999999999476,2000,0.009433962264150943,0.008064516129032258,212,1240,-0.0024474748969078065,99fc6ef526bc821b82a48435c0a11457653382b1512fd893fda45260071da58a
E1,gaussian_noise,1,random_direction,0.01,1.0,,3,0,-0.10000000000000009,2000,0.014150943396226415,0.0064516129032258064,212,1240,-0.008947773694992065,99fc6ef526bc821b82a48435c0a11457653382b1512fd893fda45260071da58a
E1,gaussian_noise,1,random_direction,0.01,1.0,,4,0,-0.20000000000000018,2000,0.014150943396226415,0.008064516129032258,212,1240,-0.013389621019363404,99fc6ef526bc821b82a48435c0a11457653382b1512fd893fda45260071da58a
E1,gaussian_noise,1,random_direction,0.01,1.0,,5,0,-0.10000000000000009,2000,0.018867924528301886,0.007258064516129033,212,1240,-0.013941658496856689,99fc6ef526bc821b82a48435c0a11457653382b1512fd893fda45260071da58a
E1,gaussian_noise,1,random_direction,0.01,1.0,,6,0,-0.34999999999999476,2000,0.009433962264150943,0.008870967741935484,212,1240,-0.01039273899793625,99fc6ef526bc821b82a48435c0a11457653382b1512fd893fda45260071da58a
E1,gaussian_noise,1,random_direction,0.01,1.0,,7,0,0.050000000000005596,2000,0.014150943396226415,0.004032258064516129,212,1240,-0.001979103922843933,99fc6ef526bc821b82a48435c0a11457653382b1512fd893fda45260071da58a
E1,gaussian_noise,1,random_direction,0.01,1.0,,8,0,0.0,2000,0.018867924528301886,0.00564516129032258,212,1240,-0.007256485402584076,99fc6ef526bc821b82a48435c0a11457653382b1512fd893fda45260071da58a
E1,gaussian_noise,1,random_direction,0.01,1.0,,9,0,0.050000000000005596,2000,0.014150943396226415,0.0032258064516129032,212,1240,-0.004353780090808868,99fc6ef526bc821b82a48435c0a11457653382b1512fd893fda45260071da58a
E1,gaussian_noise,1,random_direction,0.01,1.0,,10,0,-0.10000000000000009,2000,0.009433962264150943,0.00564516129032258,212,1240,-0.0010417688488960266,99fc6ef526bc821b82a48435c0a11457653382b1512fd893fda45260071da58a
E1,gaussian_noise,1,random_direction,0.01,1.0,,11,0,-0.10000000000000009,2000,0.014150943396226415,0.00564516129032258,212,1240,0.0012739479541778564,99fc6ef526bc821b82a48435c0a11457653382b1512fd893fda45260071da58a
E1,gaussian_noise,1,random_direction,0.01,1.0,,12,0,0.0,2000,0.014150943396226415,0.004838709677419355,212,1240,0.003682509958744049,99fc6ef526bc821b82a48435c0a11457653382b1512fd893fda45260071da58a
E1,gaussian_noise,1,random_direction,0.01,1.0,,13,0,-0.20000000000000018,2000,0.018867924528301886,0.008064516129032258,212,1240,-0.0001354866623878479,99fc6ef526bc821b82a48435c0a11457653382b1512fd893fda45260071da58a
E1,gaussian_noise,1,random_direction,0.01,1.0,,14,0,-0.34999999999999476,2000,0.0047169811320754715,0.0064516129032258064,212,1240,-0.0006483418941497802,99fc6ef526bc821b82a48435c0a11457653382b1512fd893fda45260071da58a
E1,gaussian_noise,1,random_direction,0.01,1.0,,15,0,-0.34999999999999476,2000,0.0047169811320754715,0.0064516129032258064,212,1240,0.0004098969101905823,99fc6ef526bc821b82a48435c0a11457653382b1512fd893fda45260071da58a
E1,gaussian_noise,1,shuffled_donor,0.01,1.0,,0,0,-0.44999999999999485,2000,0.07547169811320754,0.025,212,1240,-0.12057224243879318,99fc6ef526bc821b82a48435c0a11457653382b1512fd893fda45260071da58a
E1,gaussian_noise,1,shuffled_donor,0.01,1.0,,1,0,-0.7499999999999951,2000,0.05188679245283019,0.025806451612903226,212,1240,-0.08627367335557938,99fc6ef526bc821b82a48435c0a11457653382b1512fd893fda45260071da58a
E1,gaussian_noise,1,shuffled_donor,0.01,1.0,,2,0,-0.7000000000000006,2000,0.04716981132075472,0.024193548387096774,212,1240,-0.06981597983837128,99fc6ef526bc821b82a48435c0a11457653382b1512fd893fda45260071da58a
E1,gaussian_noise,1,shuffled_donor,0.01,1.0,,3,0,-0.10000000000000009,2000,0.08018867924528301,0.024193548387096774,212,1240,-0.06552165967226029,99fc6ef526bc821b82a48435c0a11457653382b1512fd893fda45260071da58a
E1,gaussian_noise,1,shuffled_donor,0.01,1.0,,4,0,-0.24999999999999467,2000,0.07075471698113207,0.02258064516129032,212,1240,-0.05542749226093292,99fc6ef526bc821b82a48435c0a11457653382b1512fd893fda45260071da58a
E1,gaussian_noise,1,shuffled_donor,0.01,1.0,,5,0,-0.30000000000000027,2000,0.07075471698113207,0.02258064516129032,212,1240,-0.05099557226896286,99fc6ef526bc821b82a48435c0a11457653382b1512fd893fda45260071da58a
E1,gaussian_noise,1,shuffled_donor,0.01,1.0,,6,0,-0.30000000000000027,2000,0.0660377358490566,0.02338709677419355,212,1240,-0.045095926582813264,99fc6ef526bc821b82a48435c0a11457653382b1512fd893fda45260071da58a
E1,gaussian_noise,1,shuffled_donor,0.01,1.0,,7,0,-0.10000000000000009,2000,0.07075471698113207,0.021774193548387097,212,1240,-0.041509273767471315,99fc6ef526bc821b82a48435c0a11457653382b1512fd893fda45260071da58a
E1,gaussian_noise,1,shuffled_donor,0.01,1.0,,8,0,0.40000000000000036,2000,0.10377358490566038,0.018548387096774192,212,1240,-0.025777459144592285,99fc6ef526bc821b82a48435c0a11457653382b1512fd893fda45260071da58a
E1,gaussian_noise,1,shuffled_donor,0.01,1.0,,9,0,0.0,2000,0.07547169811320754,0.018548387096774192,212,1240,-0.03399967688322067,99fc6ef526bc821b82a48435c0a11457653382b1512fd893fda45260071da58a
E1,gaussian_noise,1,shuffled_donor,0.01,1.0,,10,0,0.0,2000,0.08490566037735849,0.020967741935483872,212,1240,-0.02645348048210144,99fc6ef526bc821b82a48435c0a11457653382b1512fd893fda45260071da58a
E1,gaussian_noise,1,shuffled_donor,0.01,1.0,,11,0,-0.20000000000000018,2000,0.08490566037735849,0.024193548387096774,212,1240,-0.027574456870555878,99fc6ef526bc821b82a48435c0a11457653382b1512fd893fda45260071da58a
E1,gaussian_noise,1,shuffled_donor,0.01,1.0,,12,0,-0.14999999999999458,2000,0.07075471698113207,0.021774193548387097,212,1240,-0.04134505021572113,99fc6ef526bc821b82a48435c0a11457653382b1512fd893fda45260071da58a
E1,gaussian_noise,1,shuffled_donor,0.01,1.0,,13,0,-0.04999999999999449,2000,0.07075471698113207,0.01935483870967742,212,1240,-0.04358060067892074,99fc6ef526bc821b82a48435c0a11457653382b1512fd893fda45260071da58a
E1,gaussian_noise,1,shuffled_donor,0.01,1.0,,14,0,0.10000000000000009,2000,0.04245283018867924,0.012096774193548387,212,1240,-0.046363404750823976,99fc6ef526bc821b82a48435c0a11457653382b1512fd893fda45260071da58a
E1,gaussian_noise,1,shuffled_donor,0.01,1.0,,15,0,0.050000000000005596,2000,0.02358490566037736,0.008064516129032258,212,1240,-0.043055694937705995,99fc6ef526bc821b82a48435c0a11457653382b1512fd893fda45260071da58a
E1,gaussian_noise,3,partial_channel,0.01,1.0,,0,0,0.7999999999999952,2000,0.04038461538461539,0.015102481121898598,520,927,0.0737926453948021,99fc6ef526bc821b82a48435c0a11457653382b1512fd893fda45260071da58a
E1,gaussian_noise,3,partial_channel,0.01,1.0,,0,1,0.5000000000000004,2000,0.08653846153846154,0.05177993527508091,520,927,0.10740882951021194,99fc6ef526bc821b82a48435c0a11457653382b1512fd893fda45260071da58a
E1,gaussian_noise,3,partial_channel,0.01,1.0,,0,2,0.20000000000000018,2000,0.046153846153846156,0.028047464940668825,520,927,-0.009851686894893645,99fc6ef526bc821b82a48435c0a11457653382b1512fd893fda45260071da58a
E1,gaussian_noise,3,partial_channel,0.01,1.0,,0,3,-0.10000000000000009,2000,0.025,0.018338727076591153,520,927,0.01664867788553238,99fc6ef526bc821b82a48435c0a11457653382b1512fd893fda45260071da58a
E1,gaussian_noise,3,partial_channel,0.01,1.0,,0,4,0.6999999999999951,2000,0.032692307692307694,0.011866235167206042,520,927,0.07744324547052384,99fc6ef526bc821b82a48435c0a11457653382b1512fd893fda45260071da58a
E1,gaussian_noise,3,partial_channel,0.05,1.0,,0,0,0.9499999999999953,2000,0.09230769230769231,0.042071197411003236,520,927,0.16658063489198685,99fc6ef526bc821b82a48435c0a11457653382b1512fd893fda45260071da58a
E1,gaussian_noise,3,partial_channel,0.05,1.0,,0,1,0.5000000000000004,2000,0.11153846153846154,0.06472491909385113,520,927,0.21277608984708787,99fc6ef526bc821b82a48435c0a11457653382b1512fd893fda45260071da58a
E1,gaussian_noise,3,partial_channel,0.05,1.0,,0,2,-1.6500000000000015,2000,0.12692307692307692,0.13052858683926646,520,927,-0.2791702470779419,99fc6ef526bc821b82a48435c0a11457653382b1512fd893fda45260071da58a
E1,gaussian_noise,3,partial_channel,0.05,1.0,,0,3,0.8499999999999952,2000,0.057692307692307696,0.018338727076591153,520,927,0.18298060935735702,99fc6ef526bc821b82a48435c0a11457653382b1512fd893fda45260071da58a
E1,gaussian_noise,3,partial_channel,0.05,1.0,,0,4,0.8499999999999952,2000,0.0673076923076923,0.028047464940668825,520,927,0.12855145615339278,99fc6ef526bc821b82a48435c0a11457653382b1512fd893fda45260071da58a
E1,gaussian_noise,3,partial_channel,0.1,1.0,,0,0,0.6999999999999951,2000,0.10192307692307692,0.04962243797195254,520,927,0.19897049003839493,99fc6ef526bc821b82a48435c0a11457653382b1512fd893fda45260071da58a
E1,gaussian_noise,3,partial_channel,0.1,1.0,,0,1,2.399999999999997,2000,0.20961538461538462,0.08845738942826321,520,927,0.39482395827770234,99fc6ef526bc821b82a48435c0a11457653382b1512fd893fda45260071da58a
E1,gaussian_noise,3,partial_channel,0.1,1.0,,0,2,-2.8500000000000023,2000,0.16153846153846155,0.17367853290183388,520,927,-0.5166391983628273,99fc6ef526bc821b82a48435c0a11457653382b1512fd893fda45260071da58a
E1,gaussian_noise,3,partial_channel,0.1,1.0,,0,3,0.2500000000000002,2000,0.10384615384615385,0.06472491909385113,520,927,0.1511580598950386,99fc6ef526bc821b82a48435c0a11457653382b1512fd893fda45260071da58a
E1,gaussian_noise,3,partial_channel,0.1,1.0,,0,4,0.9499999999999953,2000,0.09807692307692308,0.045307443365695796,520,927,0.2047953318953514,99fc6ef526bc821b82a48435c0a11457653382b1512fd893fda45260071da58a
E1,gaussian_noise,3,partial_channel,0.2,1.0,,0,0,1.8999999999999961,2000,0.20961538461538462,0.10355987055016182,520,927,0.22767994070053102,99fc6ef526bc821b82a48435c0a11457653382b1512fd893fda45260071da58a
E1,gaussian_noise,3,partial_channel,0.2,1.0,,0,1,2.399999999999997,2000,0.2076923076923077,0.09169363538295577,520,927,0.49974658018350604,99fc6ef526bc821b82a48435c0a11457653382b1512fd893fda45260071da58a
E1,gaussian_noise,3,partial_channel,0.2,1.0,,0,2,0.599999999999995,2000,0.23076923076923078,0.13915857605177995,520,927,0.02498549348115921,99fc6ef526bc821b82a48435c0a11457653382b1512fd893fda45260071da58a
E1,gaussian_noise,3,partial_channel,0.2,1.0,,0,3,3.8999999999999924,2000,0.3173076923076923,0.12081984897518878,520,927,0.3221226037144661,99fc6ef526bc821b82a48435c0a11457653382b1512fd893fda45260071da58a
E1,gaussian_noise,3,partial_channel,0.2,1.0,,0,4,-3.8000000000000034,2000,0.16538461538461538,0.19741100323624594,520,927,-0.6084194192290306,99fc6ef526bc821b82a48435c0a11457653382b1512fd893fda45260071da58a
E1,gaussian_noise,3,partial_channel,0.01,1.0,,1,0,0.40000000000000036,2000,0.03461538461538462,0.018338727076591153,520,927,0.062163944959640505,99fc6ef526bc821b82a48435c0a11457653382b1512fd893fda45260071da58a
E1,gaussian_noise,3,partial_channel,0.01,1.0,,1,1,-0.5500000000000005,2000,0.013461538461538462,0.023732470334412083,520,927,-0.014603096783161164,99fc6ef526bc821b82a48435c0a11457653382b1512fd893fda45260071da58a
E1,gaussian_noise,3,partial_channel,0.01,1.0,,1,2,0.20000000000000018,2000,0.038461538461538464,0.021574973031283712,520,927,-0.012684210598468781,99fc6ef526bc821b82a48435c0a11457653382b1512fd893fda45260071da58a
E1,gaussian_noise,3,partial_channel,0.01,1.0,,1,3,0.15000000000000013,2000,0.025,0.011866235167206042,520,927,0.019615827798843383,99fc6ef526bc821b82a48435c0a11457653382b1512fd893fda45260071da58a
E1,gaussian_noise,3,partial_channel,0.01,1.0,,1,4,0.649999999999995,2000,0.028846153846153848,0.012944983818770227,520,927,0.06332754057645798,99fc6ef526bc821b82a48435c0a11457653382b1512fd893fda45260071da58a
E1,gaussian_noise,3,partial_channel,0.05,1.0,,1,0,0.649999999999995,2000,0.07307692307692308,0.036677454153182305,520,927,0.12948616898059845,99fc6ef526bc821b82a48435c0a11457653382b1512fd893fda45260071da58a
E1,gaussian_noise,3,partial_channel,0.05,1.0,,1,1,-0.6500000000000006,2000,0.09230769230769231,0.07982740021574973,520,927,0.0722846610546112,99fc6ef526bc821b82a48435c0a11457653382b1512fd893fda45260071da58a
E1,gaussian_noise,3,partial_channel,0.05,1.0,,1,2,-0.4500000000000004,2000,0.12307692307692308,0.09924487594390508,520,927,0.004125741004943848,99fc6ef526bc821b82a48435c0a11457653382b1512fd893fda45260071da58a
E1,gaussian_noise,3,partial_channel,0.05,1.0,,1,3,1.3499999999999956,2000,0.06923076923076923,0.014023732470334413,520,927,0.2139482445716858,99fc6ef526bc821b82a48435c0a11457653382b1512fd893fda45260071da58a
E1,gaussian_noise,3,partial_channel,0.05,1.0,,1,4,0.8999999999999952,2000,0.06923076923076923,0.03128371089536138,520,927,0.11567687529325485,99fc6ef526bc821b82a48435c0a11457653382b1512fd893fda45260071da58a
E1,gaussian_noise,3,partial_channel,0.1,1.0,,1,0,0.9999999999999953,2000,0.1,0.040992448759439054,520,927,0.15492581242322923,99fc6ef526bc821b82a48435c0a11457653382b1512fd893fda45260071da58a
E1,gaussian_noise,3,partial_channel,0.1,1.0,,1,1,1.5499999999999958,2000,0.175,0.08198489751887811,520,927,0.3458635057210922,99fc6ef526bc821b82a48435c0a11457653382b1512fd893fda45260071da58a
E1,gaussian_noise,3,partial_channel,0.1,1.0,,1,2,-0.9000000000000008,2000,0.17115384615384616,0.13915857605177995,520,927,-0.15539900749921798,99fc6ef526bc821b82a48435c0a11457653382b1512fd893fda45260071da58a
E1,gaussian_noise,3,partial_channel,0.1,1.0,,1,3,1.5499999999999958,2000,0.11730769230769231,0.04422869471413161,520,927,0.290257546544075,99fc6ef526bc821b82a48435c0a11457653382b1512fd893fda45260071da58a
E1,gaussian_noise,3,partial_channel,0.1,1.0,,1,4,0.15000000000000013,2000,0.09038461538461538,0.05717367853290183,520,927,0.063803764462471,99fc6ef526bc821b82a48435c0a11457653382b1512fd893fda45260071da58a
E1,gaussian_noise,3,partial_channel,0.2,1.0,,1,0,3.1499999999999972,2000,0.21923076923076923,0.07766990291262135,520,927,0.481180780172348,99fc6ef526bc821b82a48435c0a11457653382b1512fd893fda45260071da58a
E1,gaussian_noise,3,partial_channel,0.2,1.0,,1,1,3.699999999999992,2000,0.24807692307692308,0.08306364617044229,520,927,0.5592636191248894,99fc6ef526bc821b82a48435c0a11457653382b1512fd893fda45260071da58a
E1,gaussian_noise,3,partial_channel,0.2,1.0,,1,2,1.699999999999996,2000,0.2173076923076923,0.11003236245954692,520,927,0.3089775301218033,99fc6ef526bc821b82a48435c0a11457653382b1512fd893fda45260071da58a
E1,gaussian_noise,3,partial_channel,0.2,1.0,,1,3,3.5499999999999976,2000,0.3057692307692308,0.1262135922330097,520,927,0.3904506837725639,99fc6ef526bc821b82a48435c0a11457653382b1512fd893fda45260071da58a
E1,gaussian_noise,3,partial_channel,0.2,1.0,,1,4,-2.7000000000000024,2000,0.175,0.18015102481121897,520,927,-0.4629144691824913,99fc6ef526bc821b82a48435c0a11457653382b1512fd893fda45260071da58a
E1,gaussian_noise,3,partial_channel,0.01,1.0,,2,0,0.3500000000000003,2000,0.028846153846153848,0.015102481121898598,520,927,0.05152491301298141,99fc6ef526bc821b82a48435c0a11457653382b1512fd893fda45260071da58a
E1,gaussian_noise,3,partial_channel,0.01,1.0,,2,1,-0.050000000000000044,2000,0.023076923076923078,0.020496224379719527,520,927,0.02713111871480942,99fc6ef526bc821b82a48435c0a11457653382b1512fd893fda45260071da58a
E1,gaussian_noise,3,partial_channel,0.01,1.0,,2,2,0.2500000000000002,2000,0.032692307692307694,0.017259978425026967,520,927,-0.010614702105522155,99fc6ef526bc821b82a48435c0a11457653382b1512fd893fda45260071da58a
E1,gaussian_noise,3,partial_channel,0.01,1.0,,2,3,0.20000000000000018,2000,0.025,0.012944983818770227,520,927,0.02361284351348877,99fc6ef526bc821b82a48435c0a11457653382b1512fd893fda45260071da58a
E1,gaussian_noise,3,partial_channel,0.01,1.0,,2,4,0.7499999999999951,2000,0.028846153846153848,0.012944983818770227,520,927,0.07877849662303925,99fc6ef526bc821b82a48435c0a11457653382b1512fd893fda45260071da58a
E1,gaussian_noise,3,partial_channel,0.05,1.0,,2,0,0.3500000000000003,2000,0.075,0.039913700107874865,520,927,0.11908616089820862,99fc6ef526bc821b82a48435c0a11457653382b1512fd893fda45260071da58a
E1,gaussian_noise,3,partial_channel,0.05,1.0,,2,1,0.6999999999999951,2000,0.11538461538461539,0.06364617044228695,520,927,0.11662855076789856,99fc6ef526bc821b82a48435c0a11457653382b1512fd893fda45260071da58a
E1,gaussian_noise,3,partial_channel,0.05,1.0,,2,2,0.9499999999999953,2000,0.13076923076923078,0.07335490830636461,520,927,0.10484668862819671,99fc6ef526bc821b82a48435c0a11457653382b1512fd893fda45260071da58a
E1,gaussian_noise,3,partial_channel,0.05,1.0,,2,3,1.4999999999999958,2000,0.08653846153846154,0.021574973031283712,520,927,0.26346347415447235,99fc6ef526bc821b82a48435c0a11457653382b1512fd893fda45260071da58a
E1,gaussian_noise,3,partial_channel,0.05,1.0,,2,4,1.0499999999999954,2000,0.07307692307692308,0.03559870550161812,520,927,0.14980668246746062,99fc6ef526bc821b82a48435c0a11457653382b1512fd893fda45260071da58a
E1,gaussian_noise,3,partial_channel,0.1,1.0,,2,0,1.3499999999999956,2000,0.11346153846153846,0.04746494066882417,520,927,0.2461288279891014,99fc6ef526bc821b82a48435c0a11457653382b1512fd893fda45260071da58a
E1,gaussian_noise,3,partial_channel,0.1,1.0,,2,1,1.699999999999996,2000,0.17884615384615385,0.07874865156418555,520,927,0.3090611720085144,99fc6ef526bc821b82a48435c0a11457653382b1512fd893fda45260071da58a
E1,gaussian_noise,3,partial_channel,0.1,1.0,,2,2,0.0,2000,0.18076923076923077,0.12297734627831715,520,927,0.055762784540653226,99fc6ef526bc821b82a48435c0a11457653382b1512fd893fda45260071da58a
E1,gaussian_noise,3,partial_channel,0.1,1.0,,2,3,1.8999999999999961,2000,0.1326923076923077,0.04746494066882417,520,927,0.3084990458488464,99fc6ef526bc821b82a48435c0a11457653382b1512fd893fda45260071da58a
E1,gaussian_noise,3,partial_channel,0.1,1.0,,2,4,1.0999999999999954,2000,0.10384615384615385,0.04962243797195254,520,927,0.15595432460308076,99fc6ef526bc821b82a48435c0a11457653382b1512fd893fda45260071da58a
E1,gaussian_noise,3,partial_channel,0.2,1.0,,2,0,4.749999999999998,2000,0.26153846153846155,0.06256742179072276,520,927,0.7019995060563088,99fc6ef526bc821b82a48435c0a11457653382b1512fd893fda45260071da58a
E1,gaussian_noise,3,partial_channel,0.2,1.0,,2,1,3.699999999999992,2000,0.24807692307692308,0.08090614886731391,520,927,0.5352321856021881,99fc6ef526bc821b82a48435c0a11457653382b1512fd893fda45260071da58a
E1,gaussian_noise,3,partial_channel,0.2,1.0,,2,2,2.749999999999997,2000,0.25,0.10895361380798274,520,927,0.49314311873912814,99fc6ef526bc821b82a48435c0a11457653382b1512fd893fda45260071da58a
E1,gaussian_noise,3,partial_channel,0.2,1.0,,2,3,5.049999999999999,2000,0.3230769230769231,0.10895361380798274,520,927,0.6983165886402131,99fc6ef526bc821b82a48435c0a11457653382b1512fd893fda45260071da58a
E1,gaussian_noise,3,partial_channel,0.2,1.0,,2,4,-1.5000000000000013,2000,0.18653846153846154,0.15857605177993528,520,927,-0.22852358359098435,99fc6ef526bc821b82a48435c0a11457653382b1512fd893fda45260071da58a
E1,gaussian_noise,3,partial_channel,0.01,1.0,,3,0,-1.250000000000001,2000,0.021153846153846155,0.045307443365695796,520,927,-0.10911502397060394,99fc6ef526bc821b82a48435c0a11457653382b1512fd893fda45260071da58a
E1,gaussian_noise,3,partial_channel,0.01,1.0,,3,1,-0.6500000000000006,2000,0.021153846153846155,0.032362459546925564,520,927,-0.01410941630601883,99fc6ef526bc821b82a48435c0a11457653382b1512fd893fda45260071da58a
E1,gaussian_noise,3,partial_channel,0.01,1.0,,3,2,0.3500000000000003,2000,0.03461538461538462,0.019417475728155338,520,927,0.04285266888141632,99fc6ef526bc821b82a48435c0a11457653382b1512fd893fda45260071da58a
E1,gaussian_noise,3,partial_channel,0.01,1.0,,3,3,0.15000000000000013,2000,0.032692307692307694,0.019417475728155338,520,927,0.08084615552425385,99fc6ef526bc821b82a48435c0a11457653382b1512fd893fda45260071da58a
E1,gaussian_noise,3,partial_channel,0.01,1.0,,3,4,0.40000000000000036,2000,0.04423076923076923,0.023732470334412083,520,927,0.0778659428358078,99fc6ef526bc821b82a48435c0a11457653382b1512fd893fda45260071da58a
E1,gaussian_noise,3,partial_channel,0.05,1.0,,3,0,-1.4000000000000012,2000,0.06923076923076923,0.0744336569579288,520,927,-0.15871670693159104,99fc6ef526bc821b82a48435c0a11457653382b1512fd893fda45260071da58a
E1,gaussian_noise,3,partial_channel,0.05,1.0,,3,1,-1.5000000000000013,2000,0.1076923076923077,0.10248112189859762,520,927,-0.12921439617872238,99fc6ef526bc821b82a48435c0a11457653382b1512fd893fda45260071da58a
E1,gaussian_noise,3,partial_channel,0.05,1.0,,3,2,1.5999999999999959,2000,0.12307692307692308,0.045307443365695796,520,927,0.16211945378780365,99fc6ef526bc821b82a48435c0a11457653382b1512fd893fda45260071da58a
E1,gaussian_noise,3,partial_channel,0.05,1.0,,3,3,4.299999999999993,2000,0.23461538461538461,0.06364617044228695,520,927,0.5974432491660118,99fc6ef526bc821b82a48435c0a11457653382b1512fd893fda45260071da58a
E1,gaussian_noise,3,partial_channel,0.05,1.0,,3,4,2.1499999999999964,2000,0.11923076923076924,0.032362459546925564,520,927,0.29312012606859206,99fc6ef526bc821b82a48435c0a11457653382b1512fd893fda45260071da58a
E1,gaussian_noise,3,partial_channel,0.1,1.0,,3,0,-0.7500000000000007,2000,0.09423076923076923,0.08414239482200647,520,927,-0.1532731230854988,99fc6ef526bc821b82a48435c0a11457653382b1512fd893fda45260071da58a
E1,gaussian_noise,3,partial_channel,0.1,1.0,,3,1,2.1499999999999964,2000,0.20384615384615384,0.08845738942826321,520,927,0.23857882606983186,99fc6ef526bc821b82a48435c0a11457653382b1512fd893fda45260071da58a
E1,gaussian_noise,3,partial_channel,0.1,1.0,,3,2,3.9999999999999925,2000,0.225,0.06040992448759439,520,927,0.6065403316020965,99fc6ef526bc821b82a48435c0a11457653382b1512fd893fda45260071da58a
E1,gaussian_noise,3,partial_channel,0.1,1.0,,3,3,7.650000000000001,2000,0.3576923076923077,0.06472491909385113,520,927,1.0575264111757279,99fc6ef526bc821b82a48435c0a11457653382b1512fd893fda45260071da58a
E1,gaussian_noise,3,partial_channel,0.1,1.0,,3,4,3.2499999999999973,2000,0.17692307692307693,0.045307443365695796,520,927,0.519087374150753,99fc6ef526bc821b82a48435c0a11457653382b1512fd893fda45260071da58a
E1,gaussian_noise,3,partial_channel,0.2,1.0,,3,0,1.699999999999996,2000,0.2326923076923077,0.11974110032362459,520,927,0.258945019364357,99fc6ef526bc821b82a48435c0a11457653382b1512fd893fda45260071da58a
E1,gaussian_noise,3,partial_channel,0.2,1.0,,3,1,4.499999999999993,2000,0.28076923076923077,0.0744336569579288,520,927,0.6347229517102242,99fc6ef526bc821b82a48435c0a11457653382b1512fd893fda45260071da58a
E1,gaussian_noise,3,partial_channel,0.2,1.0,,3,2,9.949999999999992,2000,0.4,0.045307443365695796,520,927,1.2602984178066254,99fc6ef526bc821b82a48435c0a11457653382b1512fd893fda45260071da58a
E1,gaussian_noise,3,partial_channel,0.2,1.0,,3,3,7.550000000000001,2000,0.38653846153846155,0.08198489751887811,520,927,1.3170769662857056,99fc6ef526bc821b82a48435c0a11457653382b1512fd893fda45260071da58a
E1,gaussian_noise,3,partial_channel,0.2,1.0,,3,4,5.449999999999999,2000,0.3038461538461538,0.07335490830636461,520,927,0.9298600499629974,99fc6ef526bc821b82a48435c0a11457653382b1512fd893fda45260071da58a
E1,gaussian_noise,3,partial_channel,0.01,1.0,,4,0,-0.30000000000000027,2000,0.03461538461538462,0.02912621359223301,520,927,-0.0027691150307655333,99fc6ef526bc821b82a48435c0a11457653382b1512fd893fda45260071da58a
E1,gaussian_noise,3,partial_channel,0.01,1.0,,4,1,-0.5000000000000004,2000,0.021153846153846155,0.02912621359223301,520,927,-0.015378109812736511,99fc6ef526bc821b82a48435c0a11457653382b1512fd893fda45260071da58a
E1,gaussian_noise,3,partial_channel,0.01,1.0,,4,2,0.3500000000000003,2000,0.03653846153846154,0.019417475728155338,520,927,0.044716190397739414,99fc6ef526bc821b82a48435c0a11457653382b1512fd893fda45260071da58a
E1,gaussian_noise,3,partial_channel,0.01,1.0,,4,3,0.0,2000,0.028846153846153848,0.018338727076591153,520,927,0.058743353843688964,99fc6ef526bc821b82a48435c0a11457653382b1512fd893fda45260071da58a
E1,gaussian_noise,3,partial_channel,0.01,1.0,,4,4,0.20000000000000018,2000,0.03461538461538462,0.023732470334412083,520,927,0.04922363144159317,99fc6ef526bc821b82a48435c0a11457653382b1512fd893fda45260071da58a
E1,gaussian_noise,3,partial_channel,0.05,1.0,,4,0,0.4500000000000004,2000,0.09423076923076923,0.05285868392664509,520,927,0.06658509701490402,99fc6ef526bc821b82a48435c0a11457653382b1512fd893fda45260071da58a
E1,gaussian_noise,3,partial_channel,0.05,1.0,,4,1,-1.5000000000000013,2000,0.09423076923076923,0.09600862998921252,520,927,-0.20239798885583876,99fc6ef526bc821b82a48435c0a11457653382b1512fd893fda45260071da58a
E1,gaussian_noise,3,partial_channel,0.05,1.0,,4,2,0.8499999999999952,2000,0.1,0.045307443365695796,520,927,0.08168426090478897,99fc6ef526bc821b82a48435c0a11457653382b1512fd893fda45260071da58a
E1,gaussian_noise,3,partial_channel,0.05,1.0,,4,3,3.049999999999997,2000,0.19423076923076923,0.06580366774541532,520,927,0.46443694454431533,99fc6ef526bc821b82a48435c0a11457653382b1512fd893fda45260071da58a
E1,gaussian_noise,3,partial_channel,0.05,1.0,,4,4,1.9999999999999962,2000,0.11538461538461539,0.03344120819848975,520,927,0.26246050268411636,99fc6ef526bc821b82a48435c0a11457653382b1512fd893fda45260071da58a
E1,gaussian_noise,3,partial_channel,0.1,1.0,,4,0,-1.050000000000001,2000,0.11538461538461539,0.10787486515641856,520,927,-0.16333124548196792,99fc6ef526bc821b82a48435c0a11457653382b1512fd893fda45260071da58a
E1,gaussian_noise,3,partial_channel,0.1,1.0,,4,1,1.3999999999999957,2000,0.19807692307692307,0.10032362459546926,520,927,0.14879394114017486,99fc6ef526bc821b82a48435c0a11457653382b1512fd893fda45260071da58a
E1,gaussian_noise,3,partial_channel,0.1,1.0,,4,2,5.199999999999994,2000,0.2423076923076923,0.04962243797195254,520,927,0.6641840422153473,99fc6ef526bc821b82a48435c0a11457653382b1512fd893fda45260071da58a
E1,gaussian_noise,3,partial_channel,0.1,1.0,,4,3,6.699999999999995,2000,0.3076923076923077,0.05717367853290183,520,927,0.9478332378864288,99fc6ef526bc821b82a48435c0a11457653382b1512fd893fda45260071da58a
E1,gaussian_noise,3,partial_channel,0.1,1.0,,4,4,3.4499999999999975,2000,0.18076923076923077,0.042071197411003236,520,927,0.5032420274615288,99fc6ef526bc821b82a48435c0a11457653382b1512fd893fda45260071da58a
E1,gaussian_noise,3,partial_channel,0.2,1.0,,4,0,2.6999999999999966,2000,0.27115384615384613,0.11758360302049622,520,927,0.3043164759874344,99fc6ef526bc821b82a48435c0a11457653382b1512fd893fda45260071da58a
E1,gaussian_noise,3,partial_channel,0.2,1.0,,4,1,4.399999999999993,2000,0.29423076923076924,0.08522114347357065,520,927,0.7142560748457909,99fc6ef526bc821b82a48435c0a11457653382b1512fd893fda45260071da58a
E1,gaussian_noise,3,partial_channel,0.2,1.0,,4,2,10.199999999999998,2000,0.41923076923076924,0.05070118662351672,520,927,1.4377938082814217,99fc6ef526bc821b82a48435c0a11457653382b1512fd893fda45260071da58a
E1,gaussian_noise,3,partial_channel,0.2,1.0,,4,3,8.05,2000,0.3557692307692308,0.05285868392664509,520,927,1.1761064661741256,99fc6ef526bc821b82a48435c0a11457653382b1512fd893fda45260071da58a
E1,gaussian_noise,3,partial_channel,0.2,1.0,,4,4,5.85,2000,0.3326923076923077,0.08522114347357065,520,927,0.8254038511514664,99fc6ef526bc821b82a48435c0a11457653382b1512fd893fda45260071da58a
E1,gaussian_noise,3,partial_channel,0.01,1.0,,5,0,0.050000000000000044,2000,0.04038461538461539,0.02481121898597627,520,927,0.014222779631614686,99fc6ef526bc821b82a48435c0a11457653382b1512fd893fda45260071da58a
E1,gaussian_noise,3,partial_channel,0.01,1.0,,5,1,-0.15000000000000013,2000,0.023076923076923078,0.025889967637540454,520,927,0.002195634424686432,99fc6ef526bc821b82a48435c0a11457653382b1512fd893fda45260071da58a
E1,gaussian_noise,3,partial_channel,0.01,1.0,,5,2,0.30000000000000027,2000,0.03076923076923077,0.017259978425026967,520,927,0.03025550186634064,99fc6ef526bc821b82a48435c0a11457653382b1512fd893fda45260071da58a
E1,gaussian_noise,3,partial_channel,0.01,1.0,,5,3,0.40000000000000036,2000,0.04038461538461539,0.016181229773462782,520,927,0.08528741002082825,99fc6ef526bc821b82a48435c0a11457653382b1512fd893fda45260071da58a
E1,gaussian_noise,3,partial_channel,0.01,1.0,,5,4,0.30000000000000027,2000,0.023076923076923078,0.012944983818770227,520,927,0.02183333742618561,99fc6ef526bc821b82a48435c0a11457653382b1512fd893fda45260071da58a
E1,gaussian_noise,3,partial_channel,0.05,1.0,,5,0,0.7499999999999951,2000,0.1,0.04854368932038835,520,927,0.12050493991374969,99fc6ef526bc821b82a48435c0a11457653382b1512fd893fda45260071da58a
E1,gaussian_noise,3,partial_channel,0.05,1.0,,5,1,-1.050000000000001,2000,0.10384615384615385,0.09061488673139159,520,927,-0.12211593019962311,99fc6ef526bc821b82a48435c0a11457653382b1512fd893fda45260071da58a
E1,gaussian_noise,3,partial_channel,0.05,1.0,,5,2,0.30000000000000027,2000,0.08076923076923077,0.04746494066882417,520,927,0.06066750031709671,99fc6ef526bc821b82a48435c0a11457653382b1512fd893fda45260071da58a
E1,gaussian_noise,3,partial_channel,0.05,1.0,,5,3,3.1999999999999975,2000,0.19230769230769232,0.0593311758360302,520,927,0.5146901259422302,99fc6ef526bc821b82a48435c0a11457653382b1512fd893fda45260071da58a
E1,gaussian_noise,3,partial_channel,0.05,1.0,,5,4,1.4999999999999958,2000,0.10576923076923077,0.039913700107874865,520,927,0.22411481434106828,99fc6ef526bc821b82a48435c0a11457653382b1512fd893fda45260071da58a
E1,gaussian_noise,3,partial_channel,0.1,1.0,,5,0,-0.3500000000000003,2000,0.12692307692307692,0.0970873786407767,520,927,-0.03723470461368561,99fc6ef526bc821b82a48435c0a11457653382b1512fd893fda45260071da58a
E1,gaussian_noise,3,partial_channel,0.1,1.0,,5,1,1.649999999999996,2000,0.19615384615384615,0.09492988133764833,520,927,0.2372414187192917,99fc6ef526bc821b82a48435c0a11457653382b1512fd893fda45260071da58a
E1,gaussian_noise,3,partial_channel,0.1,1.0,,5,2,4.399999999999993,2000,0.21153846153846154,0.04638619201725998,520,927,0.6677592386603355,99fc6ef526bc821b82a48435c0a11457653382b1512fd893fda45260071da58a
E1,gaussian_noise,3,partial_channel,0.1,1.0,,5,3,6.550000000000001,2000,0.3,0.05285868392664509,520,927,0.9929924208521843,99fc6ef526bc821b82a48435c0a11457653382b1512fd893fda45260071da58a
E1,gaussian_noise,3,partial_channel,0.1,1.0,,5,4,3.5499999999999976,2000,0.19615384615384615,0.05070118662351672,520,927,0.4429464511275291,99fc6ef526bc821b82a48435c0a11457653382b1512fd893fda45260071da58a
E1,gaussian_noise,3,partial_channel,0.2,1.0,,5,0,3.2499999999999973,2000,0.2673076923076923,0.10248112189859762,520,927,0.5171374317407608,99fc6ef526bc821b82a48435c0a11457653382b1512fd893fda45260071da58a
E1,gaussian_noise,3,partial_channel,0.2,1.0,,5,1,4.399999999999993,2000,0.2826923076923077,0.08198489751887811,520,927,0.6501656212806701,99fc6ef526bc821b82a48435c0a11457653382b1512fd893fda45260071da58a
E1,gaussian_noise,3,partial_channel,0.2,1.0,,5,2,8.850000000000001,2000,0.37884615384615383,0.05285868392664509,520,927,1.3022631295919418,99fc6ef526bc821b82a48435c0a11457653382b1512fd893fda45260071da58a
E1,gaussian_noise,3,partial_channel,0.2,1.0,,5,3,7.850000000000001,2000,0.36346153846153845,0.05825242718446602,520,927,1.2545035091042518,99fc6ef526bc821b82a48435c0a11457653382b1512fd893fda45260071da58a
E1,gaussian_noise,3,partial_channel,0.2,1.0,,5,4,7.350000000000001,2000,0.36346153846153845,0.06796116504854369,520,927,0.9777835860252381,99fc6ef526bc821b82a48435c0a11457653382b1512fd893fda45260071da58a
E1,gaussian_noise,3,partial_channel,0.01,1.0,,6,0,-0.3500000000000003,2000,0.03461538461538462,0.028047464940668825,520,927,0.01697695928812027,99fc6ef526bc821b82a48435c0a11457653382b1512fd893fda45260071da58a
E1,gaussian_noise,3,partial_channel,0.01,1.0,,6,1,-0.3500000000000003,2000,0.023076923076923078,0.02696871628910464,520,927,-0.012452655971050263,99fc6ef526bc821b82a48435c0a11457653382b1512fd893fda45260071da58a
E1,gaussian_noise,3,partial_channel,0.01,1.0,,6,2,0.050000000000000044,2000,0.023076923076923078,0.015102481121898598,520,927,0.02109396207332611,99fc6ef526bc821b82a48435c0a11457653382b1512fd893fda45260071da58a
E1,gaussian_noise,3,partial_channel,0.01,1.0,,6,3,0.050000000000000044,2000,0.038461538461538464,0.02481121898597627,520,927,0.09562636572122574,99fc6ef526bc821b82a48435c0a11457653382b1512fd893fda45260071da58a
E1,gaussian_noise,3,partial_channel,0.01,1.0,,6,4,0.0,2000,0.023076923076923078,0.022653721682847898,520,927,0.022408541917800902,99fc6ef526bc821b82a48435c0a11457653382b1512fd893fda45260071da58a
E1,gaussian_noise,3,partial_channel,0.05,1.0,,6,0,1.8999999999999961,2000,0.11346153846153846,0.034519956850053934,520,927,0.21070568776130677,99fc6ef526bc821b82a48435c0a11457653382b1512fd893fda45260071da58a
E1,gaussian_noise,3,partial_channel,0.05,1.0,,6,1,0.0,2000,0.10961538461538461,0.07119741100323625,520,927,-0.05794450849294663,99fc6ef526bc821b82a48435c0a11457653382b1512fd893fda45260071da58a
E1,gaussian_noise,3,partial_channel,0.05,1.0,,6,2,0.20000000000000018,2000,0.08076923076923077,0.05177993527508091,520,927,0.0648863554596901,99fc6ef526bc821b82a48435c0a11457653382b1512fd893fda45260071da58a
E1,gaussian_noise,3,partial_channel,0.05,1.0,,6,3,3.8999999999999924,2000,0.2,0.04854368932038835,520,927,0.5037795820236206,99fc6ef526bc821b82a48435c0a11457653382b1512fd893fda45260071da58a
E1,gaussian_noise,3,partial_channel,0.05,1.0,,6,4,1.2999999999999956,2000,0.10384615384615385,0.040992448759439054,520,927,0.189089696764946,99fc6ef526bc821b82a48435c0a11457653382b1512fd893fda45260071da58a
E1,gaussian_noise,3,partial_channel,0.1,1.0,,6,0,1.699999999999996,2000,0.14807692307692308,0.06364617044228695,520,927,0.22467103904485702,99fc6ef526bc821b82a48435c0a11457653382b1512fd893fda45260071da58a
E1,gaussian_noise,3,partial_channel,0.1,1.0,,6,1,2.4499999999999966,2000,0.21923076923076923,0.08737864077669903,520,927,0.33105188149213793,99fc6ef526bc821b82a48435c0a11457653382b1512fd893fda45260071da58a
E1,gaussian_noise,3,partial_channel,0.1,1.0,,6,2,4.849999999999999,2000,0.21923076923076923,0.037756202804746494,520,927,0.6857975444793701,99fc6ef526bc821b82a48435c0a11457653382b1512fd893fda45260071da58a
E1,gaussian_noise,3,partial_channel,0.1,1.0,,6,3,6.550000000000001,2000,0.29615384615384616,0.04854368932038835,520,927,0.9862660366892815,99fc6ef526bc821b82a48435c0a11457653382b1512fd893fda45260071da58a
E1,gaussian_noise,3,partial_channel,0.1,1.0,,6,4,4.449999999999998,2000,0.20576923076923076,0.03559870550161812,520,927,0.5450128265619278,99fc6ef526bc821b82a48435c0a11457653382b1512fd893fda45260071da58a
E1,gaussian_noise,3,partial_channel,0.2,1.0,,6,0,6.599999999999994,2000,0.3346153846153846,0.07119741100323625,520,927,0.9135293833017349,99fc6ef526bc821b82a48435c0a11457653382b1512fd893fda45260071da58a
E1,gaussian_noise,3,partial_channel,0.2,1.0,,6,1,5.949999999999999,2000,0.31346153846153846,0.07011866235167206,520,927,0.7614051804542542,99fc6ef526bc821b82a48435c0a11457653382b1512fd893fda45260071da58a
E1,gaussian_noise,3,partial_channel,0.2,1.0,,6,2,8.150000000000002,2000,0.3557692307692308,0.05177993527508091,520,927,1.2233227245211602,99fc6ef526bc821b82a48435c0a11457653382b1512fd893fda45260071da58a
E1,gaussian_noise,3,partial_channel,0.2,1.0,,6,3,8.150000000000002,2000,0.36923076923076925,0.05609492988133765,520,927,1.2419647855758666,99fc6ef526bc821b82a48435c0a11457653382b1512fd893fda45260071da58a
E1,gaussian_noise,3,partial_channel,0.2,1.0,,6,4,7.550000000000001,2000,0.36923076923076925,0.06364617044228695,520,927,1.1609352087378502,99fc6ef526bc821b82a48435c0a11457653382b1512fd893fda45260071da58a
E1,gaussian_noise,3,partial_channel,0.01,1.0,,7,0,0.5000000000000004,2000,0.051923076923076926,0.022653721682847898,520,927,0.10259421223402024,99fc6ef526bc821b82a48435c0a11457653382b1512fd893fda45260071da58a
E1,gaussian_noise,3,partial_channel,0.01,1.0,,7,1,0.40000000000000036,2000,0.06153846153846154,0.02912621359223301,520,927,0.12076820480823516,99fc6ef526bc821b82a48435c0a11457653382b1512fd893fda45260071da58a
E1,gaussian_noise,3,partial_channel,0.01,1.0,,7,2,0.20000000000000018,2000,0.028846153846153848,0.018338727076591153,520,927,0.06505297124385834,99fc6ef526bc821b82a48435c0a11457653382b1512fd893fda45260071da58a
E1,gaussian_noise,3,partial_channel,0.01,1.0,,7,3,0.20000000000000018,2000,0.05,0.02912621359223301,520,927,0.09485487931966782,99fc6ef526bc821b82a48435c0a11457653382b1512fd893fda45260071da58a
E1,gaussian_noise,3,partial_channel,0.01,1.0,,7,4,0.40000000000000036,2000,0.046153846153846156,0.022653721682847898,520,927,0.0981993111371994,99fc6ef526bc821b82a48435c0a11457653382b1512fd893fda45260071da58a
E1,gaussian_noise,3,partial_channel,0.05,1.0,,7,0,1.1999999999999955,2000,0.09423076923076923,0.03559870550161812,520,927,0.29923762279748917,99fc6ef526bc821b82a48435c0a11457653382b1512fd893fda45260071da58a
E1,gaussian_noise,3,partial_channel,0.05,1.0,,7,1,2.5499999999999967,2000,0.13653846153846153,0.03344120819848975,520,927,0.4424424244165421,99fc6ef526bc821b82a48435c0a11457653382b1512fd893fda45260071da58a
E1,gaussian_noise,3,partial_channel,0.05,1.0,,7,2,1.9499999999999962,2000,0.11730769230769231,0.034519956850053934,520,927,0.42529993325471876,99fc6ef526bc821b82a48435c0a11457653382b1512fd893fda45260071da58a
E1,gaussian_noise,3,partial_channel,0.05,1.0,,7,3,1.699999999999996,2000,0.10961538461538461,0.03128371089536138,520,927,0.2473237687945366,99fc6ef526bc821b82a48435c0a11457653382b1512fd893fda45260071da58a
E1,gaussian_noise,3,partial_channel,0.05,1.0,,7,4,1.5499999999999958,2000,0.09615384615384616,0.028047464940668825,520,927,0.2935274385213852,99fc6ef526bc821b82a48435c0a11457653382b1512fd893fda45260071da58a
E1,gaussian_noise,3,partial_channel,0.1,1.0,,7,0,4.0999999999999925,2000,0.2076923076923077,0.04422869471413161,520,927,0.643818049967289,99fc6ef526bc821b82a48435c0a11457653382b1512fd893fda45260071da58a
E1,gaussian_noise,3,partial_channel,0.1,1.0,,7,1,5.549999999999999,2000,0.25961538461538464,0.04422869471413161,520,927,0.8804666200876236,99fc6ef526bc821b82a48435c0a11457653382b1512fd893fda45260071da58a
E1,gaussian_noise,3,partial_channel,0.1,1.0,,7,2,4.649999999999999,2000,0.21346153846153845,0.037756202804746494,520,927,0.6983314070105553,99fc6ef526bc821b82a48435c0a11457653382b1512fd893fda45260071da58a
E1,gaussian_noise,3,partial_channel,0.1,1.0,,7,3,4.849999999999999,2000,0.22884615384615384,0.040992448759439054,520,927,0.7841386350393296,99fc6ef526bc821b82a48435c0a11457653382b1512fd893fda45260071da58a
E1,gaussian_noise,3,partial_channel,0.1,1.0,,7,4,3.949999999999998,2000,0.19038461538461537,0.042071197411003236,520,927,0.6198482726216317,99fc6ef526bc821b82a48435c0a11457653382b1512fd893fda45260071da58a
E1,gaussian_noise,3,partial_channel,0.2,1.0,,7,0,7.299999999999995,2000,0.3384615384615385,0.05177993527508091,520,927,1.1367192929387093,99fc6ef526bc821b82a48435c0a11457653382b1512fd893fda45260071da58a
E1,gaussian_noise,3,partial_channel,0.2,1.0,,7,1,9.650000000000002,2000,0.39807692307692305,0.040992448759439054,520,927,1.5137389857172967,99fc6ef526bc821b82a48435c0a11457653382b1512fd893fda45260071da58a
E1,gaussian_noise,3,partial_channel,0.2,1.0,,7,2,7.899999999999996,2000,0.3326923076923077,0.04422869471413161,520,927,1.2930848011374474,99fc6ef526bc821b82a48435c0a11457653382b1512fd893fda45260071da58a
E1,gaussian_noise,3,partial_channel,0.2,1.0,,7,3,8.950000000000003,2000,0.40192307692307694,0.05825242718446602,520,927,1.4737515060305595,99fc6ef526bc821b82a48435c0a11457653382b1512fd893fda45260071da58a
E1,gaussian_noise,3,partial_channel,0.2,1.0,,7,4,7.399999999999995,2000,0.3076923076923077,0.034519956850053934,520,927,1.3019707660079003,99fc6ef526bc821b82a48435c0a11457653382b1512fd893fda45260071da58a
E1,gaussian_noise,3,partial_channel,0.01,1.0,,8,0,0.30000000000000027,2000,0.05,0.023732470334412083,520,927,0.07830418515205383,99fc6ef526bc821b82a48435c0a11457653382b1512fd893fda45260071da58a
E1,gaussian_noise,3,partial_channel,0.01,1.0,,8,1,0.8499999999999952,2000,0.05961538461538462,0.018338727076591153,520,927,0.11544778305292129,99fc6ef526bc821b82a48435c0a11457653382b1512fd893fda45260071da58a
E1,gaussian_noise,3,partial_channel,0.01,1.0,,8,2,0.5499999999999949,2000,0.032692307692307694,0.015102481121898598,520,927,0.07608454036712646,99fc6ef526bc821b82a48435c0a11457653382b1512fd893fda45260071da58a
E1,gaussian_noise,3,partial_channel,0.01,1.0,,8,3,0.40000000000000036,2000,0.032692307692307694,0.017259978425026967,520,927,0.06966598922014236,99fc6ef526bc821b82a48435c0a11457653382b1512fd893fda45260071da58a
E1,gaussian_noise,3,partial_channel,0.01,1.0,,8,4,0.2500000000000002,2000,0.03461538461538462,0.017259978425026967,520,927,0.06713742399215698,99fc6ef526bc821b82a48435c0a11457653382b1512fd893fda45260071da58a
E1,gaussian_noise,3,partial_channel,0.05,1.0,,8,0,1.4499999999999957,2000,0.08653846153846154,0.028047464940668825,520,927,0.3140927096605301,99fc6ef526bc821b82a48435c0a11457653382b1512fd893fda45260071da58a
E1,gaussian_noise,3,partial_channel,0.05,1.0,,8,1,2.749999999999997,2000,0.14615384615384616,0.032362459546925564,520,927,0.41963739198446276,99fc6ef526bc821b82a48435c0a11457653382b1512fd893fda45260071da58a
E1,gaussian_noise,3,partial_channel,0.05,1.0,,8,2,3.3499999999999974,2000,0.13846153846153847,0.020496224379719527,520,927,0.44040603494644165,99fc6ef526bc821b82a48435c0a11457653382b1512fd893fda45260071da58a
E1,gaussian_noise,3,partial_channel,0.05,1.0,,8,3,1.699999999999996,2000,0.10576923076923077,0.030204962243797196,520,927,0.2644207163453102,99fc6ef526bc821b82a48435c0a11457653382b1512fd893fda45260071da58a
E1,gaussian_noise,3,partial_channel,0.05,1.0,,8,4,1.5999999999999959,2000,0.09807692307692308,0.028047464940668825,520,927,0.3005959412455559,99fc6ef526bc821b82a48435c0a11457653382b1512fd893fda45260071da58a
E1,gaussian_noise,3,partial_channel,0.1,1.0,,8,0,4.149999999999999,2000,0.19038461538461537,0.034519956850053934,520,927,0.6756118890047074,99fc6ef526bc821b82a48435c0a11457653382b1512fd893fda45260071da58a
E1,gaussian_noise,3,partial_channel,0.1,1.0,,8,1,5.699999999999994,2000,0.25,0.034519956850053934,520,927,0.8565862398147583,99fc6ef526bc821b82a48435c0a11457653382b1512fd893fda45260071da58a
E1,gaussian_noise,3,partial_channel,0.1,1.0,,8,2,5.099999999999993,2000,0.20961538461538462,0.02912621359223301,520,927,0.8056901032328606,99fc6ef526bc821b82a48435c0a11457653382b1512fd893fda45260071da58a
E1,gaussian_noise,3,partial_channel,0.1,1.0,,8,3,4.0999999999999925,2000,0.2173076923076923,0.04854368932038835,520,927,0.7750813985466957,99fc6ef526bc821b82a48435c0a11457653382b1512fd893fda45260071da58a
E1,gaussian_noise,3,partial_channel,0.1,1.0,,8,4,3.9999999999999925,2000,0.18076923076923077,0.03128371089536138,520,927,0.5978537483215332,99fc6ef526bc821b82a48435c0a11457653382b1512fd893fda45260071da58a
E1,gaussian_noise,3,partial_channel,0.2,1.0,,8,0,8.299999999999997,2000,0.3384615384615385,0.03559870550161812,520,927,1.2746335379481315,99fc6ef526bc821b82a48435c0a11457653382b1512fd893fda45260071da58a
E1,gaussian_noise,3,partial_channel,0.2,1.0,,8,1,10.099999999999998,2000,0.4096153846153846,0.04422869471413161,520,927,1.6614736686944962,99fc6ef526bc821b82a48435c0a11457653382b1512fd893fda45260071da58a
E1,gaussian_noise,3,partial_channel,0.2,1.0,,8,2,7.499999999999996,2000,0.3076923076923077,0.034519956850053934,520,927,1.3443165767788887,99fc6ef526bc821b82a48435c0a11457653382b1512fd893fda45260071da58a
E1,gaussian_noise,3,partial_channel,0.2,1.0,,8,3,7.799999999999995,2000,0.36153846153846153,0.05285868392664509,520,927,1.539479847252369,99fc6ef526bc821b82a48435c0a11457653382b1512fd893fda45260071da58a
E1,gaussian_noise,3,partial_channel,0.2,1.0,,8,4,7.699999999999996,2000,0.3230769230769231,0.034519956850053934,520,927,1.3282500358819962,99fc6ef526bc821b82a48435c0a11457653382b1512fd893fda45260071da58a
E1,gaussian_noise,3,partial_channel,0.01,1.0,,9,0,0.20000000000000018,2000,0.04230769230769231,0.02481121898597627,520,927,0.07064043468236923,99fc6ef526bc821b82a48435c0a11457653382b1512fd893fda45260071da58a
E1,gaussian_noise,3,partial_channel,0.01,1.0,,9,1,0.3500000000000003,2000,0.046153846153846156,0.020496224379719527,520,927,0.111645349919796,99fc6ef526bc821b82a48435c0a11457653382b1512fd893fda45260071da58a
E1,gaussian_noise,3,partial_channel,0.01,1.0,,9,2,0.20000000000000018,2000,0.025,0.015102481121898598,520,927,0.08182722288370133,99fc6ef526bc821b82a48435c0a11457653382b1512fd893fda45260071da58a
E1,gaussian_noise,3,partial_channel,0.01,1.0,,9,3,0.40000000000000036,2000,0.04038461538461539,0.019417475728155338,520,927,0.06667799705266952,99fc6ef526bc821b82a48435c0a11457653382b1512fd893fda45260071da58a
E1,gaussian_noise,3,partial_channel,0.01,1.0,,9,4,0.3500000000000003,2000,0.03653846153846154,0.017259978425026967,520,927,0.04780370318889618,99fc6ef526bc821b82a48435c0a11457653382b1512fd893fda45260071da58a
E1,gaussian_noise,3,partial_channel,0.05,1.0,,9,0,1.3499999999999956,2000,0.09230769230769231,0.030204962243797196,520,927,0.29786292839050293,99fc6ef526bc821b82a48435c0a11457653382b1512fd893fda45260071da58a
E1,gaussian_noise,3,partial_channel,0.05,1.0,,9,1,2.4999999999999964,2000,0.12307692307692308,0.02912621359223301,520,927,0.38504718577861785,99fc6ef526bc821b82a48435c0a11457653382b1512fd893fda45260071da58a
E1,gaussian_noise,3,partial_channel,0.05,1.0,,9,2,2.949999999999997,2000,0.125,0.021574973031283712,520,927,0.41116951644420624,99fc6ef526bc821b82a48435c0a11457653382b1512fd893fda45260071da58a
E1,gaussian_noise,3,partial_channel,0.05,1.0,,9,3,1.3999999999999957,2000,0.09038461538461538,0.03128371089536138,520,927,0.21950135868787765,99fc6ef526bc821b82a48435c0a11457653382b1512fd893fda45260071da58a
E1,gaussian_noise,3,partial_channel,0.05,1.0,,9,4,1.5999999999999959,2000,0.09807692307692308,0.028047464940668825,520,927,0.2828873717188835,99fc6ef526bc821b82a48435c0a11457653382b1512fd893fda45260071da58a
E1,gaussian_noise,3,partial_channel,0.1,1.0,,9,0,3.949999999999998,2000,0.19423076923076923,0.036677454153182305,520,927,0.6653472210764885,99fc6ef526bc821b82a48435c0a11457653382b1512fd893fda45260071da58a
E1,gaussian_noise,3,partial_channel,0.1,1.0,,9,1,5.199999999999994,2000,0.21923076923076923,0.032362459546925564,520,927,0.8113010749816895,99fc6ef526bc821b82a48435c0a11457653382b1512fd893fda45260071da58a
E1,gaussian_noise,3,partial_channel,0.1,1.0,,9,2,4.649999999999999,2000,0.20192307692307693,0.032362459546925564,520,927,0.771181354045868,99fc6ef526bc821b82a48435c0a11457653382b1512fd893fda45260071da58a
E1,gaussian_noise,3,partial_channel,0.1,1.0,,9,3,4.749999999999998,2000,0.22115384615384615,0.037756202804746494,520,927,0.7578944306969643,99fc6ef526bc821b82a48435c0a11457653382b1512fd893fda45260071da58a
E1,gaussian_noise,3,partial_channel,0.1,1.0,,9,4,3.699999999999992,2000,0.16923076923076924,0.028047464940668825,520,927,0.5776810837388039,99fc6ef526bc821b82a48435c0a11457653382b1512fd893fda45260071da58a
E1,gaussian_noise,3,partial_channel,0.2,1.0,,9,0,7.9999999999999964,2000,0.33653846153846156,0.036677454153182305,520,927,1.2802716883420944,99fc6ef526bc821b82a48435c0a11457653382b1512fd893fda45260071da58a
E1,gaussian_noise,3,partial_channel,0.2,1.0,,9,1,9.199999999999998,2000,0.3730769230769231,0.037756202804746494,520,927,1.6357234622240067,99fc6ef526bc821b82a48435c0a11457653382b1512fd893fda45260071da58a
E1,gaussian_noise,3,partial_channel,0.2,1.0,,9,2,7.599999999999996,2000,0.31153846153846154,0.03559870550161812,520,927,1.3213322365283966,99fc6ef526bc821b82a48435c0a11457653382b1512fd893fda45260071da58a
E1,gaussian_noise,3,partial_channel,0.2,1.0,,9,3,8.199999999999996,2000,0.3557692307692308,0.04422869471413161,520,927,1.5581344901919365,99fc6ef526bc821b82a48435c0a11457653382b1512fd893fda45260071da58a
E1,gaussian_noise,3,partial_channel,0.2,1.0,,9,4,7.750000000000002,2000,0.3326923076923077,0.038834951456310676,520,927,1.2758713398575783,99fc6ef526bc821b82a48435c0a11457653382b1512fd893fda45260071da58a
E1,gaussian_noise,3,partial_channel,0.01,1.0,,10,0,0.2500000000000002,2000,0.032692307692307694,0.017259978425026967,520,927,0.05298992818593979,99fc6ef526bc821b82a48435c0a11457653382b1512fd893fda45260071da58a
E1,gaussian_noise,3,partial_channel,0.01,1.0,,10,1,0.40000000000000036,2000,0.046153846153846156,0.021574973031283712,520,927,0.11543376034498215,99fc6ef526bc821b82a48435c0a11457653382b1512fd893fda45260071da58a
E1,gaussian_noise,3,partial_channel,0.01,1.0,,10,2,0.30000000000000027,2000,0.03076923076923077,0.019417475728155338,520,927,0.08925128620862961,99fc6ef526bc821b82a48435c0a11457653382b1512fd893fda45260071da58a
E1,gaussian_noise,3,partial_channel,0.01,1.0,,10,3,0.5000000000000004,2000,0.03653846153846154,0.018338727076591153,520,927,0.07962405395507813,99fc6ef526bc821b82a48435c0a11457653382b1512fd893fda45260071da58a
E1,gaussian_noise,3,partial_channel,0.01,1.0,,10,4,0.0,2000,0.032692307692307694,0.019417475728155338,520,927,0.03434251946210861,99fc6ef526bc821b82a48435c0a11457653382b1512fd893fda45260071da58a
E1,gaussian_noise,3,partial_channel,0.05,1.0,,10,0,1.3999999999999957,2000,0.09230769230769231,0.03128371089536138,520,927,0.2865384348034859,99fc6ef526bc821b82a48435c0a11457653382b1512fd893fda45260071da58a
E1,gaussian_noise,3,partial_channel,0.05,1.0,,10,1,2.2499999999999964,2000,0.11923076923076924,0.03128371089536138,520,927,0.3826034205555916,99fc6ef526bc821b82a48435c0a11457653382b1512fd893fda45260071da58a
E1,gaussian_noise,3,partial_channel,0.05,1.0,,10,2,2.649999999999997,2000,0.12692307692307692,0.02912621359223301,520,927,0.4067027702331543,99fc6ef526bc821b82a48435c0a11457653382b1512fd893fda45260071da58a
E1,gaussian_noise,3,partial_channel,0.05,1.0,,10,3,1.1999999999999955,2000,0.08653846153846154,0.03344120819848975,520,927,0.22154327774047852,99fc6ef526bc821b82a48435c0a11457653382b1512fd893fda45260071da58a
E1,gaussian_noise,3,partial_channel,0.05,1.0,,10,4,1.3499999999999956,2000,0.09038461538461538,0.02912621359223301,520,927,0.29467578983306886,99fc6ef526bc821b82a48435c0a11457653382b1512fd893fda45260071da58a
E1,gaussian_noise,3,partial_channel,0.1,1.0,,10,0,3.599999999999998,2000,0.18269230769230768,0.038834951456310676,520,927,0.6603418363332748,99fc6ef526bc821b82a48435c0a11457653382b1512fd893fda45260071da58a
E1,gaussian_noise,3,partial_channel,0.1,1.0,,10,1,5.149999999999999,2000,0.21923076923076923,0.034519956850053934,520,927,0.8285019966959953,99fc6ef526bc821b82a48435c0a11457653382b1512fd893fda45260071da58a
E1,gaussian_noise,3,partial_channel,0.1,1.0,,10,2,4.249999999999998,2000,0.19230769230769232,0.039913700107874865,520,927,0.7372732337117195,99fc6ef526bc821b82a48435c0a11457653382b1512fd893fda45260071da58a
E1,gaussian_noise,3,partial_channel,0.1,1.0,,10,3,4.199999999999992,2000,0.20384615384615384,0.040992448759439054,520,927,0.7356068078875542,99fc6ef526bc821b82a48435c0a11457653382b1512fd893fda45260071da58a
E1,gaussian_noise,3,partial_channel,0.1,1.0,,10,4,4.049999999999998,2000,0.19038461538461537,0.037756202804746494,520,927,0.5630992819070816,99fc6ef526bc821b82a48435c0a11457653382b1512fd893fda45260071da58a
E1,gaussian_noise,3,partial_channel,0.2,1.0,,10,0,7.950000000000001,2000,0.3346153846153846,0.036677454153182305,520,927,1.302559899687767,99fc6ef526bc821b82a48435c0a11457653382b1512fd893fda45260071da58a
E1,gaussian_noise,3,partial_channel,0.2,1.0,,10,1,8.750000000000002,2000,0.3576923076923077,0.04422869471413161,520,927,1.6093384242653848,99fc6ef526bc821b82a48435c0a11457653382b1512fd893fda45260071da58a
E1,gaussian_noise,3,partial_channel,0.2,1.0,,10,2,7.950000000000001,2000,0.3153846153846154,0.034519956850053934,520,927,1.2719484702944757,99fc6ef526bc821b82a48435c0a11457653382b1512fd893fda45260071da58a
E1,gaussian_noise,3,partial_channel,0.2,1.0,,10,3,8.099999999999996,2000,0.3423076923076923,0.04638619201725998,520,927,1.562475073158741,99fc6ef526bc821b82a48435c0a11457653382b1512fd893fda45260071da58a
E1,gaussian_noise,3,partial_channel,0.2,1.0,,10,4,8.05,2000,0.3403846153846154,0.037756202804746494,520,927,1.2214144542217256,99fc6ef526bc821b82a48435c0a11457653382b1512fd893fda45260071da58a
E1,gaussian_noise,3,partial_channel,0.01,1.0,,11,0,0.10000000000000009,2000,0.028846153846153848,0.018338727076591153,520,927,0.0454934828877449,99fc6ef526bc821b82a48435c0a11457653382b1512fd893fda45260071da58a
E1,gaussian_noise,3,partial_channel,0.01,1.0,,11,1,0.8499999999999952,2000,0.04807692307692308,0.016181229773462782,520,927,0.11081885862350464,99fc6ef526bc821b82a48435c0a11457653382b1512fd893fda45260071da58a
E1,gaussian_noise,3,partial_channel,0.01,1.0,,11,2,0.2500000000000002,2000,0.028846153846153848,0.017259978425026967,520,927,0.0724458674788475,99fc6ef526bc821b82a48435c0a11457653382b1512fd893fda45260071da58a
E1,gaussian_noise,3,partial_channel,0.01,1.0,,11,3,0.2500000000000002,2000,0.03076923076923077,0.019417475728155338,520,927,0.08318507808446884,99fc6ef526bc821b82a48435c0a11457653382b1512fd893fda45260071da58a
E1,gaussian_noise,3,partial_channel,0.01,1.0,,11,4,0.20000000000000018,2000,0.038461538461538464,0.020496224379719527,520,927,0.05031880158185959,99fc6ef526bc821b82a48435c0a11457653382b1512fd893fda45260071da58a
E1,gaussian_noise,3,partial_channel,0.05,1.0,,11,0,1.2999999999999956,2000,0.08653846153846154,0.030204962243797196,520,927,0.2920236312150955,99fc6ef526bc821b82a48435c0a11457653382b1512fd893fda45260071da58a
E1,gaussian_noise,3,partial_channel,0.05,1.0,,11,1,1.9499999999999962,2000,0.10576923076923077,0.02912621359223301,520,927,0.36621695399284365,99fc6ef526bc821b82a48435c0a11457653382b1512fd893fda45260071da58a
E1,gaussian_noise,3,partial_channel,0.05,1.0,,11,2,2.4499999999999966,2000,0.11153846153846154,0.02481121898597627,520,927,0.3700395323038101,99fc6ef526bc821b82a48435c0a11457653382b1512fd893fda45260071da58a
E1,gaussian_noise,3,partial_channel,0.05,1.0,,11,3,1.1499999999999955,2000,0.07692307692307693,0.02912621359223301,520,927,0.21127930307388307,99fc6ef526bc821b82a48435c0a11457653382b1512fd893fda45260071da58a
E1,gaussian_noise,3,partial_channel,0.05,1.0,,11,4,1.3999999999999957,2000,0.09807692307692308,0.03344120819848975,520,927,0.2975483039021492,99fc6ef526bc821b82a48435c0a11457653382b1512fd893fda45260071da58a
E1,gaussian_noise,3,partial_channel,0.1,1.0,,11,0,4.299999999999993,2000,0.19230769230769232,0.032362459546925564,520,927,0.6863567470908165,99fc6ef526bc821b82a48435c0a11457653382b1512fd893fda45260071da58a
E1,gaussian_noise,3,partial_channel,0.1,1.0,,11,1,4.899999999999993,2000,0.19230769230769232,0.030204962243797196,520,927,0.7965014320611954,99fc6ef526bc821b82a48435c0a11457653382b1512fd893fda45260071da58a
E1,gaussian_noise,3,partial_channel,0.1,1.0,,11,2,4.899999999999993,2000,0.20192307692307693,0.02696871628910464,520,927,0.7089433156847954,99fc6ef526bc821b82a48435c0a11457653382b1512fd893fda45260071da58a
E1,gaussian_noise,3,partial_channel,0.1,1.0,,11,3,3.7999999999999923,2000,0.19038461538461537,0.038834951456310676,520,927,0.6728507978320122,99fc6ef526bc821b82a48435c0a11457653382b1512fd893fda45260071da58a
E1,gaussian_noise,3,partial_channel,0.1,1.0,,11,4,4.149999999999999,2000,0.17884615384615385,0.034519956850053934,520,927,0.5993610209822655,99fc6ef526bc821b82a48435c0a11457653382b1512fd893fda45260071da58a
E1,gaussian_noise,3,partial_channel,0.2,1.0,,11,0,8.250000000000002,2000,0.33076923076923076,0.03128371089536138,520,927,1.335920104444027,99fc6ef526bc821b82a48435c0a11457653382b1512fd893fda45260071da58a
E1,gaussian_noise,3,partial_channel,0.2,1.0,,11,1,8.850000000000001,2000,0.34423076923076923,0.032362459546925564,520,927,1.5419698959589005,99fc6ef526bc821b82a48435c0a11457653382b1512fd893fda45260071da58a
E1,gaussian_noise,3,partial_channel,0.2,1.0,,11,2,8.299999999999997,2000,0.3173076923076923,0.025889967637540454,520,927,1.251563499033451,99fc6ef526bc821b82a48435c0a11457653382b1512fd893fda45260071da58a
E1,gaussian_noise,3,partial_channel,0.2,1.0,,11,3,7.699999999999996,2000,0.32884615384615384,0.040992448759439054,520,927,1.5087785820364952,99fc6ef526bc821b82a48435c0a11457653382b1512fd893fda45260071da58a
E1,gaussian_noise,3,partial_channel,0.2,1.0,,11,4,7.299999999999995,2000,0.3019230769230769,0.03559870550161812,520,927,1.2486693412661551,99fc6ef526bc821b82a48435c0a11457653382b1512fd893fda45260071da58a
E1,gaussian_noise,3,partial_channel,0.01,1.0,,12,0,0.30000000000000027,2000,0.03076923076923077,0.014023732470334413,520,927,0.04851469886302948,99fc6ef526bc821b82a48435c0a11457653382b1512fd893fda45260071da58a
E1,gaussian_noise,3,partial_channel,0.01,1.0,,12,1,0.4500000000000004,2000,0.03653846153846154,0.014023732470334413,520,927,0.08935419881343841,99fc6ef526bc821b82a48435c0a11457653382b1512fd893fda45260071da58a
E1,gaussian_noise,3,partial_channel,0.01,1.0,,12,2,0.40000000000000036,2000,0.03461538461538462,0.016181229773462782,520,927,0.06777885639667511,99fc6ef526bc821b82a48435c0a11457653382b1512fd893fda45260071da58a
E1,gaussian_noise,3,partial_channel,0.01,1.0,,12,3,0.3500000000000003,2000,0.026923076923076925,0.017259978425026967,520,927,0.07812008434534073,99fc6ef526bc821b82a48435c0a11457653382b1512fd893fda45260071da58a
E1,gaussian_noise,3,partial_channel,0.01,1.0,,12,4,0.050000000000000044,2000,0.038461538461538464,0.020496224379719527,520,927,0.06228274631500244,99fc6ef526bc821b82a48435c0a11457653382b1512fd893fda45260071da58a
E1,gaussian_noise,3,partial_channel,0.05,1.0,,12,0,0.8999999999999952,2000,0.06538461538461539,0.025889967637540454,520,927,0.265150674700737,99fc6ef526bc821b82a48435c0a11457653382b1512fd893fda45260071da58a
E1,gaussian_noise,3,partial_channel,0.05,1.0,,12,1,1.749999999999996,2000,0.09230769230769231,0.028047464940668825,520,927,0.3224608555436134,99fc6ef526bc821b82a48435c0a11457653382b1512fd893fda45260071da58a
E1,gaussian_noise,3,partial_channel,0.05,1.0,,12,2,2.1499999999999964,2000,0.09807692307692308,0.022653721682847898,520,927,0.3434678927659988,99fc6ef526bc821b82a48435c0a11457653382b1512fd893fda45260071da58a
E1,gaussian_noise,3,partial_channel,0.05,1.0,,12,3,1.9499999999999962,2000,0.09423076923076923,0.021574973031283712,520,927,0.20967948549985885,99fc6ef526bc821b82a48435c0a11457653382b1512fd893fda45260071da58a
E1,gaussian_noise,3,partial_channel,0.05,1.0,,12,4,0.9999999999999953,2000,0.08076923076923077,0.032362459546925564,520,927,0.28732306277751923,99fc6ef526bc821b82a48435c0a11457653382b1512fd893fda45260071da58a
E1,gaussian_noise,3,partial_channel,0.1,1.0,,12,0,4.199999999999992,2000,0.18269230769230768,0.02696871628910464,520,927,0.6723550251722336,99fc6ef526bc821b82a48435c0a11457653382b1512fd893fda45260071da58a
E1,gaussian_noise,3,partial_channel,0.1,1.0,,12,1,4.949999999999999,2000,0.19423076923076923,0.02481121898597627,520,927,0.6872492056488991,99fc6ef526bc821b82a48435c0a11457653382b1512fd893fda45260071da58a
E1,gaussian_noise,3,partial_channel,0.1,1.0,,12,2,4.649999999999999,2000,0.18076923076923077,0.020496224379719527,520,927,0.6421769953966141,99fc6ef526bc821b82a48435c0a11457653382b1512fd893fda45260071da58a
E1,gaussian_noise,3,partial_channel,0.1,1.0,,12,3,3.749999999999998,2000,0.17692307692307693,0.032362459546925564,520,927,0.6405477221608162,99fc6ef526bc821b82a48435c0a11457653382b1512fd893fda45260071da58a
E1,gaussian_noise,3,partial_channel,0.1,1.0,,12,4,3.8999999999999924,2000,0.17307692307692307,0.030204962243797196,520,927,0.6005817340016365,99fc6ef526bc821b82a48435c0a11457653382b1512fd893fda45260071da58a
E1,gaussian_noise,3,partial_channel,0.2,1.0,,12,0,8.250000000000002,2000,0.3326923076923077,0.030204962243797196,520,927,1.3304499793052673,99fc6ef526bc821b82a48435c0a11457653382b1512fd893fda45260071da58a
E1,gaussian_noise,3,partial_channel,0.2,1.0,,12,1,8.199999999999996,2000,0.325,0.032362459546925564,520,927,1.3905414797663689,99fc6ef526bc821b82a48435c0a11457653382b1512fd893fda45260071da58a
E1,gaussian_noise,3,partial_channel,0.2,1.0,,12,2,7.699999999999996,2000,0.3057692307692308,0.028047464940668825,520,927,1.1935457607507707,99fc6ef526bc821b82a48435c0a11457653382b1512fd893fda45260071da58a
E1,gaussian_noise,3,partial_channel,0.2,1.0,,12,3,7.899999999999996,2000,0.3192307692307692,0.034519956850053934,520,927,1.4378160238862037,99fc6ef526bc821b82a48435c0a11457653382b1512fd893fda45260071da58a
E1,gaussian_noise,3,partial_channel,0.2,1.0,,12,4,6.899999999999995,2000,0.27307692307692305,0.03128371089536138,520,927,1.2014578101038933,99fc6ef526bc821b82a48435c0a11457653382b1512fd893fda45260071da58a
E1,gaussian_noise,3,partial_channel,0.01,1.0,,13,0,0.5499999999999949,2000,0.03076923076923077,0.011866235167206042,520,927,0.06982757765054702,99fc6ef526bc821b82a48435c0a11457653382b1512fd893fda45260071da58a
E1,gaussian_noise,3,partial_channel,0.01,1.0,,13,1,0.4500000000000004,2000,0.032692307692307694,0.011866235167206042,520,927,0.07872970420122147,99fc6ef526bc821b82a48435c0a11457653382b1512fd893fda45260071da58a
E1,gaussian_noise,3,partial_channel,0.01,1.0,,13,2,0.649999999999995,2000,0.03461538461538462,0.008629989212513484,520,927,0.07690291494131088,99fc6ef526bc821b82a48435c0a11457653382b1512fd893fda45260071da58a
E1,gaussian_noise,3,partial_channel,0.01,1.0,,13,3,-0.15000000000000013,2000,0.021153846153846155,0.018338727076591153,520,927,0.06744792139530181,99fc6ef526bc821b82a48435c0a11457653382b1512fd893fda45260071da58a
E1,gaussian_noise,3,partial_channel,0.01,1.0,,13,4,0.4500000000000004,2000,0.03461538461538462,0.014023732470334413,520,927,0.06710149496793746,99fc6ef526bc821b82a48435c0a11457653382b1512fd893fda45260071da58a
E1,gaussian_noise,3,partial_channel,0.05,1.0,,13,0,1.799999999999996,2000,0.10384615384615385,0.03559870550161812,520,927,0.4215927787423134,99fc6ef526bc821b82a48435c0a11457653382b1512fd893fda45260071da58a
E1,gaussian_noise,3,partial_channel,0.05,1.0,,13,1,2.399999999999997,2000,0.1,0.018338727076591153,520,927,0.3546892175078392,99fc6ef526bc821b82a48435c0a11457653382b1512fd893fda45260071da58a
E1,gaussian_noise,3,partial_channel,0.05,1.0,,13,2,2.749999999999997,2000,0.1346153846153846,0.032362459546925564,520,927,0.42086522072553634,99fc6ef526bc821b82a48435c0a11457653382b1512fd893fda45260071da58a
E1,gaussian_noise,3,partial_channel,0.05,1.0,,13,3,1.8999999999999961,2000,0.09615384615384616,0.023732470334412083,520,927,0.31946169340610503,99fc6ef526bc821b82a48435c0a11457653382b1512fd893fda45260071da58a
E1,gaussian_noise,3,partial_channel,0.05,1.0,,13,4,1.4999999999999958,2000,0.09230769230769231,0.02912621359223301,520,927,0.3082003845572472,99fc6ef526bc821b82a48435c0a11457653382b1512fd893fda45260071da58a
E1,gaussian_noise,3,partial_channel,0.1,1.0,,13,0,3.749999999999998,2000,0.17692307692307693,0.042071197411003236,520,927,0.696377466738224,99fc6ef526bc821b82a48435c0a11457653382b1512fd893fda45260071da58a
E1,gaussian_noise,3,partial_channel,0.1,1.0,,13,1,3.7999999999999923,2000,0.15,0.028047464940668825,520,927,0.6071560717225075,99fc6ef526bc821b82a48435c0a11457653382b1512fd893fda45260071da58a
E1,gaussian_noise,3,partial_channel,0.1,1.0,,13,2,4.749999999999998,2000,0.2153846153846154,0.03559870550161812,520,927,0.7394865998029709,99fc6ef526bc821b82a48435c0a11457653382b1512fd893fda45260071da58a
E1,gaussian_noise,3,partial_channel,0.1,1.0,,13,3,4.749999999999998,2000,0.2,0.03128371089536138,520,927,0.6474418175816536,99fc6ef526bc821b82a48435c0a11457653382b1512fd893fda45260071da58a
E1,gaussian_noise,3,partial_channel,0.1,1.0,,13,4,2.899999999999997,2000,0.14807692307692308,0.037756202804746494,520,927,0.6355160350203514,99fc6ef526bc821b82a48435c0a11457653382b1512fd893fda45260071da58a
E1,gaussian_noise,3,partial_channel,0.2,1.0,,13,0,8.450000000000003,2000,0.3326923076923077,0.03559870550161812,520,927,1.291573043525219,99fc6ef526bc821b82a48435c0a11457653382b1512fd893fda45260071da58a
E1,gaussian_noise,3,partial_channel,0.2,1.0,,13,1,6.950000000000001,2000,0.27884615384615385,0.036677454153182305,520,927,1.1942416669726372,99fc6ef526bc821b82a48435c0a11457653382b1512fd893fda45260071da58a
E1,gaussian_noise,3,partial_channel,0.2,1.0,,13,2,7.799999999999995,2000,0.33076923076923076,0.042071197411003236,520,927,1.346796546816826,99fc6ef526bc821b82a48435c0a11457653382b1512fd893fda45260071da58a
E1,gaussian_noise,3,partial_channel,0.2,1.0,,13,3,7.750000000000002,2000,0.325,0.040992448759439054,520,927,1.2871702544689179,99fc6ef526bc821b82a48435c0a11457653382b1512fd893fda45260071da58a
E1,gaussian_noise,3,partial_channel,0.2,1.0,,13,4,7.9999999999999964,2000,0.3057692307692308,0.032362459546925564,520,927,1.2765849061012269,99fc6ef526bc821b82a48435c0a11457653382b1512fd893fda45260071da58a
E1,gaussian_noise,3,partial_channel,0.01,1.0,,14,0,0.4500000000000004,2000,0.023076923076923078,0.008629989212513484,520,927,0.05883083665370941,99fc6ef526bc821b82a48435c0a11457653382b1512fd893fda45260071da58a
E1,gaussian_noise,3,partial_channel,0.01,1.0,,14,1,0.5000000000000004,2000,0.03076923076923077,0.008629989212513484,520,927,0.07628637993335724,99fc6ef526bc821b82a48435c0a11457653382b1512fd893fda45260071da58a
E1,gaussian_noise,3,partial_channel,0.01,1.0,,14,2,0.5499999999999949,2000,0.021153846153846155,0.006472491909385114,520,927,0.07948333007097244,99fc6ef526bc821b82a48435c0a11457653382b1512fd893fda45260071da58a
E1,gaussian_noise,3,partial_channel,0.01,1.0,,14,3,0.5000000000000004,2000,0.032692307692307694,0.012944983818770227,520,927,0.06607080686092377,99fc6ef526bc821b82a48435c0a11457653382b1512fd893fda45260071da58a
E1,gaussian_noise,3,partial_channel,0.01,1.0,,14,4,0.40000000000000036,2000,0.03076923076923077,0.010787486515641856,520,927,0.07522572481632232,99fc6ef526bc821b82a48435c0a11457653382b1512fd893fda45260071da58a
E1,gaussian_noise,3,partial_channel,0.05,1.0,,14,0,1.849999999999996,2000,0.1,0.03344120819848975,520,927,0.39712308371067045,99fc6ef526bc821b82a48435c0a11457653382b1512fd893fda45260071da58a
E1,gaussian_noise,3,partial_channel,0.05,1.0,,14,1,1.2999999999999956,2000,0.06923076923076923,0.021574973031283712,520,927,0.3062292373180389,99fc6ef526bc821b82a48435c0a11457653382b1512fd893fda45260071da58a
E1,gaussian_noise,3,partial_channel,0.05,1.0,,14,2,1.9499999999999962,2000,0.11730769230769231,0.036677454153182305,520,927,0.353528021633625,99fc6ef526bc821b82a48435c0a11457653382b1512fd893fda45260071da58a
E1,gaussian_noise,3,partial_channel,0.05,1.0,,14,3,1.699999999999996,2000,0.08653846153846154,0.022653721682847898,520,927,0.3045119087100029,99fc6ef526bc821b82a48435c0a11457653382b1512fd893fda45260071da58a
E1,gaussian_noise,3,partial_channel,0.05,1.0,,14,4,2.599999999999997,2000,0.11538461538461539,0.021574973031283712,520,927,0.3320956562757492,99fc6ef526bc821b82a48435c0a11457653382b1512fd893fda45260071da58a
E1,gaussian_noise,3,partial_channel,0.1,1.0,,14,0,3.849999999999998,2000,0.17884615384615385,0.034519956850053934,520,927,0.6881678252220154,99fc6ef526bc821b82a48435c0a11457653382b1512fd893fda45260071da58a
E1,gaussian_noise,3,partial_channel,0.1,1.0,,14,1,3.1999999999999975,2000,0.13076923076923078,0.022653721682847898,520,927,0.5707965192794799,99fc6ef526bc821b82a48435c0a11457653382b1512fd893fda45260071da58a
E1,gaussian_noise,3,partial_channel,0.1,1.0,,14,2,3.749999999999998,2000,0.18461538461538463,0.03344120819848975,520,927,0.6130288931131362,99fc6ef526bc821b82a48435c0a11457653382b1512fd893fda45260071da58a
E1,gaussian_noise,3,partial_channel,0.1,1.0,,14,3,4.149999999999999,2000,0.17692307692307693,0.02696871628910464,520,927,0.6410749718546868,99fc6ef526bc821b82a48435c0a11457653382b1512fd893fda45260071da58a
E1,gaussian_noise,3,partial_channel,0.1,1.0,,14,4,3.7999999999999923,2000,0.16346153846153846,0.02481121898597627,520,927,0.6146467797756195,99fc6ef526bc821b82a48435c0a11457653382b1512fd893fda45260071da58a
E1,gaussian_noise,3,partial_channel,0.2,1.0,,14,0,8.550000000000002,2000,0.3384615384615385,0.034519956850053934,520,927,1.2907172689437867,99fc6ef526bc821b82a48435c0a11457653382b1512fd893fda45260071da58a
E1,gaussian_noise,3,partial_channel,0.2,1.0,,14,1,6.999999999999995,2000,0.27115384615384613,0.02696871628910464,520,927,1.19564011657238,99fc6ef526bc821b82a48435c0a11457653382b1512fd893fda45260071da58a
E1,gaussian_noise,3,partial_channel,0.2,1.0,,14,2,6.950000000000001,2000,0.3038461538461538,0.042071197411003236,520,927,1.1851451763510703,99fc6ef526bc821b82a48435c0a11457653382b1512fd893fda45260071da58a
E1,gaussian_noise,3,partial_channel,0.2,1.0,,14,3,7.199999999999996,2000,0.31346153846153846,0.045307443365695796,520,927,1.2366585604548455,99fc6ef526bc821b82a48435c0a11457653382b1512fd893fda45260071da58a
E1,gaussian_noise,3,partial_channel,0.2,1.0,,14,4,7.750000000000002,2000,0.29615384615384616,0.037756202804746494,520,927,1.2058589183688164,99fc6ef526bc821b82a48435c0a11457653382b1512fd893fda45260071da58a
E1,gaussian_noise,3,partial_channel,0.01,1.0,,15,0,0.30000000000000027,2000,0.01730769230769231,0.006472491909385114,520,927,0.062352238714694974,99fc6ef526bc821b82a48435c0a11457653382b1512fd893fda45260071da58a
E1,gaussian_noise,3,partial_channel,0.01,1.0,,15,1,0.649999999999995,2000,0.023076923076923078,0.003236245954692557,520,927,0.06791382116079331,99fc6ef526bc821b82a48435c0a11457653382b1512fd893fda45260071da58a
E1,gaussian_noise,3,partial_channel,0.01,1.0,,15,2,0.5499999999999949,2000,0.026923076923076925,0.006472491909385114,520,927,0.07954005807638169,99fc6ef526bc821b82a48435c0a11457653382b1512fd893fda45260071da58a
E1,gaussian_noise,3,partial_channel,0.01,1.0,,15,3,0.40000000000000036,2000,0.023076923076923078,0.008629989212513484,520,927,0.05382443380355835,99fc6ef526bc821b82a48435c0a11457653382b1512fd893fda45260071da58a
E1,gaussian_noise,3,partial_channel,0.01,1.0,,15,4,0.649999999999995,2000,0.032692307692307694,0.007551240560949299,520,927,0.05838493537902832,99fc6ef526bc821b82a48435c0a11457653382b1512fd893fda45260071da58a
E1,gaussian_noise,3,partial_channel,0.05,1.0,,15,0,1.9999999999999962,2000,0.10384615384615385,0.021574973031283712,520,927,0.37321688359975813,99fc6ef526bc821b82a48435c0a11457653382b1512fd893fda45260071da58a
E1,gaussian_noise,3,partial_channel,0.05,1.0,,15,1,2.1999999999999966,2000,0.09230769230769231,0.015102481121898598,520,927,0.3177940633296967,99fc6ef526bc821b82a48435c0a11457653382b1512fd893fda45260071da58a
E1,gaussian_noise,3,partial_channel,0.05,1.0,,15,2,1.9499999999999962,2000,0.10192307692307692,0.020496224379719527,520,927,0.36432792568206784,99fc6ef526bc821b82a48435c0a11457653382b1512fd893fda45260071da58a
E1,gaussian_noise,3,partial_channel,0.05,1.0,,15,3,1.4999999999999958,2000,0.075,0.017259978425026967,520,927,0.2833094720840454,99fc6ef526bc821b82a48435c0a11457653382b1512fd893fda45260071da58a
E1,gaussian_noise,3,partial_channel,0.05,1.0,,15,4,2.599999999999997,2000,0.11153846153846154,0.014023732470334413,520,927,0.30217920124530795,99fc6ef526bc821b82a48435c0a11457653382b1512fd893fda45260071da58a
E1,gaussian_noise,3,partial_channel,0.1,1.0,,15,0,4.5999999999999925,2000,0.18653846153846154,0.021574973031283712,520,927,0.684449601650238,99fc6ef526bc821b82a48435c0a11457653382b1512fd893fda45260071da58a
E1,gaussian_noise,3,partial_channel,0.1,1.0,,15,1,3.849999999999998,2000,0.15,0.014023732470334413,520,927,0.6008716476559639,99fc6ef526bc821b82a48435c0a11457653382b1512fd893fda45260071da58a
E1,gaussian_noise,3,partial_channel,0.1,1.0,,15,2,4.5999999999999925,2000,0.19615384615384615,0.018338727076591153,520,927,0.6273891543745994,99fc6ef526bc821b82a48435c0a11457653382b1512fd893fda45260071da58a
E1,gaussian_noise,3,partial_channel,0.1,1.0,,15,3,4.849999999999999,2000,0.18461538461538463,0.016181229773462782,520,927,0.6540478507876396,99fc6ef526bc821b82a48435c0a11457653382b1512fd893fda45260071da58a
E1,gaussian_noise,3,partial_channel,0.1,1.0,,15,4,3.949999999999998,2000,0.1673076923076923,0.018338727076591153,520,927,0.6010101416110992,99fc6ef526bc821b82a48435c0a11457653382b1512fd893fda45260071da58a
E1,gaussian_noise,3,partial_channel,0.2,1.0,,15,0,9.299999999999997,2000,0.35,0.023732470334412083,520,927,1.263037697672844,99fc6ef526bc821b82a48435c0a11457653382b1512fd893fda45260071da58a
E1,gaussian_noise,3,partial_channel,0.2,1.0,,15,1,8.850000000000001,2000,0.3269230769230769,0.014023732470334413,520,927,1.1490234324932098,99fc6ef526bc821b82a48435c0a11457653382b1512fd893fda45260071da58a
E1,gaussian_noise,3,partial_channel,0.2,1.0,,15,2,8.599999999999996,2000,0.34423076923076923,0.019417475728155338,520,927,1.1902728070020676,99fc6ef526bc821b82a48435c0a11457653382b1512fd893fda45260071da58a
E1,gaussian_noise,3,partial_channel,0.2,1.0,,15,3,8.950000000000003,2000,0.34615384615384615,0.028047464940668825,520,927,1.275185313284397,99fc6ef526bc821b82a48435c0a11457653382b1512fd893fda45260071da58a
E1,gaussian_noise,3,partial_channel,0.2,1.0,,15,4,9.050000000000002,2000,0.33076923076923076,0.019417475728155338,520,927,1.1879558666944503,99fc6ef526bc821b82a48435c0a11457653382b1512fd893fda45260071da58a
E1,gaussian_noise,3,none,0.01,1.0,,0,0,0.0,2000,0.0,0.0,520,927,0.0,99fc6ef526bc821b82a48435c0a11457653382b1512fd893fda45260071da58a
E1,gaussian_noise,3,none,0.01,1.0,,1,0,0.0,2000,0.0,0.0,520,927,0.0,99fc6ef526bc821b82a48435c0a11457653382b1512fd893fda45260071da58a
E1,gaussian_noise,3,none,0.01,1.0,,2,0,0.0,2000,0.0,0.0,520,927,0.0,99fc6ef526bc821b82a48435c0a11457653382b1512fd893fda45260071da58a
E1,gaussian_noise,3,none,0.01,1.0,,3,0,0.0,2000,0.0,0.0,520,927,0.0,99fc6ef526bc821b82a48435c0a11457653382b1512fd893fda45260071da58a
E1,gaussian_noise,3,none,0.01,1.0,,4,0,0.0,2000,0.0,0.0,520,927,0.0,99fc6ef526bc821b82a48435c0a11457653382b1512fd893fda45260071da58a
E1,gaussian_noise,3,none,0.01,1.0,,5,0,0.0,2000,0.0,0.0,520,927,0.0,99fc6ef526bc821b82a48435c0a11457653382b1512fd893fda45260071da58a
E1,gaussian_noise,3,none,0.01,1.0,,6,0,0.0,2000,0.0,0.0,520,927,0.0,99fc6ef526bc821b82a48435c0a11457653382b1512fd893fda45260071da58a
E1,gaussian_noise,3,none,0.01,1.0,,7,0,0.0,2000,0.0,0.0,520,927,0.0,99fc6ef526bc821b82a48435c0a11457653382b1512fd893fda45260071da58a
E1,gaussian_noise,3,none,0.01,1.0,,8,0,0.0,2000,0.0,0.0,520,927,0.0,99fc6ef526bc821b82a48435c0a11457653382b1512fd893fda45260071da58a
E1,gaussian_noise,3,none,0.01,1.0,,9,0,0.0,2000,0.0,0.0,520,927,0.0,99fc6ef526bc821b82a48435c0a11457653382b1512fd893fda45260071da58a
E1,gaussian_noise,3,none,0.01,1.0,,10,0,0.0,2000,0.0,0.0,520,927,0.0,99fc6ef526bc821b82a48435c0a11457653382b1512fd893fda45260071da58a
E1,gaussian_noise,3,none,0.01,1.0,,11,0,0.0,2000,0.0,0.0,520,927,0.0,99fc6ef526bc821b82a48435c0a11457653382b1512fd893fda45260071da58a
E1,gaussian_noise,3,none,0.01,1.0,,12,0,0.0,2000,0.0,0.0,520,927,0.0,99fc6ef526bc821b82a48435c0a11457653382b1512fd893fda45260071da58a
E1,gaussian_noise,3,none,0.01,1.0,,13,0,0.0,2000,0.0,0.0,520,927,0.0,99fc6ef526bc821b82a48435c0a11457653382b1512fd893fda45260071da58a
E1,gaussian_noise,3,none,0.01,1.0,,14,0,0.0,2000,0.0,0.0,520,927,0.0,99fc6ef526bc821b82a48435c0a11457653382b1512fd893fda45260071da58a
E1,gaussian_noise,3,none,0.01,1.0,,15,0,0.0,2000,0.0,0.0,520,927,0.0,99fc6ef526bc821b82a48435c0a11457653382b1512fd893fda45260071da58a
E1,gaussian_noise,3,clean_to_clean,0.01,1.0,,0,0,23.2,2000,1.0,0.06040992448759439,520,927,4.215885463058949,99fc6ef526bc821b82a48435c0a11457653382b1512fd893fda45260071da58a
E1,gaussian_noise,3,clean_to_clean,0.01,1.0,,1,0,23.2,2000,1.0,0.06040992448759439,520,927,4.215885463058949,99fc6ef526bc821b82a48435c0a11457653382b1512fd893fda45260071da58a
E1,gaussian_noise,3,clean_to_clean,0.01,1.0,,2,0,23.2,2000,1.0,0.06040992448759439,520,927,4.215885463058949,99fc6ef526bc821b82a48435c0a11457653382b1512fd893fda45260071da58a
E1,gaussian_noise,3,clean_to_clean,0.01,1.0,,3,0,23.2,2000,1.0,0.06040992448759439,520,927,4.215885463058949,99fc6ef526bc821b82a48435c0a11457653382b1512fd893fda45260071da58a
E1,gaussian_noise,3,clean_to_clean,0.01,1.0,,4,0,23.2,2000,1.0,0.06040992448759439,520,927,4.215885463058949,99fc6ef526bc821b82a48435c0a11457653382b1512fd893fda45260071da58a
E1,gaussian_noise,3,clean_to_clean,0.01,1.0,,5,0,23.2,2000,1.0,0.06040992448759439,520,927,4.215885463058949,99fc6ef526bc821b82a48435c0a11457653382b1512fd893fda45260071da58a
E1,gaussian_noise,3,clean_to_clean,0.01,1.0,,6,0,23.2,2000,1.0,0.06040992448759439,520,927,4.215885463058949,99fc6ef526bc821b82a48435c0a11457653382b1512fd893fda45260071da58a
E1,gaussian_noise,3,clean_to_clean,0.01,1.0,,7,0,23.2,2000,1.0,0.06040992448759439,520,927,4.215885463058949,99fc6ef526bc821b82a48435c0a11457653382b1512fd893fda45260071da58a
E1,gaussian_noise,3,clean_to_clean,0.01,1.0,,8,0,23.2,2000,1.0,0.06040992448759439,520,927,4.215885463058949,99fc6ef526bc821b82a48435c0a11457653382b1512fd893fda45260071da58a
E1,gaussian_noise,3,clean_to_clean,0.01,1.0,,9,0,23.2,2000,1.0,0.06040992448759439,520,927,4.215885463058949,99fc6ef526bc821b82a48435c0a11457653382b1512fd893fda45260071da58a
E1,gaussian_noise,3,clean_to_clean,0.01,1.0,,10,0,23.2,2000,1.0,0.06040992448759439,520,927,4.215885463058949,99fc6ef526bc821b82a48435c0a11457653382b1512fd893fda45260071da58a
E1,gaussian_noise,3,clean_to_clean,0.01,1.0,,11,0,23.2,2000,1.0,0.06040992448759439,520,927,4.215885463058949,99fc6ef526bc821b82a48435c0a11457653382b1512fd893fda45260071da58a
E1,gaussian_noise,3,clean_to_clean,0.01,1.0,,12,0,23.2,2000,1.0,0.06040992448759439,520,927,4.215885463058949,99fc6ef526bc821b82a48435c0a11457653382b1512fd893fda45260071da58a
E1,gaussian_noise,3,clean_to_clean,0.01,1.0,,13,0,23.2,2000,1.0,0.06040992448759439,520,927,4.215885463058949,99fc6ef526bc821b82a48435c0a11457653382b1512fd893fda45260071da58a
E1,gaussian_noise,3,clean_to_clean,0.01,1.0,,14,0,23.2,2000,1.0,0.06040992448759439,520,927,4.215885463058949,99fc6ef526bc821b82a48435c0a11457653382b1512fd893fda45260071da58a
E1,gaussian_noise,3,clean_to_clean,0.01,1.0,,15,0,23.2,2000,1.0,0.06040992448759439,520,927,4.215885463058949,99fc6ef526bc821b82a48435c0a11457653382b1512fd893fda45260071da58a
E1,gaussian_noise,3,full_state,0.01,1.0,,0,0,23.2,2000,1.0,0.06040992448759439,520,927,4.215885463058949,99fc6ef526bc821b82a48435c0a11457653382b1512fd893fda45260071da58a
E1,gaussian_noise,3,full_state,0.01,1.0,,1,0,23.2,2000,1.0,0.06040992448759439,520,927,4.215885463058949,99fc6ef526bc821b82a48435c0a11457653382b1512fd893fda45260071da58a
E1,gaussian_noise,3,full_state,0.01,1.0,,2,0,23.2,2000,1.0,0.06040992448759439,520,927,4.215885463058949,99fc6ef526bc821b82a48435c0a11457653382b1512fd893fda45260071da58a
E1,gaussian_noise,3,full_state,0.01,1.0,,3,0,23.2,2000,1.0,0.06040992448759439,520,927,4.215885463058949,99fc6ef526bc821b82a48435c0a11457653382b1512fd893fda45260071da58a
E1,gaussian_noise,3,full_state,0.01,1.0,,4,0,23.2,2000,1.0,0.06040992448759439,520,927,4.215885463058949,99fc6ef526bc821b82a48435c0a11457653382b1512fd893fda45260071da58a
E1,gaussian_noise,3,full_state,0.01,1.0,,5,0,23.2,2000,1.0,0.06040992448759439,520,927,4.215885463058949,99fc6ef526bc821b82a48435c0a11457653382b1512fd893fda45260071da58a
E1,gaussian_noise,3,full_state,0.01,1.0,,6,0,23.2,2000,1.0,0.06040992448759439,520,927,4.215885463058949,99fc6ef526bc821b82a48435c0a11457653382b1512fd893fda45260071da58a
E1,gaussian_noise,3,full_state,0.01,1.0,,7,0,23.2,2000,1.0,0.06040992448759439,520,927,4.215885463058949,99fc6ef526bc821b82a48435c0a11457653382b1512fd893fda45260071da58a
E1,gaussian_noise,3,full_state,0.01,1.0,,8,0,23.2,2000,1.0,0.06040992448759439,520,927,4.215885463058949,99fc6ef526bc821b82a48435c0a11457653382b1512fd893fda45260071da58a
E1,gaussian_noise,3,full_state,0.01,1.0,,9,0,23.2,2000,1.0,0.06040992448759439,520,927,4.215885463058949,99fc6ef526bc821b82a48435c0a11457653382b1512fd893fda45260071da58a
E1,gaussian_noise,3,full_state,0.01,1.0,,10,0,23.2,2000,1.0,0.06040992448759439,520,927,4.215885463058949,99fc6ef526bc821b82a48435c0a11457653382b1512fd893fda45260071da58a
E1,gaussian_noise,3,full_state,0.01,1.0,,11,0,23.2,2000,1.0,0.06040992448759439,520,927,4.215885463058949,99fc6ef526bc821b82a48435c0a11457653382b1512fd893fda45260071da58a
E1,gaussian_noise,3,full_state,0.01,1.0,,12,0,23.2,2000,1.0,0.06040992448759439,520,927,4.215885463058949,99fc6ef526bc821b82a48435c0a11457653382b1512fd893fda45260071da58a
E1,gaussian_noise,3,full_state,0.01,1.0,,13,0,23.2,2000,1.0,0.06040992448759439,520,927,4.215885463058949,99fc6ef526bc821b82a48435c0a11457653382b1512fd893fda45260071da58a
E1,gaussian_noise,3,full_state,0.01,1.0,,14,0,23.2,2000,1.0,0.06040992448759439,520,927,4.215885463058949,99fc6ef526bc821b82a48435c0a11457653382b1512fd893fda45260071da58a
E1,gaussian_noise,3,full_state,0.01,1.0,,15,0,23.2,2000,1.0,0.06040992448759439,520,927,4.215885463058949,99fc6ef526bc821b82a48435c0a11457653382b1512fd893fda45260071da58a
E1,gaussian_noise,3,random_direction,0.01,1.0,,0,0,-0.3500000000000003,2000,0.01730769230769231,0.020496224379719527,520,927,-0.01147235643863678,99fc6ef526bc821b82a48435c0a11457653382b1512fd893fda45260071da58a
E1,gaussian_noise,3,random_direction,0.01,1.0,,1,0,-0.5500000000000005,2000,0.011538461538461539,0.021574973031283712,520,927,-0.011154314398765564,99fc6ef526bc821b82a48435c0a11457653382b1512fd893fda45260071da58a
E1,gaussian_noise,3,random_direction,0.01,1.0,,2,0,-0.3500000000000003,2000,0.019230769230769232,0.021574973031283712,520,927,-0.00467423790693283,99fc6ef526bc821b82a48435c0a11457653382b1512fd893fda45260071da58a
E1,gaussian_noise,3,random_direction,0.01,1.0,,3,0,0.0,2000,0.019230769230769232,0.014023732470334413,520,927,-0.013875830113887787,99fc6ef526bc821b82a48435c0a11457653382b1512fd893fda45260071da58a
E1,gaussian_noise,3,random_direction,0.01,1.0,,4,0,-0.40000000000000036,2000,0.01730769230769231,0.021574973031283712,520,927,-0.028023644983768463,99fc6ef526bc821b82a48435c0a11457653382b1512fd893fda45260071da58a
E1,gaussian_noise,3,random_direction,0.01,1.0,,5,0,-0.050000000000000044,2000,0.01730769230769231,0.014023732470334413,520,927,-0.02094495898485184,99fc6ef526bc821b82a48435c0a11457653382b1512fd893fda45260071da58a
E1,gaussian_noise,3,random_direction,0.01,1.0,,6,0,0.0,2000,0.015384615384615385,0.011866235167206042,520,927,-0.010496739089488984,99fc6ef526bc821b82a48435c0a11457653382b1512fd893fda45260071da58a
E1,gaussian_noise,3,random_direction,0.01,1.0,,7,0,-0.2500000000000002,2000,0.013461538461538462,0.014023732470334413,520,927,-0.006939406037330628,99fc6ef526bc821b82a48435c0a11457653382b1512fd893fda45260071da58a
E1,gaussian_noise,3,random_direction,0.01,1.0,,8,0,-0.20000000000000018,2000,0.015384615384615385,0.018338727076591153,520,927,-0.012548269748687745,99fc6ef526bc821b82a48435c0a11457653382b1512fd893fda45260071da58a
E1,gaussian_noise,3,random_direction,0.01,1.0,,9,0,0.10000000000000009,2000,0.013461538461538462,0.008629989212513484,520,927,-0.0033035683631896973,99fc6ef526bc821b82a48435c0a11457653382b1512fd893fda45260071da58a
E1,gaussian_noise,3,random_direction,0.01,1.0,,10,0,-0.050000000000000044,2000,0.011538461538461539,0.009708737864077669,520,927,-0.0005576116442680359,99fc6ef526bc821b82a48435c0a11457653382b1512fd893fda45260071da58a
E1,gaussian_noise,3,random_direction,0.01,1.0,,11,0,-0.050000000000000044,2000,0.011538461538461539,0.009708737864077669,520,927,-3.2086551189422606e-05,99fc6ef526bc821b82a48435c0a11457653382b1512fd893fda45260071da58a
E1,gaussian_noise,3,random_direction,0.01,1.0,,12,0,-0.3500000000000003,2000,0.009615384615384616,0.014023732470334413,520,927,-0.0020871232748031618,99fc6ef526bc821b82a48435c0a11457653382b1512fd893fda45260071da58a
E1,gaussian_noise,3,random_direction,0.01,1.0,,13,0,-0.30000000000000027,2000,0.0057692307692307696,0.010787486515641856,520,927,-0.00026986896991729734,99fc6ef526bc821b82a48435c0a11457653382b1512fd893fda45260071da58a
E1,gaussian_noise,3,random_direction,0.01,1.0,,14,0,-0.10000000000000009,2000,0.0038461538461538464,0.005393743257820928,520,927,-0.0022930834293365477,99fc6ef526bc821b82a48435c0a11457653382b1512fd893fda45260071da58a
E1,gaussian_noise,3,random_direction,0.01,1.0,,15,0,-0.10000000000000009,2000,0.0019230769230769232,0.004314994606256742,520,927,0.002101538836956024,99fc6ef526bc821b82a48435c0a11457653382b1512fd893fda45260071da58a
E1,gaussian_noise,3,shuffled_donor,0.01,1.0,,0,0,-0.7000000000000006,2000,0.038461538461538464,0.04962243797195254,520,927,-0.15569222462177276,99fc6ef526bc821b82a48435c0a11457653382b1512fd893fda45260071da58a
E1,gaussian_noise,3,shuffled_donor,0.01,1.0,,1,0,-0.5000000000000004,2000,0.03461538461538462,0.039913700107874865,520,927,-0.10773604017496109,99fc6ef526bc821b82a48435c0a11457653382b1512fd893fda45260071da58a
E1,gaussian_noise,3,shuffled_donor,0.01,1.0,,2,0,-0.3500000000000003,2000,0.026923076923076925,0.02912621359223301,520,927,-0.09460142332315445,99fc6ef526bc821b82a48435c0a11457653382b1512fd893fda45260071da58a
E1,gaussian_noise,3,shuffled_donor,0.01,1.0,,3,0,-1.9500000000000017,2000,0.032692307692307694,0.07011866235167206,520,927,-0.20041788870096205,99fc6ef526bc821b82a48435c0a11457653382b1512fd893fda45260071da58a
E1,gaussian_noise,3,shuffled_donor,0.01,1.0,,4,0,-0.9500000000000008,2000,0.023076923076923078,0.037756202804746494,520,927,-0.0570960373878479,99fc6ef526bc821b82a48435c0a11457653382b1512fd893fda45260071da58a
E1,gaussian_noise,3,shuffled_donor,0.01,1.0,,5,0,-0.8000000000000007,2000,0.028846153846153848,0.039913700107874865,520,927,-0.06718745034933091,99fc6ef526bc821b82a48435c0a11457653382b1512fd893fda45260071da58a
E1,gaussian_noise,3,shuffled_donor,0.01,1.0,,6,0,-0.3500000000000003,2000,0.03076923076923077,0.02912621359223301,520,927,-0.06431621980667114,99fc6ef526bc821b82a48435c0a11457653382b1512fd893fda45260071da58a
E1,gaussian_noise,3,shuffled_donor,0.01,1.0,,7,0,-0.9000000000000008,2000,0.015384615384615385,0.03344120819848975,520,927,-0.04803503167629242,99fc6ef526bc821b82a48435c0a11457653382b1512fd893fda45260071da58a
E1,gaussian_noise,3,shuffled_donor,0.01,1.0,,8,0,-0.7000000000000006,2000,0.023076923076923078,0.030204962243797196,520,927,-0.03389315575361252,99fc6ef526bc821b82a48435c0a11457653382b1512fd893fda45260071da58a
E1,gaussian_noise,3,shuffled_donor,0.01,1.0,,9,0,-0.5000000000000004,2000,0.025,0.028047464940668825,520,927,-0.03717590796947479,99fc6ef526bc821b82a48435c0a11457653382b1512fd893fda45260071da58a
E1,gaussian_noise,3,shuffled_donor,0.01,1.0,,10,0,-0.5500000000000005,2000,0.021153846153846155,0.028047464940668825,520,927,-0.021906808018684387,99fc6ef526bc821b82a48435c0a11457653382b1512fd893fda45260071da58a
E1,gaussian_noise,3,shuffled_donor,0.01,1.0,,11,0,-0.9500000000000008,2000,0.015384615384615385,0.030204962243797196,520,927,-0.032864481449127195,99fc6ef526bc821b82a48435c0a11457653382b1512fd893fda45260071da58a
E1,gaussian_noise,3,shuffled_donor,0.01,1.0,,12,0,-0.5000000000000004,2000,0.015384615384615385,0.021574973031283712,520,927,-0.03911890614032745,99fc6ef526bc821b82a48435c0a11457653382b1512fd893fda45260071da58a
E1,gaussian_noise,3,shuffled_donor,0.01,1.0,,13,0,-0.050000000000000044,2000,0.025,0.025889967637540454,520,927,-0.016169903814792632,99fc6ef526bc821b82a48435c0a11457653382b1512fd893fda45260071da58a
E1,gaussian_noise,3,shuffled_donor,0.01,1.0,,14,0,0.0,2000,0.021153846153846155,0.019417475728155338,520,927,-0.03280786752700806,99fc6ef526bc821b82a48435c0a11457653382b1512fd893fda45260071da58a
E1,gaussian_noise,3,shuffled_donor,0.01,1.0,,15,0,0.0,2000,0.015384615384615385,0.014023732470334413,520,927,-0.020852913916110993,99fc6ef526bc821b82a48435c0a11457653382b1512fd893fda45260071da58a
E1,gaussian_noise,5,partial_channel,0.01,1.0,,0,0,0.7499999999999979,2000,0.021917808219178082,0.03951367781155015,1095,329,0.011775969982147217,99fc6ef526bc821b82a48435c0a11457653382b1512fd893fda45260071da58a
E1,gaussian_noise,5,partial_channel,0.01,1.0,,0,1,0.5500000000000005,2000,0.0365296803652968,0.1033434650455927,1095,329,-0.1786001676917076,99fc6ef526bc821b82a48435c0a11457653382b1512fd893fda45260071da58a
E1,gaussian_noise,5,partial_channel,0.01,1.0,,0,2,0.15000000000000013,2000,0.021917808219178082,0.0729483282674772,1095,329,-0.057569045543670656,99fc6ef526bc821b82a48435c0a11457653382b1512fd893fda45260071da58a
E1,gaussian_noise,5,partial_channel,0.01,1.0,,0,3,0.6500000000000006,2000,0.01643835616438356,0.0243161094224924,1095,329,0.020151879966259004,99fc6ef526bc821b82a48435c0a11457653382b1512fd893fda45260071da58a
E1,gaussian_noise,5,partial_channel,0.01,1.0,,0,4,0.7499999999999979,2000,0.025570776255707764,0.05167173252279635,1095,329,0.015296830654144286,99fc6ef526bc821b82a48435c0a11457653382b1512fd893fda45260071da58a
E1,gaussian_noise,5,partial_channel,0.05,1.0,,0,0,1.3999999999999986,2000,0.052054794520547946,0.1033434650455927,1095,329,-0.0521874623298645,99fc6ef526bc821b82a48435c0a11457653382b1512fd893fda45260071da58a
E1,gaussian_noise,5,partial_channel,0.05,1.0,,0,1,1.1499999999999981,2000,0.0547945205479452,0.1276595744680851,1095,329,-0.08385722684860229,99fc6ef526bc821b82a48435c0a11457653382b1512fd893fda45260071da58a
E1,gaussian_noise,5,partial_channel,0.05,1.0,,0,2,-3.7000000000000006,2000,0.049315068493150684,0.42249240121580545,1095,329,-1.5365143800377845,99fc6ef526bc821b82a48435c0a11457653382b1512fd893fda45260071da58a
E1,gaussian_noise,5,partial_channel,0.05,1.0,,0,3,2.099999999999999,2000,0.04657534246575343,0.03951367781155015,1095,329,0.16517050063610078,99fc6ef526bc821b82a48435c0a11457653382b1512fd893fda45260071da58a
E1,gaussian_noise,5,partial_channel,0.05,1.0,,0,4,1.1999999999999984,2000,0.04200913242009133,0.08206686930091185,1095,329,0.0380114426612854,99fc6ef526bc821b82a48435c0a11457653382b1512fd893fda45260071da58a
E1,gaussian_noise,5,partial_channel,0.1,1.0,,0,0,1.2499999999999982,2000,0.062100456621004566,0.1580547112462006,1095,329,-0.1421168155670166,99fc6ef526bc821b82a48435c0a11457653382b1512fd893fda45260071da58a
E1,gaussian_noise,5,partial_channel,0.1,1.0,,0,1,6.1,2000,0.13515981735159818,0.1033434650455927,1095,329,0.48370933067798616,99fc6ef526bc821b82a48435c0a11457653382b1512fd893fda45260071da58a
E1,gaussian_noise,5,partial_channel,0.1,1.0,,0,2,-3.25,2000,0.0684931506849315,0.46200607902735563,1095,329,-1.6056011906266212,99fc6ef526bc821b82a48435c0a11457653382b1512fd893fda45260071da58a
E1,gaussian_noise,5,partial_channel,0.1,1.0,,0,3,2.349999999999999,2000,0.07397260273972603,0.11854103343465046,1095,329,0.01715707188844681,99fc6ef526bc821b82a48435c0a11457653382b1512fd893fda45260071da58a
E1,gaussian_noise,5,partial_channel,0.1,1.0,,0,4,2.9,2000,0.07031963470319634,0.0851063829787234,1095,329,0.07818467503786088,99fc6ef526bc821b82a48435c0a11457653382b1512fd893fda45260071da58a
E1,gaussian_noise,5,partial_channel,0.2,1.0,,0,0,1.3499999999999983,2000,0.1004566210045662,0.3130699088145897,1095,329,-1.2032863321900367,99fc6ef526bc821b82a48435c0a11457653382b1512fd893fda45260071da58a
E1,gaussian_noise,5,partial_channel,0.2,1.0,,0,1,7.599999999999999,2000,0.16712328767123288,0.13677811550151975,1095,329,0.5647092976570129,99fc6ef526bc821b82a48435c0a11457653382b1512fd893fda45260071da58a
E1,gaussian_noise,5,partial_channel,0.2,1.0,,0,2,2.149999999999999,2000,0.12054794520547946,0.3343465045592705,1095,329,-0.7419708738327027,99fc6ef526bc821b82a48435c0a11457653382b1512fd893fda45260071da58a
E1,gaussian_noise,5,partial_channel,0.2,1.0,,0,3,-3.8500000000000005,2000,0.06575342465753424,0.48936170212765956,1095,329,-2.1775359793305396,99fc6ef526bc821b82a48435c0a11457653382b1512fd893fda45260071da58a
E1,gaussian_noise,5,partial_channel,0.2,1.0,,0,4,-3.7000000000000006,2000,0.06027397260273973,0.44984802431610943,1095,329,-1.9858126274347305,99fc6ef526bc821b82a48435c0a11457653382b1512fd893fda45260071da58a
E1,gaussian_noise,5,partial_channel,0.01,1.0,,1,0,0.7499999999999979,2000,0.021917808219178082,0.03951367781155015,1095,329,0.01575959151983261,99fc6ef526bc821b82a48435c0a11457653382b1512fd893fda45260071da58a
E1,gaussian_noise,5,partial_channel,0.01,1.0,,1,1,0.050000000000000044,2000,0.01004566210045662,0.03343465045592705,1095,329,-0.02909549868106842,99fc6ef526bc821b82a48435c0a11457653382b1512fd893fda45260071da58a
E1,gaussian_noise,5,partial_channel,0.01,1.0,,1,2,0.30000000000000027,2000,0.021917808219178082,0.06990881458966565,1095,329,-0.04985025936365128,99fc6ef526bc821b82a48435c0a11457653382b1512fd893fda45260071da58a
E1,gaussian_noise,5,partial_channel,0.01,1.0,,1,3,0.7499999999999979,2000,0.019178082191780823,0.030395136778115502,1095,329,0.020297767400741577,99fc6ef526bc821b82a48435c0a11457653382b1512fd893fda45260071da58a
E1,gaussian_noise,5,partial_channel,0.01,1.0,,1,4,0.40000000000000036,2000,0.019178082191780823,0.04559270516717325,1095,329,0.032638198137283324,99fc6ef526bc821b82a48435c0a11457653382b1512fd893fda45260071da58a
E1,gaussian_noise,5,partial_channel,0.05,1.0,,1,0,1.3499999999999983,2000,0.049315068493150684,0.0911854103343465,1095,329,-0.03217330324649811,99fc6ef526bc821b82a48435c0a11457653382b1512fd893fda45260071da58a
E1,gaussian_noise,5,partial_channel,0.05,1.0,,1,1,1.4499999999999984,2000,0.0593607305936073,0.13069908814589665,1095,329,0.08502913355827331,99fc6ef526bc821b82a48435c0a11457653382b1512fd893fda45260071da58a
E1,gaussian_noise,5,partial_channel,0.05,1.0,,1,2,-1.6500000000000015,2000,0.06575342465753424,0.364741641337386,1095,329,-0.9885384292006493,99fc6ef526bc821b82a48435c0a11457653382b1512fd893fda45260071da58a
E1,gaussian_noise,5,partial_channel,0.05,1.0,,1,3,2.6499999999999995,2000,0.057534246575342465,0.0547112462006079,1095,329,0.16683714091777802,99fc6ef526bc821b82a48435c0a11457653382b1512fd893fda45260071da58a
E1,gaussian_noise,5,partial_channel,0.05,1.0,,1,4,1.2999999999999985,2000,0.045662100456621,0.0972644376899696,1095,329,0.030244969069957734,99fc6ef526bc821b82a48435c0a11457653382b1512fd893fda45260071da58a
E1,gaussian_noise,5,partial_channel,0.1,1.0,,1,0,1.1499999999999981,2000,0.049315068493150684,0.1094224924012158,1095,329,-0.04775415402650833,99fc6ef526bc821b82a48435c0a11457653382b1512fd893fda45260071da58a
E1,gaussian_noise,5,partial_channel,0.1,1.0,,1,1,5.3999999999999995,2000,0.1278538812785388,0.1398176291793313,1095,329,0.5163864398002624,99fc6ef526bc821b82a48435c0a11457653382b1512fd893fda45260071da58a
E1,gaussian_noise,5,partial_channel,0.1,1.0,,1,2,-3.35,2000,0.06301369863013699,0.44984802431610943,1095,329,-1.7204019119739533,99fc6ef526bc821b82a48435c0a11457653382b1512fd893fda45260071da58a
E1,gaussian_noise,5,partial_channel,0.1,1.0,,1,3,3.5500000000000003,2000,0.0867579908675799,0.0972644376899696,1095,329,0.16656282252073287,99fc6ef526bc821b82a48435c0a11457653382b1512fd893fda45260071da58a
E1,gaussian_noise,5,partial_channel,0.1,1.0,,1,4,1.6999999999999988,2000,0.0593607305936073,0.11854103343465046,1095,329,0.011245585322380066,99fc6ef526bc821b82a48435c0a11457653382b1512fd893fda45260071da58a
E1,gaussian_noise,5,partial_channel,0.2,1.0,,1,0,6.05,2000,0.15342465753424658,0.2188449848024316,1095,329,0.015556655406951904,99fc6ef526bc821b82a48435c0a11457653382b1512fd893fda45260071da58a
E1,gaussian_noise,5,partial_channel,0.2,1.0,,1,1,10.65,2000,0.2100456621004566,0.10638297872340426,1095,329,1.086046452999115,99fc6ef526bc821b82a48435c0a11457653382b1512fd893fda45260071da58a
E1,gaussian_noise,5,partial_channel,0.2,1.0,,1,2,-0.2500000000000002,2000,0.1004566210045662,0.3860182370820669,1095,329,-1.051144086241722,99fc6ef526bc821b82a48435c0a11457653382b1512fd893fda45260071da58a
E1,gaussian_noise,5,partial_channel,0.2,1.0,,1,3,-2.150000000000002,2000,0.08858447488584476,0.45592705167173253,1095,329,-1.9179878922104836,99fc6ef526bc821b82a48435c0a11457653382b1512fd893fda45260071da58a
E1,gaussian_noise,5,partial_channel,0.2,1.0,,1,4,-2.8499999999999996,2000,0.0730593607305936,0.44376899696048633,1095,329,-2.016353495121002,99fc6ef526bc821b82a48435c0a11457653382b1512fd893fda45260071da58a
E1,gaussian_noise,5,partial_channel,0.01,1.0,,2,0,0.5000000000000004,2000,0.019178082191780823,0.03951367781155015,1095,329,0.02119453191757202,99fc6ef526bc821b82a48435c0a11457653382b1512fd893fda45260071da58a
E1,gaussian_noise,5,partial_channel,0.01,1.0,,2,1,-0.050000000000000044,2000,0.012785388127853882,0.0486322188449848,1095,329,-0.006132821321487427,99fc6ef526bc821b82a48435c0a11457653382b1512fd893fda45260071da58a
E1,gaussian_noise,5,partial_channel,0.01,1.0,,2,2,0.0,2000,0.01643835616438356,0.06990881458966565,1095,329,-0.046029588758945465,99fc6ef526bc821b82a48435c0a11457653382b1512fd893fda45260071da58a
E1,gaussian_noise,5,partial_channel,0.01,1.0,,2,3,0.7999999999999979,2000,0.019178082191780823,0.02127659574468085,1095,329,0.019607201933860778,99fc6ef526bc821b82a48435c0a11457653382b1512fd893fda45260071da58a
E1,gaussian_noise,5,partial_channel,0.01,1.0,,2,4,0.5000000000000004,2000,0.019178082191780823,0.04559270516717325,1095,329,0.06813428956270218,99fc6ef526bc821b82a48435c0a11457653382b1512fd893fda45260071da58a
E1,gaussian_noise,5,partial_channel,0.05,1.0,,2,0,1.0999999999999983,2000,0.043835616438356165,0.09422492401215805,1095,329,0.0013228796720504761,99fc6ef526bc821b82a48435c0a11457653382b1512fd893fda45260071da58a
E1,gaussian_noise,5,partial_channel,0.05,1.0,,2,1,1.799999999999999,2000,0.06484018264840183,0.13677811550151975,1095,329,0.12051082801818848,99fc6ef526bc821b82a48435c0a11457653382b1512fd893fda45260071da58a
E1,gaussian_noise,5,partial_channel,0.05,1.0,,2,2,0.5000000000000004,2000,0.0821917808219178,0.2917933130699088,1095,329,-0.588505293905735,99fc6ef526bc821b82a48435c0a11457653382b1512fd893fda45260071da58a
E1,gaussian_noise,5,partial_channel,0.05,1.0,,2,3,2.6499999999999995,2000,0.0593607305936073,0.057750759878419454,1095,329,0.17095589709281922,99fc6ef526bc821b82a48435c0a11457653382b1512fd893fda45260071da58a
E1,gaussian_noise,5,partial_channel,0.05,1.0,,2,4,1.7499999999999987,2000,0.052968036529680365,0.0972644376899696,1095,329,0.0895006223320961,99fc6ef526bc821b82a48435c0a11457653382b1512fd893fda45260071da58a
E1,gaussian_noise,5,partial_channel,0.1,1.0,,2,0,1.5499999999999985,2000,0.052054794520547946,0.10030395136778116,1095,329,0.08420927840471268,99fc6ef526bc821b82a48435c0a11457653382b1512fd893fda45260071da58a
E1,gaussian_noise,5,partial_channel,0.1,1.0,,2,1,4.599999999999999,2000,0.11506849315068493,0.1337386018237082,1095,329,0.4686445036530495,99fc6ef526bc821b82a48435c0a11457653382b1512fd893fda45260071da58a
E1,gaussian_noise,5,partial_channel,0.1,1.0,,2,2,-0.9500000000000008,2000,0.08127853881278539,0.3677811550151976,1095,329,-0.8135511965155602,99fc6ef526bc821b82a48435c0a11457653382b1512fd893fda45260071da58a
E1,gaussian_noise,5,partial_channel,0.1,1.0,,2,3,3.2,2000,0.0821917808219178,0.1094224924012158,1095,329,0.1252792558670044,99fc6ef526bc821b82a48435c0a11457653382b1512fd893fda45260071da58a
E1,gaussian_noise,5,partial_channel,0.1,1.0,,2,4,2.149999999999999,2000,0.06575342465753424,0.11246200607902736,1095,329,0.11778371286392211,99fc6ef526bc821b82a48435c0a11457653382b1512fd893fda45260071da58a
E1,gaussian_noise,5,partial_channel,0.2,1.0,,2,0,10.15,2000,0.20730593607305936,0.15501519756838905,1095,329,0.7163121622204781,99fc6ef526bc821b82a48435c0a11457653382b1512fd893fda45260071da58a
E1,gaussian_noise,5,partial_channel,0.2,1.0,,2,1,9.25,2000,0.2,0.1519756838905775,1095,329,0.9878081939220429,99fc6ef526bc821b82a48435c0a11457653382b1512fd893fda45260071da58a
E1,gaussian_noise,5,partial_channel,0.2,1.0,,2,2,3.45,2000,0.1415525114155251,0.3069908814589666,1095,329,-0.29165097236633303,99fc6ef526bc821b82a48435c0a11457653382b1512fd893fda45260071da58a
E1,gaussian_noise,5,partial_channel,0.2,1.0,,2,3,1.1499999999999981,2000,0.12146118721461187,0.3617021276595745,1095,329,-0.9810475457906723,99fc6ef526bc821b82a48435c0a11457653382b1512fd893fda45260071da58a
E1,gaussian_noise,5,partial_channel,0.2,1.0,,2,4,-1.050000000000001,2000,0.08401826484018265,0.3677811550151976,1095,329,-1.021208451271057,99fc6ef526bc821b82a48435c0a11457653382b1512fd893fda45260071da58a
E1,gaussian_noise,5,partial_channel,0.01,1.0,,3,0,-0.3500000000000003,2000,0.014611872146118721,0.07598784194528875,1095,329,-0.15454909545183182,99fc6ef526bc821b82a48435c0a11457653382b1512fd893fda45260071da58a
E1,gaussian_noise,5,partial_channel,0.01,1.0,,3,1,-0.050000000000000044,2000,0.0136986301369863,0.0547112462006079,1095,329,-0.08909920316934586,99fc6ef526bc821b82a48435c0a11457653382b1512fd893fda45260071da58a
E1,gaussian_noise,5,partial_channel,0.01,1.0,,3,2,0.6500000000000006,2000,0.019178082191780823,0.0425531914893617,1095,329,0.03491329038143158,99fc6ef526bc821b82a48435c0a11457653382b1512fd893fda45260071da58a
E1,gaussian_noise,5,partial_channel,0.01,1.0,,3,3,0.4500000000000004,2000,0.021917808219178082,0.0547112462006079,1095,329,0.0713471794128418,99fc6ef526bc821b82a48435c0a11457653382b1512fd893fda45260071da58a
E1,gaussian_noise,5,partial_channel,0.01,1.0,,3,4,1.2999999999999985,2000,0.03287671232876712,0.03951367781155015,1095,329,0.09022362875938415,99fc6ef526bc821b82a48435c0a11457653382b1512fd893fda45260071da58a
E1,gaussian_noise,5,partial_channel,0.05,1.0,,3,0,-1.0000000000000009,2000,0.026484018264840183,0.1641337386018237,1095,329,-0.23324240481853484,99fc6ef526bc821b82a48435c0a11457653382b1512fd893fda45260071da58a
E1,gaussian_noise,5,partial_channel,0.05,1.0,,3,1,1.049999999999998,2000,0.052968036529680365,0.13069908814589665,1095,329,-0.04944667881727219,99fc6ef526bc821b82a48435c0a11457653382b1512fd893fda45260071da58a
E1,gaussian_noise,5,partial_channel,0.05,1.0,,3,2,2.6999999999999997,2000,0.06027397260273973,0.060790273556231005,1095,329,0.3197194612622261,99fc6ef526bc821b82a48435c0a11457653382b1512fd893fda45260071da58a
E1,gaussian_noise,5,partial_channel,0.05,1.0,,3,3,5.499999999999999,2000,0.13333333333333333,0.13677811550151975,1095,329,0.8579339918494224,99fc6ef526bc821b82a48435c0a11457653382b1512fd893fda45260071da58a
E1,gaussian_noise,5,partial_channel,0.05,1.0,,3,4,3.8000000000000007,2000,0.0867579908675799,0.08206686930091185,1095,329,0.3047247638106346,99fc6ef526bc821b82a48435c0a11457653382b1512fd893fda45260071da58a
E1,gaussian_noise,5,partial_channel,0.1,1.0,,3,0,0.050000000000000044,2000,0.04474885844748858,0.1702127659574468,1095,329,-0.2377556217908859,99fc6ef526bc821b82a48435c0a11457653382b1512fd893fda45260071da58a
E1,gaussian_noise,5,partial_channel,0.1,1.0,,3,1,4.049999999999998,2000,0.11689497716894977,0.18541033434650456,1095,329,0.27005937016010284,99fc6ef526bc821b82a48435c0a11457653382b1512fd893fda45260071da58a
E1,gaussian_noise,5,partial_channel,0.1,1.0,,3,2,4.599999999999999,2000,0.11689497716894977,0.1337386018237082,1095,329,0.5624755070209503,99fc6ef526bc821b82a48435c0a11457653382b1512fd893fda45260071da58a
E1,gaussian_noise,5,partial_channel,0.1,1.0,,3,3,12.599999999999998,2000,0.2511415525114155,0.11550151975683891,1095,329,1.4680854545235633,99fc6ef526bc821b82a48435c0a11457653382b1512fd893fda45260071da58a
E1,gaussian_noise,5,partial_channel,0.1,1.0,,3,4,5.6,2000,0.12876712328767123,0.12462006079027356,1095,329,0.6071227779984474,99fc6ef526bc821b82a48435c0a11457653382b1512fd893fda45260071da58a
E1,gaussian_noise,5,partial_channel,0.2,1.0,,3,0,4.649999999999999,2000,0.1324200913242009,0.19756838905775076,1095,329,0.276742882847786,99fc6ef526bc821b82a48435c0a11457653382b1512fd893fda45260071da58a
E1,gaussian_noise,5,partial_channel,0.2,1.0,,3,1,12.149999999999997,2000,0.2365296803652968,0.1094224924012158,1095,329,1.2643222675919532,99fc6ef526bc821b82a48435c0a11457653382b1512fd893fda45260071da58a
E1,gaussian_noise,5,partial_channel,0.2,1.0,,3,2,13.199999999999998,2000,0.26118721461187216,0.1033434650455927,1095,329,1.479352608859539,99fc6ef526bc821b82a48435c0a11457653382b1512fd893fda45260071da58a
E1,gaussian_noise,5,partial_channel,0.2,1.0,,3,3,16.85,2000,0.3232876712328767,0.10638297872340426,1095,329,1.777640321969986,99fc6ef526bc821b82a48435c0a11457653382b1512fd893fda45260071da58a
E1,gaussian_noise,5,partial_channel,0.2,1.0,,3,4,11.250000000000002,2000,0.23013698630136986,0.13677811550151975,1095,329,1.3014984648227692,99fc6ef526bc821b82a48435c0a11457653382b1512fd893fda45260071da58a
E1,gaussian_noise,5,partial_channel,0.01,1.0,,4,0,0.899999999999998,2000,0.024657534246575342,0.030395136778115502,1095,329,0.051592204868793484,99fc6ef526bc821b82a48435c0a11457653382b1512fd893fda45260071da58a
E1,gaussian_noise,5,partial_channel,0.01,1.0,,4,1,-0.10000000000000009,2000,0.011872146118721462,0.057750759878419454,1095,329,-0.07425306522846221,99fc6ef526bc821b82a48435c0a11457653382b1512fd893fda45260071da58a
E1,gaussian_noise,5,partial_channel,0.01,1.0,,4,2,0.7000000000000006,2000,0.021917808219178082,0.04559270516717325,1095,329,0.06676428794860839,99fc6ef526bc821b82a48435c0a11457653382b1512fd893fda45260071da58a
E1,gaussian_noise,5,partial_channel,0.01,1.0,,4,3,0.5000000000000004,2000,0.017351598173515982,0.0364741641337386,1095,329,0.09502391725778579,99fc6ef526bc821b82a48435c0a11457653382b1512fd893fda45260071da58a
E1,gaussian_noise,5,partial_channel,0.01,1.0,,4,4,0.899999999999998,2000,0.026484018264840183,0.0425531914893617,1095,329,0.06648646634817124,99fc6ef526bc821b82a48435c0a11457653382b1512fd893fda45260071da58a
E1,gaussian_noise,5,partial_channel,0.05,1.0,,4,0,2.349999999999999,2000,0.06940639269406393,0.12158054711246201,1095,329,0.15583228760957718,99fc6ef526bc821b82a48435c0a11457653382b1512fd893fda45260071da58a
E1,gaussian_noise,5,partial_channel,0.05,1.0,,4,1,1.799999999999999,2000,0.062100456621004566,0.13069908814589665,1095,329,0.020291330695152283,99fc6ef526bc821b82a48435c0a11457653382b1512fd893fda45260071da58a
E1,gaussian_noise,5,partial_channel,0.05,1.0,,4,2,2.6999999999999997,2000,0.062100456621004566,0.0668693009118541,1095,329,0.20712612861394883,99fc6ef526bc821b82a48435c0a11457653382b1512fd893fda45260071da58a
E1,gaussian_noise,5,partial_channel,0.05,1.0,,4,3,3.9999999999999982,2000,0.1095890410958904,0.14285714285714285,1095,329,0.7438190675377846,99fc6ef526bc821b82a48435c0a11457653382b1512fd893fda45260071da58a
E1,gaussian_noise,5,partial_channel,0.05,1.0,,4,4,3.35,2000,0.08401826484018265,0.1033434650455927,1095,329,0.25393076181411744,99fc6ef526bc821b82a48435c0a11457653382b1512fd893fda45260071da58a
E1,gaussian_noise,5,partial_channel,0.1,1.0,,4,0,1.5499999999999985,2000,0.07397260273972603,0.182370820668693,1095,329,-0.06869992697238922,99fc6ef526bc821b82a48435c0a11457653382b1512fd893fda45260071da58a
E1,gaussian_noise,5,partial_channel,0.1,1.0,,4,1,5.099999999999999,2000,0.12694063926940638,0.15501519756838905,1095,329,0.37461024409532545,99fc6ef526bc821b82a48435c0a11457653382b1512fd893fda45260071da58a
E1,gaussian_noise,5,partial_channel,0.1,1.0,,4,2,7.799999999999999,2000,0.16529680365296803,0.11246200607902736,1095,329,0.8718986966013909,99fc6ef526bc821b82a48435c0a11457653382b1512fd893fda45260071da58a
E1,gaussian_noise,5,partial_channel,0.1,1.0,,4,3,11.899999999999997,2000,0.23378995433789954,0.0911854103343465,1095,329,1.3824254083037377,99fc6ef526bc821b82a48435c0a11457653382b1512fd893fda45260071da58a
E1,gaussian_noise,5,partial_channel,0.1,1.0,,4,4,6.6000000000000005,2000,0.13972602739726028,0.11550151975683891,1095,329,0.6658198794722557,99fc6ef526bc821b82a48435c0a11457653382b1512fd893fda45260071da58a
E1,gaussian_noise,5,partial_channel,0.2,1.0,,4,0,6.950000000000001,2000,0.1689497716894977,0.1945288753799392,1095,329,0.5337841899394989,99fc6ef526bc821b82a48435c0a11457653382b1512fd893fda45260071da58a
E1,gaussian_noise,5,partial_channel,0.2,1.0,,4,1,13.049999999999997,2000,0.25388127853881276,0.1094224924012158,1095,329,1.356370626270771,99fc6ef526bc821b82a48435c0a11457653382b1512fd893fda45260071da58a
E1,gaussian_noise,5,partial_channel,0.2,1.0,,4,2,17.0,2000,0.3269406392694064,0.0972644376899696,1095,329,2.0019312028884886,99fc6ef526bc821b82a48435c0a11457653382b1512fd893fda45260071da58a
E1,gaussian_noise,5,partial_channel,0.2,1.0,,4,3,16.45,2000,0.3141552511415525,0.08814589665653495,1095,329,1.868214815735817,99fc6ef526bc821b82a48435c0a11457653382b1512fd893fda45260071da58a
E1,gaussian_noise,5,partial_channel,0.2,1.0,,4,4,12.999999999999998,2000,0.2684931506849315,0.15501519756838905,1095,329,1.3098150641322135,99fc6ef526bc821b82a48435c0a11457653382b1512fd893fda45260071da58a
E1,gaussian_noise,5,partial_channel,0.01,1.0,,5,0,0.7000000000000006,2000,0.0228310502283105,0.0364741641337386,1095,329,0.04258543163537979,99fc6ef526bc821b82a48435c0a11457653382b1512fd893fda45260071da58a
E1,gaussian_noise,5,partial_channel,0.01,1.0,,5,1,0.10000000000000009,2000,0.012785388127853882,0.0425531914893617,1095,329,-0.02769040197134018,99fc6ef526bc821b82a48435c0a11457653382b1512fd893fda45260071da58a
E1,gaussian_noise,5,partial_channel,0.01,1.0,,5,2,0.6500000000000006,2000,0.01643835616438356,0.02735562310030395,1095,329,0.04674699676036835,99fc6ef526bc821b82a48435c0a11457653382b1512fd893fda45260071da58a
E1,gaussian_noise,5,partial_channel,0.01,1.0,,5,3,0.9499999999999981,2000,0.024657534246575342,0.02735562310030395,1095,329,0.12235212802886963,99fc6ef526bc821b82a48435c0a11457653382b1512fd893fda45260071da58a
E1,gaussian_noise,5,partial_channel,0.01,1.0,,5,4,0.40000000000000036,2000,0.0136986301369863,0.030395136778115502,1095,329,0.040362358748912815,99fc6ef526bc821b82a48435c0a11457653382b1512fd893fda45260071da58a
E1,gaussian_noise,5,partial_channel,0.05,1.0,,5,0,3.0,2000,0.07397260273972603,0.08814589665653495,1095,329,0.2717040030956268,99fc6ef526bc821b82a48435c0a11457653382b1512fd893fda45260071da58a
E1,gaussian_noise,5,partial_channel,0.05,1.0,,5,1,1.9999999999999991,2000,0.06027397260273973,0.1033434650455927,1095,329,0.0862859827876091,99fc6ef526bc821b82a48435c0a11457653382b1512fd893fda45260071da58a
E1,gaussian_noise,5,partial_channel,0.05,1.0,,5,2,1.8499999999999988,2000,0.049315068493150684,0.06990881458966565,1095,329,0.09623326951265335,99fc6ef526bc821b82a48435c0a11457653382b1512fd893fda45260071da58a
E1,gaussian_noise,5,partial_channel,0.05,1.0,,5,3,4.599999999999999,2000,0.1178082191780822,0.14893617021276595,1095,329,0.7886713378429413,99fc6ef526bc821b82a48435c0a11457653382b1512fd893fda45260071da58a
E1,gaussian_noise,5,partial_channel,0.05,1.0,,5,4,3.05,2000,0.0730593607305936,0.08206686930091185,1095,329,0.21891404604911804,99fc6ef526bc821b82a48435c0a11457653382b1512fd893fda45260071da58a
E1,gaussian_noise,5,partial_channel,0.1,1.0,,5,0,3.5500000000000003,2000,0.09223744292237443,0.12462006079027356,1095,329,0.23587808990478515,99fc6ef526bc821b82a48435c0a11457653382b1512fd893fda45260071da58a
E1,gaussian_noise,5,partial_channel,0.1,1.0,,5,1,5.6,2000,0.136986301369863,0.1519756838905775,1095,329,0.4811115862131119,99fc6ef526bc821b82a48435c0a11457653382b1512fd893fda45260071da58a
E1,gaussian_noise,5,partial_channel,0.1,1.0,,5,2,6.3,2000,0.13607305936073058,0.10638297872340426,1095,329,0.7195447344183922,99fc6ef526bc821b82a48435c0a11457653382b1512fd893fda45260071da58a
E1,gaussian_noise,5,partial_channel,0.1,1.0,,5,3,10.4,2000,0.21095890410958903,0.10638297872340426,1095,329,1.2483844057917595,99fc6ef526bc821b82a48435c0a11457653382b1512fd893fda45260071da58a
E1,gaussian_noise,5,partial_channel,0.1,1.0,,5,4,5.6499999999999995,2000,0.12054794520547946,0.1094224924012158,1095,329,0.5857682771086693,99fc6ef526bc821b82a48435c0a11457653382b1512fd893fda45260071da58a
E1,gaussian_noise,5,partial_channel,0.2,1.0,,5,0,8.85,2000,0.18904109589041096,0.1458966565349544,1095,329,0.880778121471405,99fc6ef526bc821b82a48435c0a11457653382b1512fd893fda45260071da58a
E1,gaussian_noise,5,partial_channel,0.2,1.0,,5,1,11.400000000000002,2000,0.22557077625570776,0.10638297872340426,1095,329,1.2639119104743004,99fc6ef526bc821b82a48435c0a11457653382b1512fd893fda45260071da58a
E1,gaussian_noise,5,partial_channel,0.2,1.0,,5,2,15.0,2000,0.28949771689497716,0.10030395136778116,1095,329,1.6993870621323586,99fc6ef526bc821b82a48435c0a11457653382b1512fd893fda45260071da58a
E1,gaussian_noise,5,partial_channel,0.2,1.0,,5,3,15.7,2000,0.30228310502283107,0.10638297872340426,1095,329,1.8223285831212996,99fc6ef526bc821b82a48435c0a11457653382b1512fd893fda45260071da58a
E1,gaussian_noise,5,partial_channel,0.2,1.0,,5,4,13.899999999999999,2000,0.27671232876712326,0.1337386018237082,1095,329,1.5507227525115013,99fc6ef526bc821b82a48435c0a11457653382b1512fd893fda45260071da58a
E1,gaussian_noise,5,partial_channel,0.01,1.0,,6,0,0.7999999999999979,2000,0.023744292237442923,0.0364741641337386,1095,329,0.06916125386953353,99fc6ef526bc821b82a48435c0a11457653382b1512fd893fda45260071da58a
E1,gaussian_noise,5,partial_channel,0.01,1.0,,6,1,0.10000000000000009,2000,0.012785388127853882,0.0425531914893617,1095,329,-0.030924835979938507,99fc6ef526bc821b82a48435c0a11457653382b1512fd893fda45260071da58a
E1,gaussian_noise,5,partial_channel,0.01,1.0,,6,2,0.5500000000000005,2000,0.012785388127853882,0.0182370820668693,1095,329,0.04845069873332977,99fc6ef526bc821b82a48435c0a11457653382b1512fd893fda45260071da58a
E1,gaussian_noise,5,partial_channel,0.01,1.0,,6,3,1.049999999999998,2000,0.0273972602739726,0.03343465045592705,1095,329,0.15375641751289368,99fc6ef526bc821b82a48435c0a11457653382b1512fd893fda45260071da58a
E1,gaussian_noise,5,partial_channel,0.01,1.0,,6,4,0.30000000000000027,2000,0.01004566210045662,0.0243161094224924,1095,329,0.03733870977163315,99fc6ef526bc821b82a48435c0a11457653382b1512fd893fda45260071da58a
E1,gaussian_noise,5,partial_channel,0.05,1.0,,6,0,3.05,2000,0.07579908675799087,0.08814589665653495,1095,329,0.3598472508192062,99fc6ef526bc821b82a48435c0a11457653382b1512fd893fda45260071da58a
E1,gaussian_noise,5,partial_channel,0.05,1.0,,6,1,1.7499999999999987,2000,0.0547945205479452,0.10030395136778116,1095,329,0.1041188473701477,99fc6ef526bc821b82a48435c0a11457653382b1512fd893fda45260071da58a
E1,gaussian_noise,5,partial_channel,0.05,1.0,,6,2,1.8499999999999988,2000,0.049315068493150684,0.0790273556231003,1095,329,0.05383539128303528,99fc6ef526bc821b82a48435c0a11457653382b1512fd893fda45260071da58a
E1,gaussian_noise,5,partial_channel,0.05,1.0,,6,3,6.15,2000,0.13150684931506848,0.1033434650455927,1095,329,0.8094486376643181,99fc6ef526bc821b82a48435c0a11457653382b1512fd893fda45260071da58a
E1,gaussian_noise,5,partial_channel,0.05,1.0,,6,4,2.6499999999999995,2000,0.06575342465753424,0.0668693009118541,1095,329,0.18439632546901702,99fc6ef526bc821b82a48435c0a11457653382b1512fd893fda45260071da58a
E1,gaussian_noise,5,partial_channel,0.1,1.0,,6,0,5.249999999999999,2000,0.11506849315068493,0.09422492401215805,1095,329,0.41499243724346163,99fc6ef526bc821b82a48435c0a11457653382b1512fd893fda45260071da58a
E1,gaussian_noise,5,partial_channel,0.1,1.0,,6,1,5.149999999999999,2000,0.1278538812785388,0.1519756838905775,1095,329,0.48141870164871214,99fc6ef526bc821b82a48435c0a11457653382b1512fd893fda45260071da58a
E1,gaussian_noise,5,partial_channel,0.1,1.0,,6,2,6.25,2000,0.1324200913242009,0.09422492401215805,1095,329,0.7586713449954987,99fc6ef526bc821b82a48435c0a11457653382b1512fd893fda45260071da58a
E1,gaussian_noise,5,partial_channel,0.1,1.0,,6,3,10.65,2000,0.2146118721461187,0.09422492401215805,1095,329,1.2871847957968712,99fc6ef526bc821b82a48435c0a11457653382b1512fd893fda45260071da58a
E1,gaussian_noise,5,partial_channel,0.1,1.0,,6,4,7.299999999999998,2000,0.13972602739726028,0.0668693009118541,1095,329,0.6991943057775497,99fc6ef526bc821b82a48435c0a11457653382b1512fd893fda45260071da58a
E1,gaussian_noise,5,partial_channel,0.2,1.0,,6,0,12.099999999999996,2000,0.2410958904109589,0.1276595744680851,1095,329,1.3390336499810218,99fc6ef526bc821b82a48435c0a11457653382b1512fd893fda45260071da58a
E1,gaussian_noise,5,partial_channel,0.2,1.0,,6,1,12.099999999999996,2000,0.2374429223744292,0.10638297872340426,1095,329,1.3483049708604813,99fc6ef526bc821b82a48435c0a11457653382b1512fd893fda45260071da58a
E1,gaussian_noise,5,partial_channel,0.2,1.0,,6,2,12.799999999999997,2000,0.24840182648401826,0.09422492401215805,1095,329,1.4730928226709366,99fc6ef526bc821b82a48435c0a11457653382b1512fd893fda45260071da58a
E1,gaussian_noise,5,partial_channel,0.2,1.0,,6,3,15.9,2000,0.3059360730593607,0.1033434650455927,1095,329,1.8499177458286284,99fc6ef526bc821b82a48435c0a11457653382b1512fd893fda45260071da58a
E1,gaussian_noise,5,partial_channel,0.2,1.0,,6,4,15.5,2000,0.29771689497716897,0.12462006079027356,1095,329,1.7535227609276771,99fc6ef526bc821b82a48435c0a11457653382b1512fd893fda45260071da58a
E1,gaussian_noise,5,partial_channel,0.01,1.0,,7,0,2.049999999999999,2000,0.04657534246575343,0.0486322188449848,1095,329,0.2427996414899826,99fc6ef526bc821b82a48435c0a11457653382b1512fd893fda45260071da58a
E1,gaussian_noise,5,partial_channel,0.01,1.0,,7,1,1.7499999999999987,2000,0.04200913242009133,0.0425531914893617,1095,329,0.16237900084257126,99fc6ef526bc821b82a48435c0a11457653382b1512fd893fda45260071da58a
E1,gaussian_noise,5,partial_channel,0.01,1.0,,7,2,0.5500000000000005,2000,0.017351598173515982,0.030395136778115502,1095,329,0.04891159564256668,99fc6ef526bc821b82a48435c0a11457653382b1512fd893fda45260071da58a
E1,gaussian_noise,5,partial_channel,0.01,1.0,,7,3,1.049999999999998,2000,0.030136986301369864,0.04559270516717325,1095,329,0.08237160557508469,99fc6ef526bc821b82a48435c0a11457653382b1512fd893fda45260071da58a
E1,gaussian_noise,5,partial_channel,0.01,1.0,,7,4,1.4999999999999987,2000,0.0365296803652968,0.0425531914893617,1095,329,0.19180610781908036,99fc6ef526bc821b82a48435c0a11457653382b1512fd893fda45260071da58a
E1,gaussian_noise,5,partial_channel,0.05,1.0,,7,0,4.349999999999998,2000,0.09497716894977169,0.06990881458966565,1095,329,0.451425110578537,99fc6ef526bc821b82a48435c0a11457653382b1512fd893fda45260071da58a
E1,gaussian_noise,5,partial_channel,0.05,1.0,,7,1,5.499999999999999,2000,0.11689497716894977,0.0729483282674772,1095,329,0.6457571006417274,99fc6ef526bc821b82a48435c0a11457653382b1512fd893fda45260071da58a
E1,gaussian_noise,5,partial_channel,0.05,1.0,,7,2,4.199999999999998,2000,0.091324200913242,0.0729483282674772,1095,329,0.5642164968252182,99fc6ef526bc821b82a48435c0a11457653382b1512fd893fda45260071da58a
E1,gaussian_noise,5,partial_channel,0.05,1.0,,7,3,1.899999999999999,2000,0.048401826484018265,0.06382978723404255,1095,329,0.23581787711381913,99fc6ef526bc821b82a48435c0a11457653382b1512fd893fda45260071da58a
E1,gaussian_noise,5,partial_channel,0.05,1.0,,7,4,3.9999999999999982,2000,0.09406392694063927,0.0790273556231003,1095,329,0.46228422713279727,99fc6ef526bc821b82a48435c0a11457653382b1512fd893fda45260071da58a
E1,gaussian_noise,5,partial_channel,0.1,1.0,,7,0,9.25,2000,0.18538812785388128,0.08206686930091185,1095,329,1.0179448306560517,99fc6ef526bc821b82a48435c0a11457653382b1512fd893fda45260071da58a
E1,gaussian_noise,5,partial_channel,0.1,1.0,,7,1,10.200000000000001,2000,0.1963470319634703,0.0790273556231003,1095,329,1.182161052465439,99fc6ef526bc821b82a48435c0a11457653382b1512fd893fda45260071da58a
E1,gaussian_noise,5,partial_channel,0.1,1.0,,7,2,8.85,2000,0.1643835616438356,0.0668693009118541,1095,329,1.0477323467135429,99fc6ef526bc821b82a48435c0a11457653382b1512fd893fda45260071da58a
E1,gaussian_noise,5,partial_channel,0.1,1.0,,7,3,7.149999999999998,2000,0.15251141552511416,0.1094224924012158,1095,329,0.7449939871430397,99fc6ef526bc821b82a48435c0a11457653382b1512fd893fda45260071da58a
E1,gaussian_noise,5,partial_channel,0.1,1.0,,7,4,9.950000000000001,2000,0.2,0.0911854103343465,1095,329,1.0561113144159318,99fc6ef526bc821b82a48435c0a11457653382b1512fd893fda45260071da58a
E1,gaussian_noise,5,partial_channel,0.2,1.0,,7,0,17.400000000000002,2000,0.3360730593607306,0.10638297872340426,1095,329,1.9999279718995093,99fc6ef526bc821b82a48435c0a11457653382b1512fd893fda45260071da58a
E1,gaussian_noise,5,partial_channel,0.2,1.0,,7,1,22.35,2000,0.4091324200913242,0.07598784194528875,1095,329,2.460153508067131,99fc6ef526bc821b82a48435c0a11457653382b1512fd893fda45260071da58a
E1,gaussian_noise,5,partial_channel,0.2,1.0,,7,2,19.349999999999998,2000,0.3506849315068493,0.07598784194528875,1095,329,2.1587109602689742,99fc6ef526bc821b82a48435c0a11457653382b1512fd893fda45260071da58a
E1,gaussian_noise,5,partial_channel,0.2,1.0,,7,3,18.749999999999996,2000,0.34794520547945207,0.0851063829787234,1095,329,2.2535073410272597,99fc6ef526bc821b82a48435c0a11457653382b1512fd893fda45260071da58a
E1,gaussian_noise,5,partial_channel,0.2,1.0,,7,4,20.65,2000,0.37534246575342467,0.0668693009118541,1095,329,2.157419848382473,99fc6ef526bc821b82a48435c0a11457653382b1512fd893fda45260071da58a
E1,gaussian_noise,5,partial_channel,0.01,1.0,,8,0,1.1499999999999981,2000,0.0273972602739726,0.03343465045592705,1095,329,0.17640018886327744,99fc6ef526bc821b82a48435c0a11457653382b1512fd893fda45260071da58a
E1,gaussian_noise,5,partial_channel,0.01,1.0,,8,1,1.1499999999999981,2000,0.0319634703196347,0.04559270516717325,1095,329,0.1338605397939682,99fc6ef526bc821b82a48435c0a11457653382b1512fd893fda45260071da58a
E1,gaussian_noise,5,partial_channel,0.01,1.0,,8,2,0.7999999999999979,2000,0.02009132420091324,0.03343465045592705,1095,329,0.025423165023326873,99fc6ef526bc821b82a48435c0a11457653382b1512fd893fda45260071da58a
E1,gaussian_noise,5,partial_channel,0.01,1.0,,8,3,1.1499999999999981,2000,0.025570776255707764,0.02735562310030395,1095,329,0.09817652332782745,99fc6ef526bc821b82a48435c0a11457653382b1512fd893fda45260071da58a
E1,gaussian_noise,5,partial_channel,0.01,1.0,,8,4,0.7499999999999979,2000,0.024657534246575342,0.0486322188449848,1095,329,0.13242691600322723,99fc6ef526bc821b82a48435c0a11457653382b1512fd893fda45260071da58a
E1,gaussian_noise,5,partial_channel,0.05,1.0,,8,0,4.099999999999998,2000,0.08310502283105023,0.04559270516717325,1095,329,0.4725384995341301,99fc6ef526bc821b82a48435c0a11457653382b1512fd893fda45260071da58a
E1,gaussian_noise,5,partial_channel,0.05,1.0,,8,1,5.249999999999999,2000,0.10776255707762557,0.0547112462006079,1095,329,0.6035638242959976,99fc6ef526bc821b82a48435c0a11457653382b1512fd893fda45260071da58a
E1,gaussian_noise,5,partial_channel,0.05,1.0,,8,2,4.349999999999998,2000,0.08767123287671233,0.0425531914893617,1095,329,0.5434509915709496,99fc6ef526bc821b82a48435c0a11457653382b1512fd893fda45260071da58a
E1,gaussian_noise,5,partial_channel,0.05,1.0,,8,3,3.3000000000000003,2000,0.0684931506849315,0.03951367781155015,1095,329,0.36470838940143585,99fc6ef526bc821b82a48435c0a11457653382b1512fd893fda45260071da58a
E1,gaussian_noise,5,partial_channel,0.05,1.0,,8,4,3.25,2000,0.07579908675799087,0.06990881458966565,1095,329,0.4665302717089653,99fc6ef526bc821b82a48435c0a11457653382b1512fd893fda45260071da58a
E1,gaussian_noise,5,partial_channel,0.1,1.0,,8,0,9.0,2000,0.17534246575342466,0.0729483282674772,1095,329,1.0933104335069657,99fc6ef526bc821b82a48435c0a11457653382b1512fd893fda45260071da58a
E1,gaussian_noise,5,partial_channel,0.1,1.0,,8,1,11.400000000000002,2000,0.21552511415525114,0.0729483282674772,1095,329,1.250688824534416,99fc6ef526bc821b82a48435c0a11457653382b1512fd893fda45260071da58a
E1,gaussian_noise,5,partial_channel,0.1,1.0,,8,2,9.8,2000,0.1726027397260274,0.0364741641337386,1095,329,1.059838081240654,99fc6ef526bc821b82a48435c0a11457653382b1512fd893fda45260071da58a
E1,gaussian_noise,5,partial_channel,0.1,1.0,,8,3,10.0,2000,0.19269406392694063,0.07598784194528875,1095,329,1.04014323669672,99fc6ef526bc821b82a48435c0a11457653382b1512fd893fda45260071da58a
E1,gaussian_noise,5,partial_channel,0.1,1.0,,8,4,8.1,2000,0.16073059360730593,0.08206686930091185,1095,329,0.9184652629494667,99fc6ef526bc821b82a48435c0a11457653382b1512fd893fda45260071da58a
E1,gaussian_noise,5,partial_channel,0.2,1.0,,8,0,19.549999999999997,2000,0.35799086757990867,0.06990881458966565,1095,329,2.182401858627796,99fc6ef526bc821b82a48435c0a11457653382b1512fd893fda45260071da58a
E1,gaussian_noise,5,partial_channel,0.2,1.0,,8,1,24.000000000000004,2000,0.4328767123287671,0.0668693009118541,1095,329,2.7104284266829493,99fc6ef526bc821b82a48435c0a11457653382b1512fd893fda45260071da58a
E1,gaussian_noise,5,partial_channel,0.2,1.0,,8,2,19.95,2000,0.35251141552511417,0.060790273556231005,1095,329,2.124573590397835,99fc6ef526bc821b82a48435c0a11457653382b1512fd893fda45260071da58a
E1,gaussian_noise,5,partial_channel,0.2,1.0,,8,3,20.5,2000,0.3744292237442922,0.06382978723404255,1095,329,2.4519830325841903,99fc6ef526bc821b82a48435c0a11457653382b1512fd893fda45260071da58a
E1,gaussian_noise,5,partial_channel,0.2,1.0,,8,4,20.0,2000,0.36621004566210047,0.06382978723404255,1095,329,2.1286012932658194,99fc6ef526bc821b82a48435c0a11457653382b1512fd893fda45260071da58a
E1,gaussian_noise,5,partial_channel,0.01,1.0,,9,0,1.049999999999998,2000,0.025570776255707764,0.03343465045592705,1095,329,0.16487852358818053,99fc6ef526bc821b82a48435c0a11457653382b1512fd893fda45260071da58a
E1,gaussian_noise,5,partial_channel,0.01,1.0,,9,1,0.9499999999999981,2000,0.026484018264840183,0.03951367781155015,1095,329,0.11840711414813995,99fc6ef526bc821b82a48435c0a11457653382b1512fd893fda45260071da58a
E1,gaussian_noise,5,partial_channel,0.01,1.0,,9,2,0.4500000000000004,2000,0.01643835616438356,0.03951367781155015,1095,329,0.02793673872947693,99fc6ef526bc821b82a48435c0a11457653382b1512fd893fda45260071da58a
E1,gaussian_noise,5,partial_channel,0.01,1.0,,9,3,0.849999999999998,2000,0.021004566210045664,0.03343465045592705,1095,329,0.09051615691184997,99fc6ef526bc821b82a48435c0a11457653382b1512fd893fda45260071da58a
E1,gaussian_noise,5,partial_channel,0.01,1.0,,9,4,0.6000000000000005,2000,0.021917808219178082,0.0486322188449848,1095,329,0.0925760190486908,99fc6ef526bc821b82a48435c0a11457653382b1512fd893fda45260071da58a
E1,gaussian_noise,5,partial_channel,0.05,1.0,,9,0,3.8999999999999977,2000,0.0776255707762557,0.03951367781155015,1095,329,0.4680194203853607,99fc6ef526bc821b82a48435c0a11457653382b1512fd893fda45260071da58a
E1,gaussian_noise,5,partial_channel,0.05,1.0,,9,1,4.699999999999998,2000,0.0958904109589041,0.05167173252279635,1095,329,0.5555250269174575,99fc6ef526bc821b82a48435c0a11457653382b1512fd893fda45260071da58a
E1,gaussian_noise,5,partial_channel,0.05,1.0,,9,2,3.8999999999999977,2000,0.07945205479452055,0.04559270516717325,1095,329,0.4931240702867508,99fc6ef526bc821b82a48435c0a11457653382b1512fd893fda45260071da58a
E1,gaussian_noise,5,partial_channel,0.05,1.0,,9,3,2.3999999999999995,2000,0.05570776255707763,0.057750759878419454,1095,329,0.242885749399662,99fc6ef526bc821b82a48435c0a11457653382b1512fd893fda45260071da58a
E1,gaussian_noise,5,partial_channel,0.05,1.0,,9,4,3.1,2000,0.0639269406392694,0.04559270516717325,1095,329,0.3884281834959984,99fc6ef526bc821b82a48435c0a11457653382b1512fd893fda45260071da58a
E1,gaussian_noise,5,partial_channel,0.1,1.0,,9,0,8.9,2000,0.1689497716894977,0.0547112462006079,1095,329,1.0273612700104713,99fc6ef526bc821b82a48435c0a11457653382b1512fd893fda45260071da58a
E1,gaussian_noise,5,partial_channel,0.1,1.0,,9,1,9.35,2000,0.17899543378995433,0.08206686930091185,1095,329,1.1170073816776276,99fc6ef526bc821b82a48435c0a11457653382b1512fd893fda45260071da58a
E1,gaussian_noise,5,partial_channel,0.1,1.0,,9,2,8.2,2000,0.15342465753424658,0.05167173252279635,1095,329,0.9763958562612534,99fc6ef526bc821b82a48435c0a11457653382b1512fd893fda45260071da58a
E1,gaussian_noise,5,partial_channel,0.1,1.0,,9,3,9.0,2000,0.1689497716894977,0.060790273556231005,1095,329,0.9624772188067436,99fc6ef526bc821b82a48435c0a11457653382b1512fd893fda45260071da58a
E1,gaussian_noise,5,partial_channel,0.1,1.0,,9,4,6.9,2000,0.13881278538812786,0.0729483282674772,1095,329,0.8398347926139832,99fc6ef526bc821b82a48435c0a11457653382b1512fd893fda45260071da58a
E1,gaussian_noise,5,partial_channel,0.2,1.0,,9,0,19.15,2000,0.34794520547945207,0.0668693009118541,1095,329,2.0728822950720787,99fc6ef526bc821b82a48435c0a11457653382b1512fd893fda45260071da58a
E1,gaussian_noise,5,partial_channel,0.2,1.0,,9,1,22.75,2000,0.4100456621004566,0.06382978723404255,1095,329,2.5282577003240587,99fc6ef526bc821b82a48435c0a11457653382b1512fd893fda45260071da58a
E1,gaussian_noise,5,partial_channel,0.2,1.0,,9,2,18.9,2000,0.33515981735159817,0.060790273556231005,1095,329,2.0041690208911898,99fc6ef526bc821b82a48435c0a11457653382b1512fd893fda45260071da58a
E1,gaussian_noise,5,partial_channel,0.2,1.0,,9,3,20.9,2000,0.3789954337899543,0.06382978723404255,1095,329,2.3821668429374694,99fc6ef526bc821b82a48435c0a11457653382b1512fd893fda45260071da58a
E1,gaussian_noise,5,partial_channel,0.2,1.0,,9,4,18.349999999999998,2000,0.3406392694063927,0.07598784194528875,1095,329,2.008522813081741,99fc6ef526bc821b82a48435c0a11457653382b1512fd893fda45260071da58a
E1,gaussian_noise,5,partial_channel,0.01,1.0,,10,0,0.7999999999999979,2000,0.021004566210045664,0.030395136778115502,1095,329,0.12717743557691574,99fc6ef526bc821b82a48435c0a11457653382b1512fd893fda45260071da58a
E1,gaussian_noise,5,partial_channel,0.01,1.0,,10,1,1.3499999999999983,2000,0.0319634703196347,0.0364741641337386,1095,329,0.12295756083726883,99fc6ef526bc821b82a48435c0a11457653382b1512fd893fda45260071da58a
E1,gaussian_noise,5,partial_channel,0.01,1.0,,10,2,0.4500000000000004,2000,0.015525114155251141,0.0364741641337386,1095,329,0.025005932331085206,99fc6ef526bc821b82a48435c0a11457653382b1512fd893fda45260071da58a
E1,gaussian_noise,5,partial_channel,0.01,1.0,,10,3,1.0999999999999983,2000,0.023744292237442923,0.0243161094224924,1095,329,0.11059196668863297,99fc6ef526bc821b82a48435c0a11457653382b1512fd893fda45260071da58a
E1,gaussian_noise,5,partial_channel,0.01,1.0,,10,4,0.7000000000000006,2000,0.023744292237442923,0.04559270516717325,1095,329,0.06714027935266495,99fc6ef526bc821b82a48435c0a11457653382b1512fd893fda45260071da58a
E1,gaussian_noise,5,partial_channel,0.05,1.0,,10,0,3.8999999999999977,2000,0.07579908675799087,0.030395136778115502,1095,329,0.3869919964671135,99fc6ef526bc821b82a48435c0a11457653382b1512fd893fda45260071da58a
E1,gaussian_noise,5,partial_channel,0.05,1.0,,10,1,4.299999999999998,2000,0.08858447488584476,0.057750759878419454,1095,329,0.5442196198701859,99fc6ef526bc821b82a48435c0a11457653382b1512fd893fda45260071da58a
E1,gaussian_noise,5,partial_channel,0.05,1.0,,10,2,3.7500000000000004,2000,0.0776255707762557,0.0486322188449848,1095,329,0.48614278864860533,99fc6ef526bc821b82a48435c0a11457653382b1512fd893fda45260071da58a
E1,gaussian_noise,5,partial_channel,0.05,1.0,,10,3,2.5499999999999994,2000,0.052054794520547946,0.0364741641337386,1095,329,0.2493052135705948,99fc6ef526bc821b82a48435c0a11457653382b1512fd893fda45260071da58a
E1,gaussian_noise,5,partial_channel,0.05,1.0,,10,4,2.8499999999999996,2000,0.06301369863013699,0.057750759878419454,1095,329,0.42645228636264804,99fc6ef526bc821b82a48435c0a11457653382b1512fd893fda45260071da58a
E1,gaussian_noise,5,partial_channel,0.1,1.0,,10,0,8.249999999999998,2000,0.15616438356164383,0.057750759878419454,1095,329,0.9222083185315132,99fc6ef526bc821b82a48435c0a11457653382b1512fd893fda45260071da58a
E1,gaussian_noise,5,partial_channel,0.1,1.0,,10,1,8.7,2000,0.1689497716894977,0.0729483282674772,1095,329,1.021565146267414,99fc6ef526bc821b82a48435c0a11457653382b1512fd893fda45260071da58a
E1,gaussian_noise,5,partial_channel,0.1,1.0,,10,2,7.899999999999999,2000,0.14977168949771688,0.060790273556231005,1095,329,0.948389320909977,99fc6ef526bc821b82a48435c0a11457653382b1512fd893fda45260071da58a
E1,gaussian_noise,5,partial_channel,0.1,1.0,,10,3,7.299999999999998,2000,0.1415525114155251,0.07598784194528875,1095,329,0.8591051564216614,99fc6ef526bc821b82a48435c0a11457653382b1512fd893fda45260071da58a
E1,gaussian_noise,5,partial_channel,0.1,1.0,,10,4,6.8500000000000005,2000,0.13789954337899543,0.06990881458966565,1095,329,0.8675458995103836,99fc6ef526bc821b82a48435c0a11457653382b1512fd893fda45260071da58a
E1,gaussian_noise,5,partial_channel,0.2,1.0,,10,0,16.8,2000,0.308675799086758,0.0547112462006079,1095,329,1.9200380910038948,99fc6ef526bc821b82a48435c0a11457653382b1512fd893fda45260071da58a
E1,gaussian_noise,5,partial_channel,0.2,1.0,,10,1,19.799999999999997,2000,0.3607305936073059,0.06382978723404255,1095,329,2.297311463356018,99fc6ef526bc821b82a48435c0a11457653382b1512fd893fda45260071da58a
E1,gaussian_noise,5,partial_channel,0.2,1.0,,10,2,16.75,2000,0.3004566210045662,0.057750759878419454,1095,329,1.9010896117687226,99fc6ef526bc821b82a48435c0a11457653382b1512fd893fda45260071da58a
E1,gaussian_noise,5,partial_channel,0.2,1.0,,10,3,18.9,2000,0.3415525114155251,0.06990881458966565,1095,329,2.2539977036714554,99fc6ef526bc821b82a48435c0a11457653382b1512fd893fda45260071da58a
E1,gaussian_noise,5,partial_channel,0.2,1.0,,10,4,16.45,2000,0.3050228310502283,0.06990881458966565,1095,329,1.8439954664707183,99fc6ef526bc821b82a48435c0a11457653382b1512fd893fda45260071da58a
E1,gaussian_noise,5,partial_channel,0.01,1.0,,11,0,0.6500000000000006,2000,0.019178082191780823,0.030395136778115502,1095,329,0.12422203785181045,99fc6ef526bc821b82a48435c0a11457653382b1512fd893fda45260071da58a
E1,gaussian_noise,5,partial_channel,0.01,1.0,,11,1,0.7499999999999979,2000,0.024657534246575342,0.0425531914893617,1095,329,0.11339854884147645,99fc6ef526bc821b82a48435c0a11457653382b1512fd893fda45260071da58a
E1,gaussian_noise,5,partial_channel,0.01,1.0,,11,2,0.30000000000000027,2000,0.014611872146118721,0.03951367781155015,1095,329,0.014331018149852753,99fc6ef526bc821b82a48435c0a11457653382b1512fd893fda45260071da58a
E1,gaussian_noise,5,partial_channel,0.01,1.0,,11,3,0.9999999999999981,2000,0.02009132420091324,0.0243161094224924,1095,329,0.11347400748729705,99fc6ef526bc821b82a48435c0a11457653382b1512fd893fda45260071da58a
E1,gaussian_noise,5,partial_channel,0.01,1.0,,11,4,0.6500000000000006,2000,0.021004566210045664,0.0364741641337386,1095,329,0.06680062103271485,99fc6ef526bc821b82a48435c0a11457653382b1512fd893fda45260071da58a
E1,gaussian_noise,5,partial_channel,0.05,1.0,,11,0,2.6499999999999995,2000,0.058447488584474884,0.05167173252279635,1095,329,0.3616299511194229,99fc6ef526bc821b82a48435c0a11457653382b1512fd893fda45260071da58a
E1,gaussian_noise,5,partial_channel,0.05,1.0,,11,1,3.8500000000000005,2000,0.08401826484018265,0.060790273556231005,1095,329,0.49710584300756455,99fc6ef526bc821b82a48435c0a11457653382b1512fd893fda45260071da58a
E1,gaussian_noise,5,partial_channel,0.05,1.0,,11,2,3.7500000000000004,2000,0.0730593607305936,0.0364741641337386,1095,329,0.4514465084671974,99fc6ef526bc821b82a48435c0a11457653382b1512fd893fda45260071da58a
E1,gaussian_noise,5,partial_channel,0.05,1.0,,11,3,2.8499999999999996,2000,0.052968036529680365,0.02735562310030395,1095,329,0.2674907789826393,99fc6ef526bc821b82a48435c0a11457653382b1512fd893fda45260071da58a
E1,gaussian_noise,5,partial_channel,0.05,1.0,,11,4,2.6499999999999995,2000,0.06484018264840183,0.06382978723404255,1095,329,0.39958485811948774,99fc6ef526bc821b82a48435c0a11457653382b1512fd893fda45260071da58a
E1,gaussian_noise,5,partial_channel,0.1,1.0,,11,0,7.299999999999998,2000,0.13515981735159818,0.0486322188449848,1095,329,0.8734332485795021,99fc6ef526bc821b82a48435c0a11457653382b1512fd893fda45260071da58a
E1,gaussian_noise,5,partial_channel,0.1,1.0,,11,1,7.649999999999999,2000,0.14977168949771688,0.0668693009118541,1095,329,0.9511982073783875,99fc6ef526bc821b82a48435c0a11457653382b1512fd893fda45260071da58a
E1,gaussian_noise,5,partial_channel,0.1,1.0,,11,2,7.299999999999998,2000,0.1324200913242009,0.04559270516717325,1095,329,0.9015643568634987,99fc6ef526bc821b82a48435c0a11457653382b1512fd893fda45260071da58a
E1,gaussian_noise,5,partial_channel,0.1,1.0,,11,3,7.349999999999998,2000,0.13607305936073058,0.05167173252279635,1095,329,0.8437156187295913,99fc6ef526bc821b82a48435c0a11457653382b1512fd893fda45260071da58a
E1,gaussian_noise,5,partial_channel,0.1,1.0,,11,4,6.800000000000001,2000,0.1324200913242009,0.060790273556231005,1095,329,0.8683776103854179,99fc6ef526bc821b82a48435c0a11457653382b1512fd893fda45260071da58a
E1,gaussian_noise,5,partial_channel,0.2,1.0,,11,0,15.75,2000,0.29406392694063926,0.057750759878419454,1095,329,1.8112669406533242,99fc6ef526bc821b82a48435c0a11457653382b1512fd893fda45260071da58a
E1,gaussian_noise,5,partial_channel,0.2,1.0,,11,1,18.4,2000,0.3287671232876712,0.057750759878419454,1095,329,2.1526121388673785,99fc6ef526bc821b82a48435c0a11457653382b1512fd893fda45260071da58a
E1,gaussian_noise,5,partial_channel,0.2,1.0,,11,2,16.2,2000,0.2922374429223744,0.057750759878419454,1095,329,1.8486163884997369,99fc6ef526bc821b82a48435c0a11457653382b1512fd893fda45260071da58a
E1,gaussian_noise,5,partial_channel,0.2,1.0,,11,3,17.650000000000002,2000,0.3242009132420091,0.07598784194528875,1095,329,2.200825077831745,99fc6ef526bc821b82a48435c0a11457653382b1512fd893fda45260071da58a
E1,gaussian_noise,5,partial_channel,0.2,1.0,,11,4,15.6,2000,0.28858447488584477,0.06382978723404255,1095,329,1.8559939682483673,99fc6ef526bc821b82a48435c0a11457653382b1512fd893fda45260071da58a
E1,gaussian_noise,5,partial_channel,0.01,1.0,,12,0,0.5500000000000005,2000,0.0136986301369863,0.0182370820668693,1095,329,0.11889216870069504,99fc6ef526bc821b82a48435c0a11457653382b1512fd893fda45260071da58a
E1,gaussian_noise,5,partial_channel,0.01,1.0,,12,1,0.7000000000000006,2000,0.019178082191780823,0.0243161094224924,1095,329,0.09154689699411392,99fc6ef526bc821b82a48435c0a11457653382b1512fd893fda45260071da58a
E1,gaussian_noise,5,partial_channel,0.01,1.0,,12,2,0.30000000000000027,2000,0.011872146118721462,0.02735562310030395,1095,329,0.01999804776906967,99fc6ef526bc821b82a48435c0a11457653382b1512fd893fda45260071da58a
E1,gaussian_noise,5,partial_channel,0.01,1.0,,12,3,0.899999999999998,2000,0.019178082191780823,0.0243161094224924,1095,329,0.09347096610069275,99fc6ef526bc821b82a48435c0a11457653382b1512fd893fda45260071da58a
E1,gaussian_noise,5,partial_channel,0.01,1.0,,12,4,0.7000000000000006,2000,0.017351598173515982,0.02735562310030395,1095,329,0.06687416845560074,99fc6ef526bc821b82a48435c0a11457653382b1512fd893fda45260071da58a
E1,gaussian_noise,5,partial_channel,0.05,1.0,,12,0,2.6999999999999997,2000,0.052054794520547946,0.0243161094224924,1095,329,0.35844598257541654,99fc6ef526bc821b82a48435c0a11457653382b1512fd893fda45260071da58a
E1,gaussian_noise,5,partial_channel,0.05,1.0,,12,1,3.25,2000,0.0639269406392694,0.03343465045592705,1095,329,0.4350745413303375,99fc6ef526bc821b82a48435c0a11457653382b1512fd893fda45260071da58a
E1,gaussian_noise,5,partial_channel,0.05,1.0,,12,2,2.6999999999999997,2000,0.0593607305936073,0.0486322188449848,1095,329,0.4139509743452072,99fc6ef526bc821b82a48435c0a11457653382b1512fd893fda45260071da58a
E1,gaussian_noise,5,partial_channel,0.05,1.0,,12,3,2.149999999999999,2000,0.042922374429223746,0.03343465045592705,1095,329,0.2336268398761749,99fc6ef526bc821b82a48435c0a11457653382b1512fd893fda45260071da58a
E1,gaussian_noise,5,partial_channel,0.05,1.0,,12,4,2.1999999999999993,2000,0.057534246575342465,0.060790273556231005,1095,329,0.34708598363399507,99fc6ef526bc821b82a48435c0a11457653382b1512fd893fda45260071da58a
E1,gaussian_noise,5,partial_channel,0.1,1.0,,12,0,6.5,2000,0.11598173515981736,0.02735562310030395,1095,329,0.8503984704017639,99fc6ef526bc821b82a48435c0a11457653382b1512fd893fda45260071da58a
E1,gaussian_noise,5,partial_channel,0.1,1.0,,12,1,6.4,2000,0.12146118721461187,0.0486322188449848,1095,329,0.7766870058178902,99fc6ef526bc821b82a48435c0a11457653382b1512fd893fda45260071da58a
E1,gaussian_noise,5,partial_channel,0.1,1.0,,12,2,6.6000000000000005,2000,0.1223744292237443,0.03951367781155015,1095,329,0.8582286434173584,99fc6ef526bc821b82a48435c0a11457653382b1512fd893fda45260071da58a
E1,gaussian_noise,5,partial_channel,0.1,1.0,,12,3,5.8,2000,0.11050228310502283,0.057750759878419454,1095,329,0.7898564289808273,99fc6ef526bc821b82a48435c0a11457653382b1512fd893fda45260071da58a
E1,gaussian_noise,5,partial_channel,0.1,1.0,,12,4,5.549999999999999,2000,0.1095890410958904,0.0547112462006079,1095,329,0.7649524696469306,99fc6ef526bc821b82a48435c0a11457653382b1512fd893fda45260071da58a
E1,gaussian_noise,5,partial_channel,0.2,1.0,,12,0,14.45,2000,0.2684931506849315,0.05167173252279635,1095,329,1.7314606612324714,99fc6ef526bc821b82a48435c0a11457653382b1512fd893fda45260071da58a
E1,gaussian_noise,5,partial_channel,0.2,1.0,,12,1,15.9,2000,0.28949771689497716,0.0486322188449848,1095,329,1.8527169688940048,99fc6ef526bc821b82a48435c0a11457653382b1512fd893fda45260071da58a
E1,gaussian_noise,5,partial_channel,0.2,1.0,,12,2,13.649999999999999,2000,0.24383561643835616,0.0547112462006079,1095,329,1.7257939256429673,99fc6ef526bc821b82a48435c0a11457653382b1512fd893fda45260071da58a
E1,gaussian_noise,5,partial_channel,0.2,1.0,,12,3,15.75,2000,0.28858447488584477,0.060790273556231005,1095,329,2.0308186140656472,99fc6ef526bc821b82a48435c0a11457653382b1512fd893fda45260071da58a
E1,gaussian_noise,5,partial_channel,0.2,1.0,,12,4,14.099999999999998,2000,0.26118721461187216,0.060790273556231005,1095,329,1.6974681661128999,99fc6ef526bc821b82a48435c0a11457653382b1512fd893fda45260071da58a
E1,gaussian_noise,5,partial_channel,0.01,1.0,,13,0,0.6500000000000006,2000,0.01643835616438356,0.02127659574468085,1095,329,0.093372789144516,99fc6ef526bc821b82a48435c0a11457653382b1512fd893fda45260071da58a
E1,gaussian_noise,5,partial_channel,0.01,1.0,,13,1,1.1499999999999981,2000,0.02009132420091324,0.00911854103343465,1095,329,0.09356529724597931,99fc6ef526bc821b82a48435c0a11457653382b1512fd893fda45260071da58a
E1,gaussian_noise,5,partial_channel,0.01,1.0,,13,2,0.6000000000000005,2000,0.019178082191780823,0.030395136778115502,1095,329,0.10103669542074203,99fc6ef526bc821b82a48435c0a11457653382b1512fd893fda45260071da58a
E1,gaussian_noise,5,partial_channel,0.01,1.0,,13,3,0.9499999999999981,2000,0.021917808219178082,0.0243161094224924,1095,329,0.13600711208581925,99fc6ef526bc821b82a48435c0a11457653382b1512fd893fda45260071da58a
E1,gaussian_noise,5,partial_channel,0.01,1.0,,13,4,0.9999999999999981,2000,0.021004566210045664,0.0121580547112462,1095,329,0.12745151114463807,99fc6ef526bc821b82a48435c0a11457653382b1512fd893fda45260071da58a
E1,gaussian_noise,5,partial_channel,0.05,1.0,,13,0,4.049999999999998,2000,0.08493150684931507,0.060790273556231005,1095,329,0.6374354057312012,99fc6ef526bc821b82a48435c0a11457653382b1512fd893fda45260071da58a
E1,gaussian_noise,5,partial_channel,0.05,1.0,,13,1,4.049999999999998,2000,0.07579908675799087,0.0364741641337386,1095,329,0.3825665771365166,99fc6ef526bc821b82a48435c0a11457653382b1512fd893fda45260071da58a
E1,gaussian_noise,5,partial_channel,0.05,1.0,,13,2,3.8999999999999977,2000,0.08127853881278539,0.0547112462006079,1095,329,0.6451623958945274,99fc6ef526bc821b82a48435c0a11457653382b1512fd893fda45260071da58a
E1,gaussian_noise,5,partial_channel,0.05,1.0,,13,3,4.199999999999998,2000,0.07853881278538813,0.03951367781155015,1095,329,0.5479382162094116,99fc6ef526bc821b82a48435c0a11457653382b1512fd893fda45260071da58a
E1,gaussian_noise,5,partial_channel,0.05,1.0,,13,4,3.8999999999999977,2000,0.0776255707762557,0.03343465045592705,1095,329,0.5290315514206886,99fc6ef526bc821b82a48435c0a11457653382b1512fd893fda45260071da58a
E1,gaussian_noise,5,partial_channel,0.1,1.0,,13,0,8.6,2000,0.1643835616438356,0.06990881458966565,1095,329,0.910914653480053,99fc6ef526bc821b82a48435c0a11457653382b1512fd893fda45260071da58a
E1,gaussian_noise,5,partial_channel,0.1,1.0,,13,1,7.399999999999999,2000,0.1415525114155251,0.0486322188449848,1095,329,0.8440590286254883,99fc6ef526bc821b82a48435c0a11457653382b1512fd893fda45260071da58a
E1,gaussian_noise,5,partial_channel,0.1,1.0,,13,2,6.950000000000001,2000,0.13789954337899543,0.07598784194528875,1095,329,1.1106906579732896,99fc6ef526bc821b82a48435c0a11457653382b1512fd893fda45260071da58a
E1,gaussian_noise,5,partial_channel,0.1,1.0,,13,3,8.5,2000,0.1598173515981735,0.057750759878419454,1095,329,0.9635240990519524,99fc6ef526bc821b82a48435c0a11457653382b1512fd893fda45260071da58a
E1,gaussian_noise,5,partial_channel,0.1,1.0,,13,4,7.699999999999998,2000,0.14703196347031963,0.0486322188449848,1095,329,1.0172438268065453,99fc6ef526bc821b82a48435c0a11457653382b1512fd893fda45260071da58a
E1,gaussian_noise,5,partial_channel,0.2,1.0,,13,0,17.0,2000,0.3059360730593607,0.0729483282674772,1095,329,2.032442453742027,99fc6ef526bc821b82a48435c0a11457653382b1512fd893fda45260071da58a
E1,gaussian_noise,5,partial_channel,0.2,1.0,,13,1,14.299999999999999,2000,0.2639269406392694,0.0486322188449848,1095,329,1.864531652033329,99fc6ef526bc821b82a48435c0a11457653382b1512fd893fda45260071da58a
E1,gaussian_noise,5,partial_channel,0.2,1.0,,13,2,16.3,2000,0.3004566210045662,0.08206686930091185,1095,329,2.0770564460158347,99fc6ef526bc821b82a48435c0a11457653382b1512fd893fda45260071da58a
E1,gaussian_noise,5,partial_channel,0.2,1.0,,13,3,17.999999999999996,2000,0.3269406392694064,0.0729483282674772,1095,329,2.157934222817421,99fc6ef526bc821b82a48435c0a11457653382b1512fd893fda45260071da58a
E1,gaussian_noise,5,partial_channel,0.2,1.0,,13,4,16.2,2000,0.291324200913242,0.0547112462006079,1095,329,2.0953286166787146,99fc6ef526bc821b82a48435c0a11457653382b1512fd893fda45260071da58a
E1,gaussian_noise,5,partial_channel,0.01,1.0,,14,0,0.6000000000000005,2000,0.011872146118721462,0.00911854103343465,1095,329,0.10326141089200974,99fc6ef526bc821b82a48435c0a11457653382b1512fd893fda45260071da58a
E1,gaussian_noise,5,partial_channel,0.01,1.0,,14,1,1.0999999999999983,2000,0.021004566210045664,0.00911854103343465,1095,329,0.11755926042795181,99fc6ef526bc821b82a48435c0a11457653382b1512fd893fda45260071da58a
E1,gaussian_noise,5,partial_channel,0.01,1.0,,14,2,0.899999999999998,2000,0.021917808219178082,0.02127659574468085,1095,329,0.11069739192724228,99fc6ef526bc821b82a48435c0a11457653382b1512fd893fda45260071da58a
E1,gaussian_noise,5,partial_channel,0.01,1.0,,14,3,0.7999999999999979,2000,0.0182648401826484,0.0182370820668693,1095,329,0.1608210604786873,99fc6ef526bc821b82a48435c0a11457653382b1512fd893fda45260071da58a
E1,gaussian_noise,5,partial_channel,0.01,1.0,,14,4,1.1499999999999981,2000,0.021004566210045664,0.00911854103343465,1095,329,0.13197233778238296,99fc6ef526bc821b82a48435c0a11457653382b1512fd893fda45260071da58a
E1,gaussian_noise,5,partial_channel,0.05,1.0,,14,0,3.7500000000000004,2000,0.07579908675799087,0.03951367781155015,1095,329,0.6631814522147179,99fc6ef526bc821b82a48435c0a11457653382b1512fd893fda45260071da58a
E1,gaussian_noise,5,partial_channel,0.05,1.0,,14,1,4.049999999999998,2000,0.07579908675799087,0.02735562310030395,1095,329,0.3831622571349144,99fc6ef526bc821b82a48435c0a11457653382b1512fd893fda45260071da58a
E1,gaussian_noise,5,partial_channel,0.05,1.0,,14,2,4.199999999999998,2000,0.08310502283105023,0.0425531914893617,1095,329,0.6325002389550209,99fc6ef526bc821b82a48435c0a11457653382b1512fd893fda45260071da58a
E1,gaussian_noise,5,partial_channel,0.05,1.0,,14,3,3.9999999999999982,2000,0.07123287671232877,0.02127659574468085,1095,329,0.5659472860693932,99fc6ef526bc821b82a48435c0a11457653382b1512fd893fda45260071da58a
E1,gaussian_noise,5,partial_channel,0.05,1.0,,14,4,4.099999999999998,2000,0.0776255707762557,0.0243161094224924,1095,329,0.5526979664564132,99fc6ef526bc821b82a48435c0a11457653382b1512fd893fda45260071da58a
E1,gaussian_noise,5,partial_channel,0.1,1.0,,14,0,7.949999999999998,2000,0.14703196347031963,0.0547112462006079,1095,329,1.0167968858480454,99fc6ef526bc821b82a48435c0a11457653382b1512fd893fda45260071da58a
E1,gaussian_noise,5,partial_channel,0.1,1.0,,14,1,7.449999999999998,2000,0.13972602739726028,0.0486322188449848,1095,329,0.8454433908462524,99fc6ef526bc821b82a48435c0a11457653382b1512fd893fda45260071da58a
E1,gaussian_noise,5,partial_channel,0.1,1.0,,14,2,7.549999999999998,2000,0.14337899543378996,0.0547112462006079,1095,329,1.0633362345099449,99fc6ef526bc821b82a48435c0a11457653382b1512fd893fda45260071da58a
E1,gaussian_noise,5,partial_channel,0.1,1.0,,14,3,8.7,2000,0.1598173515981735,0.04559270516717325,1095,329,1.015035662174225,99fc6ef526bc821b82a48435c0a11457653382b1512fd893fda45260071da58a
E1,gaussian_noise,5,partial_channel,0.1,1.0,,14,4,7.049999999999998,2000,0.13424657534246576,0.0486322188449848,1095,329,1.0337151710391044,99fc6ef526bc821b82a48435c0a11457653382b1512fd893fda45260071da58a
E1,gaussian_noise,5,partial_channel,0.2,1.0,,14,0,16.75,2000,0.3013698630136986,0.06382978723404255,1095,329,2.155009447157383,99fc6ef526bc821b82a48435c0a11457653382b1512fd893fda45260071da58a
E1,gaussian_noise,5,partial_channel,0.2,1.0,,14,1,14.499999999999998,2000,0.2602739726027397,0.05167173252279635,1095,329,1.9088501907587052,99fc6ef526bc821b82a48435c0a11457653382b1512fd893fda45260071da58a
E1,gaussian_noise,5,partial_channel,0.2,1.0,,14,2,15.15,2000,0.2730593607305936,0.06990881458966565,1095,329,2.0043705605864526,99fc6ef526bc821b82a48435c0a11457653382b1512fd893fda45260071da58a
E1,gaussian_noise,5,partial_channel,0.2,1.0,,14,3,17.999999999999996,2000,0.32602739726027397,0.06990881458966565,1095,329,2.1437909110188484,99fc6ef526bc821b82a48435c0a11457653382b1512fd893fda45260071da58a
E1,gaussian_noise,5,partial_channel,0.2,1.0,,14,4,16.35,2000,0.29041095890410956,0.0486322188449848,1095,329,2.0679398339390755,99fc6ef526bc821b82a48435c0a11457653382b1512fd893fda45260071da58a
E1,gaussian_noise,5,partial_channel,0.01,1.0,,15,0,0.7000000000000006,2000,0.011872146118721462,0.00303951367781155,1095,329,0.12496955704689026,99fc6ef526bc821b82a48435c0a11457653382b1512fd893fda45260071da58a
E1,gaussian_noise,5,partial_channel,0.01,1.0,,15,1,1.049999999999998,2000,0.02009132420091324,0.015197568389057751,1095,329,0.1042742299437523,99fc6ef526bc821b82a48435c0a11457653382b1512fd893fda45260071da58a
E1,gaussian_noise,5,partial_channel,0.01,1.0,,15,2,0.7499999999999979,2000,0.01643835616438356,0.00911854103343465,1095,329,0.13302996301651002,99fc6ef526bc821b82a48435c0a11457653382b1512fd893fda45260071da58a
E1,gaussian_noise,5,partial_channel,0.01,1.0,,15,3,0.7000000000000006,2000,0.012785388127853882,0.0121580547112462,1095,329,0.1375726301074028,99fc6ef526bc821b82a48435c0a11457653382b1512fd893fda45260071da58a
E1,gaussian_noise,5,partial_channel,0.01,1.0,,15,4,1.049999999999998,2000,0.019178082191780823,0.0060790273556231,1095,329,0.10612503981590271,99fc6ef526bc821b82a48435c0a11457653382b1512fd893fda45260071da58a
E1,gaussian_noise,5,partial_channel,0.05,1.0,,15,0,3.8999999999999977,2000,0.07671232876712329,0.0364741641337386,1095,329,0.6794670198559761,99fc6ef526bc821b82a48435c0a11457653382b1512fd893fda45260071da58a
E1,gaussian_noise,5,partial_channel,0.05,1.0,,15,1,3.45,2000,0.06666666666666667,0.0243161094224924,1095,329,0.512794928431511,99fc6ef526bc821b82a48435c0a11457653382b1512fd893fda45260071da58a
E1,gaussian_noise,5,partial_channel,0.05,1.0,,15,2,4.399999999999999,2000,0.08493150684931507,0.02735562310030395,1095,329,0.6821892601251602,99fc6ef526bc821b82a48435c0a11457653382b1512fd893fda45260071da58a
E1,gaussian_noise,5,partial_channel,0.05,1.0,,15,3,3.8500000000000005,2000,0.07031963470319634,0.015197568389057751,1095,329,0.5395924593210221,99fc6ef526bc821b82a48435c0a11457653382b1512fd893fda45260071da58a
E1,gaussian_noise,5,partial_channel,0.05,1.0,,15,4,4.099999999999998,2000,0.08036529680365297,0.02735562310030395,1095,329,0.5559679470658302,99fc6ef526bc821b82a48435c0a11457653382b1512fd893fda45260071da58a
E1,gaussian_noise,5,partial_channel,0.1,1.0,,15,0,8.45,2000,0.1552511415525114,0.0425531914893617,1095,329,1.2669786388278008,99fc6ef526bc821b82a48435c0a11457653382b1512fd893fda45260071da58a
E1,gaussian_noise,5,partial_channel,0.1,1.0,,15,1,8.149999999999999,2000,0.14885844748858448,0.02127659574468085,1095,329,1.0231804967522622,99fc6ef526bc821b82a48435c0a11457653382b1512fd893fda45260071da58a
E1,gaussian_noise,5,partial_channel,0.1,1.0,,15,2,8.399999999999999,2000,0.1552511415525114,0.0364741641337386,1095,329,1.1440813870429993,99fc6ef526bc821b82a48435c0a11457653382b1512fd893fda45260071da58a
E1,gaussian_noise,5,partial_channel,0.1,1.0,,15,3,9.15,2000,0.16529680365296803,0.0243161094224924,1095,329,1.2534992297887801,99fc6ef526bc821b82a48435c0a11457653382b1512fd893fda45260071da58a
E1,gaussian_noise,5,partial_channel,0.1,1.0,,15,4,7.549999999999998,2000,0.14063926940639268,0.030395136778115502,1095,329,1.0808547973036766,99fc6ef526bc821b82a48435c0a11457653382b1512fd893fda45260071da58a
E1,gaussian_noise,5,partial_channel,0.2,1.0,,15,0,19.849999999999998,2000,0.3561643835616438,0.03951367781155015,1095,329,2.3439236540198327,99fc6ef526bc821b82a48435c0a11457653382b1512fd893fda45260071da58a
E1,gaussian_noise,5,partial_channel,0.2,1.0,,15,1,16.400000000000002,2000,0.29497716894977166,0.0364741641337386,1095,329,1.9971139682531356,99fc6ef526bc821b82a48435c0a11457653382b1512fd893fda45260071da58a
E1,gaussian_noise,5,partial_channel,0.2,1.0,,15,2,17.949999999999996,2000,0.3242009132420091,0.0425531914893617,1095,329,2.1663427557349206,99fc6ef526bc821b82a48435c0a11457653382b1512fd893fda45260071da58a
E1,gaussian_noise,5,partial_channel,0.2,1.0,,15,3,20.65,2000,0.37168949771689497,0.0486322188449848,1095,329,2.3854209198355676,99fc6ef526bc821b82a48435c0a11457653382b1512fd893fda45260071da58a
E1,gaussian_noise,5,partial_channel,0.2,1.0,,15,4,18.599999999999998,2000,0.32602739726027397,0.02127659574468085,1095,329,2.1695965341329573,99fc6ef526bc821b82a48435c0a11457653382b1512fd893fda45260071da58a
E1,gaussian_noise,5,none,0.01,1.0,,0,0,0.0,2000,0.0,0.0,1095,329,0.0,99fc6ef526bc821b82a48435c0a11457653382b1512fd893fda45260071da58a
E1,gaussian_noise,5,none,0.01,1.0,,1,0,0.0,2000,0.0,0.0,1095,329,0.0,99fc6ef526bc821b82a48435c0a11457653382b1512fd893fda45260071da58a
E1,gaussian_noise,5,none,0.01,1.0,,2,0,0.0,2000,0.0,0.0,1095,329,0.0,99fc6ef526bc821b82a48435c0a11457653382b1512fd893fda45260071da58a
E1,gaussian_noise,5,none,0.01,1.0,,3,0,0.0,2000,0.0,0.0,1095,329,0.0,99fc6ef526bc821b82a48435c0a11457653382b1512fd893fda45260071da58a
E1,gaussian_noise,5,none,0.01,1.0,,4,0,0.0,2000,0.0,0.0,1095,329,0.0,99fc6ef526bc821b82a48435c0a11457653382b1512fd893fda45260071da58a
E1,gaussian_noise,5,none,0.01,1.0,,5,0,0.0,2000,0.0,0.0,1095,329,0.0,99fc6ef526bc821b82a48435c0a11457653382b1512fd893fda45260071da58a
E1,gaussian_noise,5,none,0.01,1.0,,6,0,0.0,2000,0.0,0.0,1095,329,0.0,99fc6ef526bc821b82a48435c0a11457653382b1512fd893fda45260071da58a
E1,gaussian_noise,5,none,0.01,1.0,,7,0,0.0,2000,0.0,0.0,1095,329,0.0,99fc6ef526bc821b82a48435c0a11457653382b1512fd893fda45260071da58a
E1,gaussian_noise,5,none,0.01,1.0,,8,0,0.0,2000,0.0,0.0,1095,329,0.0,99fc6ef526bc821b82a48435c0a11457653382b1512fd893fda45260071da58a
E1,gaussian_noise,5,none,0.01,1.0,,9,0,0.0,2000,0.0,0.0,1095,329,0.0,99fc6ef526bc821b82a48435c0a11457653382b1512fd893fda45260071da58a
E1,gaussian_noise,5,none,0.01,1.0,,10,0,0.0,2000,0.0,0.0,1095,329,0.0,99fc6ef526bc821b82a48435c0a11457653382b1512fd893fda45260071da58a
E1,gaussian_noise,5,none,0.01,1.0,,11,0,0.0,2000,0.0,0.0,1095,329,0.0,99fc6ef526bc821b82a48435c0a11457653382b1512fd893fda45260071da58a
E1,gaussian_noise,5,none,0.01,1.0,,12,0,0.0,2000,0.0,0.0,1095,329,0.0,99fc6ef526bc821b82a48435c0a11457653382b1512fd893fda45260071da58a
E1,gaussian_noise,5,none,0.01,1.0,,13,0,0.0,2000,0.0,0.0,1095,329,0.0,99fc6ef526bc821b82a48435c0a11457653382b1512fd893fda45260071da58a
E1,gaussian_noise,5,none,0.01,1.0,,14,0,0.0,2000,0.0,0.0,1095,329,0.0,99fc6ef526bc821b82a48435c0a11457653382b1512fd893fda45260071da58a
E1,gaussian_noise,5,none,0.01,1.0,,15,0,0.0,2000,0.0,0.0,1095,329,0.0,99fc6ef526bc821b82a48435c0a11457653382b1512fd893fda45260071da58a
E1,gaussian_noise,5,clean_to_clean,0.01,1.0,,0,0,53.1,2000,1.0,0.10030395136778116,1095,329,7.7385186821818355,99fc6ef526bc821b82a48435c0a11457653382b1512fd893fda45260071da58a
E1,gaussian_noise,5,clean_to_clean,0.01,1.0,,1,0,53.1,2000,1.0,0.10030395136778116,1095,329,7.7385186821818355,99fc6ef526bc821b82a48435c0a11457653382b1512fd893fda45260071da58a
E1,gaussian_noise,5,clean_to_clean,0.01,1.0,,2,0,53.1,2000,1.0,0.10030395136778116,1095,329,7.7385186821818355,99fc6ef526bc821b82a48435c0a11457653382b1512fd893fda45260071da58a
E1,gaussian_noise,5,clean_to_clean,0.01,1.0,,3,0,53.1,2000,1.0,0.10030395136778116,1095,329,7.7385186821818355,99fc6ef526bc821b82a48435c0a11457653382b1512fd893fda45260071da58a
E1,gaussian_noise,5,clean_to_clean,0.01,1.0,,4,0,53.1,2000,1.0,0.10030395136778116,1095,329,7.7385186821818355,99fc6ef526bc821b82a48435c0a11457653382b1512fd893fda45260071da58a
E1,gaussian_noise,5,clean_to_clean,0.01,1.0,,5,0,53.1,2000,1.0,0.10030395136778116,1095,329,7.7385186821818355,99fc6ef526bc821b82a48435c0a11457653382b1512fd893fda45260071da58a
E1,gaussian_noise,5,clean_to_clean,0.01,1.0,,6,0,53.1,2000,1.0,0.10030395136778116,1095,329,7.7385186821818355,99fc6ef526bc821b82a48435c0a11457653382b1512fd893fda45260071da58a
E1,gaussian_noise,5,clean_to_clean,0.01,1.0,,7,0,53.1,2000,1.0,0.10030395136778116,1095,329,7.7385186821818355,99fc6ef526bc821b82a48435c0a11457653382b1512fd893fda45260071da58a
E1,gaussian_noise,5,clean_to_clean,0.01,1.0,,8,0,53.1,2000,1.0,0.10030395136778116,1095,329,7.7385186821818355,99fc6ef526bc821b82a48435c0a11457653382b1512fd893fda45260071da58a
E1,gaussian_noise,5,clean_to_clean,0.01,1.0,,9,0,53.1,2000,1.0,0.10030395136778116,1095,329,7.7385186821818355,99fc6ef526bc821b82a48435c0a11457653382b1512fd893fda45260071da58a
E1,gaussian_noise,5,clean_to_clean,0.01,1.0,,10,0,53.1,2000,1.0,0.10030395136778116,1095,329,7.7385186821818355,99fc6ef526bc821b82a48435c0a11457653382b1512fd893fda45260071da58a
E1,gaussian_noise,5,clean_to_clean,0.01,1.0,,11,0,53.1,2000,1.0,0.10030395136778116,1095,329,7.7385186821818355,99fc6ef526bc821b82a48435c0a11457653382b1512fd893fda45260071da58a
E1,gaussian_noise,5,clean_to_clean,0.01,1.0,,12,0,53.1,2000,1.0,0.10030395136778116,1095,329,7.7385186821818355,99fc6ef526bc821b82a48435c0a11457653382b1512fd893fda45260071da58a
E1,gaussian_noise,5,clean_to_clean,0.01,1.0,,13,0,53.1,2000,1.0,0.10030395136778116,1095,329,7.7385186821818355,99fc6ef526bc821b82a48435c0a11457653382b1512fd893fda45260071da58a
E1,gaussian_noise,5,clean_to_clean,0.01,1.0,,14,0,53.1,2000,1.0,0.10030395136778116,1095,329,7.7385186821818355,99fc6ef526bc821b82a48435c0a11457653382b1512fd893fda45260071da58a
E1,gaussian_noise,5,clean_to_clean,0.01,1.0,,15,0,53.1,2000,1.0,0.10030395136778116,1095,329,7.7385186821818355,99fc6ef526bc821b82a48435c0a11457653382b1512fd893fda45260071da58a
E1,gaussian_noise,5,full_state,0.01,1.0,,0,0,53.1,2000,1.0,0.10030395136778116,1095,329,7.7385186821818355,99fc6ef526bc821b82a48435c0a11457653382b1512fd893fda45260071da58a
E1,gaussian_noise,5,full_state,0.01,1.0,,1,0,53.1,2000,1.0,0.10030395136778116,1095,329,7.7385186821818355,99fc6ef526bc821b82a48435c0a11457653382b1512fd893fda45260071da58a
E1,gaussian_noise,5,full_state,0.01,1.0,,2,0,53.1,2000,1.0,0.10030395136778116,1095,329,7.7385186821818355,99fc6ef526bc821b82a48435c0a11457653382b1512fd893fda45260071da58a
E1,gaussian_noise,5,full_state,0.01,1.0,,3,0,53.1,2000,1.0,0.10030395136778116,1095,329,7.7385186821818355,99fc6ef526bc821b82a48435c0a11457653382b1512fd893fda45260071da58a
E1,gaussian_noise,5,full_state,0.01,1.0,,4,0,53.1,2000,1.0,0.10030395136778116,1095,329,7.7385186821818355,99fc6ef526bc821b82a48435c0a11457653382b1512fd893fda45260071da58a
E1,gaussian_noise,5,full_state,0.01,1.0,,5,0,53.1,2000,1.0,0.10030395136778116,1095,329,7.7385186821818355,99fc6ef526bc821b82a48435c0a11457653382b1512fd893fda45260071da58a
E1,gaussian_noise,5,full_state,0.01,1.0,,6,0,53.1,2000,1.0,0.10030395136778116,1095,329,7.7385186821818355,99fc6ef526bc821b82a48435c0a11457653382b1512fd893fda45260071da58a
E1,gaussian_noise,5,full_state,0.01,1.0,,7,0,53.1,2000,1.0,0.10030395136778116,1095,329,7.7385186821818355,99fc6ef526bc821b82a48435c0a11457653382b1512fd893fda45260071da58a
E1,gaussian_noise,5,full_state,0.01,1.0,,8,0,53.1,2000,1.0,0.10030395136778116,1095,329,7.7385186821818355,99fc6ef526bc821b82a48435c0a11457653382b1512fd893fda45260071da58a
E1,gaussian_noise,5,full_state,0.01,1.0,,9,0,53.1,2000,1.0,0.10030395136778116,1095,329,7.7385186821818355,99fc6ef526bc821b82a48435c0a11457653382b1512fd893fda45260071da58a
E1,gaussian_noise,5,full_state,0.01,1.0,,10,0,53.1,2000,1.0,0.10030395136778116,1095,329,7.7385186821818355,99fc6ef526bc821b82a48435c0a11457653382b1512fd893fda45260071da58a
E1,gaussian_noise,5,full_state,0.01,1.0,,11,0,53.1,2000,1.0,0.10030395136778116,1095,329,7.7385186821818355,99fc6ef526bc821b82a48435c0a11457653382b1512fd893fda45260071da58a
E1,gaussian_noise,5,full_state,0.01,1.0,,12,0,53.1,2000,1.0,0.10030395136778116,1095,329,7.7385186821818355,99fc6ef526bc821b82a48435c0a11457653382b1512fd893fda45260071da58a
E1,gaussian_noise,5,full_state,0.01,1.0,,13,0,53.1,2000,1.0,0.10030395136778116,1095,329,7.7385186821818355,99fc6ef526bc821b82a48435c0a11457653382b1512fd893fda45260071da58a
E1,gaussian_noise,5,full_state,0.01,1.0,,14,0,53.1,2000,1.0,0.10030395136778116,1095,329,7.7385186821818355,99fc6ef526bc821b82a48435c0a11457653382b1512fd893fda45260071da58a
E1,gaussian_noise,5,full_state,0.01,1.0,,15,0,53.1,2000,1.0,0.10030395136778116,1095,329,7.7385186821818355,99fc6ef526bc821b82a48435c0a11457653382b1512fd893fda45260071da58a
E1,gaussian_noise,5,random_direction,0.01,1.0,,0,0,0.30000000000000027,2000,0.011872146118721462,0.030395136778115502,1095,329,-0.011373758435249329,99fc6ef526bc821b82a48435c0a11457653382b1512fd893fda45260071da58a
E1,gaussian_noise,5,random_direction,0.01,1.0,,1,0,0.20000000000000018,2000,0.01004566210045662,0.030395136778115502,1095,329,-0.014473766148090362,99fc6ef526bc821b82a48435c0a11457653382b1512fd893fda45260071da58a
E1,gaussian_noise,5,random_direction,0.01,1.0,,2,0,0.10000000000000009,2000,0.01004566210045662,0.030395136778115502,1095,329,-0.004226371467113495,99fc6ef526bc821b82a48435c0a11457653382b1512fd893fda45260071da58a
E1,gaussian_noise,5,random_direction,0.01,1.0,,3,0,0.15000000000000013,2000,0.00821917808219178,0.0243161094224924,1095,329,0.00678412801027298,99fc6ef526bc821b82a48435c0a11457653382b1512fd893fda45260071da58a
E1,gaussian_noise,5,random_direction,0.01,1.0,,4,0,-0.10000000000000009,2000,0.00821917808219178,0.03343465045592705,1095,329,-0.026963879466056825,99fc6ef526bc821b82a48435c0a11457653382b1512fd893fda45260071da58a
E1,gaussian_noise,5,random_direction,0.01,1.0,,5,0,0.10000000000000009,2000,0.0091324200913242,0.030395136778115502,1095,329,-0.011605034410953521,99fc6ef526bc821b82a48435c0a11457653382b1512fd893fda45260071da58a
E1,gaussian_noise,5,random_direction,0.01,1.0,,6,0,-0.050000000000000044,2000,0.0045662100456621,0.0182370820668693,1095,329,-0.016542322039604186,99fc6ef526bc821b82a48435c0a11457653382b1512fd893fda45260071da58a
E1,gaussian_noise,5,random_direction,0.01,1.0,,7,0,-0.10000000000000009,2000,0.005479452054794521,0.02735562310030395,1095,329,0.010754147946834564,99fc6ef526bc821b82a48435c0a11457653382b1512fd893fda45260071da58a
E1,gaussian_noise,5,random_direction,0.01,1.0,,8,0,0.20000000000000018,2000,0.0091324200913242,0.0182370820668693,1095,329,-0.00706294322013855,99fc6ef526bc821b82a48435c0a11457653382b1512fd893fda45260071da58a
E1,gaussian_noise,5,random_direction,0.01,1.0,,9,0,0.10000000000000009,2000,0.0073059360730593605,0.02127659574468085,1095,329,0.006002695679664612,99fc6ef526bc821b82a48435c0a11457653382b1512fd893fda45260071da58a
E1,gaussian_noise,5,random_direction,0.01,1.0,,10,0,0.20000000000000018,2000,0.0073059360730593605,0.015197568389057751,1095,329,0.007920288681983948,99fc6ef526bc821b82a48435c0a11457653382b1512fd893fda45260071da58a
E1,gaussian_noise,5,random_direction,0.01,1.0,,11,0,0.20000000000000018,2000,0.0045662100456621,0.00911854103343465,1095,329,0.00754426521062851,99fc6ef526bc821b82a48435c0a11457653382b1512fd893fda45260071da58a
E1,gaussian_noise,5,random_direction,0.01,1.0,,12,0,0.0,2000,0.0036529680365296802,0.015197568389057751,1095,329,-0.011596542418003081,99fc6ef526bc821b82a48435c0a11457653382b1512fd893fda45260071da58a
E1,gaussian_noise,5,random_direction,0.01,1.0,,13,0,0.050000000000000044,2000,0.0018264840182648401,0.0060790273556231,1095,329,-0.0042371730804443355,99fc6ef526bc821b82a48435c0a11457653382b1512fd893fda45260071da58a
E1,gaussian_noise,5,random_direction,0.01,1.0,,14,0,0.050000000000000044,2000,0.0018264840182648401,0.0060790273556231,1095,329,-0.005108007967472077,99fc6ef526bc821b82a48435c0a11457653382b1512fd893fda45260071da58a
E1,gaussian_noise,5,random_direction,0.01,1.0,,15,0,0.15000000000000013,2000,0.0036529680365296802,0.0060790273556231,1095,329,0.0009213477969169617,99fc6ef526bc821b82a48435c0a11457653382b1512fd893fda45260071da58a
E1,gaussian_noise,5,shuffled_donor,0.01,1.0,,0,0,-0.8000000000000007,2000,0.014611872146118721,0.10638297872340426,1095,329,-0.15983195930719377,99fc6ef526bc821b82a48435c0a11457653382b1512fd893fda45260071da58a
E1,gaussian_noise,5,shuffled_donor,0.01,1.0,,1,0,-0.2500000000000002,2000,0.012785388127853882,0.0668693009118541,1095,329,-0.1267825645208359,99fc6ef526bc821b82a48435c0a11457653382b1512fd893fda45260071da58a
E1,gaussian_noise,5,shuffled_donor,0.01,1.0,,2,0,-0.40000000000000036,2000,0.01004566210045662,0.0668693009118541,1095,329,-0.11096702837944031,99fc6ef526bc821b82a48435c0a11457653382b1512fd893fda45260071da58a
E1,gaussian_noise,5,shuffled_donor,0.01,1.0,,3,0,-1.250000000000001,2000,0.0136986301369863,0.1276595744680851,1095,329,-0.17881051456928254,99fc6ef526bc821b82a48435c0a11457653382b1512fd893fda45260071da58a
E1,gaussian_noise,5,shuffled_donor,0.01,1.0,,4,0,0.6500000000000006,2000,0.024657534246575342,0.05167173252279635,1095,329,0.04751284825801849,99fc6ef526bc821b82a48435c0a11457653382b1512fd893fda45260071da58a
E1,gaussian_noise,5,shuffled_donor,0.01,1.0,,5,0,0.5500000000000005,2000,0.024657534246575342,0.057750759878419454,1095,329,0.016977027773857116,99fc6ef526bc821b82a48435c0a11457653382b1512fd893fda45260071da58a
E1,gaussian_noise,5,shuffled_donor,0.01,1.0,,6,0,0.6500000000000006,2000,0.023744292237442923,0.0486322188449848,1095,329,0.0474142107963562,99fc6ef526bc821b82a48435c0a11457653382b1512fd893fda45260071da58a
E1,gaussian_noise,5,shuffled_donor,0.01,1.0,,7,0,0.2500000000000002,2000,0.019178082191780823,0.0547112462006079,1095,329,0.05634464287757873,99fc6ef526bc821b82a48435c0a11457653382b1512fd893fda45260071da58a
E1,gaussian_noise,5,shuffled_donor,0.01,1.0,,8,0,0.2500000000000002,2000,0.0182648401826484,0.0547112462006079,1095,329,0.03997679096460342,99fc6ef526bc821b82a48435c0a11457653382b1512fd893fda45260071da58a
E1,gaussian_noise,5,shuffled_donor,0.01,1.0,,9,0,0.15000000000000013,2000,0.011872146118721462,0.04559270516717325,1095,329,0.03965978932380676,99fc6ef526bc821b82a48435c0a11457653382b1512fd893fda45260071da58a
E1,gaussian_noise,5,shuffled_donor,0.01,1.0,,10,0,0.050000000000000044,2000,0.01004566210045662,0.03951367781155015,1095,329,0.0372527602314949,99fc6ef526bc821b82a48435c0a11457653382b1512fd893fda45260071da58a
E1,gaussian_noise,5,shuffled_donor,0.01,1.0,,11,0,-0.20000000000000018,2000,0.0091324200913242,0.04559270516717325,1095,329,0.029548986971378328,99fc6ef526bc821b82a48435c0a11457653382b1512fd893fda45260071da58a
E1,gaussian_noise,5,shuffled_donor,0.01,1.0,,12,0,-0.20000000000000018,2000,0.01004566210045662,0.0486322188449848,1095,329,0.034921860098838804,99fc6ef526bc821b82a48435c0a11457653382b1512fd893fda45260071da58a
E1,gaussian_noise,5,shuffled_donor,0.01,1.0,,13,0,0.050000000000000044,2000,0.006392694063926941,0.030395136778115502,1095,329,-0.020234391033649445,99fc6ef526bc821b82a48435c0a11457653382b1512fd893fda45260071da58a
E1,gaussian_noise,5,shuffled_donor,0.01,1.0,,14,0,0.10000000000000009,2000,0.006392694063926941,0.02735562310030395,1095,329,-0.007338465452194214,99fc6ef526bc821b82a48435c0a11457653382b1512fd893fda45260071da58a
E1,gaussian_noise,5,shuffled_donor,0.01,1.0,,15,0,-0.050000000000000044,2000,0.0036529680365296802,0.02127659574468085,1095,329,0.013067480385303497,99fc6ef526bc821b82a48435c0a11457653382b1512fd893fda45260071da58a
E1,defocus_blur,1,partial_channel,0.01,1.0,,0,0,1.4499999999999957,2000,0.1111111111111111,0.014519056261343012,351,1102,0.1590548335313797,99fc6ef526bc821b82a48435c0a11457653382b1512fd893fda45260071da58a
E1,defocus_blur,1,partial_channel,0.01,1.0,,0,1,0.0,2000,0.019943019943019943,0.009074410163339383,351,1102,-0.02337140792608261,99fc6ef526bc821b82a48435c0a11457653382b1512fd893fda45260071da58a
E1,defocus_blur,1,partial_channel,0.01,1.0,,0,2,0.34999999999999476,2000,0.045584045584045586,0.010889292196007259,351,1102,0.026810515820980072,99fc6ef526bc821b82a48435c0a11457653382b1512fd893fda45260071da58a
E1,defocus_blur,1,partial_channel,0.01,1.0,,0,3,0.14999999999999458,2000,0.014245014245014245,0.0027223230490018148,351,1102,-0.0004683312773704529,99fc6ef526bc821b82a48435c0a11457653382b1512fd893fda45260071da58a
E1,defocus_blur,1,partial_channel,0.01,1.0,,0,4,1.100000000000001,2000,0.09401709401709402,0.011796733212341199,351,1102,0.17929081404209138,99fc6ef526bc821b82a48435c0a11457653382b1512fd893fda45260071da58a
E1,defocus_blur,1,partial_channel,0.05,1.0,,0,0,1.849999999999996,2000,0.15669515669515668,0.025408348457350273,351,1102,0.21823335939645766,99fc6ef526bc821b82a48435c0a11457653382b1512fd893fda45260071da58a
E1,defocus_blur,1,partial_channel,0.05,1.0,,0,1,0.6000000000000005,2000,0.10826210826210826,0.03539019963702359,351,1102,0.10303939533233643,99fc6ef526bc821b82a48435c0a11457653382b1512fd893fda45260071da58a
E1,defocus_blur,1,partial_channel,0.05,1.0,,0,2,3.1999999999999917,2000,0.24216524216524216,0.034482758620689655,351,1102,0.4368580601215363,99fc6ef526bc821b82a48435c0a11457653382b1512fd893fda45260071da58a
E1,defocus_blur,1,partial_channel,0.05,1.0,,0,3,0.8499999999999952,2000,0.10826210826210826,0.024500907441016333,351,1102,0.07376308727264404,99fc6ef526bc821b82a48435c0a11457653382b1512fd893fda45260071da58a
E1,defocus_blur,1,partial_channel,0.05,1.0,,0,4,2.599999999999991,2000,0.2022792022792023,0.025408348457350273,351,1102,0.3458114587664604,99fc6ef526bc821b82a48435c0a11457653382b1512fd893fda45260071da58a
E1,defocus_blur,1,partial_channel,0.1,1.0,,0,0,2.6999999999999913,2000,0.19658119658119658,0.025408348457350273,351,1102,0.35214195084571837,99fc6ef526bc821b82a48435c0a11457653382b1512fd893fda45260071da58a
E1,defocus_blur,1,partial_channel,0.1,1.0,,0,1,1.4499999999999957,2000,0.20797720797720798,0.056261343012704176,351,1102,0.3347343022227287,99fc6ef526bc821b82a48435c0a11457653382b1512fd893fda45260071da58a
E1,defocus_blur,1,partial_channel,0.1,1.0,,0,2,4.399999999999993,2000,0.39316239316239315,0.06896551724137931,351,1102,0.8169116881489754,99fc6ef526bc821b82a48435c0a11457653382b1512fd893fda45260071da58a
E1,defocus_blur,1,partial_channel,0.1,1.0,,0,3,-1.0500000000000065,2000,0.15954415954415954,0.08711433756805807,351,1102,-0.09892832773923874,99fc6ef526bc821b82a48435c0a11457653382b1512fd893fda45260071da58a
E1,defocus_blur,1,partial_channel,0.1,1.0,,0,4,4.799999999999994,2000,0.33048433048433046,0.03539019963702359,351,1102,0.6330247472524643,99fc6ef526bc821b82a48435c0a11457653382b1512fd893fda45260071da58a
E1,defocus_blur,1,partial_channel,0.2,1.0,,0,0,3.5499999999999976,2000,0.3076923076923077,0.056261343012704176,351,1102,0.45124969762563705,99fc6ef526bc821b82a48435c0a11457653382b1512fd893fda45260071da58a
E1,defocus_blur,1,partial_channel,0.2,1.0,,0,1,2.0499999999999963,2000,0.27350427350427353,0.06987295825771325,351,1102,0.434698937356472,99fc6ef526bc821b82a48435c0a11457653382b1512fd893fda45260071da58a
E1,defocus_blur,1,partial_channel,0.2,1.0,,0,2,4.899999999999993,2000,0.4045584045584046,0.06442831215970962,351,1102,0.8863840378522873,99fc6ef526bc821b82a48435c0a11457653382b1512fd893fda45260071da58a
E1,defocus_blur,1,partial_channel,0.2,1.0,,0,3,0.14999999999999458,2000,0.31054131054131057,0.11796733212341198,351,1102,0.08818167787790299,99fc6ef526bc821b82a48435c0a11457653382b1512fd893fda45260071da58a
E1,defocus_blur,1,partial_channel,0.2,1.0,,0,4,3.599999999999992,2000,0.3504273504273504,0.06442831215970962,351,1102,0.5962268505692482,99fc6ef526bc821b82a48435c0a11457653382b1512fd893fda45260071da58a
E1,defocus_blur,1,partial_channel,0.01,1.0,,1,0,1.0000000000000009,2000,0.06837606837606838,0.008166969147005444,351,1102,0.10507810986042022,99fc6ef526bc821b82a48435c0a11457653382b1512fd893fda45260071da58a
E1,defocus_blur,1,partial_channel,0.01,1.0,,1,1,-0.35000000000000586,2000,0.02849002849002849,0.016333938294010888,351,1102,-0.0625609615445137,99fc6ef526bc821b82a48435c0a11457653382b1512fd893fda45260071da58a
E1,defocus_blur,1,partial_channel,0.01,1.0,,1,2,0.04999999999999449,2000,0.017094017094017096,0.007259528130671506,351,1102,0.017515175998210907,99fc6ef526bc821b82a48435c0a11457653382b1512fd893fda45260071da58a
E1,defocus_blur,1,partial_channel,0.01,1.0,,1,3,0.14999999999999458,2000,0.014245014245014245,0.0027223230490018148,351,1102,0.007861868619918824,99fc6ef526bc821b82a48435c0a11457653382b1512fd893fda45260071da58a
E1,defocus_blur,1,partial_channel,0.01,1.0,,1,4,0.9000000000000008,2000,0.06267806267806268,0.006352087114337568,351,1102,0.09503350162506104,99fc6ef526bc821b82a48435c0a11457653382b1512fd893fda45260071da58a
E1,defocus_blur,1,partial_channel,0.05,1.0,,1,0,1.2499999999999956,2000,0.10541310541310542,0.016333938294010888,351,1102,0.13080616426467895,99fc6ef526bc821b82a48435c0a11457653382b1512fd893fda45260071da58a
E1,defocus_blur,1,partial_channel,0.05,1.0,,1,1,0.5000000000000004,2000,0.07122507122507123,0.023593466424682397,351,1102,0.09204316210746766,99fc6ef526bc821b82a48435c0a11457653382b1512fd893fda45260071da58a
E1,defocus_blur,1,partial_channel,0.05,1.0,,1,2,1.5999999999999903,2000,0.1396011396011396,0.023593466424682397,351,1102,0.2348594138622284,99fc6ef526bc821b82a48435c0a11457653382b1512fd893fda45260071da58a
E1,defocus_blur,1,partial_channel,0.05,1.0,,1,3,0.8000000000000007,2000,0.09686609686609686,0.019963702359346643,351,1102,0.11735849118232727,99fc6ef526bc821b82a48435c0a11457653382b1512fd893fda45260071da58a
E1,defocus_blur,1,partial_channel,0.05,1.0,,1,4,1.3999999999999901,2000,0.14814814814814814,0.02631578947368421,351,1102,0.26306961590051653,99fc6ef526bc821b82a48435c0a11457653382b1512fd893fda45260071da58a
E1,defocus_blur,1,partial_channel,0.1,1.0,,1,0,1.3999999999999901,2000,0.11965811965811966,0.021778584392014518,351,1102,0.16244245088100434,99fc6ef526bc821b82a48435c0a11457653382b1512fd893fda45260071da58a
E1,defocus_blur,1,partial_channel,0.1,1.0,,1,1,1.4999999999999902,2000,0.15954415954415954,0.034482758620689655,351,1102,0.24370681071281433,99fc6ef526bc821b82a48435c0a11457653382b1512fd893fda45260071da58a
E1,defocus_blur,1,partial_channel,0.1,1.0,,1,2,4.199999999999992,2000,0.3475783475783476,0.056261343012704176,351,1102,0.7963965411186218,99fc6ef526bc821b82a48435c0a11457653382b1512fd893fda45260071da58a
E1,defocus_blur,1,partial_channel,0.1,1.0,,1,3,0.30000000000000027,2000,0.12535612535612536,0.043557168784029036,351,1102,0.08472576761245727,99fc6ef526bc821b82a48435c0a11457653382b1512fd893fda45260071da58a
E1,defocus_blur,1,partial_channel,0.1,1.0,,1,4,2.3499999999999965,2000,0.18518518518518517,0.024500907441016333,351,1102,0.4140003967881203,99fc6ef526bc821b82a48435c0a11457653382b1512fd893fda45260071da58a
E1,defocus_blur,1,partial_channel,0.2,1.0,,1,0,2.6999999999999913,2000,0.25071225071225073,0.047186932849364795,351,1102,0.3746914727091789,99fc6ef526bc821b82a48435c0a11457653382b1512fd893fda45260071da58a
E1,defocus_blur,1,partial_channel,0.2,1.0,,1,1,3.4499999999999975,2000,0.28774928774928776,0.043557168784029036,351,1102,0.5543107922673225,99fc6ef526bc821b82a48435c0a11457653382b1512fd893fda45260071da58a
E1,defocus_blur,1,partial_channel,0.2,1.0,,1,2,5.35,2000,0.39316239316239315,0.047186932849364795,351,1102,1.0255412588715553,99fc6ef526bc821b82a48435c0a11457653382b1512fd893fda45260071da58a
E1,defocus_blur,1,partial_channel,0.2,1.0,,1,3,1.3499999999999956,2000,0.2535612535612536,0.0780399274047187,351,1102,0.1662743073105812,99fc6ef526bc821b82a48435c0a11457653382b1512fd893fda45260071da58a
E1,defocus_blur,1,partial_channel,0.2,1.0,,1,4,4.749999999999998,2000,0.3475783475783476,0.04083484573502722,351,1102,0.6056257327198982,99fc6ef526bc821b82a48435c0a11457653382b1512fd893fda45260071da58a
E1,defocus_blur,1,partial_channel,0.01,1.0,,2,0,0.8000000000000007,2000,0.05413105413105413,0.007259528130671506,351,1102,0.08719305455684662,99fc6ef526bc821b82a48435c0a11457653382b1512fd893fda45260071da58a
E1,defocus_blur,1,partial_channel,0.01,1.0,,2,1,-0.7500000000000062,2000,0.02564102564102564,0.023593466424682397,351,1102,-0.08143958365917206,99fc6ef526bc821b82a48435c0a11457653382b1512fd893fda45260071da58a
E1,defocus_blur,1,partial_channel,0.01,1.0,,2,2,0.20000000000000018,2000,0.019943019943019943,0.004537205081669692,351,1102,0.02148950332403183,99fc6ef526bc821b82a48435c0a11457653382b1512fd893fda45260071da58a
E1,defocus_blur,1,partial_channel,0.01,1.0,,2,3,0.14999999999999458,2000,0.014245014245014245,0.003629764065335753,351,1102,0.0005347187519073487,99fc6ef526bc821b82a48435c0a11457653382b1512fd893fda45260071da58a
E1,defocus_blur,1,partial_channel,0.01,1.0,,2,4,1.0000000000000009,2000,0.05982905982905983,0.004537205081669692,351,1102,0.0998624004125595,99fc6ef526bc821b82a48435c0a11457653382b1512fd893fda45260071da58a
E1,defocus_blur,1,partial_channel,0.05,1.0,,2,0,1.3499999999999956,2000,0.1111111111111111,0.014519056261343012,351,1102,0.15613888376951218,99fc6ef526bc821b82a48435c0a11457653382b1512fd893fda45260071da58a
E1,defocus_blur,1,partial_channel,0.05,1.0,,2,1,-0.15000000000000568,2000,0.06837606837606838,0.030852994555353903,351,1102,0.06800275802612304,99fc6ef526bc821b82a48435c0a11457653382b1512fd893fda45260071da58a
E1,defocus_blur,1,partial_channel,0.05,1.0,,2,2,1.849999999999996,2000,0.1282051282051282,0.018148820326678767,351,1102,0.24633965051174164,99fc6ef526bc821b82a48435c0a11457653382b1512fd893fda45260071da58a
E1,defocus_blur,1,partial_channel,0.05,1.0,,2,3,1.19999999999999,2000,0.10256410256410256,0.014519056261343012,351,1102,0.1540454590320587,99fc6ef526bc821b82a48435c0a11457653382b1512fd893fda45260071da58a
E1,defocus_blur,1,partial_channel,0.05,1.0,,2,4,1.3999999999999901,2000,0.1452991452991453,0.025408348457350273,351,1102,0.2684743571281433,99fc6ef526bc821b82a48435c0a11457653382b1512fd893fda45260071da58a
E1,defocus_blur,1,partial_channel,0.1,1.0,,2,0,1.5999999999999903,2000,0.13675213675213677,0.020871143375680582,351,1102,0.24467904871702195,99fc6ef526bc821b82a48435c0a11457653382b1512fd893fda45260071da58a
E1,defocus_blur,1,partial_channel,0.1,1.0,,2,1,0.8000000000000007,2000,0.15384615384615385,0.0426497277676951,351,1102,0.21293266516923903,99fc6ef526bc821b82a48435c0a11457653382b1512fd893fda45260071da58a
E1,defocus_blur,1,partial_channel,0.1,1.0,,2,2,4.899999999999993,2000,0.3561253561253561,0.04900181488203267,351,1102,0.7997515844106674,99fc6ef526bc821b82a48435c0a11457653382b1512fd893fda45260071da58a
E1,defocus_blur,1,partial_channel,0.1,1.0,,2,3,0.24999999999999467,2000,0.1396011396011396,0.04627949183303085,351,1102,0.08081286346912384,99fc6ef526bc821b82a48435c0a11457653382b1512fd893fda45260071da58a
E1,defocus_blur,1,partial_channel,0.1,1.0,,2,4,2.949999999999997,2000,0.23931623931623933,0.03176043557168784,351,1102,0.48324574184417723,99fc6ef526bc821b82a48435c0a11457653382b1512fd893fda45260071da58a
E1,defocus_blur,1,partial_channel,0.2,1.0,,2,0,4.499999999999993,2000,0.34472934472934474,0.04446460980036298,351,1102,0.6554477582573891,99fc6ef526bc821b82a48435c0a11457653382b1512fd893fda45260071da58a
E1,defocus_blur,1,partial_channel,0.2,1.0,,2,1,3.1999999999999917,2000,0.2706552706552707,0.04446460980036298,351,1102,0.49077629071474077,99fc6ef526bc821b82a48435c0a11457653382b1512fd893fda45260071da58a
E1,defocus_blur,1,partial_channel,0.2,1.0,,2,2,6.25,2000,0.4188034188034188,0.043557168784029036,351,1102,1.0837055301070213,99fc6ef526bc821b82a48435c0a11457653382b1512fd893fda45260071da58a
E1,defocus_blur,1,partial_channel,0.2,1.0,,2,3,1.6999999999999904,2000,0.245014245014245,0.06896551724137931,351,1102,0.2038012197613716,99fc6ef526bc821b82a48435c0a11457653382b1512fd893fda45260071da58a
E1,defocus_blur,1,partial_channel,0.2,1.0,,2,4,3.8999999999999924,2000,0.31054131054131057,0.04627949183303085,351,1102,0.617203296303749,99fc6ef526bc821b82a48435c0a11457653382b1512fd893fda45260071da58a
E1,defocus_blur,1,partial_channel,0.01,1.0,,3,0,0.24999999999999467,2000,0.03133903133903134,0.007259528130671506,351,1102,0.06998925101757049,99fc6ef526bc821b82a48435c0a11457653382b1512fd893fda45260071da58a
E1,defocus_blur,1,partial_channel,0.01,1.0,,3,1,1.0499999999999954,2000,0.08831908831908832,0.012704174228675136,351,1102,0.15453537553548813,99fc6ef526bc821b82a48435c0a11457653382b1512fd893fda45260071da58a
E1,defocus_blur,1,partial_channel,0.01,1.0,,3,2,-0.20000000000000018,2000,0.019943019943019943,0.009981851179673321,351,1102,-0.01473859739303589,99fc6ef526bc821b82a48435c0a11457653382b1512fd893fda45260071da58a
E1,defocus_blur,1,partial_channel,0.01,1.0,,3,3,0.0,2000,0.019943019943019943,0.008166969147005444,351,1102,0.009612813651561736,99fc6ef526bc821b82a48435c0a11457653382b1512fd893fda45260071da58a
E1,defocus_blur,1,partial_channel,0.01,1.0,,3,4,0.30000000000000027,2000,0.037037037037037035,0.006352087114337568,351,1102,0.02802894002199173,99fc6ef526bc821b82a48435c0a11457653382b1512fd893fda45260071da58a
E1,defocus_blur,1,partial_channel,0.05,1.0,,3,0,-0.9500000000000064,2000,0.07977207977207977,0.04900181488203267,351,1102,-0.05489468973875046,99fc6ef526bc821b82a48435c0a11457653382b1512fd893fda45260071da58a
E1,defocus_blur,1,partial_channel,0.05,1.0,,3,1,1.8999999999999906,2000,0.1737891737891738,0.032667876588021776,351,1102,0.2872401070594788,99fc6ef526bc821b82a48435c0a11457653382b1512fd893fda45260071da58a
E1,defocus_blur,1,partial_channel,0.05,1.0,,3,2,2.5499999999999967,2000,0.18518518518518517,0.024500907441016333,351,1102,0.3635856121778488,99fc6ef526bc821b82a48435c0a11457653382b1512fd893fda45260071da58a
E1,defocus_blur,1,partial_channel,0.05,1.0,,3,3,3.8999999999999924,2000,0.27635327635327633,0.030852994555353903,351,1102,0.661748703956604,99fc6ef526bc821b82a48435c0a11457653382b1512fd893fda45260071da58a
E1,defocus_blur,1,partial_channel,0.05,1.0,,3,4,0.649999999999995,2000,0.09116809116809117,0.021778584392014518,351,1102,0.11595178604125976,99fc6ef526bc821b82a48435c0a11457653382b1512fd893fda45260071da58a
E1,defocus_blur,1,partial_channel,0.1,1.0,,3,0,1.7999999999999905,2000,0.20512820512820512,0.041742286751361164,351,1102,0.2652681047320366,99fc6ef526bc821b82a48435c0a11457653382b1512fd893fda45260071da58a
E1,defocus_blur,1,partial_channel,0.1,1.0,,3,1,3.849999999999998,2000,0.3190883190883191,0.04446460980036298,351,1102,0.7000074057579041,99fc6ef526bc821b82a48435c0a11457653382b1512fd893fda45260071da58a
E1,defocus_blur,1,partial_channel,0.1,1.0,,3,2,3.599999999999992,2000,0.2621082621082621,0.029945553539019964,351,1102,0.5280330389738083,99fc6ef526bc821b82a48435c0a11457653382b1512fd893fda45260071da58a
E1,defocus_blur,1,partial_channel,0.1,1.0,,3,3,5.299999999999994,2000,0.35327635327635326,0.03901996370235935,351,1102,0.8598620019555092,99fc6ef526bc821b82a48435c0a11457653382b1512fd893fda45260071da58a
E1,defocus_blur,1,partial_channel,0.1,1.0,,3,4,0.9499999999999953,2000,0.1225071225071225,0.029945553539019964,351,1102,0.20771673250198364,99fc6ef526bc821b82a48435c0a11457653382b1512fd893fda45260071da58a
E1,defocus_blur,1,partial_channel,0.2,1.0,,3,0,2.849999999999997,2000,0.3504273504273504,0.07441016333938294,351,1102,0.4797369215488434,99fc6ef526bc821b82a48435c0a11457653382b1512fd893fda45260071da58a
E1,defocus_blur,1,partial_channel,0.2,1.0,,3,1,7.099999999999995,2000,0.50997150997151,0.0544464609800363,351,1102,1.293024141252041,99fc6ef526bc821b82a48435c0a11457653382b1512fd893fda45260071da58a
E1,defocus_blur,1,partial_channel,0.2,1.0,,3,2,6.999999999999995,2000,0.46153846153846156,0.038112522686025406,351,1102,1.2289236506819725,99fc6ef526bc821b82a48435c0a11457653382b1512fd893fda45260071da58a
E1,defocus_blur,1,partial_channel,0.2,1.0,,3,3,5.6499999999999995,2000,0.4045584045584046,0.045372050816696916,351,1102,0.9817437694072724,99fc6ef526bc821b82a48435c0a11457653382b1512fd893fda45260071da58a
E1,defocus_blur,1,partial_channel,0.2,1.0,,3,4,4.199999999999992,2000,0.3162393162393162,0.03539019963702359,351,1102,0.6096784988045693,99fc6ef526bc821b82a48435c0a11457653382b1512fd893fda45260071da58a
E1,defocus_blur,1,partial_channel,0.01,1.0,,4,0,-0.15000000000000568,2000,0.017094017094017096,0.009074410163339383,351,1102,-0.002585173189640045,99fc6ef526bc821b82a48435c0a11457653382b1512fd893fda45260071da58a
E1,defocus_blur,1,partial_channel,0.01,1.0,,4,1,0.649999999999995,2000,0.06552706552706553,0.012704174228675136,351,1102,0.09605924028158187,99fc6ef526bc821b82a48435c0a11457653382b1512fd893fda45260071da58a
E1,defocus_blur,1,partial_channel,0.01,1.0,,4,2,-0.30000000000000027,2000,0.022792022792022793,0.012704174228675136,351,1102,-0.0034231507182121276,99fc6ef526bc821b82a48435c0a11457653382b1512fd893fda45260071da58a
E1,defocus_blur,1,partial_channel,0.01,1.0,,4,3,-0.050000000000005596,2000,0.019943019943019943,0.007259528130671506,351,1102,0.012474015295505524,99fc6ef526bc821b82a48435c0a11457653382b1512fd893fda45260071da58a
E1,defocus_blur,1,partial_channel,0.01,1.0,,4,4,0.30000000000000027,2000,0.03418803418803419,0.0054446460980036296,351,1102,0.03212332433462143,99fc6ef526bc821b82a48435c0a11457653382b1512fd893fda45260071da58a
E1,defocus_blur,1,partial_channel,0.05,1.0,,4,0,2.299999999999991,2000,0.18803418803418803,0.022686025408348458,351,1102,0.3643041297197342,99fc6ef526bc821b82a48435c0a11457653382b1512fd893fda45260071da58a
E1,defocus_blur,1,partial_channel,0.05,1.0,,4,1,1.5999999999999903,2000,0.14814814814814814,0.028130671506352088,351,1102,0.24884247231483458,99fc6ef526bc821b82a48435c0a11457653382b1512fd893fda45260071da58a
E1,defocus_blur,1,partial_channel,0.05,1.0,,4,2,1.29999999999999,2000,0.11965811965811966,0.019963702359346643,351,1102,0.2466308587193489,99fc6ef526bc821b82a48435c0a11457653382b1512fd893fda45260071da58a
E1,defocus_blur,1,partial_channel,0.05,1.0,,4,3,2.499999999999991,2000,0.20797720797720798,0.029038112522686024,351,1102,0.5189332150816918,99fc6ef526bc821b82a48435c0a11457653382b1512fd893fda45260071da58a
E1,defocus_blur,1,partial_channel,0.05,1.0,,4,4,1.0000000000000009,2000,0.09686609686609686,0.017241379310344827,351,1102,0.1653871818780899,99fc6ef526bc821b82a48435c0a11457653382b1512fd893fda45260071da58a
E1,defocus_blur,1,partial_channel,0.1,1.0,,4,0,3.3499999999999974,2000,0.3076923076923077,0.04627949183303085,351,1102,0.5574018018245697,99fc6ef526bc821b82a48435c0a11457653382b1512fd893fda45260071da58a
E1,defocus_blur,1,partial_channel,0.1,1.0,,4,1,3.7999999999999923,2000,0.3076923076923077,0.041742286751361164,351,1102,0.710086089015007,99fc6ef526bc821b82a48435c0a11457653382b1512fd893fda45260071da58a
E1,defocus_blur,1,partial_channel,0.1,1.0,,4,2,2.8999999999999915,2000,0.21937321937321938,0.02722323049001815,351,1102,0.46301299089193343,99fc6ef526bc821b82a48435c0a11457653382b1512fd893fda45260071da58a
E1,defocus_blur,1,partial_channel,0.1,1.0,,4,3,4.349999999999998,2000,0.31339031339031337,0.03901996370235935,351,1102,0.7528982546925544,99fc6ef526bc821b82a48435c0a11457653382b1512fd893fda45260071da58a
E1,defocus_blur,1,partial_channel,0.1,1.0,,4,4,1.9499999999999962,2000,0.15954415954415954,0.023593466424682397,351,1102,0.2859290066957474,99fc6ef526bc821b82a48435c0a11457653382b1512fd893fda45260071da58a
E1,defocus_blur,1,partial_channel,0.2,1.0,,4,0,4.399999999999993,2000,0.41595441595441596,0.06442831215970962,351,1102,0.88975287181139,99fc6ef526bc821b82a48435c0a11457653382b1512fd893fda45260071da58a
E1,defocus_blur,1,partial_channel,0.2,1.0,,4,1,6.699999999999995,2000,0.46153846153846156,0.04900181488203267,351,1102,1.1732556789517403,99fc6ef526bc821b82a48435c0a11457653382b1512fd893fda45260071da58a
E1,defocus_blur,1,partial_channel,0.2,1.0,,4,2,5.899999999999994,2000,0.396011396011396,0.03357531760435572,351,1102,1.0376596794724464,99fc6ef526bc821b82a48435c0a11457653382b1512fd893fda45260071da58a
E1,defocus_blur,1,partial_channel,0.2,1.0,,4,3,6.15,2000,0.396011396011396,0.039927404718693285,351,1102,0.9713188921809196,99fc6ef526bc821b82a48435c0a11457653382b1512fd893fda45260071da58a
E1,defocus_blur,1,partial_channel,0.2,1.0,,4,4,5.199999999999994,2000,0.3561253561253561,0.034482758620689655,351,1102,0.7659458101987838,99fc6ef526bc821b82a48435c0a11457653382b1512fd893fda45260071da58a
E1,defocus_blur,1,partial_channel,0.01,1.0,,5,0,-0.15000000000000568,2000,0.017094017094017096,0.009074410163339383,351,1102,0.007411397874355317,99fc6ef526bc821b82a48435c0a11457653382b1512fd893fda45260071da58a
E1,defocus_blur,1,partial_channel,0.01,1.0,,5,1,0.7000000000000006,2000,0.05698005698005698,0.008166969147005444,351,1102,0.08281908684968949,99fc6ef526bc821b82a48435c0a11457653382b1512fd893fda45260071da58a
E1,defocus_blur,1,partial_channel,0.01,1.0,,5,2,-0.35000000000000586,2000,0.02564102564102564,0.015426497277676952,351,1102,-0.008838145136833191,99fc6ef526bc821b82a48435c0a11457653382b1512fd893fda45260071da58a
E1,defocus_blur,1,partial_channel,0.01,1.0,,5,3,-0.10000000000000009,2000,0.019943019943019943,0.008166969147005444,351,1102,0.01758621895313263,99fc6ef526bc821b82a48435c0a11457653382b1512fd893fda45260071da58a
E1,defocus_blur,1,partial_channel,0.01,1.0,,5,4,0.0,2000,0.014245014245014245,0.0054446460980036296,351,1102,0.007581780195236206,99fc6ef526bc821b82a48435c0a11457653382b1512fd893fda45260071da58a
E1,defocus_blur,1,partial_channel,0.05,1.0,,5,0,2.6999999999999913,2000,0.19943019943019943,0.020871143375680582,351,1102,0.3934240538477898,99fc6ef526bc821b82a48435c0a11457653382b1512fd893fda45260071da58a
E1,defocus_blur,1,partial_channel,0.05,1.0,,5,1,1.649999999999996,2000,0.1339031339031339,0.023593466424682397,351,1102,0.23371441918611527,99fc6ef526bc821b82a48435c0a11457653382b1512fd893fda45260071da58a
E1,defocus_blur,1,partial_channel,0.05,1.0,,5,2,1.0000000000000009,2000,0.11396011396011396,0.024500907441016333,351,1102,0.17956399983167648,99fc6ef526bc821b82a48435c0a11457653382b1512fd893fda45260071da58a
E1,defocus_blur,1,partial_channel,0.05,1.0,,5,3,2.749999999999997,2000,0.2022792022792023,0.023593466424682397,351,1102,0.44903358137607574,99fc6ef526bc821b82a48435c0a11457653382b1512fd893fda45260071da58a
E1,defocus_blur,1,partial_channel,0.05,1.0,,5,4,0.7499999999999951,2000,0.10541310541310542,0.023593466424682397,351,1102,0.1622748925089836,99fc6ef526bc821b82a48435c0a11457653382b1512fd893fda45260071da58a
E1,defocus_blur,1,partial_channel,0.1,1.0,,5,0,3.0999999999999917,2000,0.301994301994302,0.050816696914700546,351,1102,0.6053938697576523,99fc6ef526bc821b82a48435c0a11457653382b1512fd893fda45260071da58a
E1,defocus_blur,1,partial_channel,0.1,1.0,,5,1,3.699999999999992,2000,0.3076923076923077,0.045372050816696916,351,1102,0.6851417278647423,99fc6ef526bc821b82a48435c0a11457653382b1512fd893fda45260071da58a
E1,defocus_blur,1,partial_channel,0.1,1.0,,5,2,2.4499999999999966,2000,0.1908831908831909,0.028130671506352088,351,1102,0.3863299008011818,99fc6ef526bc821b82a48435c0a11457653382b1512fd893fda45260071da58a
E1,defocus_blur,1,partial_channel,0.1,1.0,,5,3,3.9999999999999925,2000,0.2849002849002849,0.032667876588021776,351,1102,0.666778870344162,99fc6ef526bc821b82a48435c0a11457653382b1512fd893fda45260071da58a
E1,defocus_blur,1,partial_channel,0.1,1.0,,5,4,1.4999999999999902,2000,0.1452991452991453,0.02722323049001815,351,1102,0.29012304413318635,99fc6ef526bc821b82a48435c0a11457653382b1512fd893fda45260071da58a
E1,defocus_blur,1,partial_channel,0.2,1.0,,5,0,5.099999999999993,2000,0.4074074074074074,0.05263157894736842,351,1102,0.9677199777364731,99fc6ef526bc821b82a48435c0a11457653382b1512fd893fda45260071da58a
E1,defocus_blur,1,partial_channel,0.2,1.0,,5,1,6.05,2000,0.43874643874643876,0.04900181488203267,351,1102,1.0942409266829491,99fc6ef526bc821b82a48435c0a11457653382b1512fd893fda45260071da58a
E1,defocus_blur,1,partial_channel,0.2,1.0,,5,2,5.099999999999993,2000,0.36182336182336183,0.039927404718693285,351,1102,0.9233864498138428,99fc6ef526bc821b82a48435c0a11457653382b1512fd893fda45260071da58a
E1,defocus_blur,1,partial_channel,0.2,1.0,,5,3,5.75,2000,0.3817663817663818,0.036297640653357534,351,1102,0.9006766593456268,99fc6ef526bc821b82a48435c0a11457653382b1512fd893fda45260071da58a
E1,defocus_blur,1,partial_channel,0.2,1.0,,5,4,4.349999999999998,2000,0.33903133903133903,0.041742286751361164,351,1102,0.7591358615159989,99fc6ef526bc821b82a48435c0a11457653382b1512fd893fda45260071da58a
E1,defocus_blur,1,partial_channel,0.01,1.0,,6,0,-0.10000000000000009,2000,0.022792022792022793,0.009981851179673321,351,1102,0.0029622312784194946,99fc6ef526bc821b82a48435c0a11457653382b1512fd893fda45260071da58a
E1,defocus_blur,1,partial_channel,0.01,1.0,,6,1,0.649999999999995,2000,0.05413105413105413,0.009981851179673321,351,1102,0.07585839521884918,99fc6ef526bc821b82a48435c0a11457653382b1512fd893fda45260071da58a
E1,defocus_blur,1,partial_channel,0.01,1.0,,6,2,-0.30000000000000027,2000,0.02564102564102564,0.014519056261343012,351,1102,0.003688474714756012,99fc6ef526bc821b82a48435c0a11457653382b1512fd893fda45260071da58a
E1,defocus_blur,1,partial_channel,0.01,1.0,,6,3,0.0,2000,0.03133903133903134,0.010889292196007259,351,1102,0.02692518997192383,99fc6ef526bc821b82a48435c0a11457653382b1512fd893fda45260071da58a
E1,defocus_blur,1,partial_channel,0.01,1.0,,6,4,0.24999999999999467,2000,0.022792022792022793,0.003629764065335753,351,1102,0.008601661264896393,99fc6ef526bc821b82a48435c0a11457653382b1512fd893fda45260071da58a
E1,defocus_blur,1,partial_channel,0.05,1.0,,6,0,2.6999999999999913,2000,0.18803418803418803,0.019963702359346643,351,1102,0.4147707906961441,99fc6ef526bc821b82a48435c0a11457653382b1512fd893fda45260071da58a
E1,defocus_blur,1,partial_channel,0.05,1.0,,6,1,1.749999999999996,2000,0.14245014245014245,0.023593466424682397,351,1102,0.2751236181259155,99fc6ef526bc821b82a48435c0a11457653382b1512fd893fda45260071da58a
E1,defocus_blur,1,partial_channel,0.05,1.0,,6,2,0.8499999999999952,2000,0.09401709401709402,0.022686025408348458,351,1102,0.19356984263658525,99fc6ef526bc821b82a48435c0a11457653382b1512fd893fda45260071da58a
E1,defocus_blur,1,partial_channel,0.05,1.0,,6,3,1.7999999999999905,2000,0.19373219373219372,0.03539019963702359,351,1102,0.4214205282330513,99fc6ef526bc821b82a48435c0a11457653382b1512fd893fda45260071da58a
E1,defocus_blur,1,partial_channel,0.05,1.0,,6,4,1.0000000000000009,2000,0.09116809116809117,0.012704174228675136,351,1102,0.1865262034535408,99fc6ef526bc821b82a48435c0a11457653382b1512fd893fda45260071da58a
E1,defocus_blur,1,partial_channel,0.1,1.0,,6,0,3.1499999999999972,2000,0.2706552706552707,0.04083484573502722,351,1102,0.5581556649804116,99fc6ef526bc821b82a48435c0a11457653382b1512fd893fda45260071da58a
E1,defocus_blur,1,partial_channel,0.1,1.0,,6,1,3.5499999999999976,2000,0.2934472934472934,0.041742286751361164,351,1102,0.7143522319793701,99fc6ef526bc821b82a48435c0a11457653382b1512fd893fda45260071da58a
E1,defocus_blur,1,partial_channel,0.1,1.0,,6,2,2.299999999999991,2000,0.18803418803418803,0.030852994555353903,351,1102,0.3830095568299294,99fc6ef526bc821b82a48435c0a11457653382b1512fd893fda45260071da58a
E1,defocus_blur,1,partial_channel,0.1,1.0,,6,3,3.849999999999998,2000,0.27635327635327633,0.03176043557168784,351,1102,0.6515348364710808,99fc6ef526bc821b82a48435c0a11457653382b1512fd893fda45260071da58a
E1,defocus_blur,1,partial_channel,0.1,1.0,,6,4,2.399999999999991,2000,0.15384615384615385,0.014519056261343012,351,1102,0.3501771007180214,99fc6ef526bc821b82a48435c0a11457653382b1512fd893fda45260071da58a
E1,defocus_blur,1,partial_channel,0.2,1.0,,6,0,4.5999999999999925,2000,0.37606837606837606,0.05535390199637023,351,1102,0.9725015576481819,99fc6ef526bc821b82a48435c0a11457653382b1512fd893fda45260071da58a
E1,defocus_blur,1,partial_channel,0.2,1.0,,6,1,6.65,2000,0.45584045584045585,0.043557168784029036,351,1102,1.1333474898934364,99fc6ef526bc821b82a48435c0a11457653382b1512fd893fda45260071da58a
E1,defocus_blur,1,partial_channel,0.2,1.0,,6,2,5.099999999999993,2000,0.3646723646723647,0.04446460980036298,351,1102,0.941645606815815,99fc6ef526bc821b82a48435c0a11457653382b1512fd893fda45260071da58a
E1,defocus_blur,1,partial_channel,0.2,1.0,,6,3,5.6499999999999995,2000,0.3903133903133903,0.04083484573502722,351,1102,0.9489509091377258,99fc6ef526bc821b82a48435c0a11457653382b1512fd893fda45260071da58a
E1,defocus_blur,1,partial_channel,0.2,1.0,,6,4,5.249999999999999,2000,0.3561253561253561,0.029945553539019964,351,1102,0.77080241304636,99fc6ef526bc821b82a48435c0a11457653382b1512fd893fda45260071da58a
E1,defocus_blur,1,partial_channel,0.01,1.0,,7,0,0.24999999999999467,2000,0.037037037037037035,0.008166969147005444,351,1102,0.03171066677570343,99fc6ef526bc821b82a48435c0a11457653382b1512fd893fda45260071da58a
E1,defocus_blur,1,partial_channel,0.01,1.0,,7,1,0.24999999999999467,2000,0.045584045584045586,0.013611615245009074,351,1102,0.06388224089145661,99fc6ef526bc821b82a48435c0a11457653382b1512fd893fda45260071da58a
E1,defocus_blur,1,partial_channel,0.01,1.0,,7,2,0.649999999999995,2000,0.039886039886039885,0.003629764065335753,351,1102,0.022516550362110137,99fc6ef526bc821b82a48435c0a11457653382b1512fd893fda45260071da58a
E1,defocus_blur,1,partial_channel,0.01,1.0,,7,3,0.30000000000000027,2000,0.04843304843304843,0.013611615245009074,351,1102,0.08371091538667678,99fc6ef526bc821b82a48435c0a11457653382b1512fd893fda45260071da58a
E1,defocus_blur,1,partial_channel,0.01,1.0,,7,4,0.30000000000000027,2000,0.03418803418803419,0.006352087114337568,351,1102,0.04467066311836242,99fc6ef526bc821b82a48435c0a11457653382b1512fd893fda45260071da58a
E1,defocus_blur,1,partial_channel,0.05,1.0,,7,0,0.0,2000,0.09401709401709402,0.036297640653357534,351,1102,0.06457776457071304,99fc6ef526bc821b82a48435c0a11457653382b1512fd893fda45260071da58a
E1,defocus_blur,1,partial_channel,0.05,1.0,,7,1,1.5999999999999903,2000,0.18233618233618235,0.036297640653357534,351,1102,0.18219101136922836,99fc6ef526bc821b82a48435c0a11457653382b1512fd893fda45260071da58a
E1,defocus_blur,1,partial_channel,0.05,1.0,,7,2,1.749999999999996,2000,0.13105413105413105,0.015426497277676952,351,1102,0.25574809885025024,99fc6ef526bc821b82a48435c0a11457653382b1512fd893fda45260071da58a
E1,defocus_blur,1,partial_channel,0.05,1.0,,7,3,0.8499999999999952,2000,0.08262108262108261,0.016333938294010888,351,1102,0.1865263767838478,99fc6ef526bc821b82a48435c0a11457653382b1512fd893fda45260071da58a
E1,defocus_blur,1,partial_channel,0.05,1.0,,7,4,1.5999999999999903,2000,0.10826210826210826,0.012704174228675136,351,1102,0.18996942704916,99fc6ef526bc821b82a48435c0a11457653382b1512fd893fda45260071da58a
E1,defocus_blur,1,partial_channel,0.1,1.0,,7,0,2.4499999999999966,2000,0.22792022792022792,0.04809437386569873,351,1102,0.3480869057178497,99fc6ef526bc821b82a48435c0a11457653382b1512fd893fda45260071da58a
E1,defocus_blur,1,partial_channel,0.1,1.0,,7,1,2.399999999999991,2000,0.22507122507122507,0.03539019963702359,351,1102,0.26726046377420426,99fc6ef526bc821b82a48435c0a11457653382b1512fd893fda45260071da58a
E1,defocus_blur,1,partial_channel,0.1,1.0,,7,2,1.649999999999996,2000,0.17094017094017094,0.028130671506352088,351,1102,0.39492671889066694,99fc6ef526bc821b82a48435c0a11457653382b1512fd893fda45260071da58a
E1,defocus_blur,1,partial_channel,0.1,1.0,,7,3,2.299999999999991,2000,0.18803418803418803,0.02631578947368421,351,1102,0.3867126802802086,99fc6ef526bc821b82a48435c0a11457653382b1512fd893fda45260071da58a
E1,defocus_blur,1,partial_channel,0.1,1.0,,7,4,2.199999999999991,2000,0.15669515669515668,0.019963702359346643,351,1102,0.3267101168036461,99fc6ef526bc821b82a48435c0a11457653382b1512fd893fda45260071da58a
E1,defocus_blur,1,partial_channel,0.2,1.0,,7,0,6.950000000000001,2000,0.4358974358974359,0.034482758620689655,351,1102,1.189130851149559,99fc6ef526bc821b82a48435c0a11457653382b1512fd893fda45260071da58a
E1,defocus_blur,1,partial_channel,0.2,1.0,,7,1,4.399999999999993,2000,0.3418803418803419,0.045372050816696916,351,1102,0.7469873544573784,99fc6ef526bc821b82a48435c0a11457653382b1512fd893fda45260071da58a
E1,defocus_blur,1,partial_channel,0.2,1.0,,7,2,4.749999999999998,2000,0.3475783475783476,0.03357531760435572,351,1102,0.7572356538772583,99fc6ef526bc821b82a48435c0a11457653382b1512fd893fda45260071da58a
E1,defocus_blur,1,partial_channel,0.2,1.0,,7,3,4.549999999999999,2000,0.33618233618233617,0.038112522686025406,351,1102,0.7713556168079376,99fc6ef526bc821b82a48435c0a11457653382b1512fd893fda45260071da58a
E1,defocus_blur,1,partial_channel,0.2,1.0,,7,4,4.199999999999992,2000,0.28205128205128205,0.02722323049001815,351,1102,0.6850943610072135,99fc6ef526bc821b82a48435c0a11457653382b1512fd893fda45260071da58a
E1,defocus_blur,1,partial_channel,0.01,1.0,,8,0,0.10000000000000009,2000,0.03133903133903134,0.009981851179673321,351,1102,0.035336375534534455,99fc6ef526bc821b82a48435c0a11457653382b1512fd893fda45260071da58a
E1,defocus_blur,1,partial_channel,0.01,1.0,,8,1,0.5499999999999949,2000,0.06837606837606838,0.013611615245009074,351,1102,0.07777772551774978,99fc6ef526bc821b82a48435c0a11457653382b1512fd893fda45260071da58a
E1,defocus_blur,1,partial_channel,0.01,1.0,,8,2,0.24999999999999467,2000,0.02849002849002849,0.006352087114337568,351,1102,0.038213960587978366,99fc6ef526bc821b82a48435c0a11457653382b1512fd893fda45260071da58a
E1,defocus_blur,1,partial_channel,0.01,1.0,,8,3,0.20000000000000018,2000,0.039886039886039885,0.012704174228675136,351,1102,0.07274271136522294,99fc6ef526bc821b82a48435c0a11457653382b1512fd893fda45260071da58a
E1,defocus_blur,1,partial_channel,0.01,1.0,,8,4,0.24999999999999467,2000,0.03133903133903134,0.008166969147005444,351,1102,0.025048706650733946,99fc6ef526bc821b82a48435c0a11457653382b1512fd893fda45260071da58a
E1,defocus_blur,1,partial_channel,0.05,1.0,,8,0,1.3999999999999901,2000,0.12535612535612536,0.018148820326678767,351,1102,0.169807608127594,99fc6ef526bc821b82a48435c0a11457653382b1512fd893fda45260071da58a
E1,defocus_blur,1,partial_channel,0.05,1.0,,8,1,1.649999999999996,2000,0.16809116809116809,0.029945553539019964,351,1102,0.1987128512263298,99fc6ef526bc821b82a48435c0a11457653382b1512fd893fda45260071da58a
E1,defocus_blur,1,partial_channel,0.05,1.0,,8,2,1.4999999999999902,2000,0.12535612535612536,0.016333938294010888,351,1102,0.22848662728071212,99fc6ef526bc821b82a48435c0a11457653382b1512fd893fda45260071da58a
E1,defocus_blur,1,partial_channel,0.05,1.0,,8,3,1.0499999999999954,2000,0.08831908831908832,0.014519056261343012,351,1102,0.1804478207230568,99fc6ef526bc821b82a48435c0a11457653382b1512fd893fda45260071da58a
E1,defocus_blur,1,partial_channel,0.05,1.0,,8,4,1.4499999999999957,2000,0.10256410256410256,0.012704174228675136,351,1102,0.15267475056648255,99fc6ef526bc821b82a48435c0a11457653382b1512fd893fda45260071da58a
E1,defocus_blur,1,partial_channel,0.1,1.0,,8,0,3.7999999999999923,2000,0.2564102564102564,0.025408348457350273,351,1102,0.6296450484991074,99fc6ef526bc821b82a48435c0a11457653382b1512fd893fda45260071da58a
E1,defocus_blur,1,partial_channel,0.1,1.0,,8,1,3.049999999999997,2000,0.22792022792022792,0.02631578947368421,351,1102,0.34376896196603773,99fc6ef526bc821b82a48435c0a11457653382b1512fd893fda45260071da58a
E1,defocus_blur,1,partial_channel,0.1,1.0,,8,2,1.9499999999999962,2000,0.17094017094017094,0.020871143375680582,351,1102,0.4065222172737122,99fc6ef526bc821b82a48435c0a11457653382b1512fd893fda45260071da58a
E1,defocus_blur,1,partial_channel,0.1,1.0,,8,3,2.649999999999997,2000,0.17663817663817663,0.019056261343012703,351,1102,0.3928438066840172,99fc6ef526bc821b82a48435c0a11457653382b1512fd893fda45260071da58a
E1,defocus_blur,1,partial_channel,0.1,1.0,,8,4,2.0499999999999963,2000,0.16524216524216523,0.023593466424682397,351,1102,0.31393132466077805,99fc6ef526bc821b82a48435c0a11457653382b1512fd893fda45260071da58a
E1,defocus_blur,1,partial_channel,0.2,1.0,,8,0,7.64999999999999,2000,0.4928774928774929,0.03720508166969147,351,1102,1.3759924490451814,99fc6ef526bc821b82a48435c0a11457653382b1512fd893fda45260071da58a
E1,defocus_blur,1,partial_channel,0.2,1.0,,8,1,5.399999999999993,2000,0.36752136752136755,0.034482758620689655,351,1102,0.8487023330926895,99fc6ef526bc821b82a48435c0a11457653382b1512fd893fda45260071da58a
E1,defocus_blur,1,partial_channel,0.2,1.0,,8,2,4.049999999999998,2000,0.2905982905982906,0.028130671506352088,351,1102,0.734317175745964,99fc6ef526bc821b82a48435c0a11457653382b1512fd893fda45260071da58a
E1,defocus_blur,1,partial_channel,0.2,1.0,,8,3,4.549999999999999,2000,0.32763532763532766,0.03539019963702359,351,1102,0.7906172413825989,99fc6ef526bc821b82a48435c0a11457653382b1512fd893fda45260071da58a
E1,defocus_blur,1,partial_channel,0.2,1.0,,8,4,4.5999999999999925,2000,0.2792022792022792,0.020871143375680582,351,1102,0.6554847185015679,99fc6ef526bc821b82a48435c0a11457653382b1512fd893fda45260071da58a
E1,defocus_blur,1,partial_channel,0.01,1.0,,9,0,0.24999999999999467,2000,0.02849002849002849,0.007259528130671506,351,1102,0.03702330005168915,99fc6ef526bc821b82a48435c0a11457653382b1512fd893fda45260071da58a
E1,defocus_blur,1,partial_channel,0.01,1.0,,9,1,0.6000000000000005,2000,0.05413105413105413,0.009074410163339383,351,1102,0.06712191617488861,99fc6ef526bc821b82a48435c0a11457653382b1512fd893fda45260071da58a
E1,defocus_blur,1,partial_channel,0.01,1.0,,9,2,0.24999999999999467,2000,0.03133903133903134,0.007259528130671506,351,1102,0.044085216522216794,99fc6ef526bc821b82a48435c0a11457653382b1512fd893fda45260071da58a
E1,defocus_blur,1,partial_channel,0.01,1.0,,9,3,0.5499999999999949,2000,0.05128205128205128,0.009981851179673321,351,1102,0.06428399324417114,99fc6ef526bc821b82a48435c0a11457653382b1512fd893fda45260071da58a
E1,defocus_blur,1,partial_channel,0.01,1.0,,9,4,0.04999999999999449,2000,0.02564102564102564,0.009074410163339383,351,1102,0.023191790878772735,99fc6ef526bc821b82a48435c0a11457653382b1512fd893fda45260071da58a
E1,defocus_blur,1,partial_channel,0.05,1.0,,9,0,1.0499999999999954,2000,0.09971509971509972,0.014519056261343012,351,1102,0.1818936904668808,99fc6ef526bc821b82a48435c0a11457653382b1512fd893fda45260071da58a
E1,defocus_blur,1,partial_channel,0.05,1.0,,9,1,1.8999999999999906,2000,0.1623931623931624,0.022686025408348458,351,1102,0.2309086822271347,99fc6ef526bc821b82a48435c0a11457653382b1512fd893fda45260071da58a
E1,defocus_blur,1,partial_channel,0.05,1.0,,9,2,1.29999999999999,2000,0.1225071225071225,0.016333938294010888,351,1102,0.22142367172241212,99fc6ef526bc821b82a48435c0a11457653382b1512fd893fda45260071da58a
E1,defocus_blur,1,partial_channel,0.05,1.0,,9,3,1.29999999999999,2000,0.08831908831908832,0.012704174228675136,351,1102,0.17524814349412918,99fc6ef526bc821b82a48435c0a11457653382b1512fd893fda45260071da58a
E1,defocus_blur,1,partial_channel,0.05,1.0,,9,4,1.4499999999999957,2000,0.10826210826210826,0.016333938294010888,351,1102,0.22950799161195756,99fc6ef526bc821b82a48435c0a11457653382b1512fd893fda45260071da58a
E1,defocus_blur,1,partial_channel,0.1,1.0,,9,0,3.599999999999992,2000,0.2564102564102564,0.02722323049001815,351,1102,0.6251268956065178,99fc6ef526bc821b82a48435c0a11457653382b1512fd893fda45260071da58a
E1,defocus_blur,1,partial_channel,0.1,1.0,,9,1,2.949999999999997,2000,0.21082621082621084,0.022686025408348458,351,1102,0.3871411381363869,99fc6ef526bc821b82a48435c0a11457653382b1512fd893fda45260071da58a
E1,defocus_blur,1,partial_channel,0.1,1.0,,9,2,1.5999999999999903,2000,0.16809116809116809,0.02722323049001815,351,1102,0.4074502593278885,99fc6ef526bc821b82a48435c0a11457653382b1512fd893fda45260071da58a
E1,defocus_blur,1,partial_channel,0.1,1.0,,9,3,2.599999999999991,2000,0.16809116809116809,0.016333938294010888,351,1102,0.37521197253465655,99fc6ef526bc821b82a48435c0a11457653382b1512fd893fda45260071da58a
E1,defocus_blur,1,partial_channel,0.1,1.0,,9,4,2.0499999999999963,2000,0.15669515669515668,0.019963702359346643,351,1102,0.3986096038222313,99fc6ef526bc821b82a48435c0a11457653382b1512fd893fda45260071da58a
E1,defocus_blur,1,partial_channel,0.2,1.0,,9,0,6.899999999999995,2000,0.4672364672364672,0.0426497277676951,351,1102,1.3355382793545723,99fc6ef526bc821b82a48435c0a11457653382b1512fd893fda45260071da58a
E1,defocus_blur,1,partial_channel,0.2,1.0,,9,1,5.899999999999994,2000,0.396011396011396,0.03357531760435572,351,1102,0.9249696263074875,99fc6ef526bc821b82a48435c0a11457653382b1512fd893fda45260071da58a
E1,defocus_blur,1,partial_channel,0.2,1.0,,9,2,4.449999999999998,2000,0.31054131054131057,0.02722323049001815,351,1102,0.7271939594149589,99fc6ef526bc821b82a48435c0a11457653382b1512fd893fda45260071da58a
E1,defocus_blur,1,partial_channel,0.2,1.0,,9,3,4.899999999999993,2000,0.3504273504273504,0.032667876588021776,351,1102,0.8387152665257454,99fc6ef526bc821b82a48435c0a11457653382b1512fd893fda45260071da58a
E1,defocus_blur,1,partial_channel,0.2,1.0,,9,4,4.199999999999992,2000,0.28205128205128205,0.029038112522686024,351,1102,0.7515595368742943,99fc6ef526bc821b82a48435c0a11457653382b1512fd893fda45260071da58a
E1,defocus_blur,1,partial_channel,0.01,1.0,,10,0,0.30000000000000027,2000,0.03418803418803419,0.007259528130671506,351,1102,0.03546459698677063,99fc6ef526bc821b82a48435c0a11457653382b1512fd893fda45260071da58a
E1,defocus_blur,1,partial_channel,0.01,1.0,,10,1,0.6000000000000005,2000,0.05982905982905983,0.011796733212341199,351,1102,0.06937202769517899,99fc6ef526bc821b82a48435c0a11457653382b1512fd893fda45260071da58a
E1,defocus_blur,1,partial_channel,0.01,1.0,,10,2,0.40000000000000036,2000,0.039886039886039885,0.007259528130671506,351,1102,0.05355132508277893,99fc6ef526bc821b82a48435c0a11457653382b1512fd893fda45260071da58a
E1,defocus_blur,1,partial_channel,0.01,1.0,,10,3,0.649999999999995,2000,0.05413105413105413,0.008166969147005444,351,1102,0.07635606426000595,99fc6ef526bc821b82a48435c0a11457653382b1512fd893fda45260071da58a
E1,defocus_blur,1,partial_channel,0.01,1.0,,10,4,0.34999999999999476,2000,0.03133903133903134,0.006352087114337568,351,1102,0.022971188962459563,99fc6ef526bc821b82a48435c0a11457653382b1512fd893fda45260071da58a
E1,defocus_blur,1,partial_channel,0.05,1.0,,10,0,1.100000000000001,2000,0.10256410256410256,0.015426497277676952,351,1102,0.18407627737522125,99fc6ef526bc821b82a48435c0a11457653382b1512fd893fda45260071da58a
E1,defocus_blur,1,partial_channel,0.05,1.0,,10,1,2.2499999999999964,2000,0.17094017094017094,0.019056261343012703,351,1102,0.24266830104589462,99fc6ef526bc821b82a48435c0a11457653382b1512fd893fda45260071da58a
E1,defocus_blur,1,partial_channel,0.05,1.0,,10,2,1.5499999999999958,2000,0.1339031339031339,0.017241379310344827,351,1102,0.247323384642601,99fc6ef526bc821b82a48435c0a11457653382b1512fd893fda45260071da58a
E1,defocus_blur,1,partial_channel,0.05,1.0,,10,3,1.29999999999999,2000,0.09116809116809117,0.011796733212341199,351,1102,0.18551682668924332,99fc6ef526bc821b82a48435c0a11457653382b1512fd893fda45260071da58a
E1,defocus_blur,1,partial_channel,0.05,1.0,,10,4,1.3999999999999901,2000,0.1111111111111111,0.017241379310344827,351,1102,0.21491037422418593,99fc6ef526bc821b82a48435c0a11457653382b1512fd893fda45260071da58a
E1,defocus_blur,1,partial_channel,0.1,1.0,,10,0,3.8999999999999924,2000,0.2792022792022792,0.02722323049001815,351,1102,0.6050833904743195,99fc6ef526bc821b82a48435c0a11457653382b1512fd893fda45260071da58a
E1,defocus_blur,1,partial_channel,0.1,1.0,,10,1,2.8999999999999915,2000,0.19943019943019943,0.020871143375680582,351,1102,0.4015713956952095,99fc6ef526bc821b82a48435c0a11457653382b1512fd893fda45260071da58a
E1,defocus_blur,1,partial_channel,0.1,1.0,,10,2,1.849999999999996,2000,0.1737891737891738,0.024500907441016333,351,1102,0.4385706413984299,99fc6ef526bc821b82a48435c0a11457653382b1512fd893fda45260071da58a
E1,defocus_blur,1,partial_channel,0.1,1.0,,10,3,2.399999999999991,2000,0.17094017094017094,0.019963702359346643,351,1102,0.3871265597939491,99fc6ef526bc821b82a48435c0a11457653382b1512fd893fda45260071da58a
E1,defocus_blur,1,partial_channel,0.1,1.0,,10,4,1.8999999999999906,2000,0.150997150997151,0.020871143375680582,351,1102,0.3964017453789711,99fc6ef526bc821b82a48435c0a11457653382b1512fd893fda45260071da58a
E1,defocus_blur,1,partial_channel,0.2,1.0,,10,0,7.250000000000001,2000,0.4928774928774929,0.041742286751361164,351,1102,1.284284019112587,99fc6ef526bc821b82a48435c0a11457653382b1512fd893fda45260071da58a
E1,defocus_blur,1,partial_channel,0.2,1.0,,10,1,5.75,2000,0.3732193732193732,0.03539019963702359,351,1102,0.9037179048657418,99fc6ef526bc821b82a48435c0a11457653382b1512fd893fda45260071da58a
E1,defocus_blur,1,partial_channel,0.2,1.0,,10,2,4.499999999999993,2000,0.3247863247863248,0.03357531760435572,351,1102,0.7581041180491448,99fc6ef526bc821b82a48435c0a11457653382b1512fd893fda45260071da58a
E1,defocus_blur,1,partial_channel,0.2,1.0,,10,3,4.5999999999999925,2000,0.33618233618233617,0.03176043557168784,351,1102,0.8332833257317543,99fc6ef526bc821b82a48435c0a11457653382b1512fd893fda45260071da58a
E1,defocus_blur,1,partial_channel,0.2,1.0,,10,4,3.749999999999998,2000,0.25925925925925924,0.02631578947368421,351,1102,0.7336016297340393,99fc6ef526bc821b82a48435c0a11457653382b1512fd893fda45260071da58a
E1,defocus_blur,1,partial_channel,0.01,1.0,,11,0,0.20000000000000018,2000,0.02849002849002849,0.008166969147005444,351,1102,0.0385499616265297,99fc6ef526bc821b82a48435c0a11457653382b1512fd893fda45260071da58a
E1,defocus_blur,1,partial_channel,0.01,1.0,,11,1,0.6000000000000005,2000,0.05698005698005698,0.009981851179673321,351,1102,0.06493405956029892,99fc6ef526bc821b82a48435c0a11457653382b1512fd893fda45260071da58a
E1,defocus_blur,1,partial_channel,0.01,1.0,,11,2,0.34999999999999476,2000,0.039886039886039885,0.009074410163339383,351,1102,0.045141839861869815,99fc6ef526bc821b82a48435c0a11457653382b1512fd893fda45260071da58a
E1,defocus_blur,1,partial_channel,0.01,1.0,,11,3,0.7000000000000006,2000,0.05413105413105413,0.008166969147005444,351,1102,0.0806068497300148,99fc6ef526bc821b82a48435c0a11457653382b1512fd893fda45260071da58a
E1,defocus_blur,1,partial_channel,0.01,1.0,,11,4,0.649999999999995,2000,0.042735042735042736,0.003629764065335753,351,1102,0.02901358938217163,99fc6ef526bc821b82a48435c0a11457653382b1512fd893fda45260071da58a
E1,defocus_blur,1,partial_channel,0.05,1.0,,11,0,1.0499999999999954,2000,0.10256410256410256,0.017241379310344827,351,1102,0.18563337022066118,99fc6ef526bc821b82a48435c0a11457653382b1512fd893fda45260071da58a
E1,defocus_blur,1,partial_channel,0.05,1.0,,11,1,2.0999999999999908,2000,0.15669515669515668,0.017241379310344827,351,1102,0.2413535041809082,99fc6ef526bc821b82a48435c0a11457653382b1512fd893fda45260071da58a
E1,defocus_blur,1,partial_channel,0.05,1.0,,11,2,1.19999999999999,2000,0.1225071225071225,0.019056261343012703,351,1102,0.2604198766350746,99fc6ef526bc821b82a48435c0a11457653382b1512fd893fda45260071da58a
E1,defocus_blur,1,partial_channel,0.05,1.0,,11,3,1.2499999999999956,2000,0.08831908831908832,0.010889292196007259,351,1102,0.17309065294265746,99fc6ef526bc821b82a48435c0a11457653382b1512fd893fda45260071da58a
E1,defocus_blur,1,partial_channel,0.05,1.0,,11,4,1.4499999999999957,2000,0.1111111111111111,0.015426497277676952,351,1102,0.21979951071739195,99fc6ef526bc821b82a48435c0a11457653382b1512fd893fda45260071da58a
E1,defocus_blur,1,partial_channel,0.1,1.0,,11,0,3.599999999999992,2000,0.2706552706552707,0.028130671506352088,351,1102,0.5767157339453697,99fc6ef526bc821b82a48435c0a11457653382b1512fd893fda45260071da58a
E1,defocus_blur,1,partial_channel,0.1,1.0,,11,1,2.649999999999997,2000,0.1908831908831909,0.019056261343012703,351,1102,0.3908206792473793,99fc6ef526bc821b82a48435c0a11457653382b1512fd893fda45260071da58a
E1,defocus_blur,1,partial_channel,0.1,1.0,,11,2,1.749999999999996,2000,0.17094017094017094,0.025408348457350273,351,1102,0.4454871951341629,99fc6ef526bc821b82a48435c0a11457653382b1512fd893fda45260071da58a
E1,defocus_blur,1,partial_channel,0.1,1.0,,11,3,2.599999999999991,2000,0.16524216524216523,0.015426497277676952,351,1102,0.3601544980406761,99fc6ef526bc821b82a48435c0a11457653382b1512fd893fda45260071da58a
E1,defocus_blur,1,partial_channel,0.1,1.0,,11,4,1.9499999999999962,2000,0.15954415954415954,0.024500907441016333,351,1102,0.40590573477745057,99fc6ef526bc821b82a48435c0a11457653382b1512fd893fda45260071da58a
E1,defocus_blur,1,partial_channel,0.2,1.0,,11,0,6.45,2000,0.46153846153846156,0.043557168784029036,351,1102,1.250443545818329,99fc6ef526bc821b82a48435c0a11457653382b1512fd893fda45260071da58a
E1,defocus_blur,1,partial_channel,0.2,1.0,,11,1,5.399999999999993,2000,0.3475783475783476,0.030852994555353903,351,1102,0.8855652284622192,99fc6ef526bc821b82a48435c0a11457653382b1512fd893fda45260071da58a
E1,defocus_blur,1,partial_channel,0.2,1.0,,11,2,4.649999999999999,2000,0.32193732193732194,0.02631578947368421,351,1102,0.7765953568816185,99fc6ef526bc821b82a48435c0a11457653382b1512fd893fda45260071da58a
E1,defocus_blur,1,partial_channel,0.2,1.0,,11,3,5.099999999999993,2000,0.35327635327635326,0.029038112522686024,351,1102,0.8372718514800072,99fc6ef526bc821b82a48435c0a11457653382b1512fd893fda45260071da58a
E1,defocus_blur,1,partial_channel,0.2,1.0,,11,4,4.5999999999999925,2000,0.2792022792022792,0.019963702359346643,351,1102,0.7283987364768982,99fc6ef526bc821b82a48435c0a11457653382b1512fd893fda45260071da58a
E1,defocus_blur,1,partial_channel,0.01,1.0,,12,0,0.30000000000000027,2000,0.03133903133903134,0.0054446460980036296,351,1102,0.040086000323295595,99fc6ef526bc821b82a48435c0a11457653382b1512fd893fda45260071da58a
E1,defocus_blur,1,partial_channel,0.01,1.0,,12,1,0.5499999999999949,2000,0.042735042735042736,0.004537205081669692,351,1102,0.05298428380489349,99fc6ef526bc821b82a48435c0a11457653382b1512fd893fda45260071da58a
E1,defocus_blur,1,partial_channel,0.01,1.0,,12,2,0.34999999999999476,2000,0.037037037037037035,0.009074410163339383,351,1102,0.036291982293128966,99fc6ef526bc821b82a48435c0a11457653382b1512fd893fda45260071da58a
E1,defocus_blur,1,partial_channel,0.01,1.0,,12,3,0.8000000000000007,2000,0.05698005698005698,0.006352087114337568,351,1102,0.07174285471439362,99fc6ef526bc821b82a48435c0a11457653382b1512fd893fda45260071da58a
E1,defocus_blur,1,partial_channel,0.01,1.0,,12,4,0.649999999999995,2000,0.03418803418803419,0.0027223230490018148,351,1102,0.034605610251426694,99fc6ef526bc821b82a48435c0a11457653382b1512fd893fda45260071da58a
E1,defocus_blur,1,partial_channel,0.05,1.0,,12,0,1.5499999999999958,2000,0.10826210826210826,0.010889292196007259,351,1102,0.19137964016199113,99fc6ef526bc821b82a48435c0a11457653382b1512fd893fda45260071da58a
E1,defocus_blur,1,partial_channel,0.05,1.0,,12,1,1.3499999999999956,2000,0.11396011396011396,0.018148820326678767,351,1102,0.22699134653806685,99fc6ef526bc821b82a48435c0a11457653382b1512fd893fda45260071da58a
E1,defocus_blur,1,partial_channel,0.05,1.0,,12,2,1.19999999999999,2000,0.10826210826210826,0.018148820326678767,351,1102,0.27241970044374464,99fc6ef526bc821b82a48435c0a11457653382b1512fd893fda45260071da58a
E1,defocus_blur,1,partial_channel,0.05,1.0,,12,3,1.1499999999999955,2000,0.09401709401709402,0.013611615245009074,351,1102,0.17313915520906448,99fc6ef526bc821b82a48435c0a11457653382b1512fd893fda45260071da58a
E1,defocus_blur,1,partial_channel,0.05,1.0,,12,4,1.3999999999999901,2000,0.10541310541310542,0.015426497277676952,351,1102,0.22965843307971953,99fc6ef526bc821b82a48435c0a11457653382b1512fd893fda45260071da58a
E1,defocus_blur,1,partial_channel,0.1,1.0,,12,0,3.5499999999999976,2000,0.2535612535612536,0.02631578947368421,351,1102,0.597530014872551,99fc6ef526bc821b82a48435c0a11457653382b1512fd893fda45260071da58a
E1,defocus_blur,1,partial_channel,0.1,1.0,,12,1,2.649999999999997,2000,0.18233618233618235,0.019963702359346643,351,1102,0.3715766174197197,99fc6ef526bc821b82a48435c0a11457653382b1512fd893fda45260071da58a
E1,defocus_blur,1,partial_channel,0.1,1.0,,12,2,2.0499999999999963,2000,0.1737891737891738,0.022686025408348458,351,1102,0.426828418135643,99fc6ef526bc821b82a48435c0a11457653382b1512fd893fda45260071da58a
E1,defocus_blur,1,partial_channel,0.1,1.0,,12,3,2.499999999999991,2000,0.15669515669515668,0.015426497277676952,351,1102,0.3659503502249718,99fc6ef526bc821b82a48435c0a11457653382b1512fd893fda45260071da58a
E1,defocus_blur,1,partial_channel,0.1,1.0,,12,4,2.2499999999999964,2000,0.16524216524216523,0.020871143375680582,351,1102,0.4234903865456581,99fc6ef526bc821b82a48435c0a11457653382b1512fd893fda45260071da58a
E1,defocus_blur,1,partial_channel,0.2,1.0,,12,0,6.799999999999995,2000,0.45014245014245013,0.036297640653357534,351,1102,1.2614346571564674,99fc6ef526bc821b82a48435c0a11457653382b1512fd893fda45260071da58a
E1,defocus_blur,1,partial_channel,0.2,1.0,,12,1,5.549999999999999,2000,0.3418803418803419,0.025408348457350273,351,1102,0.8857920984625817,99fc6ef526bc821b82a48435c0a11457653382b1512fd893fda45260071da58a
E1,defocus_blur,1,partial_channel,0.2,1.0,,12,2,4.499999999999993,2000,0.3190883190883191,0.029038112522686024,351,1102,0.7542702524662018,99fc6ef526bc821b82a48435c0a11457653382b1512fd893fda45260071da58a
E1,defocus_blur,1,partial_channel,0.2,1.0,,12,3,5.249999999999999,2000,0.33618233618233617,0.019963702359346643,351,1102,0.8271530213356018,99fc6ef526bc821b82a48435c0a11457653382b1512fd893fda45260071da58a
E1,defocus_blur,1,partial_channel,0.2,1.0,,12,4,5.099999999999993,2000,0.2934472934472934,0.017241379310344827,351,1102,0.7432086009979249,99fc6ef526bc821b82a48435c0a11457653382b1512fd893fda45260071da58a
E1,defocus_blur,1,partial_channel,0.01,1.0,,13,0,0.6000000000000005,2000,0.05413105413105413,0.009074410163339383,351,1102,0.04767407810688019,99fc6ef526bc821b82a48435c0a11457653382b1512fd893fda45260071da58a
E1,defocus_blur,1,partial_channel,0.01,1.0,,13,1,0.5000000000000004,2000,0.03418803418803419,0.004537205081669692,351,1102,0.043152139544486996,99fc6ef526bc821b82a48435c0a11457653382b1512fd893fda45260071da58a
E1,defocus_blur,1,partial_channel,0.01,1.0,,13,2,0.20000000000000018,2000,0.03133903133903134,0.006352087114337568,351,1102,0.03825437104701996,99fc6ef526bc821b82a48435c0a11457653382b1512fd893fda45260071da58a
E1,defocus_blur,1,partial_channel,0.01,1.0,,13,3,0.20000000000000018,2000,0.022792022792022793,0.006352087114337568,351,1102,0.03580033093690872,99fc6ef526bc821b82a48435c0a11457653382b1512fd893fda45260071da58a
E1,defocus_blur,1,partial_channel,0.01,1.0,,13,4,0.14999999999999458,2000,0.037037037037037035,0.009981851179673321,351,1102,0.039671596884727475,99fc6ef526bc821b82a48435c0a11457653382b1512fd893fda45260071da58a
E1,defocus_blur,1,partial_channel,0.05,1.0,,13,0,1.3499999999999956,2000,0.10541310541310542,0.019056261343012703,351,1102,0.2328758243918419,99fc6ef526bc821b82a48435c0a11457653382b1512fd893fda45260071da58a
E1,defocus_blur,1,partial_channel,0.05,1.0,,13,1,1.749999999999996,2000,0.11396011396011396,0.009074410163339383,351,1102,0.24615036249160765,99fc6ef526bc821b82a48435c0a11457653382b1512fd893fda45260071da58a
E1,defocus_blur,1,partial_channel,0.05,1.0,,13,2,2.0499999999999963,2000,0.1452991452991453,0.017241379310344827,351,1102,0.2328265565633774,99fc6ef526bc821b82a48435c0a11457653382b1512fd893fda45260071da58a
E1,defocus_blur,1,partial_channel,0.05,1.0,,13,3,1.5999999999999903,2000,0.11396011396011396,0.011796733212341199,351,1102,0.18974701434373856,99fc6ef526bc821b82a48435c0a11457653382b1512fd893fda45260071da58a
E1,defocus_blur,1,partial_channel,0.05,1.0,,13,4,0.9000000000000008,2000,0.10256410256410256,0.019963702359346643,351,1102,0.17567062091827393,99fc6ef526bc821b82a48435c0a11457653382b1512fd893fda45260071da58a
E1,defocus_blur,1,partial_channel,0.1,1.0,,13,0,2.4499999999999966,2000,0.18233618233618235,0.029945553539019964,351,1102,0.41780031913518906,99fc6ef526bc821b82a48435c0a11457653382b1512fd893fda45260071da58a
E1,defocus_blur,1,partial_channel,0.1,1.0,,13,1,3.0999999999999917,2000,0.20797720797720798,0.018148820326678767,351,1102,0.5300526403188706,99fc6ef526bc821b82a48435c0a11457653382b1512fd893fda45260071da58a
E1,defocus_blur,1,partial_channel,0.1,1.0,,13,2,2.299999999999991,2000,0.19658119658119658,0.03176043557168784,351,1102,0.451303429722786,99fc6ef526bc821b82a48435c0a11457653382b1512fd893fda45260071da58a
E1,defocus_blur,1,partial_channel,0.1,1.0,,13,3,2.649999999999997,2000,0.1794871794871795,0.019056261343012703,351,1102,0.3158896825313568,99fc6ef526bc821b82a48435c0a11457653382b1512fd893fda45260071da58a
E1,defocus_blur,1,partial_channel,0.1,1.0,,13,4,3.049999999999997,2000,0.21082621082621084,0.023593466424682397,351,1102,0.3871326255202293,99fc6ef526bc821b82a48435c0a11457653382b1512fd893fda45260071da58a
E1,defocus_blur,1,partial_channel,0.2,1.0,,13,0,5.699999999999994,2000,0.33903133903133903,0.028130671506352088,351,1102,0.8372039479017258,99fc6ef526bc821b82a48435c0a11457653382b1512fd893fda45260071da58a
E1,defocus_blur,1,partial_channel,0.2,1.0,,13,1,5.249999999999999,2000,0.358974358974359,0.036297640653357534,351,1102,0.896407396554947,99fc6ef526bc821b82a48435c0a11457653382b1512fd893fda45260071da58a
E1,defocus_blur,1,partial_channel,0.2,1.0,,13,2,4.349999999999998,2000,0.3247863247863248,0.041742286751361164,351,1102,0.8831392179727554,99fc6ef526bc821b82a48435c0a11457653382b1512fd893fda45260071da58a
E1,defocus_blur,1,partial_channel,0.2,1.0,,13,3,5.399999999999993,2000,0.3247863247863248,0.030852994555353903,351,1102,0.7225197581648827,99fc6ef526bc821b82a48435c0a11457653382b1512fd893fda45260071da58a
E1,defocus_blur,1,partial_channel,0.2,1.0,,13,4,5.099999999999993,2000,0.34472934472934474,0.03901996370235935,351,1102,0.8511022587418556,99fc6ef526bc821b82a48435c0a11457653382b1512fd893fda45260071da58a
E1,defocus_blur,1,partial_channel,0.01,1.0,,14,0,0.5000000000000004,2000,0.037037037037037035,0.0054446460980036296,351,1102,0.03763886719942093,99fc6ef526bc821b82a48435c0a11457653382b1512fd893fda45260071da58a
E1,defocus_blur,1,partial_channel,0.01,1.0,,14,1,0.30000000000000027,2000,0.03133903133903134,0.007259528130671506,351,1102,0.03658827018737793,99fc6ef526bc821b82a48435c0a11457653382b1512fd893fda45260071da58a
E1,defocus_blur,1,partial_channel,0.01,1.0,,14,2,0.30000000000000027,2000,0.02849002849002849,0.0054446460980036296,351,1102,0.04570277798175812,99fc6ef526bc821b82a48435c0a11457653382b1512fd893fda45260071da58a
E1,defocus_blur,1,partial_channel,0.01,1.0,,14,3,0.30000000000000027,2000,0.03133903133903134,0.006352087114337568,351,1102,0.03862527024745941,99fc6ef526bc821b82a48435c0a11457653382b1512fd893fda45260071da58a
E1,defocus_blur,1,partial_channel,0.01,1.0,,14,4,0.14999999999999458,2000,0.02564102564102564,0.007259528130671506,351,1102,0.04743311733007431,99fc6ef526bc821b82a48435c0a11457653382b1512fd893fda45260071da58a
E1,defocus_blur,1,partial_channel,0.05,1.0,,14,0,1.29999999999999,2000,0.1111111111111111,0.020871143375680582,351,1102,0.21566084069013597,99fc6ef526bc821b82a48435c0a11457653382b1512fd893fda45260071da58a
E1,defocus_blur,1,partial_channel,0.05,1.0,,14,1,1.4999999999999902,2000,0.11965811965811966,0.014519056261343012,351,1102,0.21136819088459016,99fc6ef526bc821b82a48435c0a11457653382b1512fd893fda45260071da58a
E1,defocus_blur,1,partial_channel,0.05,1.0,,14,2,1.1499999999999955,2000,0.10826210826210826,0.018148820326678767,351,1102,0.22095581507682802,99fc6ef526bc821b82a48435c0a11457653382b1512fd893fda45260071da58a
E1,defocus_blur,1,partial_channel,0.05,1.0,,14,3,0.9499999999999953,2000,0.08831908831908832,0.016333938294010888,351,1102,0.19223024183511733,99fc6ef526bc821b82a48435c0a11457653382b1512fd893fda45260071da58a
E1,defocus_blur,1,partial_channel,0.05,1.0,,14,4,1.1499999999999955,2000,0.10256410256410256,0.016333938294010888,351,1102,0.19696246981620788,99fc6ef526bc821b82a48435c0a11457653382b1512fd893fda45260071da58a
E1,defocus_blur,1,partial_channel,0.1,1.0,,14,0,2.949999999999997,2000,0.19373219373219372,0.022686025408348458,351,1102,0.4266695340871811,99fc6ef526bc821b82a48435c0a11457653382b1512fd893fda45260071da58a
E1,defocus_blur,1,partial_channel,0.1,1.0,,14,1,2.599999999999991,2000,0.19373219373219372,0.021778584392014518,351,1102,0.48329522103071215,99fc6ef526bc821b82a48435c0a11457653382b1512fd893fda45260071da58a
E1,defocus_blur,1,partial_channel,0.1,1.0,,14,2,2.399999999999991,2000,0.1794871794871795,0.023593466424682397,351,1102,0.3785873164534569,99fc6ef526bc821b82a48435c0a11457653382b1512fd893fda45260071da58a
E1,defocus_blur,1,partial_channel,0.1,1.0,,14,3,2.1499999999999964,2000,0.15669515669515668,0.021778584392014518,351,1102,0.3857249096632004,99fc6ef526bc821b82a48435c0a11457653382b1512fd893fda45260071da58a
E1,defocus_blur,1,partial_channel,0.1,1.0,,14,4,2.6999999999999913,2000,0.1908831908831909,0.019056261343012703,351,1102,0.3935633984804153,99fc6ef526bc821b82a48435c0a11457653382b1512fd893fda45260071da58a
E1,defocus_blur,1,partial_channel,0.2,1.0,,14,0,5.549999999999999,2000,0.3418803418803419,0.02631578947368421,351,1102,0.8498467893004418,99fc6ef526bc821b82a48435c0a11457653382b1512fd893fda45260071da58a
E1,defocus_blur,1,partial_channel,0.2,1.0,,14,1,5.049999999999999,2000,0.33903133903133903,0.03539019963702359,351,1102,0.8938164966702461,99fc6ef526bc821b82a48435c0a11457653382b1512fd893fda45260071da58a
E1,defocus_blur,1,partial_channel,0.2,1.0,,14,2,3.949999999999998,2000,0.2849002849002849,0.03539019963702359,351,1102,0.7513428140282631,99fc6ef526bc821b82a48435c0a11457653382b1512fd893fda45260071da58a
E1,defocus_blur,1,partial_channel,0.2,1.0,,14,3,5.149999999999999,2000,0.3190883190883191,0.029945553539019964,351,1102,0.7791382594704628,99fc6ef526bc821b82a48435c0a11457653382b1512fd893fda45260071da58a
E1,defocus_blur,1,partial_channel,0.2,1.0,,14,4,5.599999999999994,2000,0.3561253561253561,0.032667876588021776,351,1102,0.8595788150429725,99fc6ef526bc821b82a48435c0a11457653382b1512fd893fda45260071da58a
E1,defocus_blur,1,partial_channel,0.01,1.0,,15,0,0.44999999999999485,2000,0.03133903133903134,0.004537205081669692,351,1102,0.041630765438079836,99fc6ef526bc821b82a48435c0a11457653382b1512fd893fda45260071da58a
E1,defocus_blur,1,partial_channel,0.01,1.0,,15,1,0.24999999999999467,2000,0.02564102564102564,0.0054446460980036296,351,1102,0.038195315539836884,99fc6ef526bc821b82a48435c0a11457653382b1512fd893fda45260071da58a
E1,defocus_blur,1,partial_channel,0.01,1.0,,15,2,0.34999999999999476,2000,0.03418803418803419,0.006352087114337568,351,1102,0.04958420622348785,99fc6ef526bc821b82a48435c0a11457653382b1512fd893fda45260071da58a
E1,defocus_blur,1,partial_channel,0.01,1.0,,15,3,0.30000000000000027,2000,0.019943019943019943,0.0018148820326678765,351,1102,0.031648309767246245,99fc6ef526bc821b82a48435c0a11457653382b1512fd893fda45260071da58a
E1,defocus_blur,1,partial_channel,0.01,1.0,,15,4,0.24999999999999467,2000,0.019943019943019943,0.003629764065335753,351,1102,0.04359140920639038,99fc6ef526bc821b82a48435c0a11457653382b1512fd893fda45260071da58a
E1,defocus_blur,1,partial_channel,0.05,1.0,,15,0,1.0499999999999954,2000,0.10826210826210826,0.018148820326678767,351,1102,0.1939538527727127,99fc6ef526bc821b82a48435c0a11457653382b1512fd893fda45260071da58a
E1,defocus_blur,1,partial_channel,0.05,1.0,,15,1,1.3499999999999956,2000,0.09116809116809117,0.008166969147005444,351,1102,0.18933056730031966,99fc6ef526bc821b82a48435c0a11457653382b1512fd893fda45260071da58a
E1,defocus_blur,1,partial_channel,0.05,1.0,,15,2,1.4999999999999902,2000,0.11965811965811966,0.015426497277676952,351,1102,0.21392953437566758,99fc6ef526bc821b82a48435c0a11457653382b1512fd893fda45260071da58a
E1,defocus_blur,1,partial_channel,0.05,1.0,,15,3,1.4999999999999902,2000,0.09401709401709402,0.007259528130671506,351,1102,0.19514808416366577,99fc6ef526bc821b82a48435c0a11457653382b1512fd893fda45260071da58a
E1,defocus_blur,1,partial_channel,0.05,1.0,,15,4,1.3999999999999901,2000,0.10826210826210826,0.010889292196007259,351,1102,0.19994558399915696,99fc6ef526bc821b82a48435c0a11457653382b1512fd893fda45260071da58a
E1,defocus_blur,1,partial_channel,0.1,1.0,,15,0,2.5499999999999967,2000,0.19373219373219372,0.023593466424682397,351,1102,0.39658488529920577,99fc6ef526bc821b82a48435c0a11457653382b1512fd893fda45260071da58a
E1,defocus_blur,1,partial_channel,0.1,1.0,,15,1,3.3499999999999974,2000,0.21082621082621084,0.014519056261343012,351,1102,0.42878859239816663,99fc6ef526bc821b82a48435c0a11457653382b1512fd893fda45260071da58a
E1,defocus_blur,1,partial_channel,0.1,1.0,,15,2,2.6999999999999913,2000,0.18803418803418803,0.019056261343012703,351,1102,0.3911353224515915,99fc6ef526bc821b82a48435c0a11457653382b1512fd893fda45260071da58a
E1,defocus_blur,1,partial_channel,0.1,1.0,,15,3,2.299999999999991,2000,0.150997150997151,0.012704174228675136,351,1102,0.4225966170430183,99fc6ef526bc821b82a48435c0a11457653382b1512fd893fda45260071da58a
E1,defocus_blur,1,partial_channel,0.1,1.0,,15,4,3.1499999999999972,2000,0.20512820512820512,0.013611615245009074,351,1102,0.40674276489019395,99fc6ef526bc821b82a48435c0a11457653382b1512fd893fda45260071da58a
E1,defocus_blur,1,partial_channel,0.2,1.0,,15,0,6.199999999999994,2000,0.39316239316239315,0.028130671506352088,351,1102,0.8199619198441506,99fc6ef526bc821b82a48435c0a11457653382b1512fd893fda45260071da58a
E1,defocus_blur,1,partial_channel,0.2,1.0,,15,1,5.6499999999999995,2000,0.36752136752136755,0.02631578947368421,351,1102,0.848844737648964,99fc6ef526bc821b82a48435c0a11457653382b1512fd893fda45260071da58a
E1,defocus_blur,1,partial_channel,0.2,1.0,,15,2,5.549999999999999,2000,0.33618233618233617,0.018148820326678767,351,1102,0.7949629479050636,99fc6ef526bc821b82a48435c0a11457653382b1512fd893fda45260071da58a
E1,defocus_blur,1,partial_channel,0.2,1.0,,15,3,5.399999999999993,2000,0.3333333333333333,0.021778584392014518,351,1102,0.8207884046435356,99fc6ef526bc821b82a48435c0a11457653382b1512fd893fda45260071da58a
E1,defocus_blur,1,partial_channel,0.2,1.0,,15,4,6.199999999999994,2000,0.3475783475783476,0.018148820326678767,351,1102,0.8334126895070076,99fc6ef526bc821b82a48435c0a11457653382b1512fd893fda45260071da58a
E1,defocus_blur,1,none,0.01,1.0,,0,0,0.0,2000,0.0,0.0,351,1102,0.0,99fc6ef526bc821b82a48435c0a11457653382b1512fd893fda45260071da58a
E1,defocus_blur,1,none,0.01,1.0,,1,0,0.0,2000,0.0,0.0,351,1102,0.0,99fc6ef526bc821b82a48435c0a11457653382b1512fd893fda45260071da58a
E1,defocus_blur,1,none,0.01,1.0,,2,0,0.0,2000,0.0,0.0,351,1102,0.0,99fc6ef526bc821b82a48435c0a11457653382b1512fd893fda45260071da58a
E1,defocus_blur,1,none,0.01,1.0,,3,0,0.0,2000,0.0,0.0,351,1102,0.0,99fc6ef526bc821b82a48435c0a11457653382b1512fd893fda45260071da58a
E1,defocus_blur,1,none,0.01,1.0,,4,0,0.0,2000,0.0,0.0,351,1102,0.0,99fc6ef526bc821b82a48435c0a11457653382b1512fd893fda45260071da58a
E1,defocus_blur,1,none,0.01,1.0,,5,0,0.0,2000,0.0,0.0,351,1102,0.0,99fc6ef526bc821b82a48435c0a11457653382b1512fd893fda45260071da58a
E1,defocus_blur,1,none,0.01,1.0,,6,0,0.0,2000,0.0,0.0,351,1102,0.0,99fc6ef526bc821b82a48435c0a11457653382b1512fd893fda45260071da58a
E1,defocus_blur,1,none,0.01,1.0,,7,0,0.0,2000,0.0,0.0,351,1102,0.0,99fc6ef526bc821b82a48435c0a11457653382b1512fd893fda45260071da58a
E1,defocus_blur,1,none,0.01,1.0,,8,0,0.0,2000,0.0,0.0,351,1102,0.0,99fc6ef526bc821b82a48435c0a11457653382b1512fd893fda45260071da58a
E1,defocus_blur,1,none,0.01,1.0,,9,0,0.0,2000,0.0,0.0,351,1102,0.0,99fc6ef526bc821b82a48435c0a11457653382b1512fd893fda45260071da58a
E1,defocus_blur,1,none,0.01,1.0,,10,0,0.0,2000,0.0,0.0,351,1102,0.0,99fc6ef526bc821b82a48435c0a11457653382b1512fd893fda45260071da58a
E1,defocus_blur,1,none,0.01,1.0,,11,0,0.0,2000,0.0,0.0,351,1102,0.0,99fc6ef526bc821b82a48435c0a11457653382b1512fd893fda45260071da58a
E1,defocus_blur,1,none,0.01,1.0,,12,0,0.0,2000,0.0,0.0,351,1102,0.0,99fc6ef526bc821b82a48435c0a11457653382b1512fd893fda45260071da58a
E1,defocus_blur,1,none,0.01,1.0,,13,0,0.0,2000,0.0,0.0,351,1102,0.0,99fc6ef526bc821b82a48435c0a11457653382b1512fd893fda45260071da58a
E1,defocus_blur,1,none,0.01,1.0,,14,0,0.0,2000,0.0,0.0,351,1102,0.0,99fc6ef526bc821b82a48435c0a11457653382b1512fd893fda45260071da58a
E1,defocus_blur,1,none,0.01,1.0,,15,0,0.0,2000,0.0,0.0,351,1102,0.0,99fc6ef526bc821b82a48435c0a11457653382b1512fd893fda45260071da58a
E1,defocus_blur,1,clean_to_clean,0.01,1.0,,0,0,14.449999999999996,2000,1.0,0.056261343012704176,351,1102,3.040298820376396,99fc6ef526bc821b82a48435c0a11457653382b1512fd893fda45260071da58a
E1,defocus_blur,1,clean_to_clean,0.01,1.0,,1,0,14.449999999999996,2000,1.0,0.056261343012704176,351,1102,3.040298820376396,99fc6ef526bc821b82a48435c0a11457653382b1512fd893fda45260071da58a
E1,defocus_blur,1,clean_to_clean,0.01,1.0,,2,0,14.449999999999996,2000,1.0,0.056261343012704176,351,1102,3.040298820376396,99fc6ef526bc821b82a48435c0a11457653382b1512fd893fda45260071da58a
E1,defocus_blur,1,clean_to_clean,0.01,1.0,,3,0,14.449999999999996,2000,1.0,0.056261343012704176,351,1102,3.040298820376396,99fc6ef526bc821b82a48435c0a11457653382b1512fd893fda45260071da58a
E1,defocus_blur,1,clean_to_clean,0.01,1.0,,4,0,14.449999999999996,2000,1.0,0.056261343012704176,351,1102,3.040298820376396,99fc6ef526bc821b82a48435c0a11457653382b1512fd893fda45260071da58a
E1,defocus_blur,1,clean_to_clean,0.01,1.0,,5,0,14.449999999999996,2000,1.0,0.056261343012704176,351,1102,3.040298820376396,99fc6ef526bc821b82a48435c0a11457653382b1512fd893fda45260071da58a
E1,defocus_blur,1,clean_to_clean,0.01,1.0,,6,0,14.449999999999996,2000,1.0,0.056261343012704176,351,1102,3.040298820376396,99fc6ef526bc821b82a48435c0a11457653382b1512fd893fda45260071da58a
E1,defocus_blur,1,clean_to_clean,0.01,1.0,,7,0,14.449999999999996,2000,1.0,0.056261343012704176,351,1102,3.040298820376396,99fc6ef526bc821b82a48435c0a11457653382b1512fd893fda45260071da58a
E1,defocus_blur,1,clean_to_clean,0.01,1.0,,8,0,14.449999999999996,2000,1.0,0.056261343012704176,351,1102,3.040298820376396,99fc6ef526bc821b82a48435c0a11457653382b1512fd893fda45260071da58a
E1,defocus_blur,1,clean_to_clean,0.01,1.0,,9,0,14.449999999999996,2000,1.0,0.056261343012704176,351,1102,3.040298820376396,99fc6ef526bc821b82a48435c0a11457653382b1512fd893fda45260071da58a
E1,defocus_blur,1,clean_to_clean,0.01,1.0,,10,0,14.449999999999996,2000,1.0,0.056261343012704176,351,1102,3.040298820376396,99fc6ef526bc821b82a48435c0a11457653382b1512fd893fda45260071da58a
E1,defocus_blur,1,clean_to_clean,0.01,1.0,,11,0,14.449999999999996,2000,1.0,0.056261343012704176,351,1102,3.040298820376396,99fc6ef526bc821b82a48435c0a11457653382b1512fd893fda45260071da58a
E1,defocus_blur,1,clean_to_clean,0.01,1.0,,12,0,14.449999999999996,2000,1.0,0.056261343012704176,351,1102,3.040298820376396,99fc6ef526bc821b82a48435c0a11457653382b1512fd893fda45260071da58a
E1,defocus_blur,1,clean_to_clean,0.01,1.0,,13,0,14.449999999999996,2000,1.0,0.056261343012704176,351,1102,3.040298820376396,99fc6ef526bc821b82a48435c0a11457653382b1512fd893fda45260071da58a
E1,defocus_blur,1,clean_to_clean,0.01,1.0,,14,0,14.449999999999996,2000,1.0,0.056261343012704176,351,1102,3.040298820376396,99fc6ef526bc821b82a48435c0a11457653382b1512fd893fda45260071da58a
E1,defocus_blur,1,clean_to_clean,0.01,1.0,,15,0,14.449999999999996,2000,1.0,0.056261343012704176,351,1102,3.040298820376396,99fc6ef526bc821b82a48435c0a11457653382b1512fd893fda45260071da58a
E1,defocus_blur,1,full_state,0.01,1.0,,0,0,14.449999999999996,2000,1.0,0.056261343012704176,351,1102,3.040298820376396,99fc6ef526bc821b82a48435c0a11457653382b1512fd893fda45260071da58a
E1,defocus_blur,1,full_state,0.01,1.0,,1,0,14.449999999999996,2000,1.0,0.056261343012704176,351,1102,3.040298820376396,99fc6ef526bc821b82a48435c0a11457653382b1512fd893fda45260071da58a
E1,defocus_blur,1,full_state,0.01,1.0,,2,0,14.449999999999996,2000,1.0,0.056261343012704176,351,1102,3.040298820376396,99fc6ef526bc821b82a48435c0a11457653382b1512fd893fda45260071da58a
E1,defocus_blur,1,full_state,0.01,1.0,,3,0,14.449999999999996,2000,1.0,0.056261343012704176,351,1102,3.040298820376396,99fc6ef526bc821b82a48435c0a11457653382b1512fd893fda45260071da58a
E1,defocus_blur,1,full_state,0.01,1.0,,4,0,14.449999999999996,2000,1.0,0.056261343012704176,351,1102,3.040298820376396,99fc6ef526bc821b82a48435c0a11457653382b1512fd893fda45260071da58a
E1,defocus_blur,1,full_state,0.01,1.0,,5,0,14.449999999999996,2000,1.0,0.056261343012704176,351,1102,3.040298820376396,99fc6ef526bc821b82a48435c0a11457653382b1512fd893fda45260071da58a
E1,defocus_blur,1,full_state,0.01,1.0,,6,0,14.449999999999996,2000,1.0,0.056261343012704176,351,1102,3.040298820376396,99fc6ef526bc821b82a48435c0a11457653382b1512fd893fda45260071da58a
E1,defocus_blur,1,full_state,0.01,1.0,,7,0,14.449999999999996,2000,1.0,0.056261343012704176,351,1102,3.040298820376396,99fc6ef526bc821b82a48435c0a11457653382b1512fd893fda45260071da58a
E1,defocus_blur,1,full_state,0.01,1.0,,8,0,14.449999999999996,2000,1.0,0.056261343012704176,351,1102,3.040298820376396,99fc6ef526bc821b82a48435c0a11457653382b1512fd893fda45260071da58a
E1,defocus_blur,1,full_state,0.01,1.0,,9,0,14.449999999999996,2000,1.0,0.056261343012704176,351,1102,3.040298820376396,99fc6ef526bc821b82a48435c0a11457653382b1512fd893fda45260071da58a
E1,defocus_blur,1,full_state,0.01,1.0,,10,0,14.449999999999996,2000,1.0,0.056261343012704176,351,1102,3.040298820376396,99fc6ef526bc821b82a48435c0a11457653382b1512fd893fda45260071da58a
E1,defocus_blur,1,full_state,0.01,1.0,,11,0,14.449999999999996,2000,1.0,0.056261343012704176,351,1102,3.040298820376396,99fc6ef526bc821b82a48435c0a11457653382b1512fd893fda45260071da58a
E1,defocus_blur,1,full_state,0.01,1.0,,12,0,14.449999999999996,2000,1.0,0.056261343012704176,351,1102,3.040298820376396,99fc6ef526bc821b82a48435c0a11457653382b1512fd893fda45260071da58a
E1,defocus_blur,1,full_state,0.01,1.0,,13,0,14.449999999999996,2000,1.0,0.056261343012704176,351,1102,3.040298820376396,99fc6ef526bc821b82a48435c0a11457653382b1512fd893fda45260071da58a
E1,defocus_blur,1,full_state,0.01,1.0,,14,0,14.449999999999996,2000,1.0,0.056261343012704176,351,1102,3.040298820376396,99fc6ef526bc821b82a48435c0a11457653382b1512fd893fda45260071da58a
E1,defocus_blur,1,full_state,0.01,1.0,,15,0,14.449999999999996,2000,1.0,0.056261343012704176,351,1102,3.040298820376396,99fc6ef526bc821b82a48435c0a11457653382b1512fd893fda45260071da58a
E1,defocus_blur,1,random_direction,0.01,1.0,,0,0,0.20000000000000018,2000,0.042735042735042736,0.010889292196007259,351,1102,0.011095366537570954,99fc6ef526bc821b82a48435c0a11457653382b1512fd893fda45260071da58a
E1,defocus_blur,1,random_direction,0.01,1.0,,1,0,0.14999999999999458,2000,0.02564102564102564,0.006352087114337568,351,1102,-0.0013481565117835998,99fc6ef526bc821b82a48435c0a11457653382b1512fd893fda45260071da58a
E1,defocus_blur,1,random_direction,0.01,1.0,,2,0,0.14999999999999458,2000,0.019943019943019943,0.004537205081669692,351,1102,0.005851034164428711,99fc6ef526bc821b82a48435c0a11457653382b1512fd893fda45260071da58a
E1,defocus_blur,1,random_direction,0.01,1.0,,3,0,-0.10000000000000009,2000,0.008547008547008548,0.0054446460980036296,351,1102,-0.00734102350473404,99fc6ef526bc821b82a48435c0a11457653382b1512fd893fda45260071da58a
E1,defocus_blur,1,random_direction,0.01,1.0,,4,0,-0.10000000000000009,2000,0.011396011396011397,0.006352087114337568,351,1102,-0.0027627100944519044,99fc6ef526bc821b82a48435c0a11457653382b1512fd893fda45260071da58a
E1,defocus_blur,1,random_direction,0.01,1.0,,5,0,-0.15000000000000568,2000,0.008547008547008548,0.007259528130671506,351,1102,-0.00853757643699646,99fc6ef526bc821b82a48435c0a11457653382b1512fd893fda45260071da58a
E1,defocus_blur,1,random_direction,0.01,1.0,,6,0,-0.10000000000000009,2000,0.008547008547008548,0.0054446460980036296,351,1102,-0.005064909815788269,99fc6ef526bc821b82a48435c0a11457653382b1512fd893fda45260071da58a
E1,defocus_blur,1,random_direction,0.01,1.0,,7,0,0.30000000000000027,2000,0.02849002849002849,0.004537205081669692,351,1102,-0.006035293877124787,99fc6ef526bc821b82a48435c0a11457653382b1512fd893fda45260071da58a
E1,defocus_blur,1,random_direction,0.01,1.0,,8,0,-0.050000000000005596,2000,0.019943019943019943,0.008166969147005444,351,1102,-0.007889469802379609,99fc6ef526bc821b82a48435c0a11457653382b1512fd893fda45260071da58a
E1,defocus_blur,1,random_direction,0.01,1.0,,9,0,0.14999999999999458,2000,0.014245014245014245,0.0027223230490018148,351,1102,-0.006763019919395446,99fc6ef526bc821b82a48435c0a11457653382b1512fd893fda45260071da58a
E1,defocus_blur,1,random_direction,0.01,1.0,,10,0,0.0,2000,0.008547008547008548,0.003629764065335753,351,1102,-0.0036320385932922363,99fc6ef526bc821b82a48435c0a11457653382b1512fd893fda45260071da58a
E1,defocus_blur,1,random_direction,0.01,1.0,,11,0,0.14999999999999458,2000,0.014245014245014245,0.0027223230490018148,351,1102,-0.0023582571148872376,99fc6ef526bc821b82a48435c0a11457653382b1512fd893fda45260071da58a
E1,defocus_blur,1,random_direction,0.01,1.0,,12,0,0.0,2000,0.014245014245014245,0.0054446460980036296,351,1102,0.0009253652095794678,99fc6ef526bc821b82a48435c0a11457653382b1512fd893fda45260071da58a
E1,defocus_blur,1,random_direction,0.01,1.0,,13,0,0.24999999999999467,2000,0.017094017094017096,0.0018148820326678765,351,1102,-0.0025706522464752197,99fc6ef526bc821b82a48435c0a11457653382b1512fd893fda45260071da58a
E1,defocus_blur,1,random_direction,0.01,1.0,,14,0,0.14999999999999458,2000,0.008547008547008548,0.0009074410163339383,351,1102,-0.002145457625389099,99fc6ef526bc821b82a48435c0a11457653382b1512fd893fda45260071da58a
E1,defocus_blur,1,random_direction,0.01,1.0,,15,0,0.10000000000000009,2000,0.005698005698005698,0.0018148820326678765,351,1102,-0.0011361043453216554,99fc6ef526bc821b82a48435c0a11457653382b1512fd893fda45260071da58a
E1,defocus_blur,1,shuffled_donor,0.01,1.0,,0,0,-0.20000000000000018,2000,0.09686609686609686,0.045372050816696916,351,1102,-0.12102506965398789,99fc6ef526bc821b82a48435c0a11457653382b1512fd893fda45260071da58a
E1,defocus_blur,1,shuffled_donor,0.01,1.0,,1,0,0.6000000000000005,2000,0.07407407407407407,0.014519056261343012,351,1102,-0.003243869721889496,99fc6ef526bc821b82a48435c0a11457653382b1512fd893fda45260071da58a
E1,defocus_blur,1,shuffled_donor,0.01,1.0,,2,0,0.30000000000000027,2000,0.05982905982905983,0.014519056261343012,351,1102,0.006070844411849976,99fc6ef526bc821b82a48435c0a11457653382b1512fd893fda45260071da58a
E1,defocus_blur,1,shuffled_donor,0.01,1.0,,3,0,0.10000000000000009,2000,0.05982905982905983,0.022686025408348458,351,1102,0.02823894363641739,99fc6ef526bc821b82a48435c0a11457653382b1512fd893fda45260071da58a
E1,defocus_blur,1,shuffled_donor,0.01,1.0,,4,0,0.14999999999999458,2000,0.05698005698005698,0.019963702359346643,351,1102,-0.03390284550189972,99fc6ef526bc821b82a48435c0a11457653382b1512fd893fda45260071da58a
E1,defocus_blur,1,shuffled_donor,0.01,1.0,,5,0,0.04999999999999449,2000,0.05128205128205128,0.019963702359346643,351,1102,-0.03226117789745331,99fc6ef526bc821b82a48435c0a11457653382b1512fd893fda45260071da58a
E1,defocus_blur,1,shuffled_donor,0.01,1.0,,6,0,0.14999999999999458,2000,0.045584045584045586,0.015426497277676952,351,1102,-0.025683819472789766,99fc6ef526bc821b82a48435c0a11457653382b1512fd893fda45260071da58a
E1,defocus_blur,1,shuffled_donor,0.01,1.0,,7,0,0.20000000000000018,2000,0.037037037037037035,0.011796733212341199,351,1102,-0.03002597939968109,99fc6ef526bc821b82a48435c0a11457653382b1512fd893fda45260071da58a
E1,defocus_blur,1,shuffled_donor,0.01,1.0,,8,0,0.04999999999999449,2000,0.042735042735042736,0.014519056261343012,351,1102,-0.01710973048210144,99fc6ef526bc821b82a48435c0a11457653382b1512fd893fda45260071da58a
E1,defocus_blur,1,shuffled_donor,0.01,1.0,,9,0,0.30000000000000027,2000,0.05982905982905983,0.015426497277676952,351,1102,-0.020070001304149626,99fc6ef526bc821b82a48435c0a11457653382b1512fd893fda45260071da58a
E1,defocus_blur,1,shuffled_donor,0.01,1.0,,10,0,0.10000000000000009,2000,0.045584045584045586,0.015426497277676952,351,1102,-0.011650317132472991,99fc6ef526bc821b82a48435c0a11457653382b1512fd893fda45260071da58a
E1,defocus_blur,1,shuffled_donor,0.01,1.0,,11,0,0.30000000000000027,2000,0.05413105413105413,0.014519056261343012,351,1102,-0.014987957596778869,99fc6ef526bc821b82a48435c0a11457653382b1512fd893fda45260071da58a
E1,defocus_blur,1,shuffled_donor,0.01,1.0,,12,0,-0.30000000000000027,2000,0.037037037037037035,0.020871143375680582,351,1102,-0.028379140198230745,99fc6ef526bc821b82a48435c0a11457653382b1512fd893fda45260071da58a
E1,defocus_blur,1,shuffled_donor,0.01,1.0,,13,0,-0.2500000000000058,2000,0.03418803418803419,0.019056261343012703,351,1102,-0.031169034719467165,99fc6ef526bc821b82a48435c0a11457653382b1512fd893fda45260071da58a
E1,defocus_blur,1,shuffled_donor,0.01,1.0,,14,0,-0.40000000000000036,2000,0.02564102564102564,0.018148820326678767,351,1102,-0.041845696151256564,99fc6ef526bc821b82a48435c0a11457653382b1512fd893fda45260071da58a
E1,defocus_blur,1,shuffled_donor,0.01,1.0,,15,0,-0.2500000000000058,2000,0.019943019943019943,0.013611615245009074,351,1102,-0.03923637104034424,99fc6ef526bc821b82a48435c0a11457653382b1512fd893fda45260071da58a
E1,defocus_blur,3,partial_channel,0.01,1.0,,0,0,1.7000000000000015,2000,0.0708955223880597,0.04508856682769726,804,621,0.12291334050893783,99fc6ef526bc821b82a48435c0a11457653382b1512fd893fda45260071da58a
E1,defocus_blur,3,partial_channel,0.01,1.0,,0,1,-0.10000000000000009,2000,0.01990049751243781,0.033816425120772944,804,621,-0.003428684711456299,99fc6ef526bc821b82a48435c0a11457653382b1512fd893fda45260071da58a
E1,defocus_blur,3,partial_channel,0.01,1.0,,0,2,0.050000000000000044,2000,0.022388059701492536,0.028985507246376812,804,621,-0.018234903395175934,99fc6ef526bc821b82a48435c0a11457653382b1512fd893fda45260071da58a
E1,defocus_blur,3,partial_channel,0.01,1.0,,0,3,-0.20000000000000018,2000,0.012437810945273632,0.02254428341384863,804,621,0.018603220462799074,99fc6ef526bc821b82a48435c0a11457653382b1512fd893fda45260071da58a
E1,defocus_blur,3,partial_channel,0.01,1.0,,0,4,0.6000000000000005,2000,0.036069651741293535,0.028985507246376812,804,621,0.08454410934448242,99fc6ef526bc821b82a48435c0a11457653382b1512fd893fda45260071da58a
E1,defocus_blur,3,partial_channel,0.05,1.0,,0,0,3.150000000000003,2000,0.10696517412935323,0.04830917874396135,804,621,0.30619939815998076,99fc6ef526bc821b82a48435c0a11457653382b1512fd893fda45260071da58a
E1,defocus_blur,3,partial_channel,0.05,1.0,,0,1,1.5000000000000013,2000,0.0945273631840796,0.09178743961352658,804,621,0.22551403748989104,99fc6ef526bc821b82a48435c0a11457653382b1512fd893fda45260071da58a
E1,defocus_blur,3,partial_channel,0.05,1.0,,0,2,1.5000000000000013,2000,0.0945273631840796,0.10144927536231885,804,621,0.0819712769985199,99fc6ef526bc821b82a48435c0a11457653382b1512fd893fda45260071da58a
E1,defocus_blur,3,partial_channel,0.05,1.0,,0,3,2.450000000000002,2000,0.11318407960199005,0.0853462157809984,804,621,0.2941247335076332,99fc6ef526bc821b82a48435c0a11457653382b1512fd893fda45260071da58a
E1,defocus_blur,3,partial_channel,0.05,1.0,,0,4,4.399999999999999,2000,0.1417910447761194,0.05475040257648953,804,621,0.5332942274808884,99fc6ef526bc821b82a48435c0a11457653382b1512fd893fda45260071da58a
E1,defocus_blur,3,partial_channel,0.1,1.0,,0,0,4.499999999999998,2000,0.1455223880597015,0.05958132045088567,804,621,0.5732409956455231,99fc6ef526bc821b82a48435c0a11457653382b1512fd893fda45260071da58a
E1,defocus_blur,3,partial_channel,0.1,1.0,,0,1,4.099999999999998,2000,0.15298507462686567,0.10305958132045089,804,621,0.3507012505531311,99fc6ef526bc821b82a48435c0a11457653382b1512fd893fda45260071da58a
E1,defocus_blur,3,partial_channel,0.1,1.0,,0,2,5.75,2000,0.21144278606965175,0.12238325281803543,804,621,0.6215149741172791,99fc6ef526bc821b82a48435c0a11457653382b1512fd893fda45260071da58a
E1,defocus_blur,3,partial_channel,0.1,1.0,,0,3,1.8000000000000016,2000,0.11940298507462686,0.11755233494363929,804,621,0.17550815331935882,99fc6ef526bc821b82a48435c0a11457653382b1512fd893fda45260071da58a
E1,defocus_blur,3,partial_channel,0.1,1.0,,0,4,7.200000000000001,2000,0.22388059701492538,0.07246376811594203,804,621,0.8502422525286675,99fc6ef526bc821b82a48435c0a11457653382b1512fd893fda45260071da58a
E1,defocus_blur,3,partial_channel,0.2,1.0,,0,0,8.200000000000001,2000,0.23383084577114427,0.07890499194847021,804,621,0.8010367389321327,99fc6ef526bc821b82a48435c0a11457653382b1512fd893fda45260071da58a
E1,defocus_blur,3,partial_channel,0.2,1.0,,0,1,5.549999999999999,2000,0.20149253731343283,0.12560386473429952,804,621,0.557242673754692,99fc6ef526bc821b82a48435c0a11457653382b1512fd893fda45260071da58a
E1,defocus_blur,3,partial_channel,0.2,1.0,,0,2,10.849999999999998,2000,0.3333333333333333,0.12238325281803543,804,621,1.3417033351659775,99fc6ef526bc821b82a48435c0a11457653382b1512fd893fda45260071da58a
E1,defocus_blur,3,partial_channel,0.2,1.0,,0,3,0.5500000000000005,2000,0.2126865671641791,0.30112721417069244,804,621,-0.4736369485259056,99fc6ef526bc821b82a48435c0a11457653382b1512fd893fda45260071da58a
E1,defocus_blur,3,partial_channel,0.2,1.0,,0,4,5.8999999999999995,2000,0.21393034825870647,0.11272141706924316,804,621,0.6615248386263848,99fc6ef526bc821b82a48435c0a11457653382b1512fd893fda45260071da58a
E1,defocus_blur,3,partial_channel,0.01,1.0,,1,0,0.8500000000000008,2000,0.03980099502487562,0.02576489533011272,804,621,0.11171383219957352,99fc6ef526bc821b82a48435c0a11457653382b1512fd893fda45260071da58a
E1,defocus_blur,3,partial_channel,0.01,1.0,,1,1,-0.5000000000000004,2000,0.012437810945273632,0.03542673107890499,804,621,-0.024777290523052217,99fc6ef526bc821b82a48435c0a11457653382b1512fd893fda45260071da58a
E1,defocus_blur,3,partial_channel,0.01,1.0,,1,2,0.20000000000000018,2000,0.01616915422885572,0.017713365539452495,804,621,0.012840023577213287,99fc6ef526bc821b82a48435c0a11457653382b1512fd893fda45260071da58a
E1,defocus_blur,3,partial_channel,0.01,1.0,,1,3,0.10000000000000009,2000,0.018656716417910446,0.020933977455716585,804,621,0.01329997831583023,99fc6ef526bc821b82a48435c0a11457653382b1512fd893fda45260071da58a
E1,defocus_blur,3,partial_channel,0.01,1.0,,1,4,0.4500000000000004,2000,0.022388059701492536,0.017713365539452495,804,621,0.03648988282680511,99fc6ef526bc821b82a48435c0a11457653382b1512fd893fda45260071da58a
E1,defocus_blur,3,partial_channel,0.05,1.0,,1,0,2.400000000000002,2000,0.08333333333333333,0.033816425120772944,804,621,0.21564019441604615,99fc6ef526bc821b82a48435c0a11457653382b1512fd893fda45260071da58a
E1,defocus_blur,3,partial_channel,0.05,1.0,,1,1,1.8500000000000016,2000,0.07462686567164178,0.04508856682769726,804,621,0.25260435992479324,99fc6ef526bc821b82a48435c0a11457653382b1512fd893fda45260071da58a
E1,defocus_blur,3,partial_channel,0.05,1.0,,1,2,-1.200000000000001,2000,0.05099502487562189,0.12560386473429952,804,621,-0.23083032536506654,99fc6ef526bc821b82a48435c0a11457653382b1512fd893fda45260071da58a
E1,defocus_blur,3,partial_channel,0.05,1.0,,1,3,1.250000000000001,2000,0.06716417910447761,0.05636070853462158,804,621,0.16427576965093613,99fc6ef526bc821b82a48435c0a11457653382b1512fd893fda45260071da58a
E1,defocus_blur,3,partial_channel,0.05,1.0,,1,4,2.9000000000000026,2000,0.09203980099502487,0.030595813204508857,804,621,0.3443911023736,99fc6ef526bc821b82a48435c0a11457653382b1512fd893fda45260071da58a
E1,defocus_blur,3,partial_channel,0.1,1.0,,1,0,2.950000000000003,2000,0.0945273631840796,0.043478260869565216,804,621,0.13830011135339737,99fc6ef526bc821b82a48435c0a11457653382b1512fd893fda45260071da58a
E1,defocus_blur,3,partial_channel,0.1,1.0,,1,1,3.949999999999998,2000,0.13308457711442787,0.0644122383252818,804,621,0.39323652982711793,99fc6ef526bc821b82a48435c0a11457653382b1512fd893fda45260071da58a
E1,defocus_blur,3,partial_channel,0.1,1.0,,1,2,6.05,2000,0.1890547263681592,0.08373590982286634,804,621,0.6472197133898735,99fc6ef526bc821b82a48435c0a11457653382b1512fd893fda45260071da58a
E1,defocus_blur,3,partial_channel,0.1,1.0,,1,3,0.9000000000000008,2000,0.0845771144278607,0.0966183574879227,804,621,0.08689264768362046,99fc6ef526bc821b82a48435c0a11457653382b1512fd893fda45260071da58a
E1,defocus_blur,3,partial_channel,0.1,1.0,,1,4,2.150000000000002,2000,0.09328358208955224,0.06602254428341385,804,621,0.2516956060528755,99fc6ef526bc821b82a48435c0a11457653382b1512fd893fda45260071da58a
E1,defocus_blur,3,partial_channel,0.2,1.0,,1,0,1.4000000000000012,2000,0.12437810945273632,0.14009661835748793,804,621,-0.14963836240768433,99fc6ef526bc821b82a48435c0a11457653382b1512fd893fda45260071da58a
E1,defocus_blur,3,partial_channel,0.2,1.0,,1,1,7.500000000000001,2000,0.22139303482587064,0.07729468599033816,804,621,0.7999851149916649,99fc6ef526bc821b82a48435c0a11457653382b1512fd893fda45260071da58a
E1,defocus_blur,3,partial_channel,0.2,1.0,,1,2,9.749999999999998,2000,0.27114427860696516,0.07568438003220612,804,621,1.1071795579791068,99fc6ef526bc821b82a48435c0a11457653382b1512fd893fda45260071da58a
E1,defocus_blur,3,partial_channel,0.2,1.0,,1,3,4.899999999999999,2000,0.21766169154228857,0.16264090177133655,804,621,0.5054034196138382,99fc6ef526bc821b82a48435c0a11457653382b1512fd893fda45260071da58a
E1,defocus_blur,3,partial_channel,0.2,1.0,,1,4,3.200000000000003,2000,0.1517412935323383,0.11594202898550725,804,621,0.24653037011623383,99fc6ef526bc821b82a48435c0a11457653382b1512fd893fda45260071da58a
E1,defocus_blur,3,partial_channel,0.01,1.0,,2,0,0.5500000000000005,2000,0.029850746268656716,0.02254428341384863,804,621,0.10297019743919372,99fc6ef526bc821b82a48435c0a11457653382b1512fd893fda45260071da58a
E1,defocus_blur,3,partial_channel,0.01,1.0,,2,1,0.0,2000,0.022388059701492536,0.0322061191626409,804,621,0.0015625554919242858,99fc6ef526bc821b82a48435c0a11457653382b1512fd893fda45260071da58a
E1,defocus_blur,3,partial_channel,0.01,1.0,,2,2,0.20000000000000018,2000,0.013681592039800995,0.014492753623188406,804,621,0.01597754204273224,99fc6ef526bc821b82a48435c0a11457653382b1512fd893fda45260071da58a
E1,defocus_blur,3,partial_channel,0.01,1.0,,2,3,-0.050000000000000044,2000,0.017412935323383085,0.02576489533011272,804,621,0.021203912377357484,99fc6ef526bc821b82a48435c0a11457653382b1512fd893fda45260071da58a
E1,defocus_blur,3,partial_channel,0.01,1.0,,2,4,0.7500000000000007,2000,0.028606965174129355,0.01288244766505636,804,621,0.06168606698513031,99fc6ef526bc821b82a48435c0a11457653382b1512fd893fda45260071da58a
E1,defocus_blur,3,partial_channel,0.05,1.0,,2,0,2.5500000000000025,2000,0.08706467661691543,0.03542673107890499,804,621,0.26524699401855467,99fc6ef526bc821b82a48435c0a11457653382b1512fd893fda45260071da58a
E1,defocus_blur,3,partial_channel,0.05,1.0,,2,1,1.9000000000000017,2000,0.07587064676616916,0.04186795491143317,804,621,0.2122040074467659,99fc6ef526bc821b82a48435c0a11457653382b1512fd893fda45260071da58a
E1,defocus_blur,3,partial_channel,0.05,1.0,,2,2,0.7500000000000007,2000,0.0708955223880597,0.08373590982286634,804,621,-0.029356124997138976,99fc6ef526bc821b82a48435c0a11457653382b1512fd893fda45260071da58a
E1,defocus_blur,3,partial_channel,0.05,1.0,,2,3,1.5000000000000013,2000,0.06467661691542288,0.04669887278582931,804,621,0.2068873027563095,99fc6ef526bc821b82a48435c0a11457653382b1512fd893fda45260071da58a
E1,defocus_blur,3,partial_channel,0.05,1.0,,2,4,2.500000000000002,2000,0.07835820895522388,0.027375201288244767,804,621,0.2911183596253395,99fc6ef526bc821b82a48435c0a11457653382b1512fd893fda45260071da58a
E1,defocus_blur,3,partial_channel,0.1,1.0,,2,0,3.1000000000000028,2000,0.10820895522388059,0.05314009661835749,804,621,0.2975926682949066,99fc6ef526bc821b82a48435c0a11457653382b1512fd893fda45260071da58a
E1,defocus_blur,3,partial_channel,0.1,1.0,,2,1,3.599999999999998,2000,0.1256218905472637,0.061191626409017714,804,621,0.40014960700273516,99fc6ef526bc821b82a48435c0a11457653382b1512fd893fda45260071da58a
E1,defocus_blur,3,partial_channel,0.1,1.0,,2,2,6.7,2000,0.2027363184079602,0.07407407407407407,804,621,0.749674156665802,99fc6ef526bc821b82a48435c0a11457653382b1512fd893fda45260071da58a
E1,defocus_blur,3,partial_channel,0.1,1.0,,2,3,1.4500000000000013,2000,0.08706467661691543,0.08051529790660225,804,621,0.11392376840114593,99fc6ef526bc821b82a48435c0a11457653382b1512fd893fda45260071da58a
E1,defocus_blur,3,partial_channel,0.1,1.0,,2,4,3.849999999999998,2000,0.1318407960199005,0.057971014492753624,804,621,0.4237376579046249,99fc6ef526bc821b82a48435c0a11457653382b1512fd893fda45260071da58a
E1,defocus_blur,3,partial_channel,0.2,1.0,,2,0,5.3999999999999995,2000,0.1853233830845771,0.0853462157809984,804,621,0.6680043050646782,99fc6ef526bc821b82a48435c0a11457653382b1512fd893fda45260071da58a
E1,defocus_blur,3,partial_channel,0.2,1.0,,2,1,7.550000000000001,2000,0.22014925373134328,0.07246376811594203,804,621,0.8211143575906753,99fc6ef526bc821b82a48435c0a11457653382b1512fd893fda45260071da58a
E1,defocus_blur,3,partial_channel,0.2,1.0,,2,2,11.649999999999999,2000,0.31467661691542287,0.0644122383252818,804,621,1.3973808925151825,99fc6ef526bc821b82a48435c0a11457653382b1512fd893fda45260071da58a
E1,defocus_blur,3,partial_channel,0.2,1.0,,2,3,5.449999999999999,2000,0.208955223880597,0.13365539452495975,804,621,0.6519762800931931,99fc6ef526bc821b82a48435c0a11457653382b1512fd893fda45260071da58a
E1,defocus_blur,3,partial_channel,0.2,1.0,,2,4,1.8000000000000016,2000,0.13059701492537312,0.13043478260869565,804,621,0.1563092850446701,99fc6ef526bc821b82a48435c0a11457653382b1512fd893fda45260071da58a
E1,defocus_blur,3,partial_channel,0.01,1.0,,3,0,0.9500000000000008,2000,0.03482587064676617,0.01610305958132045,804,621,0.0761644959449768,99fc6ef526bc821b82a48435c0a11457653382b1512fd893fda45260071da58a
E1,defocus_blur,3,partial_channel,0.01,1.0,,3,1,0.6000000000000005,2000,0.028606965174129355,0.01932367149758454,804,621,0.08556527298688889,99fc6ef526bc821b82a48435c0a11457653382b1512fd893fda45260071da58a
E1,defocus_blur,3,partial_channel,0.01,1.0,,3,2,0.40000000000000036,2000,0.024875621890547265,0.020933977455716585,804,621,0.01782640039920807,99fc6ef526bc821b82a48435c0a11457653382b1512fd893fda45260071da58a
E1,defocus_blur,3,partial_channel,0.01,1.0,,3,3,0.20000000000000018,2000,0.03233830845771144,0.037037037037037035,804,621,-0.004229428887367249,99fc6ef526bc821b82a48435c0a11457653382b1512fd893fda45260071da58a
E1,defocus_blur,3,partial_channel,0.01,1.0,,3,4,0.3500000000000003,2000,0.0236318407960199,0.020933977455716585,804,621,0.045156837284564974,99fc6ef526bc821b82a48435c0a11457653382b1512fd893fda45260071da58a
E1,defocus_blur,3,partial_channel,0.05,1.0,,3,0,0.7000000000000006,2000,0.07462686567164178,0.08051529790660225,804,621,-0.017504420280456543,99fc6ef526bc821b82a48435c0a11457653382b1512fd893fda45260071da58a
E1,defocus_blur,3,partial_channel,0.05,1.0,,3,1,1.8000000000000016,2000,0.09203980099502487,0.08051529790660225,804,621,0.01979232907295227,99fc6ef526bc821b82a48435c0a11457653382b1512fd893fda45260071da58a
E1,defocus_blur,3,partial_channel,0.05,1.0,,3,2,6.1,2000,0.17164179104477612,0.04669887278582931,804,621,0.7147735905051231,99fc6ef526bc821b82a48435c0a11457653382b1512fd893fda45260071da58a
E1,defocus_blur,3,partial_channel,0.05,1.0,,3,3,4.299999999999998,2000,0.13432835820895522,0.0499194847020934,804,621,0.5471666004061699,99fc6ef526bc821b82a48435c0a11457653382b1512fd893fda45260071da58a
E1,defocus_blur,3,partial_channel,0.05,1.0,,3,4,1.150000000000001,2000,0.0708955223880597,0.07729468599033816,804,621,0.049389084458351135,99fc6ef526bc821b82a48435c0a11457653382b1512fd893fda45260071da58a
E1,defocus_blur,3,partial_channel,0.1,1.0,,3,0,2.8500000000000023,2000,0.1256218905472637,0.0853462157809984,804,621,0.4154430010318756,99fc6ef526bc821b82a48435c0a11457653382b1512fd893fda45260071da58a
E1,defocus_blur,3,partial_channel,0.1,1.0,,3,1,6.800000000000001,2000,0.22263681592039802,0.09017713365539452,804,621,0.7542454589605332,99fc6ef526bc821b82a48435c0a11457653382b1512fd893fda45260071da58a
E1,defocus_blur,3,partial_channel,0.1,1.0,,3,2,8.600000000000001,2000,0.236318407960199,0.05475040257648953,804,621,0.9830823972821235,99fc6ef526bc821b82a48435c0a11457653382b1512fd893fda45260071da58a
E1,defocus_blur,3,partial_channel,0.1,1.0,,3,3,8.100000000000001,2000,0.236318407960199,0.07407407407407407,804,621,0.8892899439930916,99fc6ef526bc821b82a48435c0a11457653382b1512fd893fda45260071da58a
E1,defocus_blur,3,partial_channel,0.1,1.0,,3,4,2.150000000000002,2000,0.10820895522388059,0.09500805152979067,804,621,0.1563743152618408,99fc6ef526bc821b82a48435c0a11457653382b1512fd893fda45260071da58a
E1,defocus_blur,3,partial_channel,0.2,1.0,,3,0,6.800000000000001,2000,0.24253731343283583,0.12077294685990338,804,621,0.6827034043669701,99fc6ef526bc821b82a48435c0a11457653382b1512fd893fda45260071da58a
E1,defocus_blur,3,partial_channel,0.2,1.0,,3,1,17.049999999999997,2000,0.4502487562189055,0.08695652173913043,804,621,1.9802617822289468,99fc6ef526bc821b82a48435c0a11457653382b1512fd893fda45260071da58a
E1,defocus_blur,3,partial_channel,0.2,1.0,,3,2,17.45,2000,0.4291044776119403,0.05475040257648953,804,621,1.9550311259031297,99fc6ef526bc821b82a48435c0a11457653382b1512fd893fda45260071da58a
E1,defocus_blur,3,partial_channel,0.2,1.0,,3,3,11.099999999999998,2000,0.2960199004975124,0.07246376811594203,804,621,1.0972427580952644,99fc6ef526bc821b82a48435c0a11457653382b1512fd893fda45260071da58a
E1,defocus_blur,3,partial_channel,0.2,1.0,,3,4,9.150000000000002,2000,0.24875621890547264,0.06763285024154589,804,621,0.909201744556427,99fc6ef526bc821b82a48435c0a11457653382b1512fd893fda45260071da58a
E1,defocus_blur,3,partial_channel,0.01,1.0,,4,0,0.4500000000000004,2000,0.029850746268656716,0.024154589371980676,804,621,0.03709928041696548,99fc6ef526bc821b82a48435c0a11457653382b1512fd893fda45260071da58a
E1,defocus_blur,3,partial_channel,0.01,1.0,,4,1,0.10000000000000009,2000,0.01990049751243781,0.02254428341384863,804,621,0.06528961759805679,99fc6ef526bc821b82a48435c0a11457653382b1512fd893fda45260071da58a
E1,defocus_blur,3,partial_channel,0.01,1.0,,4,2,0.5500000000000005,2000,0.03109452736318408,0.024154589371980676,804,621,-0.026620272994041443,99fc6ef526bc821b82a48435c0a11457653382b1512fd893fda45260071da58a
E1,defocus_blur,3,partial_channel,0.01,1.0,,4,3,0.10000000000000009,2000,0.029850746268656716,0.037037037037037035,804,621,-0.016702944040298463,99fc6ef526bc821b82a48435c0a11457653382b1512fd893fda45260071da58a
E1,defocus_blur,3,partial_channel,0.01,1.0,,4,4,0.4500000000000004,2000,0.026119402985074626,0.01932367149758454,804,621,0.04774605292081833,99fc6ef526bc821b82a48435c0a11457653382b1512fd893fda45260071da58a
E1,defocus_blur,3,partial_channel,0.05,1.0,,4,0,3.8999999999999977,2000,0.12686567164179105,0.0499194847020934,804,621,0.43874123150110245,99fc6ef526bc821b82a48435c0a11457653382b1512fd893fda45260071da58a
E1,defocus_blur,3,partial_channel,0.05,1.0,,4,1,1.8000000000000016,2000,0.09701492537313433,0.09017713365539452,804,621,0.07363100028038025,99fc6ef526bc821b82a48435c0a11457653382b1512fd893fda45260071da58a
E1,defocus_blur,3,partial_channel,0.05,1.0,,4,2,3.9999999999999982,2000,0.1281094527363184,0.0499194847020934,804,621,0.4837624036669731,99fc6ef526bc821b82a48435c0a11457653382b1512fd893fda45260071da58a
E1,defocus_blur,3,partial_channel,0.05,1.0,,4,3,4.149999999999999,2000,0.1256218905472637,0.04508856682769726,804,621,0.4568814673423767,99fc6ef526bc821b82a48435c0a11457653382b1512fd893fda45260071da58a
E1,defocus_blur,3,partial_channel,0.05,1.0,,4,4,1.8000000000000016,2000,0.07835820895522388,0.05636070853462158,804,621,0.14080174213647842,99fc6ef526bc821b82a48435c0a11457653382b1512fd893fda45260071da58a
E1,defocus_blur,3,partial_channel,0.1,1.0,,4,0,4.849999999999999,2000,0.1865671641791045,0.10466988727858294,804,621,0.5970828764438629,99fc6ef526bc821b82a48435c0a11457653382b1512fd893fda45260071da58a
E1,defocus_blur,3,partial_channel,0.1,1.0,,4,1,8.000000000000002,2000,0.23507462686567165,0.07246376811594203,804,621,0.8582763067483902,99fc6ef526bc821b82a48435c0a11457653382b1512fd893fda45260071da58a
E1,defocus_blur,3,partial_channel,0.1,1.0,,4,2,7.450000000000001,2000,0.19776119402985073,0.037037037037037035,804,621,0.7855462281703949,99fc6ef526bc821b82a48435c0a11457653382b1512fd893fda45260071da58a
E1,defocus_blur,3,partial_channel,0.1,1.0,,4,3,7.350000000000001,2000,0.21517412935323382,0.07246376811594203,804,621,0.7686913323998451,99fc6ef526bc821b82a48435c0a11457653382b1512fd893fda45260071da58a
E1,defocus_blur,3,partial_channel,0.1,1.0,,4,4,2.950000000000003,2000,0.12189054726368159,0.09017713365539452,804,621,0.24469992136955263,99fc6ef526bc821b82a48435c0a11457653382b1512fd893fda45260071da58a
E1,defocus_blur,3,partial_channel,0.2,1.0,,4,0,9.000000000000002,2000,0.2972636815920398,0.12238325281803543,804,621,0.9043220965862274,99fc6ef526bc821b82a48435c0a11457653382b1512fd893fda45260071da58a
E1,defocus_blur,3,partial_channel,0.2,1.0,,4,1,16.4,2000,0.4129353233830846,0.05958132045088567,804,621,1.9032574356794358,99fc6ef526bc821b82a48435c0a11457653382b1512fd893fda45260071da58a
E1,defocus_blur,3,partial_channel,0.2,1.0,,4,2,14.700000000000003,2000,0.3694029850746269,0.05152979066022544,804,621,1.612504423737526,99fc6ef526bc821b82a48435c0a11457653382b1512fd893fda45260071da58a
E1,defocus_blur,3,partial_channel,0.2,1.0,,4,3,12.0,2000,0.31218905472636815,0.06763285024154589,804,621,1.2247317294478417,99fc6ef526bc821b82a48435c0a11457653382b1512fd893fda45260071da58a
E1,defocus_blur,3,partial_channel,0.2,1.0,,4,4,10.849999999999998,2000,0.28233830845771146,0.05152979066022544,804,621,1.2081642299890518,99fc6ef526bc821b82a48435c0a11457653382b1512fd893fda45260071da58a
E1,defocus_blur,3,partial_channel,0.01,1.0,,5,0,0.7000000000000006,2000,0.03233830845771144,0.02254428341384863,804,621,0.053117720127105715,99fc6ef526bc821b82a48435c0a11457653382b1512fd893fda45260071da58a
E1,defocus_blur,3,partial_channel,0.01,1.0,,5,1,0.10000000000000009,2000,0.022388059701492536,0.02576489533011272,804,621,0.056958768129348754,99fc6ef526bc821b82a48435c0a11457653382b1512fd893fda45260071da58a
E1,defocus_blur,3,partial_channel,0.01,1.0,,5,2,0.2500000000000002,2000,0.024875621890547265,0.027375201288244767,804,621,-0.04516016203165054,99fc6ef526bc821b82a48435c0a11457653382b1512fd893fda45260071da58a
E1,defocus_blur,3,partial_channel,0.01,1.0,,5,3,0.0,2000,0.029850746268656716,0.040257648953301126,804,621,-0.009278588771820069,99fc6ef526bc821b82a48435c0a11457653382b1512fd893fda45260071da58a
E1,defocus_blur,3,partial_channel,0.01,1.0,,5,4,0.3500000000000003,2000,0.01990049751243781,0.014492753623188406,804,621,0.013836666107177735,99fc6ef526bc821b82a48435c0a11457653382b1512fd893fda45260071da58a
E1,defocus_blur,3,partial_channel,0.05,1.0,,5,0,3.5499999999999976,2000,0.12189054726368159,0.05314009661835749,804,621,0.4963140659928322,99fc6ef526bc821b82a48435c0a11457653382b1512fd893fda45260071da58a
E1,defocus_blur,3,partial_channel,0.05,1.0,,5,1,2.450000000000002,2000,0.1044776119402985,0.07890499194847021,804,621,0.10283990097045899,99fc6ef526bc821b82a48435c0a11457653382b1512fd893fda45260071da58a
E1,defocus_blur,3,partial_channel,0.05,1.0,,5,2,2.5500000000000025,2000,0.0945273631840796,0.0499194847020934,804,621,0.3112838137149811,99fc6ef526bc821b82a48435c0a11457653382b1512fd893fda45260071da58a
E1,defocus_blur,3,partial_channel,0.05,1.0,,5,3,3.2500000000000027,2000,0.12313432835820895,0.05958132045088567,804,621,0.398122365295887,99fc6ef526bc821b82a48435c0a11457653382b1512fd893fda45260071da58a
E1,defocus_blur,3,partial_channel,0.05,1.0,,5,4,1.6500000000000015,2000,0.0708955223880597,0.0499194847020934,804,621,0.1330361620783806,99fc6ef526bc821b82a48435c0a11457653382b1512fd893fda45260071da58a
E1,defocus_blur,3,partial_channel,0.1,1.0,,5,0,4.949999999999999,2000,0.19402985074626866,0.10950080515297907,804,621,0.6623150457143784,99fc6ef526bc821b82a48435c0a11457653382b1512fd893fda45260071da58a
E1,defocus_blur,3,partial_channel,0.1,1.0,,5,1,8.100000000000001,2000,0.23134328358208955,0.07407407407407407,804,621,0.8864333121180534,99fc6ef526bc821b82a48435c0a11457653382b1512fd893fda45260071da58a
E1,defocus_blur,3,partial_channel,0.1,1.0,,5,2,5.6,2000,0.15422885572139303,0.040257648953301126,804,621,0.6329437746405602,99fc6ef526bc821b82a48435c0a11457653382b1512fd893fda45260071da58a
E1,defocus_blur,3,partial_channel,0.1,1.0,,5,3,6.7,2000,0.20522388059701493,0.07890499194847021,804,621,0.6762160803079605,99fc6ef526bc821b82a48435c0a11457653382b1512fd893fda45260071da58a
E1,defocus_blur,3,partial_channel,0.1,1.0,,5,4,3.4999999999999973,2000,0.12313432835820895,0.07085346215780998,804,621,0.28037808698415756,99fc6ef526bc821b82a48435c0a11457653382b1512fd893fda45260071da58a
E1,defocus_blur,3,partial_channel,0.2,1.0,,5,0,8.950000000000003,2000,0.29850746268656714,0.12238325281803543,804,621,1.099971123099327,99fc6ef526bc821b82a48435c0a11457653382b1512fd893fda45260071da58a
E1,defocus_blur,3,partial_channel,0.2,1.0,,5,1,15.550000000000002,2000,0.39427860696517414,0.05636070853462158,804,621,1.7322720098495483,99fc6ef526bc821b82a48435c0a11457653382b1512fd893fda45260071da58a
E1,defocus_blur,3,partial_channel,0.2,1.0,,5,2,12.4,2000,0.31094527363184077,0.043478260869565216,804,621,1.350424694120884,99fc6ef526bc821b82a48435c0a11457653382b1512fd893fda45260071da58a
E1,defocus_blur,3,partial_channel,0.2,1.0,,5,3,10.449999999999998,2000,0.2798507462686567,0.06924315619967794,804,621,1.1549314920306206,99fc6ef526bc821b82a48435c0a11457653382b1512fd893fda45260071da58a
E1,defocus_blur,3,partial_channel,0.2,1.0,,5,4,11.399999999999999,2000,0.291044776119403,0.05152979066022544,804,621,1.1945042526721954,99fc6ef526bc821b82a48435c0a11457653382b1512fd893fda45260071da58a
E1,defocus_blur,3,partial_channel,0.01,1.0,,6,0,0.9500000000000008,2000,0.03233830845771144,0.014492753623188406,804,621,0.06284746992588043,99fc6ef526bc821b82a48435c0a11457653382b1512fd893fda45260071da58a
E1,defocus_blur,3,partial_channel,0.01,1.0,,6,1,0.5000000000000004,2000,0.026119402985074626,0.017713365539452495,804,621,0.04803900122642517,99fc6ef526bc821b82a48435c0a11457653382b1512fd893fda45260071da58a
E1,defocus_blur,3,partial_channel,0.01,1.0,,6,2,0.5000000000000004,2000,0.028606965174129355,0.020933977455716585,804,621,-0.028892666041851044,99fc6ef526bc821b82a48435c0a11457653382b1512fd893fda45260071da58a
E1,defocus_blur,3,partial_channel,0.01,1.0,,6,3,0.2500000000000002,2000,0.03233830845771144,0.037037037037037035,804,621,0.035971436321735384,99fc6ef526bc821b82a48435c0a11457653382b1512fd893fda45260071da58a
E1,defocus_blur,3,partial_channel,0.01,1.0,,6,4,0.050000000000000044,2000,0.014925373134328358,0.017713365539452495,804,621,0.013955728232860565,99fc6ef526bc821b82a48435c0a11457653382b1512fd893fda45260071da58a
E1,defocus_blur,3,partial_channel,0.05,1.0,,6,0,3.749999999999998,2000,0.12189054726368159,0.04508856682769726,804,621,0.5249626789689064,99fc6ef526bc821b82a48435c0a11457653382b1512fd893fda45260071da58a
E1,defocus_blur,3,partial_channel,0.05,1.0,,6,1,3.749999999999998,2000,0.11567164179104478,0.05636070853462158,804,621,0.2494230837225914,99fc6ef526bc821b82a48435c0a11457653382b1512fd893fda45260071da58a
E1,defocus_blur,3,partial_channel,0.05,1.0,,6,2,1.9500000000000017,2000,0.07960199004975124,0.04830917874396135,804,621,0.26395281791687014,99fc6ef526bc821b82a48435c0a11457653382b1512fd893fda45260071da58a
E1,defocus_blur,3,partial_channel,0.05,1.0,,6,3,3.0500000000000025,2000,0.11069651741293532,0.05475040257648953,804,621,0.40079701209068297,99fc6ef526bc821b82a48435c0a11457653382b1512fd893fda45260071da58a
E1,defocus_blur,3,partial_channel,0.05,1.0,,6,4,2.0000000000000018,2000,0.06840796019900497,0.033816425120772944,804,621,0.21074805128574373,99fc6ef526bc821b82a48435c0a11457653382b1512fd893fda45260071da58a
E1,defocus_blur,3,partial_channel,0.1,1.0,,6,0,4.949999999999999,2000,0.1853233830845771,0.0966183574879227,804,621,0.6351667732000351,99fc6ef526bc821b82a48435c0a11457653382b1512fd893fda45260071da58a
E1,defocus_blur,3,partial_channel,0.1,1.0,,6,1,9.400000000000002,2000,0.24875621890547264,0.057971014492753624,804,621,0.9982772997617722,99fc6ef526bc821b82a48435c0a11457653382b1512fd893fda45260071da58a
E1,defocus_blur,3,partial_channel,0.1,1.0,,6,2,5.499999999999999,2000,0.15547263681592038,0.043478260869565216,804,621,0.5737973457574844,99fc6ef526bc821b82a48435c0a11457653382b1512fd893fda45260071da58a
E1,defocus_blur,3,partial_channel,0.1,1.0,,6,3,6.35,2000,0.19651741293532338,0.07407407407407407,804,621,0.6993172827363014,99fc6ef526bc821b82a48435c0a11457653382b1512fd893fda45260071da58a
E1,defocus_blur,3,partial_channel,0.1,1.0,,6,4,4.299999999999998,2000,0.12313432835820895,0.040257648953301126,804,621,0.47376160115003585,99fc6ef526bc821b82a48435c0a11457653382b1512fd893fda45260071da58a
E1,defocus_blur,3,partial_channel,0.2,1.0,,6,0,9.699999999999998,2000,0.30223880597014924,0.10789049919484701,804,621,1.187176121890545,99fc6ef526bc821b82a48435c0a11457653382b1512fd893fda45260071da58a
E1,defocus_blur,3,partial_channel,0.2,1.0,,6,1,14.850000000000001,2000,0.3781094527363184,0.057971014492753624,804,621,1.7788410320281982,99fc6ef526bc821b82a48435c0a11457653382b1512fd893fda45260071da58a
E1,defocus_blur,3,partial_channel,0.2,1.0,,6,2,13.15,2000,0.3358208955223881,0.05314009661835749,804,621,1.4309753769636153,99fc6ef526bc821b82a48435c0a11457653382b1512fd893fda45260071da58a
E1,defocus_blur,3,partial_channel,0.2,1.0,,6,3,12.5,2000,0.31840796019900497,0.05636070853462158,804,621,1.3484097062945366,99fc6ef526bc821b82a48435c0a11457653382b1512fd893fda45260071da58a
E1,defocus_blur,3,partial_channel,0.2,1.0,,6,4,11.649999999999999,2000,0.2947761194029851,0.043478260869565216,804,621,1.3463702613711357,99fc6ef526bc821b82a48435c0a11457653382b1512fd893fda45260071da58a
E1,defocus_blur,3,partial_channel,0.01,1.0,,7,0,0.6000000000000005,2000,0.03109452736318408,0.024154589371980676,804,621,0.06185257315635681,99fc6ef526bc821b82a48435c0a11457653382b1512fd893fda45260071da58a
E1,defocus_blur,3,partial_channel,0.01,1.0,,7,1,1.200000000000001,2000,0.04228855721393035,0.020933977455716585,804,621,0.15159953093528747,99fc6ef526bc821b82a48435c0a11457653382b1512fd893fda45260071da58a
E1,defocus_blur,3,partial_channel,0.01,1.0,,7,2,0.2500000000000002,2000,0.021144278606965175,0.01932367149758454,804,621,0.04041282057762146,99fc6ef526bc821b82a48435c0a11457653382b1512fd893fda45260071da58a
E1,defocus_blur,3,partial_channel,0.01,1.0,,7,3,1.6500000000000015,2000,0.06343283582089553,0.037037037037037035,804,621,0.18339359605312347,99fc6ef526bc821b82a48435c0a11457653382b1512fd893fda45260071da58a
E1,defocus_blur,3,partial_channel,0.01,1.0,,7,4,0.8500000000000008,2000,0.03731343283582089,0.020933977455716585,804,621,0.07889894771575928,99fc6ef526bc821b82a48435c0a11457653382b1512fd893fda45260071da58a
E1,defocus_blur,3,partial_channel,0.05,1.0,,7,0,2.6000000000000023,2000,0.08582089552238806,0.040257648953301126,804,621,0.28329273450374604,99fc6ef526bc821b82a48435c0a11457653382b1512fd893fda45260071da58a
E1,defocus_blur,3,partial_channel,0.05,1.0,,7,1,3.949999999999998,2000,0.13432835820895522,0.06280193236714976,804,621,0.5023501132130623,99fc6ef526bc821b82a48435c0a11457653382b1512fd893fda45260071da58a
E1,defocus_blur,3,partial_channel,0.05,1.0,,7,2,4.249999999999998,2000,0.1181592039800995,0.030595813204508857,804,621,0.5018323054313659,99fc6ef526bc821b82a48435c0a11457653382b1512fd893fda45260071da58a
E1,defocus_blur,3,partial_channel,0.05,1.0,,7,3,3.8999999999999977,2000,0.11567164179104478,0.04186795491143317,804,621,0.41568740022182465,99fc6ef526bc821b82a48435c0a11457653382b1512fd893fda45260071da58a
E1,defocus_blur,3,partial_channel,0.05,1.0,,7,4,3.4499999999999975,2000,0.09701492537313433,0.020933977455716585,804,621,0.4182685173153877,99fc6ef526bc821b82a48435c0a11457653382b1512fd893fda45260071da58a
E1,defocus_blur,3,partial_channel,0.1,1.0,,7,0,6.45,2000,0.18781094527363185,0.07085346215780998,804,621,0.5163559974431992,99fc6ef526bc821b82a48435c0a11457653382b1512fd893fda45260071da58a
E1,defocus_blur,3,partial_channel,0.1,1.0,,7,1,6.45,2000,0.19402985074626866,0.057971014492753624,804,621,0.761664159834385,99fc6ef526bc821b82a48435c0a11457653382b1512fd893fda45260071da58a
E1,defocus_blur,3,partial_channel,0.1,1.0,,7,2,7.050000000000001,2000,0.19402985074626866,0.040257648953301126,804,621,0.7995753691196442,99fc6ef526bc821b82a48435c0a11457653382b1512fd893fda45260071da58a
E1,defocus_blur,3,partial_channel,0.1,1.0,,7,3,7.750000000000002,2000,0.20024875621890548,0.04186795491143317,804,621,0.884903198838234,99fc6ef526bc821b82a48435c0a11457653382b1512fd893fda45260071da58a
E1,defocus_blur,3,partial_channel,0.1,1.0,,7,4,6.950000000000001,2000,0.17288557213930347,0.02254428341384863,804,621,0.7061950961947441,99fc6ef526bc821b82a48435c0a11457653382b1512fd893fda45260071da58a
E1,defocus_blur,3,partial_channel,0.2,1.0,,7,0,17.65,2000,0.4502487562189055,0.0499194847020934,804,621,2.0008605902791023,99fc6ef526bc821b82a48435c0a11457653382b1512fd893fda45260071da58a
E1,defocus_blur,3,partial_channel,0.2,1.0,,7,1,14.000000000000002,2000,0.3656716417910448,0.05475040257648953,804,621,1.5555323092341422,99fc6ef526bc821b82a48435c0a11457653382b1512fd893fda45260071da58a
E1,defocus_blur,3,partial_channel,0.2,1.0,,7,2,13.100000000000001,2000,0.34701492537313433,0.05958132045088567,804,621,1.5546821111440658,99fc6ef526bc821b82a48435c0a11457653382b1512fd893fda45260071da58a
E1,defocus_blur,3,partial_channel,0.2,1.0,,7,3,13.750000000000002,2000,0.34577114427860695,0.05152979066022544,804,621,1.6384899126887322,99fc6ef526bc821b82a48435c0a11457653382b1512fd893fda45260071da58a
E1,defocus_blur,3,partial_channel,0.2,1.0,,7,4,13.100000000000001,2000,0.3370646766169154,0.043478260869565216,804,621,1.481579092144966,99fc6ef526bc821b82a48435c0a11457653382b1512fd893fda45260071da58a
E1,defocus_blur,3,partial_channel,0.01,1.0,,8,0,0.7500000000000007,2000,0.03233830845771144,0.020933977455716585,804,621,0.08002406960725784,99fc6ef526bc821b82a48435c0a11457653382b1512fd893fda45260071da58a
E1,defocus_blur,3,partial_channel,0.01,1.0,,8,1,0.7500000000000007,2000,0.03482587064676617,0.02254428341384863,804,621,0.14278140169382095,99fc6ef526bc821b82a48435c0a11457653382b1512fd893fda45260071da58a
E1,defocus_blur,3,partial_channel,0.01,1.0,,8,2,0.5500000000000005,2000,0.01990049751243781,0.00966183574879227,804,621,0.0549093536734581,99fc6ef526bc821b82a48435c0a11457653382b1512fd893fda45260071da58a
E1,defocus_blur,3,partial_channel,0.01,1.0,,8,3,1.4000000000000012,2000,0.05099502487562189,0.027375201288244767,804,621,0.18679612320661546,99fc6ef526bc821b82a48435c0a11457653382b1512fd893fda45260071da58a
E1,defocus_blur,3,partial_channel,0.01,1.0,,8,4,0.4500000000000004,2000,0.026119402985074626,0.01932367149758454,804,621,0.05259477335214615,99fc6ef526bc821b82a48435c0a11457653382b1512fd893fda45260071da58a
E1,defocus_blur,3,partial_channel,0.05,1.0,,8,0,2.150000000000002,2000,0.08208955223880597,0.04669887278582931,804,621,0.310033301949501,99fc6ef526bc821b82a48435c0a11457653382b1512fd893fda45260071da58a
E1,defocus_blur,3,partial_channel,0.05,1.0,,8,1,4.099999999999998,2000,0.12437810945273632,0.040257648953301126,804,621,0.525148244380951,99fc6ef526bc821b82a48435c0a11457653382b1512fd893fda45260071da58a
E1,defocus_blur,3,partial_channel,0.05,1.0,,8,2,4.949999999999999,2000,0.1318407960199005,0.02254428341384863,804,621,0.5142785244584084,99fc6ef526bc821b82a48435c0a11457653382b1512fd893fda45260071da58a
E1,defocus_blur,3,partial_channel,0.05,1.0,,8,3,3.6999999999999975,2000,0.10199004975124377,0.02576489533011272,804,621,0.40622547805309295,99fc6ef526bc821b82a48435c0a11457653382b1512fd893fda45260071da58a
E1,defocus_blur,3,partial_channel,0.05,1.0,,8,4,2.7500000000000027,2000,0.08084577114427861,0.02254428341384863,804,621,0.33080150312185286,99fc6ef526bc821b82a48435c0a11457653382b1512fd893fda45260071da58a
E1,defocus_blur,3,partial_channel,0.1,1.0,,8,0,8.150000000000002,2000,0.21517412935323382,0.043478260869565216,804,621,0.9204494799375534,99fc6ef526bc821b82a48435c0a11457653382b1512fd893fda45260071da58a
E1,defocus_blur,3,partial_channel,0.1,1.0,,8,1,6.0,2000,0.18034825870646767,0.05636070853462158,804,621,0.7637198817133903,99fc6ef526bc821b82a48435c0a11457653382b1512fd893fda45260071da58a
E1,defocus_blur,3,partial_channel,0.1,1.0,,8,2,8.250000000000002,2000,0.21144278606965175,0.028985507246376812,804,621,0.9031743830442429,99fc6ef526bc821b82a48435c0a11457653382b1512fd893fda45260071da58a
E1,defocus_blur,3,partial_channel,0.1,1.0,,8,3,7.850000000000001,2000,0.19776119402985073,0.028985507246376812,804,621,0.857817158639431,99fc6ef526bc821b82a48435c0a11457653382b1512fd893fda45260071da58a
E1,defocus_blur,3,partial_channel,0.1,1.0,,8,4,5.949999999999999,2000,0.15298507462686567,0.02576489533011272,804,621,0.6304522965550423,99fc6ef526bc821b82a48435c0a11457653382b1512fd893fda45260071da58a
E1,defocus_blur,3,partial_channel,0.2,1.0,,8,0,19.55,2000,0.4937810945273632,0.05636070853462158,804,621,2.3473539120554925,99fc6ef526bc821b82a48435c0a11457653382b1512fd893fda45260071da58a
E1,defocus_blur,3,partial_channel,0.2,1.0,,8,1,14.850000000000001,2000,0.3793532338308458,0.043478260869565216,804,621,1.645423507273197,99fc6ef526bc821b82a48435c0a11457653382b1512fd893fda45260071da58a
E1,defocus_blur,3,partial_channel,0.2,1.0,,8,2,14.400000000000002,2000,0.36069651741293535,0.043478260869565216,804,621,1.6671110081672669,99fc6ef526bc821b82a48435c0a11457653382b1512fd893fda45260071da58a
E1,defocus_blur,3,partial_channel,0.2,1.0,,8,3,14.200000000000001,2000,0.35696517412935325,0.04830917874396135,804,621,1.6385894144773483,99fc6ef526bc821b82a48435c0a11457653382b1512fd893fda45260071da58a
E1,defocus_blur,3,partial_channel,0.2,1.0,,8,4,11.45,2000,0.291044776119403,0.03864734299516908,804,621,1.4051721192598343,99fc6ef526bc821b82a48435c0a11457653382b1512fd893fda45260071da58a
E1,defocus_blur,3,partial_channel,0.01,1.0,,9,0,0.6000000000000005,2000,0.029850746268656716,0.02254428341384863,804,621,0.056918278753757476,99fc6ef526bc821b82a48435c0a11457653382b1512fd893fda45260071da58a
E1,defocus_blur,3,partial_channel,0.01,1.0,,9,1,0.9500000000000008,2000,0.03980099502487562,0.024154589371980676,804,621,0.1271304922103882,99fc6ef526bc821b82a48435c0a11457653382b1512fd893fda45260071da58a
E1,defocus_blur,3,partial_channel,0.01,1.0,,9,2,0.5500000000000005,2000,0.021144278606965175,0.00966183574879227,804,621,0.07046379923820495,99fc6ef526bc821b82a48435c0a11457653382b1512fd893fda45260071da58a
E1,defocus_blur,3,partial_channel,0.01,1.0,,9,3,1.050000000000001,2000,0.04228855721393035,0.02576489533011272,804,621,0.1752943332195282,99fc6ef526bc821b82a48435c0a11457653382b1512fd893fda45260071da58a
E1,defocus_blur,3,partial_channel,0.01,1.0,,9,4,0.6000000000000005,2000,0.024875621890547265,0.014492753623188406,804,621,0.041382552683353425,99fc6ef526bc821b82a48435c0a11457653382b1512fd893fda45260071da58a
E1,defocus_blur,3,partial_channel,0.05,1.0,,9,0,2.6000000000000023,2000,0.07587064676616916,0.027375201288244767,804,621,0.31031893199682237,99fc6ef526bc821b82a48435c0a11457653382b1512fd893fda45260071da58a
E1,defocus_blur,3,partial_channel,0.05,1.0,,9,1,4.149999999999999,2000,0.12064676616915423,0.033816425120772944,804,621,0.4809243243336678,99fc6ef526bc821b82a48435c0a11457653382b1512fd893fda45260071da58a
E1,defocus_blur,3,partial_channel,0.05,1.0,,9,2,4.749999999999998,2000,0.12189054726368159,0.01288244766505636,804,621,0.5091395993232727,99fc6ef526bc821b82a48435c0a11457653382b1512fd893fda45260071da58a
E1,defocus_blur,3,partial_channel,0.05,1.0,,9,3,2.8500000000000023,2000,0.08955223880597014,0.033816425120772944,804,621,0.36432063233852385,99fc6ef526bc821b82a48435c0a11457653382b1512fd893fda45260071da58a
E1,defocus_blur,3,partial_channel,0.05,1.0,,9,4,3.6499999999999977,2000,0.10199004975124377,0.02254428341384863,804,621,0.3967897928357124,99fc6ef526bc821b82a48435c0a11457653382b1512fd893fda45260071da58a
E1,defocus_blur,3,partial_channel,0.1,1.0,,9,0,8.05,2000,0.21019900497512436,0.03864734299516908,804,621,0.964107791185379,99fc6ef526bc821b82a48435c0a11457653382b1512fd893fda45260071da58a
E1,defocus_blur,3,partial_channel,0.1,1.0,,9,1,6.3,2000,0.16791044776119404,0.030595813204508857,804,621,0.7298482338190079,99fc6ef526bc821b82a48435c0a11457653382b1512fd893fda45260071da58a
E1,defocus_blur,3,partial_channel,0.1,1.0,,9,2,8.300000000000002,2000,0.21144278606965175,0.024154589371980676,804,621,0.899540602684021,99fc6ef526bc821b82a48435c0a11457653382b1512fd893fda45260071da58a
E1,defocus_blur,3,partial_channel,0.1,1.0,,9,3,6.8500000000000005,2000,0.17661691542288557,0.033816425120772944,804,621,0.7928728615045547,99fc6ef526bc821b82a48435c0a11457653382b1512fd893fda45260071da58a
E1,defocus_blur,3,partial_channel,0.1,1.0,,9,4,6.5,2000,0.17039800995024876,0.027375201288244767,804,621,0.7186812747120858,99fc6ef526bc821b82a48435c0a11457653382b1512fd893fda45260071da58a
E1,defocus_blur,3,partial_channel,0.2,1.0,,9,0,18.8,2000,0.486318407960199,0.05958132045088567,804,621,2.315762103021145,99fc6ef526bc821b82a48435c0a11457653382b1512fd893fda45260071da58a
E1,defocus_blur,3,partial_channel,0.2,1.0,,9,1,14.700000000000003,2000,0.36691542288557216,0.03542673107890499,804,621,1.7040793083310126,99fc6ef526bc821b82a48435c0a11457653382b1512fd893fda45260071da58a
E1,defocus_blur,3,partial_channel,0.2,1.0,,9,2,13.700000000000001,2000,0.35323383084577115,0.04508856682769726,804,621,1.6550074779987336,99fc6ef526bc821b82a48435c0a11457653382b1512fd893fda45260071da58a
E1,defocus_blur,3,partial_channel,0.2,1.0,,9,3,14.450000000000001,2000,0.35696517412935325,0.0499194847020934,804,621,1.6725526799559594,99fc6ef526bc821b82a48435c0a11457653382b1512fd893fda45260071da58a
E1,defocus_blur,3,partial_channel,0.2,1.0,,9,4,12.35,2000,0.31094527363184077,0.03542673107890499,804,621,1.4775621706843376,99fc6ef526bc821b82a48435c0a11457653382b1512fd893fda45260071da58a
E1,defocus_blur,3,partial_channel,0.01,1.0,,10,0,0.5500000000000005,2000,0.0236318407960199,0.014492753623188406,804,621,0.05369332301616669,99fc6ef526bc821b82a48435c0a11457653382b1512fd893fda45260071da58a
E1,defocus_blur,3,partial_channel,0.01,1.0,,10,1,1.0000000000000009,2000,0.03855721393034826,0.020933977455716585,804,621,0.12437069356441498,99fc6ef526bc821b82a48435c0a11457653382b1512fd893fda45260071da58a
E1,defocus_blur,3,partial_channel,0.01,1.0,,10,2,0.9500000000000008,2000,0.03233830845771144,0.011272141706924315,804,621,0.0829121321439743,99fc6ef526bc821b82a48435c0a11457653382b1512fd893fda45260071da58a
E1,defocus_blur,3,partial_channel,0.01,1.0,,10,3,0.9000000000000008,2000,0.03980099502487562,0.02576489533011272,804,621,0.1753841788172722,99fc6ef526bc821b82a48435c0a11457653382b1512fd893fda45260071da58a
E1,defocus_blur,3,partial_channel,0.01,1.0,,10,4,0.5000000000000004,2000,0.0236318407960199,0.01610305958132045,804,621,0.04345045781135559,99fc6ef526bc821b82a48435c0a11457653382b1512fd893fda45260071da58a
E1,defocus_blur,3,partial_channel,0.05,1.0,,10,0,2.7000000000000024,2000,0.07960199004975124,0.02576489533011272,804,621,0.30032564532756806,99fc6ef526bc821b82a48435c0a11457653382b1512fd893fda45260071da58a
E1,defocus_blur,3,partial_channel,0.05,1.0,,10,1,4.149999999999999,2000,0.12189054726368159,0.0322061191626409,804,621,0.4644174219369888,99fc6ef526bc821b82a48435c0a11457653382b1512fd893fda45260071da58a
E1,defocus_blur,3,partial_channel,0.05,1.0,,10,2,4.599999999999999,2000,0.1181592039800995,0.01610305958132045,804,621,0.529159774005413,99fc6ef526bc821b82a48435c0a11457653382b1512fd893fda45260071da58a
E1,defocus_blur,3,partial_channel,0.05,1.0,,10,3,3.0000000000000027,2000,0.08582089552238806,0.027375201288244767,804,621,0.3528894047141075,99fc6ef526bc821b82a48435c0a11457653382b1512fd893fda45260071da58a
E1,defocus_blur,3,partial_channel,0.05,1.0,,10,4,3.0500000000000025,2000,0.0945273631840796,0.030595813204508857,804,621,0.38430822706222534,99fc6ef526bc821b82a48435c0a11457653382b1512fd893fda45260071da58a
E1,defocus_blur,3,partial_channel,0.1,1.0,,10,0,8.250000000000002,2000,0.21890547263681592,0.03542673107890499,804,621,0.9184689629673958,99fc6ef526bc821b82a48435c0a11457653382b1512fd893fda45260071da58a
E1,defocus_blur,3,partial_channel,0.1,1.0,,10,1,5.549999999999999,2000,0.15920398009950248,0.03864734299516908,804,621,0.6743598854541779,99fc6ef526bc821b82a48435c0a11457653382b1512fd893fda45260071da58a
E1,defocus_blur,3,partial_channel,0.1,1.0,,10,2,8.400000000000002,2000,0.21019900497512436,0.024154589371980676,804,621,0.9104414012432098,99fc6ef526bc821b82a48435c0a11457653382b1512fd893fda45260071da58a
E1,defocus_blur,3,partial_channel,0.1,1.0,,10,3,7.050000000000001,2000,0.17537313432835822,0.030595813204508857,804,621,0.7401528413891793,99fc6ef526bc821b82a48435c0a11457653382b1512fd893fda45260071da58a
E1,defocus_blur,3,partial_channel,0.1,1.0,,10,4,6.35,2000,0.17537313432835822,0.0322061191626409,804,621,0.71440936845541,99fc6ef526bc821b82a48435c0a11457653382b1512fd893fda45260071da58a
E1,defocus_blur,3,partial_channel,0.2,1.0,,10,0,17.95,2000,0.4651741293532338,0.05958132045088567,804,621,2.2304527422189713,99fc6ef526bc821b82a48435c0a11457653382b1512fd893fda45260071da58a
E1,defocus_blur,3,partial_channel,0.2,1.0,,10,1,13.600000000000001,2000,0.3420398009950249,0.037037037037037035,804,621,1.57524432605505,99fc6ef526bc821b82a48435c0a11457653382b1512fd893fda45260071da58a
E1,defocus_blur,3,partial_channel,0.2,1.0,,10,2,14.550000000000002,2000,0.35945273631840796,0.040257648953301126,804,621,1.6431302013993263,99fc6ef526bc821b82a48435c0a11457653382b1512fd893fda45260071da58a
E1,defocus_blur,3,partial_channel,0.2,1.0,,10,3,13.4,2000,0.33955223880597013,0.04830917874396135,804,621,1.6336855779886246,99fc6ef526bc821b82a48435c0a11457653382b1512fd893fda45260071da58a
E1,defocus_blur,3,partial_channel,0.2,1.0,,10,4,11.649999999999999,2000,0.2972636815920398,0.037037037037037035,804,621,1.4343217481970787,99fc6ef526bc821b82a48435c0a11457653382b1512fd893fda45260071da58a
E1,defocus_blur,3,partial_channel,0.01,1.0,,11,0,0.5000000000000004,2000,0.026119402985074626,0.01932367149758454,804,621,0.059585905373096465,99fc6ef526bc821b82a48435c0a11457653382b1512fd893fda45260071da58a
E1,defocus_blur,3,partial_channel,0.01,1.0,,11,1,1.150000000000001,2000,0.03731343283582089,0.014492753623188406,804,621,0.12024454641342162,99fc6ef526bc821b82a48435c0a11457653382b1512fd893fda45260071da58a
E1,defocus_blur,3,partial_channel,0.01,1.0,,11,2,1.100000000000001,2000,0.03109452736318408,0.00644122383252818,804,621,0.07481339591741562,99fc6ef526bc821b82a48435c0a11457653382b1512fd893fda45260071da58a
E1,defocus_blur,3,partial_channel,0.01,1.0,,11,3,0.8000000000000007,2000,0.03731343283582089,0.027375201288244767,804,621,0.1730284777879715,99fc6ef526bc821b82a48435c0a11457653382b1512fd893fda45260071da58a
E1,defocus_blur,3,partial_channel,0.01,1.0,,11,4,0.5500000000000005,2000,0.026119402985074626,0.017713365539452495,804,621,0.055703585147857664,99fc6ef526bc821b82a48435c0a11457653382b1512fd893fda45260071da58a
E1,defocus_blur,3,partial_channel,0.05,1.0,,11,0,2.3500000000000023,2000,0.06716417910447761,0.020933977455716585,804,621,0.30509455800056456,99fc6ef526bc821b82a48435c0a11457653382b1512fd893fda45260071da58a
E1,defocus_blur,3,partial_channel,0.05,1.0,,11,1,3.150000000000003,2000,0.10199004975124377,0.03542673107890499,804,621,0.4267439737915993,99fc6ef526bc821b82a48435c0a11457653382b1512fd893fda45260071da58a
E1,defocus_blur,3,partial_channel,0.05,1.0,,11,2,4.749999999999998,2000,0.12686567164179105,0.024154589371980676,804,621,0.5316394394636155,99fc6ef526bc821b82a48435c0a11457653382b1512fd893fda45260071da58a
E1,defocus_blur,3,partial_channel,0.05,1.0,,11,3,2.7000000000000024,2000,0.08333333333333333,0.02576489533011272,804,621,0.3407935279607773,99fc6ef526bc821b82a48435c0a11457653382b1512fd893fda45260071da58a
E1,defocus_blur,3,partial_channel,0.05,1.0,,11,4,3.3499999999999974,2000,0.09701492537313433,0.02576489533011272,804,621,0.3992804110646248,99fc6ef526bc821b82a48435c0a11457653382b1512fd893fda45260071da58a
E1,defocus_blur,3,partial_channel,0.1,1.0,,11,0,7.950000000000001,2000,0.2027363184079602,0.027375201288244767,804,621,0.9187854707837105,99fc6ef526bc821b82a48435c0a11457653382b1512fd893fda45260071da58a
E1,defocus_blur,3,partial_channel,0.1,1.0,,11,1,5.199999999999999,2000,0.1455223880597015,0.028985507246376812,804,621,0.6194159903526306,99fc6ef526bc821b82a48435c0a11457653382b1512fd893fda45260071da58a
E1,defocus_blur,3,partial_channel,0.1,1.0,,11,2,7.650000000000001,2000,0.19402985074626866,0.020933977455716585,804,621,0.8788952944874764,99fc6ef526bc821b82a48435c0a11457653382b1512fd893fda45260071da58a
E1,defocus_blur,3,partial_channel,0.1,1.0,,11,3,6.45,2000,0.1654228855721393,0.030595813204508857,804,621,0.6975063253641128,99fc6ef526bc821b82a48435c0a11457653382b1512fd893fda45260071da58a
E1,defocus_blur,3,partial_channel,0.1,1.0,,11,4,5.8999999999999995,2000,0.15796019900497513,0.02576489533011272,804,621,0.7155085529088974,99fc6ef526bc821b82a48435c0a11457653382b1512fd893fda45260071da58a
E1,defocus_blur,3,partial_channel,0.2,1.0,,11,0,16.95,2000,0.43656716417910446,0.05636070853462158,804,621,2.1652542592287065,99fc6ef526bc821b82a48435c0a11457653382b1512fd893fda45260071da58a
E1,defocus_blur,3,partial_channel,0.2,1.0,,11,1,13.750000000000002,2000,0.34577114427860695,0.033816425120772944,804,621,1.5068825107216834,99fc6ef526bc821b82a48435c0a11457653382b1512fd893fda45260071da58a
E1,defocus_blur,3,partial_channel,0.2,1.0,,11,2,13.4,2000,0.3407960199004975,0.043478260869565216,804,621,1.602968142390251,99fc6ef526bc821b82a48435c0a11457653382b1512fd893fda45260071da58a
E1,defocus_blur,3,partial_channel,0.2,1.0,,11,3,14.250000000000002,2000,0.35696517412935325,0.040257648953301126,804,621,1.6387506683468818,99fc6ef526bc821b82a48435c0a11457653382b1512fd893fda45260071da58a
E1,defocus_blur,3,partial_channel,0.2,1.0,,11,4,11.2,2000,0.27860696517412936,0.024154589371980676,804,621,1.3789938170313836,99fc6ef526bc821b82a48435c0a11457653382b1512fd893fda45260071da58a
E1,defocus_blur,3,partial_channel,0.01,1.0,,12,0,0.6000000000000005,2000,0.02736318407960199,0.017713365539452495,804,621,0.06106453144550324,99fc6ef526bc821b82a48435c0a11457653382b1512fd893fda45260071da58a
E1,defocus_blur,3,partial_channel,0.01,1.0,,12,1,0.6500000000000006,2000,0.02736318407960199,0.01610305958132045,804,621,0.10073127073049545,99fc6ef526bc821b82a48435c0a11457653382b1512fd893fda45260071da58a
E1,defocus_blur,3,partial_channel,0.01,1.0,,12,2,0.8000000000000007,2000,0.026119402985074626,0.00966183574879227,804,621,0.07220330727100373,99fc6ef526bc821b82a48435c0a11457653382b1512fd893fda45260071da58a
E1,defocus_blur,3,partial_channel,0.01,1.0,,12,3,0.8000000000000007,2000,0.033582089552238806,0.02254428341384863,804,621,0.15414575666189193,99fc6ef526bc821b82a48435c0a11457653382b1512fd893fda45260071da58a
E1,defocus_blur,3,partial_channel,0.01,1.0,,12,4,0.5500000000000005,2000,0.022388059701492536,0.014492753623188406,804,621,0.06477133971452713,99fc6ef526bc821b82a48435c0a11457653382b1512fd893fda45260071da58a
E1,defocus_blur,3,partial_channel,0.05,1.0,,12,0,2.300000000000002,2000,0.06965174129353234,0.020933977455716585,804,621,0.28327371513843536,99fc6ef526bc821b82a48435c0a11457653382b1512fd893fda45260071da58a
E1,defocus_blur,3,partial_channel,0.05,1.0,,12,1,2.950000000000003,2000,0.09701492537313433,0.033816425120772944,804,621,0.3874649903178215,99fc6ef526bc821b82a48435c0a11457653382b1512fd893fda45260071da58a
E1,defocus_blur,3,partial_channel,0.05,1.0,,12,2,3.949999999999998,2000,0.10572139303482588,0.017713365539452495,804,621,0.5131361078619957,99fc6ef526bc821b82a48435c0a11457653382b1512fd893fda45260071da58a
E1,defocus_blur,3,partial_channel,0.05,1.0,,12,3,2.100000000000002,2000,0.0708955223880597,0.02576489533011272,804,621,0.32116365611553194,99fc6ef526bc821b82a48435c0a11457653382b1512fd893fda45260071da58a
E1,defocus_blur,3,partial_channel,0.05,1.0,,12,4,3.3999999999999977,2000,0.08955223880597014,0.017713365539452495,804,621,0.394199590921402,99fc6ef526bc821b82a48435c0a11457653382b1512fd893fda45260071da58a
E1,defocus_blur,3,partial_channel,0.1,1.0,,12,0,7.650000000000001,2000,0.19527363184079602,0.02576489533011272,804,621,0.8908201442360878,99fc6ef526bc821b82a48435c0a11457653382b1512fd893fda45260071da58a
E1,defocus_blur,3,partial_channel,0.1,1.0,,12,1,4.599999999999999,2000,0.13557213930348258,0.033816425120772944,804,621,0.5684258562922477,99fc6ef526bc821b82a48435c0a11457653382b1512fd893fda45260071da58a
E1,defocus_blur,3,partial_channel,0.1,1.0,,12,2,6.1,2000,0.16293532338308458,0.02576489533011272,804,621,0.7990364139080047,99fc6ef526bc821b82a48435c0a11457653382b1512fd893fda45260071da58a
E1,defocus_blur,3,partial_channel,0.1,1.0,,12,3,5.6499999999999995,2000,0.14925373134328357,0.028985507246376812,804,621,0.6523635209202766,99fc6ef526bc821b82a48435c0a11457653382b1512fd893fda45260071da58a
E1,defocus_blur,3,partial_channel,0.1,1.0,,12,4,6.15,2000,0.15796019900497513,0.020933977455716585,804,621,0.6854617253541947,99fc6ef526bc821b82a48435c0a11457653382b1512fd893fda45260071da58a
E1,defocus_blur,3,partial_channel,0.2,1.0,,12,0,17.0,2000,0.44029850746268656,0.05152979066022544,804,621,2.081453150689602,99fc6ef526bc821b82a48435c0a11457653382b1512fd893fda45260071da58a
E1,defocus_blur,3,partial_channel,0.2,1.0,,12,1,12.35,2000,0.3072139303482587,0.0322061191626409,804,621,1.4510214648842812,99fc6ef526bc821b82a48435c0a11457653382b1512fd893fda45260071da58a
E1,defocus_blur,3,partial_channel,0.2,1.0,,12,2,12.3,2000,0.31467661691542287,0.03542673107890499,804,621,1.4884093740582467,99fc6ef526bc821b82a48435c0a11457653382b1512fd893fda45260071da58a
E1,defocus_blur,3,partial_channel,0.2,1.0,,12,3,14.150000000000002,2000,0.35074626865671643,0.0322061191626409,804,621,1.5654883465170861,99fc6ef526bc821b82a48435c0a11457653382b1512fd893fda45260071da58a
E1,defocus_blur,3,partial_channel,0.2,1.0,,12,4,11.45,2000,0.28233830845771146,0.027375201288244767,804,621,1.3418012639284134,99fc6ef526bc821b82a48435c0a11457653382b1512fd893fda45260071da58a
E1,defocus_blur,3,partial_channel,0.01,1.0,,13,0,0.6500000000000006,2000,0.026119402985074626,0.01610305958132045,804,621,0.07544215083122253,99fc6ef526bc821b82a48435c0a11457653382b1512fd893fda45260071da58a
E1,defocus_blur,3,partial_channel,0.01,1.0,,13,1,0.6000000000000005,2000,0.026119402985074626,0.017713365539452495,804,621,0.0838328765630722,99fc6ef526bc821b82a48435c0a11457653382b1512fd893fda45260071da58a
E1,defocus_blur,3,partial_channel,0.01,1.0,,13,2,0.3500000000000003,2000,0.01990049751243781,0.01610305958132045,804,621,0.05935799705982208,99fc6ef526bc821b82a48435c0a11457653382b1512fd893fda45260071da58a
E1,defocus_blur,3,partial_channel,0.01,1.0,,13,3,0.6500000000000006,2000,0.021144278606965175,0.00966183574879227,804,621,0.077791453063488,99fc6ef526bc821b82a48435c0a11457653382b1512fd893fda45260071da58a
E1,defocus_blur,3,partial_channel,0.01,1.0,,13,4,0.40000000000000036,2000,0.021144278606965175,0.014492753623188406,804,621,0.0642703778743744,99fc6ef526bc821b82a48435c0a11457653382b1512fd893fda45260071da58a
E1,defocus_blur,3,partial_channel,0.05,1.0,,13,0,2.9000000000000026,2000,0.09825870646766169,0.04186795491143317,804,621,0.4446957631707191,99fc6ef526bc821b82a48435c0a11457653382b1512fd893fda45260071da58a
E1,defocus_blur,3,partial_channel,0.05,1.0,,13,1,3.0500000000000025,2000,0.09701492537313433,0.04186795491143317,804,621,0.3432977288961411,99fc6ef526bc821b82a48435c0a11457653382b1512fd893fda45260071da58a
E1,defocus_blur,3,partial_channel,0.05,1.0,,13,2,2.650000000000002,2000,0.07587064676616916,0.02576489533011272,804,621,0.3392515876889229,99fc6ef526bc821b82a48435c0a11457653382b1512fd893fda45260071da58a
E1,defocus_blur,3,partial_channel,0.05,1.0,,13,3,3.1000000000000028,2000,0.09203980099502487,0.033816425120772944,804,621,0.3730772811770439,99fc6ef526bc821b82a48435c0a11457653382b1512fd893fda45260071da58a
E1,defocus_blur,3,partial_channel,0.05,1.0,,13,4,2.8500000000000023,2000,0.0845771144278607,0.02254428341384863,804,621,0.3622668182849884,99fc6ef526bc821b82a48435c0a11457653382b1512fd893fda45260071da58a
E1,defocus_blur,3,partial_channel,0.1,1.0,,13,0,5.949999999999999,2000,0.17412935323383086,0.05475040257648953,804,621,0.7339487563371658,99fc6ef526bc821b82a48435c0a11457653382b1512fd893fda45260071da58a
E1,defocus_blur,3,partial_channel,0.1,1.0,,13,1,6.950000000000001,2000,0.1791044776119403,0.0322061191626409,804,621,0.7877904540896415,99fc6ef526bc821b82a48435c0a11457653382b1512fd893fda45260071da58a
E1,defocus_blur,3,partial_channel,0.1,1.0,,13,2,6.05,2000,0.15920398009950248,0.0322061191626409,804,621,0.7835664576888084,99fc6ef526bc821b82a48435c0a11457653382b1512fd893fda45260071da58a
E1,defocus_blur,3,partial_channel,0.1,1.0,,13,3,7.650000000000001,2000,0.19900497512437812,0.03542673107890499,804,621,0.7438910986185074,99fc6ef526bc821b82a48435c0a11457653382b1512fd893fda45260071da58a
E1,defocus_blur,3,partial_channel,0.1,1.0,,13,4,4.699999999999998,2000,0.13930348258706468,0.043478260869565216,804,621,0.7585768495798111,99fc6ef526bc821b82a48435c0a11457653382b1512fd893fda45260071da58a
E1,defocus_blur,3,partial_channel,0.2,1.0,,13,0,13.100000000000001,2000,0.3333333333333333,0.04508856682769726,804,621,1.5014339845776559,99fc6ef526bc821b82a48435c0a11457653382b1512fd893fda45260071da58a
E1,defocus_blur,3,partial_channel,0.2,1.0,,13,1,13.350000000000001,2000,0.3383084577114428,0.04508856682769726,804,621,1.692767426252365,99fc6ef526bc821b82a48435c0a11457653382b1512fd893fda45260071da58a
E1,defocus_blur,3,partial_channel,0.2,1.0,,13,2,12.55,2000,0.30970149253731344,0.03864734299516908,804,621,1.6050348808765411,99fc6ef526bc821b82a48435c0a11457653382b1512fd893fda45260071da58a
E1,defocus_blur,3,partial_channel,0.2,1.0,,13,3,12.7,2000,0.332089552238806,0.05152979066022544,804,621,1.518293475151062,99fc6ef526bc821b82a48435c0a11457653382b1512fd893fda45260071da58a
E1,defocus_blur,3,partial_channel,0.2,1.0,,13,4,13.0,2000,0.30970149253731344,0.03542673107890499,804,621,1.6215090824365617,99fc6ef526bc821b82a48435c0a11457653382b1512fd893fda45260071da58a
E1,defocus_blur,3,partial_channel,0.01,1.0,,14,0,0.8000000000000007,2000,0.0236318407960199,0.00644122383252818,804,621,0.0645657154917717,99fc6ef526bc821b82a48435c0a11457653382b1512fd893fda45260071da58a
E1,defocus_blur,3,partial_channel,0.01,1.0,,14,1,0.6500000000000006,2000,0.022388059701492536,0.00966183574879227,804,621,0.08293545287847519,99fc6ef526bc821b82a48435c0a11457653382b1512fd893fda45260071da58a
E1,defocus_blur,3,partial_channel,0.01,1.0,,14,2,0.20000000000000018,2000,0.01616915422885572,0.01610305958132045,804,621,0.06896385949850083,99fc6ef526bc821b82a48435c0a11457653382b1512fd893fda45260071da58a
E1,defocus_blur,3,partial_channel,0.01,1.0,,14,3,0.5500000000000005,2000,0.018656716417910446,0.01288244766505636,804,621,0.08427998554706574,99fc6ef526bc821b82a48435c0a11457653382b1512fd893fda45260071da58a
E1,defocus_blur,3,partial_channel,0.01,1.0,,14,4,0.9500000000000008,2000,0.026119402985074626,0.008051529790660225,804,621,0.09056060421466827,99fc6ef526bc821b82a48435c0a11457653382b1512fd893fda45260071da58a
E1,defocus_blur,3,partial_channel,0.05,1.0,,14,0,3.150000000000003,2000,0.09701492537313433,0.033816425120772944,804,621,0.4644763432741165,99fc6ef526bc821b82a48435c0a11457653382b1512fd893fda45260071da58a
E1,defocus_blur,3,partial_channel,0.05,1.0,,14,1,3.200000000000003,2000,0.09328358208955224,0.028985507246376812,804,621,0.3183060518503189,99fc6ef526bc821b82a48435c0a11457653382b1512fd893fda45260071da58a
E1,defocus_blur,3,partial_channel,0.05,1.0,,14,2,2.400000000000002,2000,0.08208955223880597,0.03542673107890499,804,621,0.3433159499168396,99fc6ef526bc821b82a48435c0a11457653382b1512fd893fda45260071da58a
E1,defocus_blur,3,partial_channel,0.05,1.0,,14,3,3.2500000000000027,2000,0.08830845771144279,0.02576489533011272,804,621,0.3951403658986092,99fc6ef526bc821b82a48435c0a11457653382b1512fd893fda45260071da58a
E1,defocus_blur,3,partial_channel,0.05,1.0,,14,4,2.650000000000002,2000,0.09079601990049752,0.03542673107890499,804,621,0.40899324518442154,99fc6ef526bc821b82a48435c0a11457653382b1512fd893fda45260071da58a
E1,defocus_blur,3,partial_channel,0.1,1.0,,14,0,6.65,2000,0.17412935323383086,0.030595813204508857,804,621,0.7866666164994239,99fc6ef526bc821b82a48435c0a11457653382b1512fd893fda45260071da58a
E1,defocus_blur,3,partial_channel,0.1,1.0,,14,1,6.8500000000000005,2000,0.17661691542288557,0.030595813204508857,804,621,0.7631140615940094,99fc6ef526bc821b82a48435c0a11457653382b1512fd893fda45260071da58a
E1,defocus_blur,3,partial_channel,0.1,1.0,,14,2,5.6,2000,0.1517412935323383,0.0322061191626409,804,621,0.7205335162878036,99fc6ef526bc821b82a48435c0a11457653382b1512fd893fda45260071da58a
E1,defocus_blur,3,partial_channel,0.1,1.0,,14,3,7.250000000000001,2000,0.1828358208955224,0.024154589371980676,804,621,0.8244048653244972,99fc6ef526bc821b82a48435c0a11457653382b1512fd893fda45260071da58a
E1,defocus_blur,3,partial_channel,0.1,1.0,,14,4,5.35,2000,0.13930348258706468,0.024154589371980676,804,621,0.7755252730846405,99fc6ef526bc821b82a48435c0a11457653382b1512fd893fda45260071da58a
E1,defocus_blur,3,partial_channel,0.2,1.0,,14,0,12.75,2000,0.3246268656716418,0.03542673107890499,804,621,1.59389291036129,99fc6ef526bc821b82a48435c0a11457653382b1512fd893fda45260071da58a
E1,defocus_blur,3,partial_channel,0.2,1.0,,14,1,13.5,2000,0.3333333333333333,0.033816425120772944,804,621,1.7063811457157134,99fc6ef526bc821b82a48435c0a11457653382b1512fd893fda45260071da58a
E1,defocus_blur,3,partial_channel,0.2,1.0,,14,2,11.35,2000,0.2860696517412935,0.04508856682769726,804,621,1.484542317390442,99fc6ef526bc821b82a48435c0a11457653382b1512fd893fda45260071da58a
E1,defocus_blur,3,partial_channel,0.2,1.0,,14,3,12.25,2000,0.31716417910447764,0.04669887278582931,804,621,1.573826948940754,99fc6ef526bc821b82a48435c0a11457653382b1512fd893fda45260071da58a
E1,defocus_blur,3,partial_channel,0.2,1.0,,14,4,13.55,2000,0.31716417910447764,0.030595813204508857,804,621,1.6595958622097968,99fc6ef526bc821b82a48435c0a11457653382b1512fd893fda45260071da58a
E1,defocus_blur,3,partial_channel,0.01,1.0,,15,0,0.8000000000000007,2000,0.026119402985074626,0.008051529790660225,804,621,0.07574278777837753,99fc6ef526bc821b82a48435c0a11457653382b1512fd893fda45260071da58a
E1,defocus_blur,3,partial_channel,0.01,1.0,,15,1,0.7000000000000006,2000,0.01990049751243781,0.00644122383252818,804,621,0.07451170176267624,99fc6ef526bc821b82a48435c0a11457653382b1512fd893fda45260071da58a
E1,defocus_blur,3,partial_channel,0.01,1.0,,15,2,0.3500000000000003,2000,0.013681592039800995,0.00644122383252818,804,621,0.08481733560562134,99fc6ef526bc821b82a48435c0a11457653382b1512fd893fda45260071da58a
E1,defocus_blur,3,partial_channel,0.01,1.0,,15,3,0.8500000000000008,2000,0.024875621890547265,0.00644122383252818,804,621,0.07270002681016922,99fc6ef526bc821b82a48435c0a11457653382b1512fd893fda45260071da58a
E1,defocus_blur,3,partial_channel,0.01,1.0,,15,4,0.9000000000000008,2000,0.028606965174129355,0.008051529790660225,804,621,0.08933465695381164,99fc6ef526bc821b82a48435c0a11457653382b1512fd893fda45260071da58a
E1,defocus_blur,3,partial_channel,0.05,1.0,,15,0,3.300000000000003,2000,0.09950248756218906,0.027375201288244767,804,621,0.44832123786211014,99fc6ef526bc821b82a48435c0a11457653382b1512fd893fda45260071da58a
E1,defocus_blur,3,partial_channel,0.05,1.0,,15,1,3.1000000000000028,2000,0.08084577114427861,0.01288244766505636,804,621,0.3815148981809616,99fc6ef526bc821b82a48435c0a11457653382b1512fd893fda45260071da58a
E1,defocus_blur,3,partial_channel,0.05,1.0,,15,2,2.950000000000003,2000,0.08333333333333333,0.017713365539452495,804,621,0.39137922006845477,99fc6ef526bc821b82a48435c0a11457653382b1512fd893fda45260071da58a
E1,defocus_blur,3,partial_channel,0.05,1.0,,15,3,3.749999999999998,2000,0.09328358208955224,0.011272141706924315,804,621,0.40566871720552444,99fc6ef526bc821b82a48435c0a11457653382b1512fd893fda45260071da58a
E1,defocus_blur,3,partial_channel,0.05,1.0,,15,4,3.5499999999999976,2000,0.09701492537313433,0.014492753623188406,804,621,0.4236480714678764,99fc6ef526bc821b82a48435c0a11457653382b1512fd893fda45260071da58a
E1,defocus_blur,3,partial_channel,0.1,1.0,,15,0,7.300000000000001,2000,0.1828358208955224,0.017713365539452495,804,621,0.8638282743096352,99fc6ef526bc821b82a48435c0a11457653382b1512fd893fda45260071da58a
E1,defocus_blur,3,partial_channel,0.1,1.0,,15,1,7.300000000000001,2000,0.18159203980099503,0.011272141706924315,804,621,0.8180844166874885,99fc6ef526bc821b82a48435c0a11457653382b1512fd893fda45260071da58a
E1,defocus_blur,3,partial_channel,0.1,1.0,,15,2,6.4,2000,0.16666666666666666,0.02254428341384863,804,621,0.7854207135438919,99fc6ef526bc821b82a48435c0a11457653382b1512fd893fda45260071da58a
E1,defocus_blur,3,partial_channel,0.1,1.0,,15,3,8.950000000000003,2000,0.21393034825870647,0.01288244766505636,804,621,0.9487879679799079,99fc6ef526bc821b82a48435c0a11457653382b1512fd893fda45260071da58a
E1,defocus_blur,3,partial_channel,0.1,1.0,,15,4,6.05,2000,0.1517412935323383,0.014492753623188406,804,621,0.8495738689303398,99fc6ef526bc821b82a48435c0a11457653382b1512fd893fda45260071da58a
E1,defocus_blur,3,partial_channel,0.2,1.0,,15,0,14.250000000000002,2000,0.36069651741293535,0.028985507246376812,804,621,1.6712919507622719,99fc6ef526bc821b82a48435c0a11457653382b1512fd893fda45260071da58a
E1,defocus_blur,3,partial_channel,0.2,1.0,,15,1,15.100000000000001,2000,0.3681592039800995,0.01610305958132045,804,621,1.7159679446220397,99fc6ef526bc821b82a48435c0a11457653382b1512fd893fda45260071da58a
E1,defocus_blur,3,partial_channel,0.2,1.0,,15,2,13.900000000000002,2000,0.3383084577114428,0.02254428341384863,804,621,1.5807761484980583,99fc6ef526bc821b82a48435c0a11457653382b1512fd893fda45260071da58a
E1,defocus_blur,3,partial_channel,0.2,1.0,,15,3,15.150000000000002,2000,0.373134328358209,0.02576489533011272,804,621,1.7119708979725838,99fc6ef526bc821b82a48435c0a11457653382b1512fd893fda45260071da58a
E1,defocus_blur,3,partial_channel,0.2,1.0,,15,4,14.900000000000002,2000,0.34950248756218905,0.02576489533011272,804,621,1.7309702796936035,99fc6ef526bc821b82a48435c0a11457653382b1512fd893fda45260071da58a
E1,defocus_blur,3,none,0.01,1.0,,0,0,0.0,2000,0.0,0.0,804,621,0.0,99fc6ef526bc821b82a48435c0a11457653382b1512fd893fda45260071da58a
E1,defocus_blur,3,none,0.01,1.0,,1,0,0.0,2000,0.0,0.0,804,621,0.0,99fc6ef526bc821b82a48435c0a11457653382b1512fd893fda45260071da58a
E1,defocus_blur,3,none,0.01,1.0,,2,0,0.0,2000,0.0,0.0,804,621,0.0,99fc6ef526bc821b82a48435c0a11457653382b1512fd893fda45260071da58a
E1,defocus_blur,3,none,0.01,1.0,,3,0,0.0,2000,0.0,0.0,804,621,0.0,99fc6ef526bc821b82a48435c0a11457653382b1512fd893fda45260071da58a
E1,defocus_blur,3,none,0.01,1.0,,4,0,0.0,2000,0.0,0.0,804,621,0.0,99fc6ef526bc821b82a48435c0a11457653382b1512fd893fda45260071da58a
E1,defocus_blur,3,none,0.01,1.0,,5,0,0.0,2000,0.0,0.0,804,621,0.0,99fc6ef526bc821b82a48435c0a11457653382b1512fd893fda45260071da58a
E1,defocus_blur,3,none,0.01,1.0,,6,0,0.0,2000,0.0,0.0,804,621,0.0,99fc6ef526bc821b82a48435c0a11457653382b1512fd893fda45260071da58a
E1,defocus_blur,3,none,0.01,1.0,,7,0,0.0,2000,0.0,0.0,804,621,0.0,99fc6ef526bc821b82a48435c0a11457653382b1512fd893fda45260071da58a
E1,defocus_blur,3,none,0.01,1.0,,8,0,0.0,2000,0.0,0.0,804,621,0.0,99fc6ef526bc821b82a48435c0a11457653382b1512fd893fda45260071da58a
E1,defocus_blur,3,none,0.01,1.0,,9,0,0.0,2000,0.0,0.0,804,621,0.0,99fc6ef526bc821b82a48435c0a11457653382b1512fd893fda45260071da58a
E1,defocus_blur,3,none,0.01,1.0,,10,0,0.0,2000,0.0,0.0,804,621,0.0,99fc6ef526bc821b82a48435c0a11457653382b1512fd893fda45260071da58a
E1,defocus_blur,3,none,0.01,1.0,,11,0,0.0,2000,0.0,0.0,804,621,0.0,99fc6ef526bc821b82a48435c0a11457653382b1512fd893fda45260071da58a
E1,defocus_blur,3,none,0.01,1.0,,12,0,0.0,2000,0.0,0.0,804,621,0.0,99fc6ef526bc821b82a48435c0a11457653382b1512fd893fda45260071da58a
E1,defocus_blur,3,none,0.01,1.0,,13,0,0.0,2000,0.0,0.0,804,621,0.0,99fc6ef526bc821b82a48435c0a11457653382b1512fd893fda45260071da58a
E1,defocus_blur,3,none,0.01,1.0,,14,0,0.0,2000,0.0,0.0,804,621,0.0,99fc6ef526bc821b82a48435c0a11457653382b1512fd893fda45260071da58a
E1,defocus_blur,3,none,0.01,1.0,,15,0,0.0,2000,0.0,0.0,804,621,0.0,99fc6ef526bc821b82a48435c0a11457653382b1512fd893fda45260071da58a
E1,defocus_blur,3,clean_to_clean,0.01,1.0,,0,0,38.5,2000,1.0,0.05475040257648953,804,621,6.06165747731924,99fc6ef526bc821b82a48435c0a11457653382b1512fd893fda45260071da58a
E1,defocus_blur,3,clean_to_clean,0.01,1.0,,1,0,38.5,2000,1.0,0.05475040257648953,804,621,6.06165747731924,99fc6ef526bc821b82a48435c0a11457653382b1512fd893fda45260071da58a
E1,defocus_blur,3,clean_to_clean,0.01,1.0,,2,0,38.5,2000,1.0,0.05475040257648953,804,621,6.06165747731924,99fc6ef526bc821b82a48435c0a11457653382b1512fd893fda45260071da58a
E1,defocus_blur,3,clean_to_clean,0.01,1.0,,3,0,38.5,2000,1.0,0.05475040257648953,804,621,6.06165747731924,99fc6ef526bc821b82a48435c0a11457653382b1512fd893fda45260071da58a
E1,defocus_blur,3,clean_to_clean,0.01,1.0,,4,0,38.5,2000,1.0,0.05475040257648953,804,621,6.06165747731924,99fc6ef526bc821b82a48435c0a11457653382b1512fd893fda45260071da58a
E1,defocus_blur,3,clean_to_clean,0.01,1.0,,5,0,38.5,2000,1.0,0.05475040257648953,804,621,6.06165747731924,99fc6ef526bc821b82a48435c0a11457653382b1512fd893fda45260071da58a
E1,defocus_blur,3,clean_to_clean,0.01,1.0,,6,0,38.5,2000,1.0,0.05475040257648953,804,621,6.06165747731924,99fc6ef526bc821b82a48435c0a11457653382b1512fd893fda45260071da58a
E1,defocus_blur,3,clean_to_clean,0.01,1.0,,7,0,38.5,2000,1.0,0.05475040257648953,804,621,6.06165747731924,99fc6ef526bc821b82a48435c0a11457653382b1512fd893fda45260071da58a
E1,defocus_blur,3,clean_to_clean,0.01,1.0,,8,0,38.5,2000,1.0,0.05475040257648953,804,621,6.06165747731924,99fc6ef526bc821b82a48435c0a11457653382b1512fd893fda45260071da58a
E1,defocus_blur,3,clean_to_clean,0.01,1.0,,9,0,38.5,2000,1.0,0.05475040257648953,804,621,6.06165747731924,99fc6ef526bc821b82a48435c0a11457653382b1512fd893fda45260071da58a
E1,defocus_blur,3,clean_to_clean,0.01,1.0,,10,0,38.5,2000,1.0,0.05475040257648953,804,621,6.06165747731924,99fc6ef526bc821b82a48435c0a11457653382b1512fd893fda45260071da58a
E1,defocus_blur,3,clean_to_clean,0.01,1.0,,11,0,38.5,2000,1.0,0.05475040257648953,804,621,6.06165747731924,99fc6ef526bc821b82a48435c0a11457653382b1512fd893fda45260071da58a
E1,defocus_blur,3,clean_to_clean,0.01,1.0,,12,0,38.5,2000,1.0,0.05475040257648953,804,621,6.06165747731924,99fc6ef526bc821b82a48435c0a11457653382b1512fd893fda45260071da58a
E1,defocus_blur,3,clean_to_clean,0.01,1.0,,13,0,38.5,2000,1.0,0.05475040257648953,804,621,6.06165747731924,99fc6ef526bc821b82a48435c0a11457653382b1512fd893fda45260071da58a
E1,defocus_blur,3,clean_to_clean,0.01,1.0,,14,0,38.5,2000,1.0,0.05475040257648953,804,621,6.06165747731924,99fc6ef526bc821b82a48435c0a11457653382b1512fd893fda45260071da58a
E1,defocus_blur,3,clean_to_clean,0.01,1.0,,15,0,38.5,2000,1.0,0.05475040257648953,804,621,6.06165747731924,99fc6ef526bc821b82a48435c0a11457653382b1512fd893fda45260071da58a
E1,defocus_blur,3,full_state,0.01,1.0,,0,0,38.5,2000,1.0,0.05475040257648953,804,621,6.06165747731924,99fc6ef526bc821b82a48435c0a11457653382b1512fd893fda45260071da58a
E1,defocus_blur,3,full_state,0.01,1.0,,1,0,38.5,2000,1.0,0.05475040257648953,804,621,6.06165747731924,99fc6ef526bc821b82a48435c0a11457653382b1512fd893fda45260071da58a
E1,defocus_blur,3,full_state,0.01,1.0,,2,0,38.5,2000,1.0,0.05475040257648953,804,621,6.06165747731924,99fc6ef526bc821b82a48435c0a11457653382b1512fd893fda45260071da58a
E1,defocus_blur,3,full_state,0.01,1.0,,3,0,38.5,2000,1.0,0.05475040257648953,804,621,6.06165747731924,99fc6ef526bc821b82a48435c0a11457653382b1512fd893fda45260071da58a
E1,defocus_blur,3,full_state,0.01,1.0,,4,0,38.5,2000,1.0,0.05475040257648953,804,621,6.06165747731924,99fc6ef526bc821b82a48435c0a11457653382b1512fd893fda45260071da58a
E1,defocus_blur,3,full_state,0.01,1.0,,5,0,38.5,2000,1.0,0.05475040257648953,804,621,6.06165747731924,99fc6ef526bc821b82a48435c0a11457653382b1512fd893fda45260071da58a
E1,defocus_blur,3,full_state,0.01,1.0,,6,0,38.5,2000,1.0,0.05475040257648953,804,621,6.06165747731924,99fc6ef526bc821b82a48435c0a11457653382b1512fd893fda45260071da58a
E1,defocus_blur,3,full_state,0.01,1.0,,7,0,38.5,2000,1.0,0.05475040257648953,804,621,6.06165747731924,99fc6ef526bc821b82a48435c0a11457653382b1512fd893fda45260071da58a
E1,defocus_blur,3,full_state,0.01,1.0,,8,0,38.5,2000,1.0,0.05475040257648953,804,621,6.06165747731924,99fc6ef526bc821b82a48435c0a11457653382b1512fd893fda45260071da58a
E1,defocus_blur,3,full_state,0.01,1.0,,9,0,38.5,2000,1.0,0.05475040257648953,804,621,6.06165747731924,99fc6ef526bc821b82a48435c0a11457653382b1512fd893fda45260071da58a
E1,defocus_blur,3,full_state,0.01,1.0,,10,0,38.5,2000,1.0,0.05475040257648953,804,621,6.06165747731924,99fc6ef526bc821b82a48435c0a11457653382b1512fd893fda45260071da58a
E1,defocus_blur,3,full_state,0.01,1.0,,11,0,38.5,2000,1.0,0.05475040257648953,804,621,6.06165747731924,99fc6ef526bc821b82a48435c0a11457653382b1512fd893fda45260071da58a
E1,defocus_blur,3,full_state,0.01,1.0,,12,0,38.5,2000,1.0,0.05475040257648953,804,621,6.06165747731924,99fc6ef526bc821b82a48435c0a11457653382b1512fd893fda45260071da58a
E1,defocus_blur,3,full_state,0.01,1.0,,13,0,38.5,2000,1.0,0.05475040257648953,804,621,6.06165747731924,99fc6ef526bc821b82a48435c0a11457653382b1512fd893fda45260071da58a
E1,defocus_blur,3,full_state,0.01,1.0,,14,0,38.5,2000,1.0,0.05475040257648953,804,621,6.06165747731924,99fc6ef526bc821b82a48435c0a11457653382b1512fd893fda45260071da58a
E1,defocus_blur,3,full_state,0.01,1.0,,15,0,38.5,2000,1.0,0.05475040257648953,804,621,6.06165747731924,99fc6ef526bc821b82a48435c0a11457653382b1512fd893fda45260071da58a
E1,defocus_blur,3,random_direction,0.01,1.0,,0,0,0.10000000000000009,2000,0.028606965174129355,0.037037037037037035,804,621,0.04106316828727722,99fc6ef526bc821b82a48435c0a11457653382b1512fd893fda45260071da58a
E1,defocus_blur,3,random_direction,0.01,1.0,,1,0,-0.10000000000000009,2000,0.007462686567164179,0.014492753623188406,804,621,0.0024697296619415284,99fc6ef526bc821b82a48435c0a11457653382b1512fd893fda45260071da58a
E1,defocus_blur,3,random_direction,0.01,1.0,,2,0,-0.050000000000000044,2000,0.011194029850746268,0.017713365539452495,804,621,0.008490417122840882,99fc6ef526bc821b82a48435c0a11457653382b1512fd893fda45260071da58a
E1,defocus_blur,3,random_direction,0.01,1.0,,3,0,0.050000000000000044,2000,0.009950248756218905,0.014492753623188406,804,621,0.003370476543903351,99fc6ef526bc821b82a48435c0a11457653382b1512fd893fda45260071da58a
E1,defocus_blur,3,random_direction,0.01,1.0,,4,0,0.20000000000000018,2000,0.013681592039800995,0.011272141706924315,804,621,0.0011048437356948853,99fc6ef526bc821b82a48435c0a11457653382b1512fd893fda45260071da58a
E1,defocus_blur,3,random_direction,0.01,1.0,,5,0,0.15000000000000013,2000,0.011194029850746268,0.011272141706924315,804,621,-0.011235924482345581,99fc6ef526bc821b82a48435c0a11457653382b1512fd893fda45260071da58a
E1,defocus_blur,3,random_direction,0.01,1.0,,6,0,0.20000000000000018,2000,0.012437810945273632,0.00966183574879227,804,621,-0.00034014123678207395,99fc6ef526bc821b82a48435c0a11457653382b1512fd893fda45260071da58a
E1,defocus_blur,3,random_direction,0.01,1.0,,7,0,-0.050000000000000044,2000,0.008706467661691543,0.014492753623188406,804,621,-0.011682361900806426,99fc6ef526bc821b82a48435c0a11457653382b1512fd893fda45260071da58a
E1,defocus_blur,3,random_direction,0.01,1.0,,8,0,-0.15000000000000013,2000,0.012437810945273632,0.020933977455716585,804,621,-0.017232920944690703,99fc6ef526bc821b82a48435c0a11457653382b1512fd893fda45260071da58a
E1,defocus_blur,3,random_direction,0.01,1.0,,9,0,0.0,2000,0.011194029850746268,0.014492753623188406,804,621,-0.014807182371616363,99fc6ef526bc821b82a48435c0a11457653382b1512fd893fda45260071da58a
E1,defocus_blur,3,random_direction,0.01,1.0,,10,0,0.10000000000000009,2000,0.006218905472636816,0.004830917874396135,804,621,-0.006318322956562043,99fc6ef526bc821b82a48435c0a11457653382b1512fd893fda45260071da58a
E1,defocus_blur,3,random_direction,0.01,1.0,,11,0,0.0,2000,0.008706467661691543,0.011272141706924315,804,621,-0.003929952323436737,99fc6ef526bc821b82a48435c0a11457653382b1512fd893fda45260071da58a
E1,defocus_blur,3,random_direction,0.01,1.0,,12,0,0.0,2000,0.008706467661691543,0.011272141706924315,804,621,0.0034592665433883668,99fc6ef526bc821b82a48435c0a11457653382b1512fd893fda45260071da58a
E1,defocus_blur,3,random_direction,0.01,1.0,,13,0,-0.050000000000000044,2000,0.009950248756218905,0.014492753623188406,804,621,-0.007902602672576904,99fc6ef526bc821b82a48435c0a11457653382b1512fd893fda45260071da58a
E1,defocus_blur,3,random_direction,0.01,1.0,,14,0,0.40000000000000036,2000,0.009950248756218905,0.0,804,621,0.00018849855661392213,99fc6ef526bc821b82a48435c0a11457653382b1512fd893fda45260071da58a
E1,defocus_blur,3,random_direction,0.01,1.0,,15,0,0.0,2000,0.0037313432835820895,0.004830917874396135,804,621,-0.0022801979780197146,99fc6ef526bc821b82a48435c0a11457653382b1512fd893fda45260071da58a
E1,defocus_blur,3,shuffled_donor,0.01,1.0,,0,0,-0.8000000000000007,2000,0.04228855721393035,0.09178743961352658,804,621,-0.11814360678195954,99fc6ef526bc821b82a48435c0a11457653382b1512fd893fda45260071da58a
E1,defocus_blur,3,shuffled_donor,0.01,1.0,,1,0,0.40000000000000036,2000,0.03482587064676617,0.03542673107890499,804,621,0.028111478447914125,99fc6ef526bc821b82a48435c0a11457653382b1512fd893fda45260071da58a
E1,defocus_blur,3,shuffled_donor,0.01,1.0,,2,0,-0.20000000000000018,2000,0.0236318407960199,0.04186795491143317,804,621,0.011767481744289399,99fc6ef526bc821b82a48435c0a11457653382b1512fd893fda45260071da58a
E1,defocus_blur,3,shuffled_donor,0.01,1.0,,3,0,0.20000000000000018,2000,0.03233830845771144,0.037037037037037035,804,621,-0.00785158395767212,99fc6ef526bc821b82a48435c0a11457653382b1512fd893fda45260071da58a
E1,defocus_blur,3,shuffled_donor,0.01,1.0,,4,0,-0.3500000000000003,2000,0.03109452736318408,0.05636070853462158,804,621,-0.04309988057613373,99fc6ef526bc821b82a48435c0a11457653382b1512fd893fda45260071da58a
E1,defocus_blur,3,shuffled_donor,0.01,1.0,,5,0,-0.40000000000000036,2000,0.03109452736318408,0.057971014492753624,804,621,-0.03270004004240036,99fc6ef526bc821b82a48435c0a11457653382b1512fd893fda45260071da58a
E1,defocus_blur,3,shuffled_donor,0.01,1.0,,6,0,-0.3500000000000003,2000,0.01990049751243781,0.04186795491143317,804,621,-0.014621110141277312,99fc6ef526bc821b82a48435c0a11457653382b1512fd893fda45260071da58a
E1,defocus_blur,3,shuffled_donor,0.01,1.0,,7,0,-0.30000000000000027,2000,0.021144278606965175,0.04508856682769726,804,621,-0.025460124969482422,99fc6ef526bc821b82a48435c0a11457653382b1512fd893fda45260071da58a
E1,defocus_blur,3,shuffled_donor,0.01,1.0,,8,0,-0.6500000000000006,2000,0.011194029850746268,0.03542673107890499,804,621,-0.019905271887779234,99fc6ef526bc821b82a48435c0a11457653382b1512fd893fda45260071da58a
E1,defocus_blur,3,shuffled_donor,0.01,1.0,,9,0,-0.40000000000000036,2000,0.01616915422885572,0.03542673107890499,804,621,-0.037516245305538175,99fc6ef526bc821b82a48435c0a11457653382b1512fd893fda45260071da58a
E1,defocus_blur,3,shuffled_donor,0.01,1.0,,10,0,-0.15000000000000013,2000,0.014925373134328358,0.024154589371980676,804,621,-0.02675896978378296,99fc6ef526bc821b82a48435c0a11457653382b1512fd893fda45260071da58a
E1,defocus_blur,3,shuffled_donor,0.01,1.0,,11,0,0.0,2000,0.018656716417910446,0.027375201288244767,804,621,-0.024614030480384828,99fc6ef526bc821b82a48435c0a11457653382b1512fd893fda45260071da58a
E1,defocus_blur,3,shuffled_donor,0.01,1.0,,12,0,0.050000000000000044,2000,0.018656716417910446,0.027375201288244767,804,621,-0.02491166615486145,99fc6ef526bc821b82a48435c0a11457653382b1512fd893fda45260071da58a
E1,defocus_blur,3,shuffled_donor,0.01,1.0,,13,0,-0.30000000000000027,2000,0.014925373134328358,0.030595813204508857,804,621,-0.0306222106218338,99fc6ef526bc821b82a48435c0a11457653382b1512fd893fda45260071da58a
E1,defocus_blur,3,shuffled_donor,0.01,1.0,,14,0,-0.050000000000000044,2000,0.01616915422885572,0.024154589371980676,804,621,-0.02556685823202133,99fc6ef526bc821b82a48435c0a11457653382b1512fd893fda45260071da58a
E1,defocus_blur,3,shuffled_donor,0.01,1.0,,15,0,-0.2500000000000002,2000,0.008706467661691543,0.020933977455716585,804,621,-0.018755713641643523,99fc6ef526bc821b82a48435c0a11457653382b1512fd893fda45260071da58a
E1,defocus_blur,5,partial_channel,0.01,1.0,,0,0,0.40000000000000036,2000,0.0274822695035461,0.09219858156028368,1128,282,0.05392349565029144,99fc6ef526bc821b82a48435c0a11457653382b1512fd893fda45260071da58a
E1,defocus_blur,5,partial_channel,0.01,1.0,,0,1,0.15000000000000013,2000,0.01152482269503546,0.03900709219858156,1128,282,0.034716015279293064,99fc6ef526bc821b82a48435c0a11457653382b1512fd893fda45260071da58a
E1,defocus_blur,5,partial_channel,0.01,1.0,,0,2,-0.04999999999999727,2000,0.0070921985815602835,0.0425531914893617,1128,282,-0.05600012856721878,99fc6ef526bc821b82a48435c0a11457653382b1512fd893fda45260071da58a
E1,defocus_blur,5,partial_channel,0.01,1.0,,0,3,0.4500000000000004,2000,0.01152482269503546,0.024822695035460994,1128,282,0.027761120676994325,99fc6ef526bc821b82a48435c0a11457653382b1512fd893fda45260071da58a
E1,defocus_blur,5,partial_channel,0.01,1.0,,0,4,0.40000000000000036,2000,0.013297872340425532,0.04609929078014184,1128,282,0.13280160695314408,99fc6ef526bc821b82a48435c0a11457653382b1512fd893fda45260071da58a
E1,defocus_blur,5,partial_channel,0.05,1.0,,0,0,1.6500000000000015,2000,0.0549645390070922,0.12411347517730496,1128,282,0.2864909424781799,99fc6ef526bc821b82a48435c0a11457653382b1512fd893fda45260071da58a
E1,defocus_blur,5,partial_channel,0.05,1.0,,0,1,0.0,2000,0.047872340425531915,0.20921985815602837,1128,282,0.198391643345356,99fc6ef526bc821b82a48435c0a11457653382b1512fd893fda45260071da58a
E1,defocus_blur,5,partial_channel,0.05,1.0,,0,2,-0.09999999999999731,2000,0.034574468085106384,0.17375886524822695,1128,282,-0.13521100306510925,99fc6ef526bc821b82a48435c0a11457653382b1512fd893fda45260071da58a
E1,defocus_blur,5,partial_channel,0.05,1.0,,0,3,1.6500000000000015,2000,0.0549645390070922,0.13120567375886524,1128,282,0.2520641497373581,99fc6ef526bc821b82a48435c0a11457653382b1512fd893fda45260071da58a
E1,defocus_blur,5,partial_channel,0.05,1.0,,0,4,1.9500000000000017,2000,0.07358156028368794,0.18085106382978725,1128,282,0.6030748039484024,99fc6ef526bc821b82a48435c0a11457653382b1512fd893fda45260071da58a
E1,defocus_blur,5,partial_channel,0.1,1.0,,0,0,3.3000000000000003,2000,0.07535460992907801,0.1099290780141844,1128,282,0.4416364465355873,99fc6ef526bc821b82a48435c0a11457653382b1512fd893fda45260071da58a
E1,defocus_blur,5,partial_channel,0.1,1.0,,0,1,0.6500000000000006,2000,0.06294326241134751,0.23404255319148937,1128,282,0.17809839540719985,99fc6ef526bc821b82a48435c0a11457653382b1512fd893fda45260071da58a
E1,defocus_blur,5,partial_channel,0.1,1.0,,0,2,1.100000000000001,2000,0.06826241134751773,0.21631205673758866,1128,282,0.16796897786855697,99fc6ef526bc821b82a48435c0a11457653382b1512fd893fda45260071da58a
E1,defocus_blur,5,partial_channel,0.1,1.0,,0,3,0.15000000000000013,2000,0.051418439716312055,0.22340425531914893,1128,282,0.05684633892774582,99fc6ef526bc821b82a48435c0a11457653382b1512fd893fda45260071da58a
E1,defocus_blur,5,partial_channel,0.1,1.0,,0,4,3.5000000000000004,2000,0.10106382978723404,0.20567375886524822,1128,282,0.8018056479096413,99fc6ef526bc821b82a48435c0a11457653382b1512fd893fda45260071da58a
E1,defocus_blur,5,partial_channel,0.2,1.0,,0,0,7.400000000000001,2000,0.15070921985815602,0.1347517730496454,1128,282,0.9639365748763085,99fc6ef526bc821b82a48435c0a11457653382b1512fd893fda45260071da58a
E1,defocus_blur,5,partial_channel,0.2,1.0,,0,1,2.5500000000000025,2000,0.0975177304964539,0.2624113475177305,1128,282,0.47931365555524824,99fc6ef526bc821b82a48435c0a11457653382b1512fd893fda45260071da58a
E1,defocus_blur,5,partial_channel,0.2,1.0,,0,2,10.200000000000001,2000,0.2127659574468085,0.20212765957446807,1128,282,1.3936888846755027,99fc6ef526bc821b82a48435c0a11457653382b1512fd893fda45260071da58a
E1,defocus_blur,5,partial_channel,0.2,1.0,,0,3,-4.049999999999998,2000,0.07890070921985816,0.6347517730496454,1128,282,-3.062356246352196,99fc6ef526bc821b82a48435c0a11457653382b1512fd893fda45260071da58a
E1,defocus_blur,5,partial_channel,0.2,1.0,,0,4,4.550000000000002,2000,0.11170212765957446,0.1773049645390071,1128,282,0.6548195506334304,99fc6ef526bc821b82a48435c0a11457653382b1512fd893fda45260071da58a
E1,defocus_blur,5,partial_channel,0.01,1.0,,1,0,0.3500000000000003,2000,0.015957446808510637,0.04609929078014184,1128,282,0.07914591282606125,99fc6ef526bc821b82a48435c0a11457653382b1512fd893fda45260071da58a
E1,defocus_blur,5,partial_channel,0.01,1.0,,1,1,0.050000000000000044,2000,0.007978723404255319,0.03900709219858156,1128,282,-0.027310152292251588,99fc6ef526bc821b82a48435c0a11457653382b1512fd893fda45260071da58a
E1,defocus_blur,5,partial_channel,0.01,1.0,,1,2,0.050000000000000044,2000,0.004432624113475178,0.028368794326241134,1128,282,0.01232155066728592,99fc6ef526bc821b82a48435c0a11457653382b1512fd893fda45260071da58a
E1,defocus_blur,5,partial_channel,0.01,1.0,,1,3,0.20000000000000018,2000,0.007978723404255319,0.02127659574468085,1128,282,-0.008750223994255065,99fc6ef526bc821b82a48435c0a11457653382b1512fd893fda45260071da58a
E1,defocus_blur,5,partial_channel,0.01,1.0,,1,4,-0.34999999999999754,2000,0.0062056737588652485,0.05673758865248227,1128,282,0.005624508857727051,99fc6ef526bc821b82a48435c0a11457653382b1512fd893fda45260071da58a
E1,defocus_blur,5,partial_channel,0.05,1.0,,1,0,1.150000000000001,2000,0.03723404255319149,0.0851063829787234,1128,282,0.24927008181810378,99fc6ef526bc821b82a48435c0a11457653382b1512fd893fda45260071da58a
E1,defocus_blur,5,partial_channel,0.05,1.0,,1,1,0.6500000000000006,2000,0.051418439716312055,0.18439716312056736,1128,282,0.3047744056582451,99fc6ef526bc821b82a48435c0a11457653382b1512fd893fda45260071da58a
E1,defocus_blur,5,partial_channel,0.05,1.0,,1,2,-1.049999999999998,2000,0.02127659574468085,0.18085106382978725,1128,282,-0.362171528339386,99fc6ef526bc821b82a48435c0a11457653382b1512fd893fda45260071da58a
E1,defocus_blur,5,partial_channel,0.05,1.0,,1,3,1.4000000000000012,2000,0.03546099290780142,0.06028368794326241,1128,282,0.06868349409103394,99fc6ef526bc821b82a48435c0a11457653382b1512fd893fda45260071da58a
E1,defocus_blur,5,partial_channel,0.05,1.0,,1,4,1.3000000000000012,2000,0.044326241134751775,0.10283687943262411,1128,282,0.3312993727326393,99fc6ef526bc821b82a48435c0a11457653382b1512fd893fda45260071da58a
E1,defocus_blur,5,partial_channel,0.1,1.0,,1,0,1.150000000000001,2000,0.03723404255319149,0.09219858156028368,1128,282,0.09482000803947449,99fc6ef526bc821b82a48435c0a11457653382b1512fd893fda45260071da58a
E1,defocus_blur,5,partial_channel,0.1,1.0,,1,1,0.9000000000000008,2000,0.05939716312056738,0.1950354609929078,1128,282,0.34675027495622635,99fc6ef526bc821b82a48435c0a11457653382b1512fd893fda45260071da58a
E1,defocus_blur,5,partial_channel,0.1,1.0,,1,2,1.050000000000001,2000,0.051418439716312055,0.1702127659574468,1128,282,-0.047936366200447084,99fc6ef526bc821b82a48435c0a11457653382b1512fd893fda45260071da58a
E1,defocus_blur,5,partial_channel,0.1,1.0,,1,3,0.9500000000000008,2000,0.0398936170212766,0.1099290780141844,1128,282,0.09466555619239807,99fc6ef526bc821b82a48435c0a11457653382b1512fd893fda45260071da58a
E1,defocus_blur,5,partial_channel,0.1,1.0,,1,4,0.30000000000000027,2000,0.034574468085106384,0.14184397163120568,1128,282,0.07124887835979461,99fc6ef526bc821b82a48435c0a11457653382b1512fd893fda45260071da58a
E1,defocus_blur,5,partial_channel,0.2,1.0,,1,0,1.5000000000000013,2000,0.061170212765957445,0.18085106382978725,1128,282,-0.09304219430685043,99fc6ef526bc821b82a48435c0a11457653382b1512fd893fda45260071da58a
E1,defocus_blur,5,partial_channel,0.2,1.0,,1,1,3.3000000000000003,2000,0.09397163120567376,0.19148936170212766,1128,282,0.5487104259133339,99fc6ef526bc821b82a48435c0a11457653382b1512fd893fda45260071da58a
E1,defocus_blur,5,partial_channel,0.2,1.0,,1,2,6.3,2000,0.12854609929078015,0.13829787234042554,1128,282,0.8898965336084366,99fc6ef526bc821b82a48435c0a11457653382b1512fd893fda45260071da58a
E1,defocus_blur,5,partial_channel,0.2,1.0,,1,3,-0.7999999999999979,2000,0.08599290780141844,0.4645390070921986,1128,282,-0.4017906427979469,99fc6ef526bc821b82a48435c0a11457653382b1512fd893fda45260071da58a
E1,defocus_blur,5,partial_channel,0.2,1.0,,1,4,0.8000000000000007,2000,0.054078014184397165,0.19148936170212766,1128,282,-0.02211874121427536,99fc6ef526bc821b82a48435c0a11457653382b1512fd893fda45260071da58a
E1,defocus_blur,5,partial_channel,0.01,1.0,,2,0,0.9000000000000008,2000,0.01773049645390071,0.02127659574468085,1128,282,0.08406053322553635,99fc6ef526bc821b82a48435c0a11457653382b1512fd893fda45260071da58a
E1,defocus_blur,5,partial_channel,0.01,1.0,,2,1,0.2500000000000002,2000,0.01152482269503546,0.03546099290780142,1128,282,0.039145187377929686,99fc6ef526bc821b82a48435c0a11457653382b1512fd893fda45260071da58a
E1,defocus_blur,5,partial_channel,0.01,1.0,,2,2,0.15000000000000013,2000,0.005319148936170213,0.02127659574468085,1128,282,0.016396398425102234,99fc6ef526bc821b82a48435c0a11457653382b1512fd893fda45260071da58a
E1,defocus_blur,5,partial_channel,0.01,1.0,,2,3,0.3500000000000003,2000,0.012411347517730497,0.03900709219858156,1128,282,0.015047015607357024,99fc6ef526bc821b82a48435c0a11457653382b1512fd893fda45260071da58a
E1,defocus_blur,5,partial_channel,0.01,1.0,,2,4,0.2500000000000002,2000,0.008865248226950355,0.024822695035460994,1128,282,0.027272119760513306,99fc6ef526bc821b82a48435c0a11457653382b1512fd893fda45260071da58a
E1,defocus_blur,5,partial_channel,0.05,1.0,,2,0,1.6000000000000014,2000,0.04521276595744681,0.08865248226950355,1128,282,0.3537377179265022,99fc6ef526bc821b82a48435c0a11457653382b1512fd893fda45260071da58a
E1,defocus_blur,5,partial_channel,0.05,1.0,,2,1,1.4000000000000012,2000,0.04521276595744681,0.11702127659574468,1128,282,0.3160477331876755,99fc6ef526bc821b82a48435c0a11457653382b1512fd893fda45260071da58a
E1,defocus_blur,5,partial_channel,0.05,1.0,,2,2,-1.4999999999999987,2000,0.013297872340425532,0.1879432624113475,1128,282,-0.3125866549015045,99fc6ef526bc821b82a48435c0a11457653382b1512fd893fda45260071da58a
E1,defocus_blur,5,partial_channel,0.05,1.0,,2,3,1.4500000000000013,2000,0.03368794326241135,0.04609929078014184,1128,282,0.11952954226732254,99fc6ef526bc821b82a48435c0a11457653382b1512fd893fda45260071da58a
E1,defocus_blur,5,partial_channel,0.05,1.0,,2,4,1.050000000000001,2000,0.03634751773049645,0.0851063829787234,1128,282,0.2926875505447388,99fc6ef526bc821b82a48435c0a11457653382b1512fd893fda45260071da58a
E1,defocus_blur,5,partial_channel,0.1,1.0,,2,0,2.0500000000000016,2000,0.057624113475177305,0.10283687943262411,1128,282,0.3390015655755997,99fc6ef526bc821b82a48435c0a11457653382b1512fd893fda45260071da58a
E1,defocus_blur,5,partial_channel,0.1,1.0,,2,1,1.9500000000000017,2000,0.06382978723404255,0.14893617021276595,1128,282,0.3938735873103142,99fc6ef526bc821b82a48435c0a11457653382b1512fd893fda45260071da58a
E1,defocus_blur,5,partial_channel,0.1,1.0,,2,2,1.3000000000000012,2000,0.05585106382978723,0.1702127659574468,1128,282,0.08767589497566224,99fc6ef526bc821b82a48435c0a11457653382b1512fd893fda45260071da58a
E1,defocus_blur,5,partial_channel,0.1,1.0,,2,3,1.200000000000001,2000,0.038120567375886524,0.08156028368794327,1128,282,0.17383933758735656,99fc6ef526bc821b82a48435c0a11457653382b1512fd893fda45260071da58a
E1,defocus_blur,5,partial_channel,0.1,1.0,,2,4,0.7500000000000007,2000,0.0398936170212766,0.1347517730496454,1128,282,0.2650814524292946,99fc6ef526bc821b82a48435c0a11457653382b1512fd893fda45260071da58a
E1,defocus_blur,5,partial_channel,0.2,1.0,,2,0,3.6500000000000004,2000,0.08953900709219859,0.14893617021276595,1128,282,0.3659674367904663,99fc6ef526bc821b82a48435c0a11457653382b1512fd893fda45260071da58a
E1,defocus_blur,5,partial_channel,0.2,1.0,,2,1,4.000000000000001,2000,0.10017730496453901,0.1773049645390071,1128,282,0.6653983137607574,99fc6ef526bc821b82a48435c0a11457653382b1512fd893fda45260071da58a
E1,defocus_blur,5,partial_channel,0.2,1.0,,2,2,7.900000000000001,2000,0.1551418439716312,0.12411347517730496,1128,282,1.1644521771073342,99fc6ef526bc821b82a48435c0a11457653382b1512fd893fda45260071da58a
E1,defocus_blur,5,partial_channel,0.2,1.0,,2,3,0.30000000000000027,2000,0.10372340425531915,0.4148936170212766,1128,282,0.5755228427648544,99fc6ef526bc821b82a48435c0a11457653382b1512fd893fda45260071da58a
E1,defocus_blur,5,partial_channel,0.2,1.0,,2,4,-1.0999999999999983,2000,0.03723404255319149,0.2553191489361702,1128,282,-0.08613336753845215,99fc6ef526bc821b82a48435c0a11457653382b1512fd893fda45260071da58a
E1,defocus_blur,5,partial_channel,0.01,1.0,,3,0,0.3500000000000003,2000,0.013297872340425532,0.03900709219858156,1128,282,0.03029482954740524,99fc6ef526bc821b82a48435c0a11457653382b1512fd893fda45260071da58a
E1,defocus_blur,5,partial_channel,0.01,1.0,,3,1,0.5000000000000004,2000,0.015957446808510637,0.0425531914893617,1128,282,0.0783787899017334,99fc6ef526bc821b82a48435c0a11457653382b1512fd893fda45260071da58a
E1,defocus_blur,5,partial_channel,0.01,1.0,,3,2,0.5000000000000004,2000,0.016843971631205674,0.0425531914893617,1128,282,-0.020111986815929413,99fc6ef526bc821b82a48435c0a11457653382b1512fd893fda45260071da58a
E1,defocus_blur,5,partial_channel,0.01,1.0,,3,3,0.15000000000000013,2000,0.015070921985815602,0.05319148936170213,1128,282,-0.03746446448564529,99fc6ef526bc821b82a48435c0a11457653382b1512fd893fda45260071da58a
E1,defocus_blur,5,partial_channel,0.01,1.0,,3,4,0.9000000000000008,2000,0.01773049645390071,0.014184397163120567,1128,282,-0.007050775170326233,99fc6ef526bc821b82a48435c0a11457653382b1512fd893fda45260071da58a
E1,defocus_blur,5,partial_channel,0.05,1.0,,3,0,0.5500000000000005,2000,0.025709219858156027,0.07446808510638298,1128,282,0.0027191450595855714,99fc6ef526bc821b82a48435c0a11457653382b1512fd893fda45260071da58a
E1,defocus_blur,5,partial_channel,0.05,1.0,,3,1,0.7000000000000006,2000,0.04343971631205674,0.1347517730496454,1128,282,-0.2158494465947151,99fc6ef526bc821b82a48435c0a11457653382b1512fd893fda45260071da58a
E1,defocus_blur,5,partial_channel,0.05,1.0,,3,2,3.9500000000000006,2000,0.08156028368794327,0.08156028368794327,1128,282,0.6210435376167297,99fc6ef526bc821b82a48435c0a11457653382b1512fd893fda45260071da58a
E1,defocus_blur,5,partial_channel,0.05,1.0,,3,3,2.8500000000000023,2000,0.061170212765957445,0.0673758865248227,1128,282,0.2463970695734024,99fc6ef526bc821b82a48435c0a11457653382b1512fd893fda45260071da58a
E1,defocus_blur,5,partial_channel,0.05,1.0,,3,4,1.150000000000001,2000,0.0398936170212766,0.0851063829787234,1128,282,-0.1051534257531166,99fc6ef526bc821b82a48435c0a11457653382b1512fd893fda45260071da58a
E1,defocus_blur,5,partial_channel,0.1,1.0,,3,0,2.150000000000002,2000,0.07358156028368794,0.16666666666666666,1128,282,0.4958152387738228,99fc6ef526bc821b82a48435c0a11457653382b1512fd893fda45260071da58a
E1,defocus_blur,5,partial_channel,0.1,1.0,,3,1,3.35,2000,0.10017730496453901,0.1950354609929078,1128,282,0.3837272238731384,99fc6ef526bc821b82a48435c0a11457653382b1512fd893fda45260071da58a
E1,defocus_blur,5,partial_channel,0.1,1.0,,3,2,5.5500000000000025,2000,0.1276595744680851,0.1453900709219858,1128,282,1.0139364109039306,99fc6ef526bc821b82a48435c0a11457653382b1512fd893fda45260071da58a
E1,defocus_blur,5,partial_channel,0.1,1.0,,3,3,5.350000000000002,2000,0.12411347517730496,0.1524822695035461,1128,282,0.5520834223031997,99fc6ef526bc821b82a48435c0a11457653382b1512fd893fda45260071da58a
E1,defocus_blur,5,partial_channel,0.1,1.0,,3,4,1.8000000000000016,2000,0.05939716312056738,0.1453900709219858,1128,282,-0.08433395862579346,99fc6ef526bc821b82a48435c0a11457653382b1512fd893fda45260071da58a
E1,defocus_blur,5,partial_channel,0.2,1.0,,3,0,5.300000000000002,2000,0.1453900709219858,0.2553191489361702,1128,282,0.8335169135332108,99fc6ef526bc821b82a48435c0a11457653382b1512fd893fda45260071da58a
E1,defocus_blur,5,partial_channel,0.2,1.0,,3,1,12.900000000000004,2000,0.26152482269503546,0.2127659574468085,1128,282,1.5261261450648307,99fc6ef526bc821b82a48435c0a11457653382b1512fd893fda45260071da58a
E1,defocus_blur,5,partial_channel,0.2,1.0,,3,2,12.300000000000002,2000,0.2349290780141844,0.1347517730496454,1128,282,1.7193803541660309,99fc6ef526bc821b82a48435c0a11457653382b1512fd893fda45260071da58a
E1,defocus_blur,5,partial_channel,0.2,1.0,,3,3,9.100000000000003,2000,0.1799645390070922,0.13120567375886524,1128,282,0.858853774011135,99fc6ef526bc821b82a48435c0a11457653382b1512fd893fda45260071da58a
E1,defocus_blur,5,partial_channel,0.2,1.0,,3,4,6.25,2000,0.13031914893617022,0.11347517730496454,1128,282,0.6080999357104302,99fc6ef526bc821b82a48435c0a11457653382b1512fd893fda45260071da58a
E1,defocus_blur,5,partial_channel,0.01,1.0,,4,0,0.40000000000000036,2000,0.013297872340425532,0.031914893617021274,1128,282,0.01660113799571991,99fc6ef526bc821b82a48435c0a11457653382b1512fd893fda45260071da58a
E1,defocus_blur,5,partial_channel,0.01,1.0,,4,1,0.2500000000000002,2000,0.015070921985815602,0.05319148936170213,1128,282,0.08363381880521774,99fc6ef526bc821b82a48435c0a11457653382b1512fd893fda45260071da58a
E1,defocus_blur,5,partial_channel,0.01,1.0,,4,2,0.20000000000000018,2000,0.015070921985815602,0.05319148936170213,1128,282,-0.060189998090267184,99fc6ef526bc821b82a48435c0a11457653382b1512fd893fda45260071da58a
E1,defocus_blur,5,partial_channel,0.01,1.0,,4,3,0.10000000000000009,2000,0.016843971631205674,0.06382978723404255,1128,282,-0.0989589730501175,99fc6ef526bc821b82a48435c0a11457653382b1512fd893fda45260071da58a
E1,defocus_blur,5,partial_channel,0.01,1.0,,4,4,0.8500000000000008,2000,0.01773049645390071,0.01773049645390071,1128,282,-0.0021502577662467957,99fc6ef526bc821b82a48435c0a11457653382b1512fd893fda45260071da58a
E1,defocus_blur,5,partial_channel,0.05,1.0,,4,0,1.200000000000001,2000,0.03900709219858156,0.0851063829787234,1128,282,0.2555157315135002,99fc6ef526bc821b82a48435c0a11457653382b1512fd893fda45260071da58a
E1,defocus_blur,5,partial_channel,0.05,1.0,,4,1,0.7500000000000007,2000,0.04609929078014184,0.1524822695035461,1128,282,-0.22985615801811218,99fc6ef526bc821b82a48435c0a11457653382b1512fd893fda45260071da58a
E1,defocus_blur,5,partial_channel,0.05,1.0,,4,2,3.0000000000000027,2000,0.06560283687943262,0.07446808510638298,1128,282,0.49524180150032043,99fc6ef526bc821b82a48435c0a11457653382b1512fd893fda45260071da58a
E1,defocus_blur,5,partial_channel,0.05,1.0,,4,3,3.15,2000,0.06826241134751773,0.07801418439716312,1128,282,0.3029999918937683,99fc6ef526bc821b82a48435c0a11457653382b1512fd893fda45260071da58a
E1,defocus_blur,5,partial_channel,0.05,1.0,,4,4,0.8500000000000008,2000,0.03368794326241135,0.0851063829787234,1128,282,-0.0005423429608345031,99fc6ef526bc821b82a48435c0a11457653382b1512fd893fda45260071da58a
E1,defocus_blur,5,partial_channel,0.1,1.0,,4,0,3.9500000000000006,2000,0.11170212765957446,0.20921985815602837,1128,282,0.7366213703155517,99fc6ef526bc821b82a48435c0a11457653382b1512fd893fda45260071da58a
E1,defocus_blur,5,partial_channel,0.1,1.0,,4,1,3.9500000000000006,2000,0.10638297872340426,0.19148936170212766,1128,282,0.36740889197587967,99fc6ef526bc821b82a48435c0a11457653382b1512fd893fda45260071da58a
E1,defocus_blur,5,partial_channel,0.1,1.0,,4,2,4.650000000000001,2000,0.0975177304964539,0.09929078014184398,1128,282,0.7775853114724159,99fc6ef526bc821b82a48435c0a11457653382b1512fd893fda45260071da58a
E1,defocus_blur,5,partial_channel,0.1,1.0,,4,3,6.4,2000,0.1276595744680851,0.09219858156028368,1128,282,0.5653098346590996,99fc6ef526bc821b82a48435c0a11457653382b1512fd893fda45260071da58a
E1,defocus_blur,5,partial_channel,0.1,1.0,,4,4,2.7500000000000027,2000,0.06826241134751773,0.1099290780141844,1128,282,0.008751753747463226,99fc6ef526bc821b82a48435c0a11457653382b1512fd893fda45260071da58a
E1,defocus_blur,5,partial_channel,0.2,1.0,,4,0,5.650000000000002,2000,0.15425531914893617,0.26595744680851063,1128,282,0.7660939649343491,99fc6ef526bc821b82a48435c0a11457653382b1512fd893fda45260071da58a
E1,defocus_blur,5,partial_channel,0.2,1.0,,4,1,12.200000000000003,2000,0.2349290780141844,0.16312056737588654,1128,282,1.5174931166172028,99fc6ef526bc821b82a48435c0a11457653382b1512fd893fda45260071da58a
E1,defocus_blur,5,partial_channel,0.2,1.0,,4,2,11.000000000000002,2000,0.20301418439716312,0.10283687943262411,1128,282,1.3556245673298837,99fc6ef526bc821b82a48435c0a11457653382b1512fd893fda45260071da58a
E1,defocus_blur,5,partial_channel,0.2,1.0,,4,3,11.000000000000002,2000,0.20656028368794327,0.11347517730496454,1128,282,0.9997476705908775,99fc6ef526bc821b82a48435c0a11457653382b1512fd893fda45260071da58a
E1,defocus_blur,5,partial_channel,0.2,1.0,,4,4,8.950000000000003,2000,0.16666666666666666,0.09929078014184398,1128,282,0.9252349249720574,99fc6ef526bc821b82a48435c0a11457653382b1512fd893fda45260071da58a
E1,defocus_blur,5,partial_channel,0.01,1.0,,5,0,0.5500000000000005,2000,0.015957446808510637,0.031914893617021274,1128,282,0.030091065526008605,99fc6ef526bc821b82a48435c0a11457653382b1512fd893fda45260071da58a
E1,defocus_blur,5,partial_channel,0.01,1.0,,5,1,0.8500000000000008,2000,0.01950354609929078,0.028368794326241134,1128,282,0.07032633042335511,99fc6ef526bc821b82a48435c0a11457653382b1512fd893fda45260071da58a
E1,defocus_blur,5,partial_channel,0.01,1.0,,5,2,0.0,2000,0.01152482269503546,0.04609929078014184,1128,282,-0.06099832808971405,99fc6ef526bc821b82a48435c0a11457653382b1512fd893fda45260071da58a
E1,defocus_blur,5,partial_channel,0.01,1.0,,5,3,0.20000000000000018,2000,0.01773049645390071,0.06382978723404255,1128,282,-0.10153215962648392,99fc6ef526bc821b82a48435c0a11457653382b1512fd893fda45260071da58a
E1,defocus_blur,5,partial_channel,0.01,1.0,,5,4,0.4500000000000004,2000,0.010638297872340425,0.014184397163120567,1128,282,-0.00911627072095871,99fc6ef526bc821b82a48435c0a11457653382b1512fd893fda45260071da58a
E1,defocus_blur,5,partial_channel,0.05,1.0,,5,0,1.9000000000000017,2000,0.04875886524822695,0.07801418439716312,1128,282,0.27726385289430616,99fc6ef526bc821b82a48435c0a11457653382b1512fd893fda45260071da58a
E1,defocus_blur,5,partial_channel,0.05,1.0,,5,1,1.5000000000000013,2000,0.04964539007092199,0.11702127659574468,1128,282,-0.12895296877622606,99fc6ef526bc821b82a48435c0a11457653382b1512fd893fda45260071da58a
E1,defocus_blur,5,partial_channel,0.05,1.0,,5,2,1.9000000000000017,2000,0.044326241134751775,0.06382978723404255,1128,282,0.2823662459254265,99fc6ef526bc821b82a48435c0a11457653382b1512fd893fda45260071da58a
E1,defocus_blur,5,partial_channel,0.05,1.0,,5,3,2.9000000000000026,2000,0.06560283687943262,0.07801418439716312,1128,282,0.24874640476703644,99fc6ef526bc821b82a48435c0a11457653382b1512fd893fda45260071da58a
E1,defocus_blur,5,partial_channel,0.05,1.0,,5,4,0.7500000000000007,2000,0.028368794326241134,0.07801418439716312,1128,282,0.018356183469295503,99fc6ef526bc821b82a48435c0a11457653382b1512fd893fda45260071da58a
E1,defocus_blur,5,partial_channel,0.1,1.0,,5,0,4.950000000000002,2000,0.12056737588652482,0.1879432624113475,1128,282,0.7615903616547585,99fc6ef526bc821b82a48435c0a11457653382b1512fd893fda45260071da58a
E1,defocus_blur,5,partial_channel,0.1,1.0,,5,1,5.900000000000002,2000,0.13031914893617022,0.14893617021276595,1128,282,0.5769584165811539,99fc6ef526bc821b82a48435c0a11457653382b1512fd893fda45260071da58a
E1,defocus_blur,5,partial_channel,0.1,1.0,,5,2,3.6500000000000004,2000,0.08156028368794327,0.09929078014184398,1128,282,0.5803405573964119,99fc6ef526bc821b82a48435c0a11457653382b1512fd893fda45260071da58a
E1,defocus_blur,5,partial_channel,0.1,1.0,,5,3,5.950000000000003,2000,0.11879432624113476,0.09574468085106383,1128,282,0.5038057637810707,99fc6ef526bc821b82a48435c0a11457653382b1512fd893fda45260071da58a
E1,defocus_blur,5,partial_channel,0.1,1.0,,5,4,2.5500000000000025,2000,0.06560283687943262,0.10283687943262411,1128,282,0.06486316043138504,99fc6ef526bc821b82a48435c0a11457653382b1512fd893fda45260071da58a
E1,defocus_blur,5,partial_channel,0.2,1.0,,5,0,8.300000000000002,2000,0.18262411347517732,0.2127659574468085,1128,282,1.0340345973968506,99fc6ef526bc821b82a48435c0a11457653382b1512fd893fda45260071da58a
E1,defocus_blur,5,partial_channel,0.2,1.0,,5,1,12.400000000000002,2000,0.2349290780141844,0.14184397163120568,1128,282,1.5690139876604081,99fc6ef526bc821b82a48435c0a11457653382b1512fd893fda45260071da58a
E1,defocus_blur,5,partial_channel,0.2,1.0,,5,2,9.6,2000,0.18085106382978725,0.09219858156028368,1128,282,1.124338590502739,99fc6ef526bc821b82a48435c0a11457653382b1512fd893fda45260071da58a
E1,defocus_blur,5,partial_channel,0.2,1.0,,5,3,11.000000000000002,2000,0.2047872340425532,0.08865248226950355,1128,282,1.01738972145319,99fc6ef526bc821b82a48435c0a11457653382b1512fd893fda45260071da58a
E1,defocus_blur,5,partial_channel,0.2,1.0,,5,4,9.300000000000002,2000,0.17198581560283688,0.07446808510638298,1128,282,1.0245712066292763,99fc6ef526bc821b82a48435c0a11457653382b1512fd893fda45260071da58a
E1,defocus_blur,5,partial_channel,0.01,1.0,,6,0,0.4500000000000004,2000,0.013297872340425532,0.031914893617021274,1128,282,0.03452622354030609,99fc6ef526bc821b82a48435c0a11457653382b1512fd893fda45260071da58a
E1,defocus_blur,5,partial_channel,0.01,1.0,,6,1,0.7000000000000006,2000,0.018617021276595744,0.03546099290780142,1128,282,0.05828740656375885,99fc6ef526bc821b82a48435c0a11457653382b1512fd893fda45260071da58a
E1,defocus_blur,5,partial_channel,0.01,1.0,,6,2,0.15000000000000013,2000,0.010638297872340425,0.03546099290780142,1128,282,-0.017444943606853485,99fc6ef526bc821b82a48435c0a11457653382b1512fd893fda45260071da58a
E1,defocus_blur,5,partial_channel,0.01,1.0,,6,3,0.5000000000000004,2000,0.016843971631205674,0.03900709219858156,1128,282,-0.005763550639152527,99fc6ef526bc821b82a48435c0a11457653382b1512fd893fda45260071da58a
E1,defocus_blur,5,partial_channel,0.01,1.0,,6,4,0.2500000000000002,2000,0.004432624113475178,0.0035460992907801418,1128,282,-0.005011699497699738,99fc6ef526bc821b82a48435c0a11457653382b1512fd893fda45260071da58a
E1,defocus_blur,5,partial_channel,0.05,1.0,,6,0,1.7000000000000015,2000,0.05053191489361702,0.10283687943262411,1128,282,0.2611941579580307,99fc6ef526bc821b82a48435c0a11457653382b1512fd893fda45260071da58a
E1,defocus_blur,5,partial_channel,0.05,1.0,,6,1,2.300000000000002,2000,0.05851063829787234,0.09219858156028368,1128,282,0.056518374979496,99fc6ef526bc821b82a48435c0a11457653382b1512fd893fda45260071da58a
E1,defocus_blur,5,partial_channel,0.05,1.0,,6,2,1.7500000000000016,2000,0.04609929078014184,0.07801418439716312,1128,282,0.27098047906160355,99fc6ef526bc821b82a48435c0a11457653382b1512fd893fda45260071da58a
E1,defocus_blur,5,partial_channel,0.05,1.0,,6,3,3.6000000000000005,2000,0.0700354609929078,0.06028368794326241,1128,282,0.32354589158296587,99fc6ef526bc821b82a48435c0a11457653382b1512fd893fda45260071da58a
E1,defocus_blur,5,partial_channel,0.05,1.0,,6,4,1.3000000000000012,2000,0.031914893617021274,0.05319148936170213,1128,282,0.11259683102369308,99fc6ef526bc821b82a48435c0a11457653382b1512fd893fda45260071da58a
E1,defocus_blur,5,partial_channel,0.1,1.0,,6,0,4.250000000000001,2000,0.11081560283687943,0.1950354609929078,1128,282,0.7269803749322892,99fc6ef526bc821b82a48435c0a11457653382b1512fd893fda45260071da58a
E1,defocus_blur,5,partial_channel,0.1,1.0,,6,1,6.000000000000003,2000,0.12854609929078015,0.12411347517730496,1128,282,0.7635918061137199,99fc6ef526bc821b82a48435c0a11457653382b1512fd893fda45260071da58a
E1,defocus_blur,5,partial_channel,0.1,1.0,,6,2,3.8500000000000005,2000,0.08333333333333333,0.0851063829787234,1128,282,0.601145349085331,99fc6ef526bc821b82a48435c0a11457653382b1512fd893fda45260071da58a
E1,defocus_blur,5,partial_channel,0.1,1.0,,6,3,7.350000000000001,2000,0.13386524822695037,0.05319148936170213,1128,282,0.6307271729111672,99fc6ef526bc821b82a48435c0a11457653382b1512fd893fda45260071da58a
E1,defocus_blur,5,partial_channel,0.1,1.0,,6,4,3.7500000000000004,2000,0.07535460992907801,0.04964539007092199,1128,282,0.3142165459394455,99fc6ef526bc821b82a48435c0a11457653382b1512fd893fda45260071da58a
E1,defocus_blur,5,partial_channel,0.2,1.0,,6,0,9.250000000000004,2000,0.19060283687943264,0.1702127659574468,1128,282,1.1750543267726898,99fc6ef526bc821b82a48435c0a11457653382b1512fd893fda45260071da58a
E1,defocus_blur,5,partial_channel,0.2,1.0,,6,1,13.750000000000004,2000,0.2553191489361702,0.13120567375886524,1128,282,1.7162193061113358,99fc6ef526bc821b82a48435c0a11457653382b1512fd893fda45260071da58a
E1,defocus_blur,5,partial_channel,0.2,1.0,,6,2,11.450000000000001,2000,0.20390070921985815,0.05673758865248227,1128,282,1.3784694036245346,99fc6ef526bc821b82a48435c0a11457653382b1512fd893fda45260071da58a
E1,defocus_blur,5,partial_channel,0.2,1.0,,6,3,12.200000000000003,2000,0.2127659574468085,0.05673758865248227,1128,282,1.2787437923550606,99fc6ef526bc821b82a48435c0a11457653382b1512fd893fda45260071da58a
E1,defocus_blur,5,partial_channel,0.2,1.0,,6,4,10.850000000000001,2000,0.1950354609929078,0.06382978723404255,1128,282,1.3411760489344597,99fc6ef526bc821b82a48435c0a11457653382b1512fd893fda45260071da58a
E1,defocus_blur,5,partial_channel,0.01,1.0,,7,0,0.7000000000000006,2000,0.015070921985815602,0.02127659574468085,1128,282,0.051094387769699094,99fc6ef526bc821b82a48435c0a11457653382b1512fd893fda45260071da58a
E1,defocus_blur,5,partial_channel,0.01,1.0,,7,1,1.6000000000000014,2000,0.031914893617021274,0.01773049645390071,1128,282,0.18823509562015533,99fc6ef526bc821b82a48435c0a11457653382b1512fd893fda45260071da58a
E1,defocus_blur,5,partial_channel,0.01,1.0,,7,2,0.050000000000000044,2000,0.007978723404255319,0.031914893617021274,1128,282,0.003612920820713043,99fc6ef526bc821b82a48435c0a11457653382b1512fd893fda45260071da58a
E1,defocus_blur,5,partial_channel,0.01,1.0,,7,3,2.0000000000000018,2000,0.03900709219858156,0.0425531914893617,1128,282,0.17428392106294632,99fc6ef526bc821b82a48435c0a11457653382b1512fd893fda45260071da58a
E1,defocus_blur,5,partial_channel,0.01,1.0,,7,4,1.200000000000001,2000,0.02925531914893617,0.04609929078014184,1128,282,0.11534106248617172,99fc6ef526bc821b82a48435c0a11457653382b1512fd893fda45260071da58a
E1,defocus_blur,5,partial_channel,0.05,1.0,,7,0,2.8500000000000023,2000,0.06205673758865248,0.0673758865248227,1128,282,0.34523967605829237,99fc6ef526bc821b82a48435c0a11457653382b1512fd893fda45260071da58a
E1,defocus_blur,5,partial_channel,0.05,1.0,,7,1,4.500000000000001,2000,0.08333333333333333,0.04964539007092199,1128,282,0.7355341222286225,99fc6ef526bc821b82a48435c0a11457653382b1512fd893fda45260071da58a
E1,defocus_blur,5,partial_channel,0.05,1.0,,7,2,3.4000000000000004,2000,0.06560283687943262,0.06028368794326241,1128,282,0.4009198180437088,99fc6ef526bc821b82a48435c0a11457653382b1512fd893fda45260071da58a
E1,defocus_blur,5,partial_channel,0.05,1.0,,7,3,3.45,2000,0.0673758865248227,0.06028368794326241,1128,282,0.3521149082779884,99fc6ef526bc821b82a48435c0a11457653382b1512fd893fda45260071da58a
E1,defocus_blur,5,partial_channel,0.05,1.0,,7,4,4.300000000000001,2000,0.07712765957446809,0.03900709219858156,1128,282,0.5476096131801605,99fc6ef526bc821b82a48435c0a11457653382b1512fd893fda45260071da58a
E1,defocus_blur,5,partial_channel,0.1,1.0,,7,0,4.800000000000002,2000,0.10017730496453901,0.08865248226950355,1128,282,0.389031830906868,99fc6ef526bc821b82a48435c0a11457653382b1512fd893fda45260071da58a
E1,defocus_blur,5,partial_channel,0.1,1.0,,7,1,7.750000000000002,2000,0.14184397163120568,0.05319148936170213,1128,282,1.1773692614436149,99fc6ef526bc821b82a48435c0a11457653382b1512fd893fda45260071da58a
E1,defocus_blur,5,partial_channel,0.1,1.0,,7,2,6.75,2000,0.12056737588652482,0.05319148936170213,1128,282,0.7713130613565445,99fc6ef526bc821b82a48435c0a11457653382b1512fd893fda45260071da58a
E1,defocus_blur,5,partial_channel,0.1,1.0,,7,3,7.400000000000001,2000,0.13386524822695037,0.07446808510638298,1128,282,0.8711010358333587,99fc6ef526bc821b82a48435c0a11457653382b1512fd893fda45260071da58a
E1,defocus_blur,5,partial_channel,0.1,1.0,,7,4,7.400000000000001,2000,0.13386524822695037,0.04964539007092199,1128,282,0.8841690324544906,99fc6ef526bc821b82a48435c0a11457653382b1512fd893fda45260071da58a
E1,defocus_blur,5,partial_channel,0.2,1.0,,7,0,17.55,2000,0.3076241134751773,0.07446808510638298,1128,282,2.2143451637625695,99fc6ef526bc821b82a48435c0a11457653382b1512fd893fda45260071da58a
E1,defocus_blur,5,partial_channel,0.2,1.0,,7,1,17.25,2000,0.299645390070922,0.06028368794326241,1128,282,2.1786728702783584,99fc6ef526bc821b82a48435c0a11457653382b1512fd893fda45260071da58a
E1,defocus_blur,5,partial_channel,0.2,1.0,,7,2,13.750000000000004,2000,0.2375886524822695,0.07092198581560284,1128,282,1.478250656425953,99fc6ef526bc821b82a48435c0a11457653382b1512fd893fda45260071da58a
E1,defocus_blur,5,partial_channel,0.2,1.0,,7,3,15.7,2000,0.2695035460992908,0.0425531914893617,1128,282,1.9613034302592278,99fc6ef526bc821b82a48435c0a11457653382b1512fd893fda45260071da58a
E1,defocus_blur,5,partial_channel,0.2,1.0,,7,4,15.9,2000,0.27570921985815605,0.05319148936170213,1128,282,1.9380357305407525,99fc6ef526bc821b82a48435c0a11457653382b1512fd893fda45260071da58a
E1,defocus_blur,5,partial_channel,0.01,1.0,,8,0,0.8500000000000008,2000,0.01773049645390071,0.02127659574468085,1128,282,0.059020336627960204,99fc6ef526bc821b82a48435c0a11457653382b1512fd893fda45260071da58a
E1,defocus_blur,5,partial_channel,0.01,1.0,,8,1,1.3500000000000012,2000,0.0274822695035461,0.028368794326241134,1128,282,0.16786763405799865,99fc6ef526bc821b82a48435c0a11457653382b1512fd893fda45260071da58a
E1,defocus_blur,5,partial_channel,0.01,1.0,,8,2,0.30000000000000027,2000,0.0070921985815602835,0.01773049645390071,1128,282,0.00748695981502533,99fc6ef526bc821b82a48435c0a11457653382b1512fd893fda45260071da58a
E1,defocus_blur,5,partial_channel,0.01,1.0,,8,3,2.200000000000002,2000,0.041666666666666664,0.031914893617021274,1128,282,0.2808361593484879,99fc6ef526bc821b82a48435c0a11457653382b1512fd893fda45260071da58a
E1,defocus_blur,5,partial_channel,0.01,1.0,,8,4,0.4500000000000004,2000,0.015070921985815602,0.03900709219858156,1128,282,0.08619201421737671,99fc6ef526bc821b82a48435c0a11457653382b1512fd893fda45260071da58a
E1,defocus_blur,5,partial_channel,0.05,1.0,,8,0,2.400000000000002,2000,0.05230496453900709,0.05673758865248227,1128,282,0.2783752036690712,99fc6ef526bc821b82a48435c0a11457653382b1512fd893fda45260071da58a
E1,defocus_blur,5,partial_channel,0.05,1.0,,8,1,4.400000000000001,2000,0.08244680851063829,0.04609929078014184,1128,282,0.6767752155065536,99fc6ef526bc821b82a48435c0a11457653382b1512fd893fda45260071da58a
E1,defocus_blur,5,partial_channel,0.05,1.0,,8,2,4.450000000000001,2000,0.07801418439716312,0.024822695035460994,1128,282,0.6463941528797149,99fc6ef526bc821b82a48435c0a11457653382b1512fd893fda45260071da58a
E1,defocus_blur,5,partial_channel,0.05,1.0,,8,3,3.9500000000000006,2000,0.0700354609929078,0.031914893617021274,1128,282,0.5085715802311898,99fc6ef526bc821b82a48435c0a11457653382b1512fd893fda45260071da58a
E1,defocus_blur,5,partial_channel,0.05,1.0,,8,4,3.15,2000,0.06028368794326241,0.03546099290780142,1128,282,0.42924331212043765,99fc6ef526bc821b82a48435c0a11457653382b1512fd893fda45260071da58a
E1,defocus_blur,5,partial_channel,0.1,1.0,,8,0,6.35,2000,0.125,0.08156028368794327,1128,282,0.7748150382637977,99fc6ef526bc821b82a48435c0a11457653382b1512fd893fda45260071da58a
E1,defocus_blur,5,partial_channel,0.1,1.0,,8,1,7.250000000000001,2000,0.13918439716312056,0.07801418439716312,1128,282,1.0787801200747489,99fc6ef526bc821b82a48435c0a11457653382b1512fd893fda45260071da58a
E1,defocus_blur,5,partial_channel,0.1,1.0,,8,2,8.150000000000002,2000,0.14450354609929078,0.0425531914893617,1128,282,1.1610206264853478,99fc6ef526bc821b82a48435c0a11457653382b1512fd893fda45260071da58a
E1,defocus_blur,5,partial_channel,0.1,1.0,,8,3,8.000000000000002,2000,0.13829787234042554,0.04609929078014184,1128,282,1.017727776825428,99fc6ef526bc821b82a48435c0a11457653382b1512fd893fda45260071da58a
E1,defocus_blur,5,partial_channel,0.1,1.0,,8,4,6.550000000000001,2000,0.11347517730496454,0.03546099290780142,1128,282,0.7493999365568161,99fc6ef526bc821b82a48435c0a11457653382b1512fd893fda45260071da58a
E1,defocus_blur,5,partial_channel,0.2,1.0,,8,0,20.549999999999997,2000,0.36613475177304966,0.09929078014184398,1128,282,2.636196523308754,99fc6ef526bc821b82a48435c0a11457653382b1512fd893fda45260071da58a
E1,defocus_blur,5,partial_channel,0.2,1.0,,8,1,16.7,2000,0.300531914893617,0.09574468085106383,1128,282,2.1637678790092467,99fc6ef526bc821b82a48435c0a11457653382b1512fd893fda45260071da58a
E1,defocus_blur,5,partial_channel,0.2,1.0,,8,2,16.35,2000,0.2845744680851064,0.05673758865248227,1128,282,2.0758795879483225,99fc6ef526bc821b82a48435c0a11457653382b1512fd893fda45260071da58a
E1,defocus_blur,5,partial_channel,0.2,1.0,,8,3,15.4,2000,0.2695035460992908,0.0673758865248227,1128,282,2.023808276593685,99fc6ef526bc821b82a48435c0a11457653382b1512fd893fda45260071da58a
E1,defocus_blur,5,partial_channel,0.2,1.0,,8,4,14.35,2000,0.250886524822695,0.04609929078014184,1128,282,1.7549856795072556,99fc6ef526bc821b82a48435c0a11457653382b1512fd893fda45260071da58a
E1,defocus_blur,5,partial_channel,0.01,1.0,,9,0,0.8000000000000007,2000,0.016843971631205674,0.02127659574468085,1128,282,0.04799066478013992,99fc6ef526bc821b82a48435c0a11457653382b1512fd893fda45260071da58a
E1,defocus_blur,5,partial_channel,0.01,1.0,,9,1,1.200000000000001,2000,0.02304964539007092,0.01773049645390071,1128,282,0.15052698922157287,99fc6ef526bc821b82a48435c0a11457653382b1512fd893fda45260071da58a
E1,defocus_blur,5,partial_channel,0.01,1.0,,9,2,0.6500000000000006,2000,0.01152482269503546,0.01773049645390071,1128,282,0.03776787108182907,99fc6ef526bc821b82a48435c0a11457653382b1512fd893fda45260071da58a
E1,defocus_blur,5,partial_channel,0.01,1.0,,9,3,1.9000000000000017,2000,0.03723404255319149,0.028368794326241134,1128,282,0.282563010931015,99fc6ef526bc821b82a48435c0a11457653382b1512fd893fda45260071da58a
E1,defocus_blur,5,partial_channel,0.01,1.0,,9,4,0.30000000000000027,2000,0.01152482269503546,0.031914893617021274,1128,282,0.04604712754487991,99fc6ef526bc821b82a48435c0a11457653382b1512fd893fda45260071da58a
E1,defocus_blur,5,partial_channel,0.05,1.0,,9,0,2.5500000000000025,2000,0.054078014184397165,0.05673758865248227,1128,282,0.2868682302236557,99fc6ef526bc821b82a48435c0a11457653382b1512fd893fda45260071da58a
E1,defocus_blur,5,partial_channel,0.05,1.0,,9,1,4.250000000000001,2000,0.0797872340425532,0.03900709219858156,1128,282,0.5905810224413872,99fc6ef526bc821b82a48435c0a11457653382b1512fd893fda45260071da58a
E1,defocus_blur,5,partial_channel,0.05,1.0,,9,2,4.150000000000001,2000,0.0726950354609929,0.031914893617021274,1128,282,0.6600457209348679,99fc6ef526bc821b82a48435c0a11457653382b1512fd893fda45260071da58a
E1,defocus_blur,5,partial_channel,0.05,1.0,,9,3,3.3000000000000003,2000,0.06471631205673758,0.04609929078014184,1128,282,0.46085100424289704,99fc6ef526bc821b82a48435c0a11457653382b1512fd893fda45260071da58a
E1,defocus_blur,5,partial_channel,0.05,1.0,,9,4,3.15,2000,0.06382978723404255,0.04609929078014184,1128,282,0.4399501188397408,99fc6ef526bc821b82a48435c0a11457653382b1512fd893fda45260071da58a
E1,defocus_blur,5,partial_channel,0.1,1.0,,9,0,6.950000000000001,2000,0.12854609929078015,0.05673758865248227,1128,282,0.839366422355175,99fc6ef526bc821b82a48435c0a11457653382b1512fd893fda45260071da58a
E1,defocus_blur,5,partial_channel,0.1,1.0,,9,1,6.150000000000003,2000,0.11702127659574468,0.0673758865248227,1128,282,0.9295971353650093,99fc6ef526bc821b82a48435c0a11457653382b1512fd893fda45260071da58a
E1,defocus_blur,5,partial_channel,0.1,1.0,,9,2,7.900000000000001,2000,0.1400709219858156,0.04609929078014184,1128,282,1.1729525967240333,99fc6ef526bc821b82a48435c0a11457653382b1512fd893fda45260071da58a
E1,defocus_blur,5,partial_channel,0.1,1.0,,9,3,6.950000000000001,2000,0.12854609929078015,0.0673758865248227,1128,282,0.9301775280237198,99fc6ef526bc821b82a48435c0a11457653382b1512fd893fda45260071da58a
E1,defocus_blur,5,partial_channel,0.1,1.0,,9,4,6.25,2000,0.11613475177304965,0.04964539007092199,1128,282,0.779124595284462,99fc6ef526bc821b82a48435c0a11457653382b1512fd893fda45260071da58a
E1,defocus_blur,5,partial_channel,0.2,1.0,,9,0,20.349999999999998,2000,0.3625886524822695,0.09219858156028368,1128,282,2.6454807846546173,99fc6ef526bc821b82a48435c0a11457653382b1512fd893fda45260071da58a
E1,defocus_blur,5,partial_channel,0.2,1.0,,9,1,16.650000000000002,2000,0.29343971631205673,0.07092198581560284,1128,282,2.1420599498152733,99fc6ef526bc821b82a48435c0a11457653382b1512fd893fda45260071da58a
E1,defocus_blur,5,partial_channel,0.2,1.0,,9,2,16.25,2000,0.2828014184397163,0.06382978723404255,1128,282,2.0924638065695764,99fc6ef526bc821b82a48435c0a11457653382b1512fd893fda45260071da58a
E1,defocus_blur,5,partial_channel,0.2,1.0,,9,3,15.1,2000,0.26595744680851063,0.07092198581560284,1128,282,2.0217017920017244,99fc6ef526bc821b82a48435c0a11457653382b1512fd893fda45260071da58a
E1,defocus_blur,5,partial_channel,0.2,1.0,,9,4,13.500000000000004,2000,0.23581560283687944,0.05319148936170213,1128,282,1.7424584126472473,99fc6ef526bc821b82a48435c0a11457653382b1512fd893fda45260071da58a
E1,defocus_blur,5,partial_channel,0.01,1.0,,10,0,0.7500000000000007,2000,0.015957446808510637,0.01773049645390071,1128,282,0.05876111400127411,99fc6ef526bc821b82a48435c0a11457653382b1512fd893fda45260071da58a
E1,defocus_blur,5,partial_channel,0.01,1.0,,10,1,1.050000000000001,2000,0.02304964539007092,0.024822695035460994,1128,282,0.14754103308916092,99fc6ef526bc821b82a48435c0a11457653382b1512fd893fda45260071da58a
E1,defocus_blur,5,partial_channel,0.01,1.0,,10,2,0.5000000000000004,2000,0.012411347517730497,0.024822695035460994,1128,282,0.04471232217550278,99fc6ef526bc821b82a48435c0a11457653382b1512fd893fda45260071da58a
E1,defocus_blur,5,partial_channel,0.01,1.0,,10,3,1.8000000000000016,2000,0.03368794326241135,0.02127659574468085,1128,282,0.25755546462535855,99fc6ef526bc821b82a48435c0a11457653382b1512fd893fda45260071da58a
E1,defocus_blur,5,partial_channel,0.01,1.0,,10,4,0.10000000000000009,2000,0.00975177304964539,0.03546099290780142,1128,282,0.043359137177467345,99fc6ef526bc821b82a48435c0a11457653382b1512fd893fda45260071da58a
E1,defocus_blur,5,partial_channel,0.05,1.0,,10,0,2.8000000000000025,2000,0.05585106382978723,0.04609929078014184,1128,282,0.2839220415353775,99fc6ef526bc821b82a48435c0a11457653382b1512fd893fda45260071da58a
E1,defocus_blur,5,partial_channel,0.05,1.0,,10,1,3.5500000000000003,2000,0.06382978723404255,0.03546099290780142,1128,282,0.4879727507829666,99fc6ef526bc821b82a48435c0a11457653382b1512fd893fda45260071da58a
E1,defocus_blur,5,partial_channel,0.05,1.0,,10,2,4.000000000000001,2000,0.0673758865248227,0.02127659574468085,1128,282,0.6673125829696656,99fc6ef526bc821b82a48435c0a11457653382b1512fd893fda45260071da58a
E1,defocus_blur,5,partial_channel,0.05,1.0,,10,3,3.5500000000000003,2000,0.06294326241134751,0.028368794326241134,1128,282,0.4382495036125183,99fc6ef526bc821b82a48435c0a11457653382b1512fd893fda45260071da58a
E1,defocus_blur,5,partial_channel,0.05,1.0,,10,4,3.5000000000000004,2000,0.06382978723404255,0.028368794326241134,1128,282,0.44170890760421755,99fc6ef526bc821b82a48435c0a11457653382b1512fd893fda45260071da58a
E1,defocus_blur,5,partial_channel,0.1,1.0,,10,0,6.35,2000,0.11702127659574468,0.04964539007092199,1128,282,0.7636949694752693,99fc6ef526bc821b82a48435c0a11457653382b1512fd893fda45260071da58a
E1,defocus_blur,5,partial_channel,0.1,1.0,,10,1,5.650000000000002,2000,0.10195035460992907,0.05319148936170213,1128,282,0.7614837683439255,99fc6ef526bc821b82a48435c0a11457653382b1512fd893fda45260071da58a
E1,defocus_blur,5,partial_channel,0.1,1.0,,10,2,7.800000000000002,2000,0.1320921985815603,0.028368794326241134,1128,282,1.1265347453951835,99fc6ef526bc821b82a48435c0a11457653382b1512fd893fda45260071da58a
E1,defocus_blur,5,partial_channel,0.1,1.0,,10,3,6.7,2000,0.12056737588652482,0.04964539007092199,1128,282,0.8285871646404266,99fc6ef526bc821b82a48435c0a11457653382b1512fd893fda45260071da58a
E1,defocus_blur,5,partial_channel,0.1,1.0,,10,4,6.7,2000,0.12056737588652482,0.03546099290780142,1128,282,0.8045654598474502,99fc6ef526bc821b82a48435c0a11457653382b1512fd893fda45260071da58a
E1,defocus_blur,5,partial_channel,0.2,1.0,,10,0,19.200000000000003,2000,0.33687943262411346,0.05673758865248227,1128,282,2.4925736489892008,99fc6ef526bc821b82a48435c0a11457653382b1512fd893fda45260071da58a
E1,defocus_blur,5,partial_channel,0.2,1.0,,10,1,14.799999999999999,2000,0.26063829787234044,0.06382978723404255,1128,282,1.914051179230213,99fc6ef526bc821b82a48435c0a11457653382b1512fd893fda45260071da58a
E1,defocus_blur,5,partial_channel,0.2,1.0,,10,2,15.9,2000,0.2774822695035461,0.06028368794326241,1128,282,2.014557446718216,99fc6ef526bc821b82a48435c0a11457653382b1512fd893fda45260071da58a
E1,defocus_blur,5,partial_channel,0.2,1.0,,10,3,14.85,2000,0.25443262411347517,0.06382978723404255,1128,282,1.9378950384855271,99fc6ef526bc821b82a48435c0a11457653382b1512fd893fda45260071da58a
E1,defocus_blur,5,partial_channel,0.2,1.0,,10,4,12.650000000000002,2000,0.22429078014184398,0.06028368794326241,1128,282,1.721790290594101,99fc6ef526bc821b82a48435c0a11457653382b1512fd893fda45260071da58a
E1,defocus_blur,5,partial_channel,0.01,1.0,,11,0,0.7500000000000007,2000,0.015957446808510637,0.01773049645390071,1128,282,0.0678921412229538,99fc6ef526bc821b82a48435c0a11457653382b1512fd893fda45260071da58a
E1,defocus_blur,5,partial_channel,0.01,1.0,,11,1,1.3000000000000012,2000,0.024822695035460994,0.01773049645390071,1128,282,0.12922771048545836,99fc6ef526bc821b82a48435c0a11457653382b1512fd893fda45260071da58a
E1,defocus_blur,5,partial_channel,0.01,1.0,,11,2,0.8000000000000007,2000,0.018617021276595744,0.024822695035460994,1128,282,0.0476615691781044,99fc6ef526bc821b82a48435c0a11457653382b1512fd893fda45260071da58a
E1,defocus_blur,5,partial_channel,0.01,1.0,,11,3,2.0000000000000018,2000,0.03368794326241135,0.014184397163120567,1128,282,0.2476023678779602,99fc6ef526bc821b82a48435c0a11457653382b1512fd893fda45260071da58a
E1,defocus_blur,5,partial_channel,0.01,1.0,,11,4,0.2500000000000002,2000,0.01152482269503546,0.031914893617021274,1128,282,0.057924127817153934,99fc6ef526bc821b82a48435c0a11457653382b1512fd893fda45260071da58a
E1,defocus_blur,5,partial_channel,0.05,1.0,,11,0,2.7500000000000027,2000,0.051418439716312055,0.028368794326241134,1128,282,0.3055819252729416,99fc6ef526bc821b82a48435c0a11457653382b1512fd893fda45260071da58a
E1,defocus_blur,5,partial_channel,0.05,1.0,,11,1,3.1,2000,0.05673758865248227,0.031914893617021274,1128,282,0.3639989508986473,99fc6ef526bc821b82a48435c0a11457653382b1512fd893fda45260071da58a
E1,defocus_blur,5,partial_channel,0.05,1.0,,11,2,3.7000000000000006,2000,0.0673758865248227,0.031914893617021274,1128,282,0.653995644390583,99fc6ef526bc821b82a48435c0a11457653382b1512fd893fda45260071da58a
E1,defocus_blur,5,partial_channel,0.05,1.0,,11,3,3.25,2000,0.05851063829787234,0.031914893617021274,1128,282,0.41972101432085035,99fc6ef526bc821b82a48435c0a11457653382b1512fd893fda45260071da58a
E1,defocus_blur,5,partial_channel,0.05,1.0,,11,4,3.35,2000,0.06205673758865248,0.031914893617021274,1128,282,0.42692963713407517,99fc6ef526bc821b82a48435c0a11457653382b1512fd893fda45260071da58a
E1,defocus_blur,5,partial_channel,0.1,1.0,,11,0,6.5,2000,0.11436170212765957,0.03900709219858156,1128,282,0.7545953422784806,99fc6ef526bc821b82a48435c0a11457653382b1512fd893fda45260071da58a
E1,defocus_blur,5,partial_channel,0.1,1.0,,11,1,4.850000000000001,2000,0.08865248226950355,0.04609929078014184,1128,282,0.6163218522667885,99fc6ef526bc821b82a48435c0a11457653382b1512fd893fda45260071da58a
E1,defocus_blur,5,partial_channel,0.1,1.0,,11,2,7.400000000000001,2000,0.13031914893617022,0.03546099290780142,1128,282,1.0882192450761794,99fc6ef526bc821b82a48435c0a11457653382b1512fd893fda45260071da58a
E1,defocus_blur,5,partial_channel,0.1,1.0,,11,3,6.3,2000,0.10638297872340426,0.031914893617021274,1128,282,0.8003693526983261,99fc6ef526bc821b82a48435c0a11457653382b1512fd893fda45260071da58a
E1,defocus_blur,5,partial_channel,0.1,1.0,,11,4,6.200000000000003,2000,0.10904255319148937,0.028368794326241134,1128,282,0.7658998963236808,99fc6ef526bc821b82a48435c0a11457653382b1512fd893fda45260071da58a
E1,defocus_blur,5,partial_channel,0.2,1.0,,11,0,18.3,2000,0.32358156028368795,0.07092198581560284,1128,282,2.411424361228943,99fc6ef526bc821b82a48435c0a11457653382b1512fd893fda45260071da58a
E1,defocus_blur,5,partial_channel,0.2,1.0,,11,1,13.800000000000004,2000,0.23847517730496454,0.04609929078014184,1128,282,1.729060521066189,99fc6ef526bc821b82a48435c0a11457653382b1512fd893fda45260071da58a
E1,defocus_blur,5,partial_channel,0.2,1.0,,11,2,15.35,2000,0.26773049645390073,0.05319148936170213,1128,282,1.9829999297261238,99fc6ef526bc821b82a48435c0a11457653382b1512fd893fda45260071da58a
E1,defocus_blur,5,partial_channel,0.2,1.0,,11,3,15.6,2000,0.26773049645390073,0.07092198581560284,1128,282,1.976992679476738,99fc6ef526bc821b82a48435c0a11457653382b1512fd893fda45260071da58a
E1,defocus_blur,5,partial_channel,0.2,1.0,,11,4,12.550000000000002,2000,0.21808510638297873,0.04609929078014184,1128,282,1.627276236474514,99fc6ef526bc821b82a48435c0a11457653382b1512fd893fda45260071da58a
E1,defocus_blur,5,partial_channel,0.01,1.0,,12,0,0.9500000000000008,2000,0.016843971631205674,0.014184397163120567,1128,282,0.06676464796066284,99fc6ef526bc821b82a48435c0a11457653382b1512fd893fda45260071da58a
E1,defocus_blur,5,partial_channel,0.01,1.0,,12,1,1.100000000000001,2000,0.020390070921985817,0.010638297872340425,1128,282,0.10075429850816726,99fc6ef526bc821b82a48435c0a11457653382b1512fd893fda45260071da58a
E1,defocus_blur,5,partial_channel,0.01,1.0,,12,2,0.6000000000000005,2000,0.010638297872340425,0.010638297872340425,1128,282,0.049021881520748135,99fc6ef526bc821b82a48435c0a11457653382b1512fd893fda45260071da58a
E1,defocus_blur,5,partial_channel,0.01,1.0,,12,3,1.8500000000000016,2000,0.03368794326241135,0.01773049645390071,1128,282,0.220642695248127,99fc6ef526bc821b82a48435c0a11457653382b1512fd893fda45260071da58a
E1,defocus_blur,5,partial_channel,0.01,1.0,,12,4,0.5500000000000005,2000,0.014184397163120567,0.031914893617021274,1128,282,0.06814933985471726,99fc6ef526bc821b82a48435c0a11457653382b1512fd893fda45260071da58a
E1,defocus_blur,5,partial_channel,0.05,1.0,,12,0,2.0500000000000016,2000,0.040780141843971635,0.03546099290780142,1128,282,0.2756905065774918,99fc6ef526bc821b82a48435c0a11457653382b1512fd893fda45260071da58a
E1,defocus_blur,5,partial_channel,0.05,1.0,,12,1,2.650000000000002,2000,0.05319148936170213,0.0425531914893617,1128,282,0.2830923383831978,99fc6ef526bc821b82a48435c0a11457653382b1512fd893fda45260071da58a
E1,defocus_blur,5,partial_channel,0.05,1.0,,12,2,4.050000000000001,2000,0.07358156028368794,0.031914893617021274,1128,282,0.6221508991122245,99fc6ef526bc821b82a48435c0a11457653382b1512fd893fda45260071da58a
E1,defocus_blur,5,partial_channel,0.05,1.0,,12,3,2.8500000000000023,2000,0.051418439716312055,0.031914893617021274,1128,282,0.3814877638816834,99fc6ef526bc821b82a48435c0a11457653382b1512fd893fda45260071da58a
E1,defocus_blur,5,partial_channel,0.05,1.0,,12,4,3.1,2000,0.05585106382978723,0.028368794326241134,1128,282,0.3629015082716942,99fc6ef526bc821b82a48435c0a11457653382b1512fd893fda45260071da58a
E1,defocus_blur,5,partial_channel,0.1,1.0,,12,0,5.450000000000002,2000,0.09663120567375887,0.028368794326241134,1128,282,0.6975198407173157,99fc6ef526bc821b82a48435c0a11457653382b1512fd893fda45260071da58a
E1,defocus_blur,5,partial_channel,0.1,1.0,,12,1,4.400000000000001,2000,0.08244680851063829,0.04609929078014184,1128,282,0.4925087560415268,99fc6ef526bc821b82a48435c0a11457653382b1512fd893fda45260071da58a
E1,defocus_blur,5,partial_channel,0.1,1.0,,12,2,6.6000000000000005,2000,0.11436170212765957,0.028368794326241134,1128,282,0.9986209881901741,99fc6ef526bc821b82a48435c0a11457653382b1512fd893fda45260071da58a
E1,defocus_blur,5,partial_channel,0.1,1.0,,12,3,5.950000000000003,2000,0.10106382978723404,0.03546099290780142,1128,282,0.7257804526686669,99fc6ef526bc821b82a48435c0a11457653382b1512fd893fda45260071da58a
E1,defocus_blur,5,partial_channel,0.1,1.0,,12,4,5.450000000000002,2000,0.09574468085106383,0.028368794326241134,1128,282,0.6604086775779724,99fc6ef526bc821b82a48435c0a11457653382b1512fd893fda45260071da58a
E1,defocus_blur,5,partial_channel,0.2,1.0,,12,0,15.55,2000,0.2721631205673759,0.0673758865248227,1128,282,2.2247752301096915,99fc6ef526bc821b82a48435c0a11457653382b1512fd893fda45260071da58a
E1,defocus_blur,5,partial_channel,0.2,1.0,,12,1,12.950000000000003,2000,0.22074468085106383,0.04609929078014184,1128,282,1.5998111593723296,99fc6ef526bc821b82a48435c0a11457653382b1512fd893fda45260071da58a
E1,defocus_blur,5,partial_channel,0.2,1.0,,12,2,13.650000000000004,2000,0.2375886524822695,0.04964539007092199,1128,282,1.839288186967373,99fc6ef526bc821b82a48435c0a11457653382b1512fd893fda45260071da58a
E1,defocus_blur,5,partial_channel,0.2,1.0,,12,3,13.800000000000004,2000,0.2375886524822695,0.04964539007092199,1128,282,1.817015883207321,99fc6ef526bc821b82a48435c0a11457653382b1512fd893fda45260071da58a
E1,defocus_blur,5,partial_channel,0.2,1.0,,12,4,11.300000000000002,2000,0.1950354609929078,0.03900709219858156,1128,282,1.4959158518910407,99fc6ef526bc821b82a48435c0a11457653382b1512fd893fda45260071da58a
E1,defocus_blur,5,partial_channel,0.01,1.0,,13,0,0.7500000000000007,2000,0.015070921985815602,0.024822695035460994,1128,282,0.07873409551382064,99fc6ef526bc821b82a48435c0a11457653382b1512fd893fda45260071da58a
E1,defocus_blur,5,partial_channel,0.01,1.0,,13,1,0.7000000000000006,2000,0.014184397163120567,0.01773049645390071,1128,282,0.1063533369898796,99fc6ef526bc821b82a48435c0a11457653382b1512fd893fda45260071da58a
E1,defocus_blur,5,partial_channel,0.01,1.0,,13,2,0.40000000000000036,2000,0.013297872340425532,0.028368794326241134,1128,282,0.07617561542987823,99fc6ef526bc821b82a48435c0a11457653382b1512fd893fda45260071da58a
E1,defocus_blur,5,partial_channel,0.01,1.0,,13,3,0.9000000000000008,2000,0.01773049645390071,0.02127659574468085,1128,282,0.0884535943865776,99fc6ef526bc821b82a48435c0a11457653382b1512fd893fda45260071da58a
E1,defocus_blur,5,partial_channel,0.01,1.0,,13,4,0.6000000000000005,2000,0.014184397163120567,0.028368794326241134,1128,282,0.08627894669771194,99fc6ef526bc821b82a48435c0a11457653382b1512fd893fda45260071da58a
E1,defocus_blur,5,partial_channel,0.05,1.0,,13,0,3.9500000000000006,2000,0.07092198581560284,0.04609929078014184,1128,282,0.5413524000644684,99fc6ef526bc821b82a48435c0a11457653382b1512fd893fda45260071da58a
E1,defocus_blur,5,partial_channel,0.05,1.0,,13,1,3.7000000000000006,2000,0.06648936170212766,0.028368794326241134,1128,282,0.3249078148603439,99fc6ef526bc821b82a48435c0a11457653382b1512fd893fda45260071da58a
E1,defocus_blur,5,partial_channel,0.05,1.0,,13,2,2.650000000000002,2000,0.05673758865248227,0.06028368794326241,1128,282,0.40196018952131274,99fc6ef526bc821b82a48435c0a11457653382b1512fd893fda45260071da58a
E1,defocus_blur,5,partial_channel,0.05,1.0,,13,3,3.25,2000,0.061170212765957445,0.04609929078014184,1128,282,0.4794627639055252,99fc6ef526bc821b82a48435c0a11457653382b1512fd893fda45260071da58a
E1,defocus_blur,5,partial_channel,0.05,1.0,,13,4,3.5500000000000003,2000,0.07092198581560284,0.05319148936170213,1128,282,0.45931140893697736,99fc6ef526bc821b82a48435c0a11457653382b1512fd893fda45260071da58a
E1,defocus_blur,5,partial_channel,0.1,1.0,,13,0,7.900000000000001,2000,0.1356382978723404,0.06028368794326241,1128,282,0.7831453337669373,99fc6ef526bc821b82a48435c0a11457653382b1512fd893fda45260071da58a
E1,defocus_blur,5,partial_channel,0.1,1.0,,13,1,7.550000000000001,2000,0.13918439716312056,0.07446808510638298,1128,282,0.8844022038578987,99fc6ef526bc821b82a48435c0a11457653382b1512fd893fda45260071da58a
E1,defocus_blur,5,partial_channel,0.1,1.0,,13,2,6.4,2000,0.12234042553191489,0.06382978723404255,1128,282,0.9757158625125885,99fc6ef526bc821b82a48435c0a11457653382b1512fd893fda45260071da58a
E1,defocus_blur,5,partial_channel,0.1,1.0,,13,3,8.600000000000001,2000,0.16046099290780141,0.0851063829787234,1128,282,1.0494525573849678,99fc6ef526bc821b82a48435c0a11457653382b1512fd893fda45260071da58a
E1,defocus_blur,5,partial_channel,0.1,1.0,,13,4,6.65,2000,0.12322695035460993,0.06382978723404255,1128,282,0.9653936637043953,99fc6ef526bc821b82a48435c0a11457653382b1512fd893fda45260071da58a
E1,defocus_blur,5,partial_channel,0.2,1.0,,13,0,15.75,2000,0.2695035460992908,0.05319148936170213,1128,282,1.906258082985878,99fc6ef526bc821b82a48435c0a11457653382b1512fd893fda45260071da58a
E1,defocus_blur,5,partial_channel,0.2,1.0,,13,1,15.7,2000,0.2765957446808511,0.07801418439716312,1128,282,2.175672688484192,99fc6ef526bc821b82a48435c0a11457653382b1512fd893fda45260071da58a
E1,defocus_blur,5,partial_channel,0.2,1.0,,13,2,14.549999999999999,2000,0.2579787234042553,0.0673758865248227,1128,282,1.9790690379738807,99fc6ef526bc821b82a48435c0a11457653382b1512fd893fda45260071da58a
E1,defocus_blur,5,partial_channel,0.2,1.0,,13,3,16.2,2000,0.28634751773049644,0.10283687943262411,1128,282,2.0284339530467985,99fc6ef526bc821b82a48435c0a11457653382b1512fd893fda45260071da58a
E1,defocus_blur,5,partial_channel,0.2,1.0,,13,4,15.35,2000,0.26684397163120566,0.06382978723404255,1128,282,1.9927322887778283,99fc6ef526bc821b82a48435c0a11457653382b1512fd893fda45260071da58a
E1,defocus_blur,5,partial_channel,0.01,1.0,,14,0,0.6500000000000006,2000,0.012411347517730497,0.010638297872340425,1128,282,0.07182336270809174,99fc6ef526bc821b82a48435c0a11457653382b1512fd893fda45260071da58a
E1,defocus_blur,5,partial_channel,0.01,1.0,,14,1,0.9000000000000008,2000,0.01773049645390071,0.010638297872340425,1128,282,0.11342137187719345,99fc6ef526bc821b82a48435c0a11457653382b1512fd893fda45260071da58a
E1,defocus_blur,5,partial_channel,0.01,1.0,,14,2,0.4500000000000004,2000,0.014184397163120567,0.031914893617021274,1128,282,0.0820871958732605,99fc6ef526bc821b82a48435c0a11457653382b1512fd893fda45260071da58a
E1,defocus_blur,5,partial_channel,0.01,1.0,,14,3,0.7000000000000006,2000,0.016843971631205674,0.02127659574468085,1128,282,0.0925582480430603,99fc6ef526bc821b82a48435c0a11457653382b1512fd893fda45260071da58a
E1,defocus_blur,5,partial_channel,0.01,1.0,,14,4,0.8500000000000008,2000,0.020390070921985817,0.031914893617021274,1128,282,0.12412301069498062,99fc6ef526bc821b82a48435c0a11457653382b1512fd893fda45260071da58a
E1,defocus_blur,5,partial_channel,0.05,1.0,,14,0,3.7500000000000004,2000,0.0726950354609929,0.05673758865248227,1128,282,0.5633752937912941,99fc6ef526bc821b82a48435c0a11457653382b1512fd893fda45260071da58a
E1,defocus_blur,5,partial_channel,0.05,1.0,,14,1,3.6500000000000004,2000,0.061170212765957445,0.024822695035460994,1128,282,0.31842758727073667,99fc6ef526bc821b82a48435c0a11457653382b1512fd893fda45260071da58a
E1,defocus_blur,5,partial_channel,0.05,1.0,,14,2,2.7000000000000024,2000,0.05851063829787234,0.05673758865248227,1128,282,0.4090809467434883,99fc6ef526bc821b82a48435c0a11457653382b1512fd893fda45260071da58a
E1,defocus_blur,5,partial_channel,0.05,1.0,,14,3,3.35,2000,0.05939716312056738,0.031914893617021274,1128,282,0.48082053887844084,99fc6ef526bc821b82a48435c0a11457653382b1512fd893fda45260071da58a
E1,defocus_blur,5,partial_channel,0.05,1.0,,14,4,3.45,2000,0.06826241134751773,0.04609929078014184,1128,282,0.5373340349793434,99fc6ef526bc821b82a48435c0a11457653382b1512fd893fda45260071da58a
E1,defocus_blur,5,partial_channel,0.1,1.0,,14,0,8.05,2000,0.1374113475177305,0.04609929078014184,1128,282,0.9101251626014709,99fc6ef526bc821b82a48435c0a11457653382b1512fd893fda45260071da58a
E1,defocus_blur,5,partial_channel,0.1,1.0,,14,1,7.450000000000001,2000,0.13297872340425532,0.05673758865248227,1128,282,0.8660863708257676,99fc6ef526bc821b82a48435c0a11457653382b1512fd893fda45260071da58a
E1,defocus_blur,5,partial_channel,0.1,1.0,,14,2,6.8500000000000005,2000,0.12677304964539007,0.05673758865248227,1128,282,0.9494790831208229,99fc6ef526bc821b82a48435c0a11457653382b1512fd893fda45260071da58a
E1,defocus_blur,5,partial_channel,0.1,1.0,,14,3,8.600000000000001,2000,0.15425531914893617,0.07092198581560284,1128,282,1.1464218682646752,99fc6ef526bc821b82a48435c0a11457653382b1512fd893fda45260071da58a
E1,defocus_blur,5,partial_channel,0.1,1.0,,14,4,7.050000000000001,2000,0.125,0.0425531914893617,1128,282,1.0446013251543045,99fc6ef526bc821b82a48435c0a11457653382b1512fd893fda45260071da58a
E1,defocus_blur,5,partial_channel,0.2,1.0,,14,0,15.35,2000,0.26861702127659576,0.07446808510638298,1128,282,2.06553977227211,99fc6ef526bc821b82a48435c0a11457653382b1512fd893fda45260071da58a
E1,defocus_blur,5,partial_channel,0.2,1.0,,14,1,16.8,2000,0.2907801418439716,0.07801418439716312,1128,282,2.269443712770939,99fc6ef526bc821b82a48435c0a11457653382b1512fd893fda45260071da58a
E1,defocus_blur,5,partial_channel,0.2,1.0,,14,2,15.75,2000,0.26773049645390073,0.04964539007092199,1128,282,1.9682515984773636,99fc6ef526bc821b82a48435c0a11457653382b1512fd893fda45260071da58a
E1,defocus_blur,5,partial_channel,0.2,1.0,,14,3,17.150000000000002,2000,0.2987588652482269,0.08156028368794327,1128,282,2.1465921937823293,99fc6ef526bc821b82a48435c0a11457653382b1512fd893fda45260071da58a
E1,defocus_blur,5,partial_channel,0.2,1.0,,14,4,16.0,2000,0.2730496453900709,0.05673758865248227,1128,282,2.172572018265724,99fc6ef526bc821b82a48435c0a11457653382b1512fd893fda45260071da58a
E1,defocus_blur,5,partial_channel,0.01,1.0,,15,0,0.8000000000000007,2000,0.014184397163120567,0.0070921985815602835,1128,282,0.09147056645154952,99fc6ef526bc821b82a48435c0a11457653382b1512fd893fda45260071da58a
E1,defocus_blur,5,partial_channel,0.01,1.0,,15,1,0.7500000000000007,2000,0.013297872340425532,0.0035460992907801418,1128,282,0.10237636321783065,99fc6ef526bc821b82a48435c0a11457653382b1512fd893fda45260071da58a
E1,defocus_blur,5,partial_channel,0.01,1.0,,15,2,0.7000000000000006,2000,0.016843971631205674,0.01773049645390071,1128,282,0.10593949294090271,99fc6ef526bc821b82a48435c0a11457653382b1512fd893fda45260071da58a
E1,defocus_blur,5,partial_channel,0.01,1.0,,15,3,0.6000000000000005,2000,0.012411347517730497,0.010638297872340425,1128,282,0.0844378581047058,99fc6ef526bc821b82a48435c0a11457653382b1512fd893fda45260071da58a
E1,defocus_blur,5,partial_channel,0.01,1.0,,15,4,0.8000000000000007,2000,0.01773049645390071,0.01773049645390071,1128,282,0.12691341590881347,99fc6ef526bc821b82a48435c0a11457653382b1512fd893fda45260071da58a
E1,defocus_blur,5,partial_channel,0.05,1.0,,15,0,3.6000000000000005,2000,0.06471631205673758,0.024822695035460994,1128,282,0.5866144535541534,99fc6ef526bc821b82a48435c0a11457653382b1512fd893fda45260071da58a
E1,defocus_blur,5,partial_channel,0.05,1.0,,15,1,3.3000000000000003,2000,0.057624113475177305,0.02127659574468085,1128,282,0.5069779544472695,99fc6ef526bc821b82a48435c0a11457653382b1512fd893fda45260071da58a
E1,defocus_blur,5,partial_channel,0.05,1.0,,15,2,3.45,2000,0.06471631205673758,0.028368794326241134,1128,282,0.5004040699601173,99fc6ef526bc821b82a48435c0a11457653382b1512fd893fda45260071da58a
E1,defocus_blur,5,partial_channel,0.05,1.0,,15,3,3.7500000000000004,2000,0.0673758865248227,0.028368794326241134,1128,282,0.5101824998259544,99fc6ef526bc821b82a48435c0a11457653382b1512fd893fda45260071da58a
E1,defocus_blur,5,partial_channel,0.05,1.0,,15,4,3.7000000000000006,2000,0.07180851063829788,0.03900709219858156,1128,282,0.5649721661806106,99fc6ef526bc821b82a48435c0a11457653382b1512fd893fda45260071da58a
E1,defocus_blur,5,partial_channel,0.1,1.0,,15,0,8.650000000000002,2000,0.15336879432624115,0.03900709219858156,1128,282,1.1512014998197555,99fc6ef526bc821b82a48435c0a11457653382b1512fd893fda45260071da58a
E1,defocus_blur,5,partial_channel,0.1,1.0,,15,1,8.000000000000002,2000,0.1400709219858156,0.031914893617021274,1128,282,1.0946519965529442,99fc6ef526bc821b82a48435c0a11457653382b1512fd893fda45260071da58a
E1,defocus_blur,5,partial_channel,0.1,1.0,,15,2,7.650000000000001,2000,0.1356382978723404,0.03546099290780142,1128,282,1.0817804952263832,99fc6ef526bc821b82a48435c0a11457653382b1512fd893fda45260071da58a
E1,defocus_blur,5,partial_channel,0.1,1.0,,15,3,9.6,2000,0.1702127659574468,0.0425531914893617,1128,282,1.3932744786143303,99fc6ef526bc821b82a48435c0a11457653382b1512fd893fda45260071da58a
E1,defocus_blur,5,partial_channel,0.1,1.0,,15,4,7.600000000000001,2000,0.1320921985815603,0.02127659574468085,1128,282,1.1765517494678497,99fc6ef526bc821b82a48435c0a11457653382b1512fd893fda45260071da58a
E1,defocus_blur,5,partial_channel,0.2,1.0,,15,0,18.000000000000004,2000,0.3120567375886525,0.04609929078014184,1128,282,2.3011498519778253,99fc6ef526bc821b82a48435c0a11457653382b1512fd893fda45260071da58a
E1,defocus_blur,5,partial_channel,0.2,1.0,,15,1,18.450000000000003,2000,0.32092198581560283,0.05319148936170213,1128,282,2.3986033176779746,99fc6ef526bc821b82a48435c0a11457653382b1512fd893fda45260071da58a
E1,defocus_blur,5,partial_channel,0.2,1.0,,15,2,17.35,2000,0.2969858156028369,0.03900709219858156,1128,282,2.175140016078949,99fc6ef526bc821b82a48435c0a11457653382b1512fd893fda45260071da58a
E1,defocus_blur,5,partial_channel,0.2,1.0,,15,3,19.000000000000004,2000,0.33067375886524825,0.06028368794326241,1128,282,2.44963282597065,99fc6ef526bc821b82a48435c0a11457653382b1512fd893fda45260071da58a
E1,defocus_blur,5,partial_channel,0.2,1.0,,15,4,18.6,2000,0.3147163120567376,0.024822695035460994,1128,282,2.3594263139367104,99fc6ef526bc821b82a48435c0a11457653382b1512fd893fda45260071da58a
E1,defocus_blur,5,none,0.01,1.0,,0,0,0.0,2000,0.0,0.0,1128,282,0.0,99fc6ef526bc821b82a48435c0a11457653382b1512fd893fda45260071da58a
E1,defocus_blur,5,none,0.01,1.0,,1,0,0.0,2000,0.0,0.0,1128,282,0.0,99fc6ef526bc821b82a48435c0a11457653382b1512fd893fda45260071da58a
E1,defocus_blur,5,none,0.01,1.0,,2,0,0.0,2000,0.0,0.0,1128,282,0.0,99fc6ef526bc821b82a48435c0a11457653382b1512fd893fda45260071da58a
E1,defocus_blur,5,none,0.01,1.0,,3,0,0.0,2000,0.0,0.0,1128,282,0.0,99fc6ef526bc821b82a48435c0a11457653382b1512fd893fda45260071da58a
E1,defocus_blur,5,none,0.01,1.0,,4,0,0.0,2000,0.0,0.0,1128,282,0.0,99fc6ef526bc821b82a48435c0a11457653382b1512fd893fda45260071da58a
E1,defocus_blur,5,none,0.01,1.0,,5,0,0.0,2000,0.0,0.0,1128,282,0.0,99fc6ef526bc821b82a48435c0a11457653382b1512fd893fda45260071da58a
E1,defocus_blur,5,none,0.01,1.0,,6,0,0.0,2000,0.0,0.0,1128,282,0.0,99fc6ef526bc821b82a48435c0a11457653382b1512fd893fda45260071da58a
E1,defocus_blur,5,none,0.01,1.0,,7,0,0.0,2000,0.0,0.0,1128,282,0.0,99fc6ef526bc821b82a48435c0a11457653382b1512fd893fda45260071da58a
E1,defocus_blur,5,none,0.01,1.0,,8,0,0.0,2000,0.0,0.0,1128,282,0.0,99fc6ef526bc821b82a48435c0a11457653382b1512fd893fda45260071da58a
E1,defocus_blur,5,none,0.01,1.0,,9,0,0.0,2000,0.0,0.0,1128,282,0.0,99fc6ef526bc821b82a48435c0a11457653382b1512fd893fda45260071da58a
E1,defocus_blur,5,none,0.01,1.0,,10,0,0.0,2000,0.0,0.0,1128,282,0.0,99fc6ef526bc821b82a48435c0a11457653382b1512fd893fda45260071da58a
E1,defocus_blur,5,none,0.01,1.0,,11,0,0.0,2000,0.0,0.0,1128,282,0.0,99fc6ef526bc821b82a48435c0a11457653382b1512fd893fda45260071da58a
E1,defocus_blur,5,none,0.01,1.0,,12,0,0.0,2000,0.0,0.0,1128,282,0.0,99fc6ef526bc821b82a48435c0a11457653382b1512fd893fda45260071da58a
E1,defocus_blur,5,none,0.01,1.0,,13,0,0.0,2000,0.0,0.0,1128,282,0.0,99fc6ef526bc821b82a48435c0a11457653382b1512fd893fda45260071da58a
E1,defocus_blur,5,none,0.01,1.0,,14,0,0.0,2000,0.0,0.0,1128,282,0.0,99fc6ef526bc821b82a48435c0a11457653382b1512fd893fda45260071da58a
E1,defocus_blur,5,none,0.01,1.0,,15,0,0.0,2000,0.0,0.0,1128,282,0.0,99fc6ef526bc821b82a48435c0a11457653382b1512fd893fda45260071da58a
E1,defocus_blur,5,clean_to_clean,0.01,1.0,,0,0,55.45,2000,1.0,0.0673758865248227,1128,282,8.287109575510025,99fc6ef526bc821b82a48435c0a11457653382b1512fd893fda45260071da58a
E1,defocus_blur,5,clean_to_clean,0.01,1.0,,1,0,55.45,2000,1.0,0.0673758865248227,1128,282,8.287109575510025,99fc6ef526bc821b82a48435c0a11457653382b1512fd893fda45260071da58a
E1,defocus_blur,5,clean_to_clean,0.01,1.0,,2,0,55.45,2000,1.0,0.0673758865248227,1128,282,8.287109575510025,99fc6ef526bc821b82a48435c0a11457653382b1512fd893fda45260071da58a
E1,defocus_blur,5,clean_to_clean,0.01,1.0,,3,0,55.45,2000,1.0,0.0673758865248227,1128,282,8.287109575510025,99fc6ef526bc821b82a48435c0a11457653382b1512fd893fda45260071da58a
E1,defocus_blur,5,clean_to_clean,0.01,1.0,,4,0,55.45,2000,1.0,0.0673758865248227,1128,282,8.287109575510025,99fc6ef526bc821b82a48435c0a11457653382b1512fd893fda45260071da58a
E1,defocus_blur,5,clean_to_clean,0.01,1.0,,5,0,55.45,2000,1.0,0.0673758865248227,1128,282,8.287109575510025,99fc6ef526bc821b82a48435c0a11457653382b1512fd893fda45260071da58a
E1,defocus_blur,5,clean_to_clean,0.01,1.0,,6,0,55.45,2000,1.0,0.0673758865248227,1128,282,8.287109575510025,99fc6ef526bc821b82a48435c0a11457653382b1512fd893fda45260071da58a
E1,defocus_blur,5,clean_to_clean,0.01,1.0,,7,0,55.45,2000,1.0,0.0673758865248227,1128,282,8.287109575510025,99fc6ef526bc821b82a48435c0a11457653382b1512fd893fda45260071da58a
E1,defocus_blur,5,clean_to_clean,0.01,1.0,,8,0,55.45,2000,1.0,0.0673758865248227,1128,282,8.287109575510025,99fc6ef526bc821b82a48435c0a11457653382b1512fd893fda45260071da58a
E1,defocus_blur,5,clean_to_clean,0.01,1.0,,9,0,55.45,2000,1.0,0.0673758865248227,1128,282,8.287109575510025,99fc6ef526bc821b82a48435c0a11457653382b1512fd893fda45260071da58a
E1,defocus_blur,5,clean_to_clean,0.01,1.0,,10,0,55.45,2000,1.0,0.0673758865248227,1128,282,8.287109575510025,99fc6ef526bc821b82a48435c0a11457653382b1512fd893fda45260071da58a
E1,defocus_blur,5,clean_to_clean,0.01,1.0,,11,0,55.45,2000,1.0,0.0673758865248227,1128,282,8.287109575510025,99fc6ef526bc821b82a48435c0a11457653382b1512fd893fda45260071da58a
E1,defocus_blur,5,clean_to_clean,0.01,1.0,,12,0,55.45,2000,1.0,0.0673758865248227,1128,282,8.287109575510025,99fc6ef526bc821b82a48435c0a11457653382b1512fd893fda45260071da58a
E1,defocus_blur,5,clean_to_clean,0.01,1.0,,13,0,55.45,2000,1.0,0.0673758865248227,1128,282,8.287109575510025,99fc6ef526bc821b82a48435c0a11457653382b1512fd893fda45260071da58a
E1,defocus_blur,5,clean_to_clean,0.01,1.0,,14,0,55.45,2000,1.0,0.0673758865248227,1128,282,8.287109575510025,99fc6ef526bc821b82a48435c0a11457653382b1512fd893fda45260071da58a
E1,defocus_blur,5,clean_to_clean,0.01,1.0,,15,0,55.45,2000,1.0,0.0673758865248227,1128,282,8.287109575510025,99fc6ef526bc821b82a48435c0a11457653382b1512fd893fda45260071da58a
E1,defocus_blur,5,full_state,0.01,1.0,,0,0,55.45,2000,1.0,0.0673758865248227,1128,282,8.287109575510025,99fc6ef526bc821b82a48435c0a11457653382b1512fd893fda45260071da58a
E1,defocus_blur,5,full_state,0.01,1.0,,1,0,55.45,2000,1.0,0.0673758865248227,1128,282,8.287109575510025,99fc6ef526bc821b82a48435c0a11457653382b1512fd893fda45260071da58a
E1,defocus_blur,5,full_state,0.01,1.0,,2,0,55.45,2000,1.0,0.0673758865248227,1128,282,8.287109575510025,99fc6ef526bc821b82a48435c0a11457653382b1512fd893fda45260071da58a
E1,defocus_blur,5,full_state,0.01,1.0,,3,0,55.45,2000,1.0,0.0673758865248227,1128,282,8.287109575510025,99fc6ef526bc821b82a48435c0a11457653382b1512fd893fda45260071da58a
E1,defocus_blur,5,full_state,0.01,1.0,,4,0,55.45,2000,1.0,0.0673758865248227,1128,282,8.287109575510025,99fc6ef526bc821b82a48435c0a11457653382b1512fd893fda45260071da58a
E1,defocus_blur,5,full_state,0.01,1.0,,5,0,55.45,2000,1.0,0.0673758865248227,1128,282,8.287109575510025,99fc6ef526bc821b82a48435c0a11457653382b1512fd893fda45260071da58a
E1,defocus_blur,5,full_state,0.01,1.0,,6,0,55.45,2000,1.0,0.0673758865248227,1128,282,8.287109575510025,99fc6ef526bc821b82a48435c0a11457653382b1512fd893fda45260071da58a
E1,defocus_blur,5,full_state,0.01,1.0,,7,0,55.45,2000,1.0,0.0673758865248227,1128,282,8.287109575510025,99fc6ef526bc821b82a48435c0a11457653382b1512fd893fda45260071da58a
E1,defocus_blur,5,full_state,0.01,1.0,,8,0,55.45,2000,1.0,0.0673758865248227,1128,282,8.287109575510025,99fc6ef526bc821b82a48435c0a11457653382b1512fd893fda45260071da58a
E1,defocus_blur,5,full_state,0.01,1.0,,9,0,55.45,2000,1.0,0.0673758865248227,1128,282,8.287109575510025,99fc6ef526bc821b82a48435c0a11457653382b1512fd893fda45260071da58a
E1,defocus_blur,5,full_state,0.01,1.0,,10,0,55.45,2000,1.0,0.0673758865248227,1128,282,8.287109575510025,99fc6ef526bc821b82a48435c0a11457653382b1512fd893fda45260071da58a
E1,defocus_blur,5,full_state,0.01,1.0,,11,0,55.45,2000,1.0,0.0673758865248227,1128,282,8.287109575510025,99fc6ef526bc821b82a48435c0a11457653382b1512fd893fda45260071da58a
E1,defocus_blur,5,full_state,0.01,1.0,,12,0,55.45,2000,1.0,0.0673758865248227,1128,282,8.287109575510025,99fc6ef526bc821b82a48435c0a11457653382b1512fd893fda45260071da58a
E1,defocus_blur,5,full_state,0.01,1.0,,13,0,55.45,2000,1.0,0.0673758865248227,1128,282,8.287109575510025,99fc6ef526bc821b82a48435c0a11457653382b1512fd893fda45260071da58a
E1,defocus_blur,5,full_state,0.01,1.0,,14,0,55.45,2000,1.0,0.0673758865248227,1128,282,8.287109575510025,99fc6ef526bc821b82a48435c0a11457653382b1512fd893fda45260071da58a
E1,defocus_blur,5,full_state,0.01,1.0,,15,0,55.45,2000,1.0,0.0673758865248227,1128,282,8.287109575510025,99fc6ef526bc821b82a48435c0a11457653382b1512fd893fda45260071da58a
E1,defocus_blur,5,random_direction,0.01,1.0,,0,0,0.7000000000000006,2000,0.026595744680851064,0.08156028368794327,1128,282,0.1890602329969406,99fc6ef526bc821b82a48435c0a11457653382b1512fd893fda45260071da58a
E1,defocus_blur,5,random_direction,0.01,1.0,,1,0,0.10000000000000009,2000,0.004432624113475178,0.014184397163120567,1128,282,0.0159134521484375,99fc6ef526bc821b82a48435c0a11457653382b1512fd893fda45260071da58a
E1,defocus_blur,5,random_direction,0.01,1.0,,2,0,-0.04999999999999727,2000,0.0026595744680851063,0.01773049645390071,1128,282,0.009564056038856506,99fc6ef526bc821b82a48435c0a11457653382b1512fd893fda45260071da58a
E1,defocus_blur,5,random_direction,0.01,1.0,,3,0,-0.09999999999999731,2000,0.005319148936170213,0.031914893617021274,1128,282,0.00852441817522049,99fc6ef526bc821b82a48435c0a11457653382b1512fd893fda45260071da58a
E1,defocus_blur,5,random_direction,0.01,1.0,,4,0,0.10000000000000009,2000,0.004432624113475178,0.01773049645390071,1128,282,0.005584066748619079,99fc6ef526bc821b82a48435c0a11457653382b1512fd893fda45260071da58a
E1,defocus_blur,5,random_direction,0.01,1.0,,5,0,0.050000000000000044,2000,0.004432624113475178,0.01773049645390071,1128,282,-0.013069377720355987,99fc6ef526bc821b82a48435c0a11457653382b1512fd893fda45260071da58a
E1,defocus_blur,5,random_direction,0.01,1.0,,6,0,0.0,2000,0.0026595744680851063,0.014184397163120567,1128,282,0.009012204766273499,99fc6ef526bc821b82a48435c0a11457653382b1512fd893fda45260071da58a
E1,defocus_blur,5,random_direction,0.01,1.0,,7,0,-0.1999999999999974,2000,0.0035460992907801418,0.031914893617021274,1128,282,-0.019625485241413117,99fc6ef526bc821b82a48435c0a11457653382b1512fd893fda45260071da58a
E1,defocus_blur,5,random_direction,0.01,1.0,,8,0,-0.04999999999999727,2000,0.005319148936170213,0.028368794326241134,1128,282,-0.019704748570919035,99fc6ef526bc821b82a48435c0a11457653382b1512fd893fda45260071da58a
E1,defocus_blur,5,random_direction,0.01,1.0,,9,0,0.10000000000000009,2000,0.005319148936170213,0.02127659574468085,1128,282,-0.011815252840518951,99fc6ef526bc821b82a48435c0a11457653382b1512fd893fda45260071da58a
E1,defocus_blur,5,random_direction,0.01,1.0,,10,0,-0.1999999999999974,2000,0.0017730496453900709,0.024822695035460994,1128,282,-0.0066555715203285215,99fc6ef526bc821b82a48435c0a11457653382b1512fd893fda45260071da58a
E1,defocus_blur,5,random_direction,0.01,1.0,,11,0,0.0,2000,0.0017730496453900709,0.0070921985815602835,1128,282,-0.008673340499401093,99fc6ef526bc821b82a48435c0a11457653382b1512fd893fda45260071da58a
E1,defocus_blur,5,random_direction,0.01,1.0,,12,0,0.0,2000,0.004432624113475178,0.02127659574468085,1128,282,-0.001762924313545227,99fc6ef526bc821b82a48435c0a11457653382b1512fd893fda45260071da58a
E1,defocus_blur,5,random_direction,0.01,1.0,,13,0,0.0,2000,0.0008865248226950354,0.0070921985815602835,1128,282,-0.011033040761947633,99fc6ef526bc821b82a48435c0a11457653382b1512fd893fda45260071da58a
E1,defocus_blur,5,random_direction,0.01,1.0,,14,0,0.050000000000000044,2000,0.0008865248226950354,0.0035460992907801418,1128,282,0.0068705323338508605,99fc6ef526bc821b82a48435c0a11457653382b1512fd893fda45260071da58a
E1,defocus_blur,5,random_direction,0.01,1.0,,15,0,0.10000000000000009,2000,0.0008865248226950354,0.0,1128,282,-0.0012259576320648193,99fc6ef526bc821b82a48435c0a11457653382b1512fd893fda45260071da58a
E1,defocus_blur,5,shuffled_donor,0.01,1.0,,0,0,-0.49999999999999767,2000,0.023936170212765957,0.14893617021276595,1128,282,-0.09629069101810456,99fc6ef526bc821b82a48435c0a11457653382b1512fd893fda45260071da58a
E1,defocus_blur,5,shuffled_donor,0.01,1.0,,1,0,0.20000000000000018,2000,0.012411347517730497,0.03900709219858156,1128,282,0.038117560267448426,99fc6ef526bc821b82a48435c0a11457653382b1512fd893fda45260071da58a
E1,defocus_blur,5,shuffled_donor,0.01,1.0,,2,0,0.20000000000000018,2000,0.013297872340425532,0.03900709219858156,1128,282,0.031289519250392916,99fc6ef526bc821b82a48435c0a11457653382b1512fd893fda45260071da58a
E1,defocus_blur,5,shuffled_donor,0.01,1.0,,3,0,-0.04999999999999727,2000,0.015070921985815602,0.08156028368794327,1128,282,-0.07199485784769058,99fc6ef526bc821b82a48435c0a11457653382b1512fd893fda45260071da58a
E1,defocus_blur,5,shuffled_donor,0.01,1.0,,4,0,0.050000000000000044,2000,0.012411347517730497,0.06382978723404255,1128,282,-0.08487703114748,99fc6ef526bc821b82a48435c0a11457653382b1512fd893fda45260071da58a
E1,defocus_blur,5,shuffled_donor,0.01,1.0,,5,0,0.15000000000000013,2000,0.015070921985815602,0.0673758865248227,1128,282,-0.08092982667684555,99fc6ef526bc821b82a48435c0a11457653382b1512fd893fda45260071da58a
E1,defocus_blur,5,shuffled_donor,0.01,1.0,,6,0,-0.04999999999999727,2000,0.014184397163120567,0.07446808510638298,1128,282,-0.05695779949426651,99fc6ef526bc821b82a48435c0a11457653382b1512fd893fda45260071da58a
E1,defocus_blur,5,shuffled_donor,0.01,1.0,,7,0,-0.14999999999999736,2000,0.015070921985815602,0.07446808510638298,1128,282,-0.042011069238185886,99fc6ef526bc821b82a48435c0a11457653382b1512fd893fda45260071da58a
E1,defocus_blur,5,shuffled_donor,0.01,1.0,,8,0,-0.49999999999999767,2000,0.0070921985815602835,0.0673758865248227,1128,282,-0.0333706134557724,99fc6ef526bc821b82a48435c0a11457653382b1512fd893fda45260071da58a
E1,defocus_blur,5,shuffled_donor,0.01,1.0,,9,0,-0.24999999999999745,2000,0.0070921985815602835,0.05319148936170213,1128,282,-0.04762858861684799,99fc6ef526bc821b82a48435c0a11457653382b1512fd893fda45260071da58a
E1,defocus_blur,5,shuffled_donor,0.01,1.0,,10,0,-0.2999999999999975,2000,0.0070921985815602835,0.05319148936170213,1128,282,-0.017201495826244355,99fc6ef526bc821b82a48435c0a11457653382b1512fd893fda45260071da58a
E1,defocus_blur,5,shuffled_donor,0.01,1.0,,11,0,-0.09999999999999731,2000,0.00975177304964539,0.04964539007092199,1128,282,-0.003643290102481842,99fc6ef526bc821b82a48435c0a11457653382b1512fd893fda45260071da58a
E1,defocus_blur,5,shuffled_donor,0.01,1.0,,12,0,-0.24999999999999745,2000,0.0070921985815602835,0.04609929078014184,1128,282,-0.01046702641248703,99fc6ef526bc821b82a48435c0a11457653382b1512fd893fda45260071da58a
E1,defocus_blur,5,shuffled_donor,0.01,1.0,,13,0,0.15000000000000013,2000,0.008865248226950355,0.031914893617021274,1128,282,-0.025417784988880157,99fc6ef526bc821b82a48435c0a11457653382b1512fd893fda45260071da58a
E1,defocus_blur,5,shuffled_donor,0.01,1.0,,14,0,-0.04999999999999727,2000,0.0062056737588652485,0.031914893617021274,1128,282,-0.011391016483306884,99fc6ef526bc821b82a48435c0a11457653382b1512fd893fda45260071da58a
E1,defocus_blur,5,shuffled_donor,0.01,1.0,,15,0,0.10000000000000009,2000,0.0062056737588652485,0.01773049645390071,1128,282,-0.005147081017494202,99fc6ef526bc821b82a48435c0a11457653382b1512fd893fda45260071da58a
E1,contrast,1,partial_channel,0.01,1.0,,0,0,0.0,2000,0.08571428571428572,0.01309090909090909,70,1375,0.0024848147630691527,99fc6ef526bc821b82a48435c0a11457653382b1512fd893fda45260071da58a
E1,contrast,1,partial_channel,0.01,1.0,,0,1,0.0,2000,0.04285714285714286,0.007272727272727273,70,1375,0.008872509300708771,99fc6ef526bc821b82a48435c0a11457653382b1512fd893fda45260071da58a
E1,contrast,1,partial_channel,0.01,1.0,,0,2,0.14999999999999458,2000,0.14285714285714285,0.01090909090909091,70,1375,0.02569160568714142,99fc6ef526bc821b82a48435c0a11457653382b1512fd893fda45260071da58a
E1,contrast,1,partial_channel,0.01,1.0,,0,3,-0.24999999999999467,2000,0.05714285714285714,0.008,70,1375,-0.01194368749856949,99fc6ef526bc821b82a48435c0a11457653382b1512fd893fda45260071da58a
E1,contrast,1,partial_channel,0.01,1.0,,0,4,-0.20000000000000018,2000,0.08571428571428572,0.01309090909090909,70,1375,0.030653671979904176,99fc6ef526bc821b82a48435c0a11457653382b1512fd893fda45260071da58a
E1,contrast,1,partial_channel,0.05,1.0,,0,0,0.44999999999999485,2000,0.2857142857142857,0.01890909090909091,70,1375,-0.021147886753082275,99fc6ef526bc821b82a48435c0a11457653382b1512fd893fda45260071da58a
E1,contrast,1,partial_channel,0.05,1.0,,0,1,-0.7000000000000006,2000,0.12857142857142856,0.02909090909090909,70,1375,0.012735806524753571,99fc6ef526bc821b82a48435c0a11457653382b1512fd893fda45260071da58a
E1,contrast,1,partial_channel,0.05,1.0,,0,2,-0.9000000000000008,2000,0.2,0.03418181818181818,70,1375,-0.05771774655580521,99fc6ef526bc821b82a48435c0a11457653382b1512fd893fda45260071da58a
E1,contrast,1,partial_channel,0.05,1.0,,0,3,-0.6000000000000005,2000,0.14285714285714285,0.02181818181818182,70,1375,-0.06992282110452652,99fc6ef526bc821b82a48435c0a11457653382b1512fd893fda45260071da58a
E1,contrast,1,partial_channel,0.05,1.0,,0,4,-0.30000000000000027,2000,0.15714285714285714,0.024,70,1375,-0.01564316040277481,99fc6ef526bc821b82a48435c0a11457653382b1512fd893fda45260071da58a
E1,contrast,1,partial_channel,0.1,1.0,,0,0,0.24999999999999467,2000,0.32857142857142857,0.028363636363636365,70,1375,-0.04726957178115845,99fc6ef526bc821b82a48435c0a11457653382b1512fd893fda45260071da58a
E1,contrast,1,partial_channel,0.1,1.0,,0,1,-0.649999999999995,2000,0.2571428571428571,0.03418181818181818,70,1375,-0.05425831836462021,99fc6ef526bc821b82a48435c0a11457653382b1512fd893fda45260071da58a
E1,contrast,1,partial_channel,0.1,1.0,,0,2,-0.6000000000000005,2000,0.4142857142857143,0.04727272727272727,70,1375,-0.153163451731205,99fc6ef526bc821b82a48435c0a11457653382b1512fd893fda45260071da58a
E1,contrast,1,partial_channel,0.1,1.0,,0,3,-0.8000000000000007,2000,0.14285714285714285,0.02909090909090909,70,1375,-0.07468146812915802,99fc6ef526bc821b82a48435c0a11457653382b1512fd893fda45260071da58a
E1,contrast,1,partial_channel,0.1,1.0,,0,4,-0.20000000000000018,2000,0.24285714285714285,0.030545454545454546,70,1375,0.010659003496170045,99fc6ef526bc821b82a48435c0a11457653382b1512fd893fda45260071da58a
E1,contrast,1,partial_channel,0.2,1.0,,0,0,-1.0000000000000009,2000,0.34285714285714286,0.05527272727272727,70,1375,-0.2772306169271469,99fc6ef526bc821b82a48435c0a11457653382b1512fd893fda45260071da58a
E1,contrast,1,partial_channel,0.2,1.0,,0,1,-0.6000000000000005,2000,0.34285714285714286,0.04145454545454545,70,1375,-0.1297784599661827,99fc6ef526bc821b82a48435c0a11457653382b1512fd893fda45260071da58a
E1,contrast,1,partial_channel,0.2,1.0,,0,2,-0.7000000000000006,2000,0.45714285714285713,0.05090909090909091,70,1375,-0.2539235622882843,99fc6ef526bc821b82a48435c0a11457653382b1512fd893fda45260071da58a
E1,contrast,1,partial_channel,0.2,1.0,,0,3,-2.649999999999997,2000,0.3142857142857143,0.08145454545454546,70,1375,-0.6111770087480545,99fc6ef526bc821b82a48435c0a11457653382b1512fd893fda45260071da58a
E1,contrast,1,partial_channel,0.2,1.0,,0,4,-0.8499999999999952,2000,0.2571428571428571,0.05309090909090909,70,1375,-0.19768514662981032,99fc6ef526bc821b82a48435c0a11457653382b1512fd893fda45260071da58a
E1,contrast,1,partial_channel,0.01,1.0,,1,0,-0.10000000000000009,2000,0.04285714285714286,0.006545454545454545,70,1375,0.0068970929384231565,99fc6ef526bc821b82a48435c0a11457653382b1512fd893fda45260071da58a
E1,contrast,1,partial_channel,0.01,1.0,,1,1,-0.04999999999999449,2000,0.07142857142857142,0.008,70,1375,-0.02076818859577179,99fc6ef526bc821b82a48435c0a11457653382b1512fd893fda45260071da58a
E1,contrast,1,partial_channel,0.01,1.0,,1,2,0.20000000000000018,2000,0.11428571428571428,0.007272727272727273,70,1375,0.025280617296695708,99fc6ef526bc821b82a48435c0a11457653382b1512fd893fda45260071da58a
E1,contrast,1,partial_channel,0.01,1.0,,1,3,-0.14999999999999458,2000,0.1,0.008727272727272728,70,1375,-0.013488304197788238,99fc6ef526bc821b82a48435c0a11457653382b1512fd893fda45260071da58a
E1,contrast,1,partial_channel,0.01,1.0,,1,4,-0.14999999999999458,2000,0.04285714285714286,0.008727272727272728,70,1375,0.025285010516643523,99fc6ef526bc821b82a48435c0a11457653382b1512fd893fda45260071da58a
E1,contrast,1,partial_channel,0.05,1.0,,1,0,0.24999999999999467,2000,0.2571428571428571,0.01818181818181818,70,1375,0.0011713616847991942,99fc6ef526bc821b82a48435c0a11457653382b1512fd893fda45260071da58a
E1,contrast,1,partial_channel,0.05,1.0,,1,1,-0.5499999999999949,2000,0.1,0.020363636363636365,70,1375,-0.0014954679608345032,99fc6ef526bc821b82a48435c0a11457653382b1512fd893fda45260071da58a
E1,contrast,1,partial_channel,0.05,1.0,,1,2,-0.14999999999999458,2000,0.18571428571428572,0.02181818181818182,70,1375,-0.02081145238876343,99fc6ef526bc821b82a48435c0a11457653382b1512fd893fda45260071da58a
E1,contrast,1,partial_channel,0.05,1.0,,1,3,-0.7000000000000006,2000,0.08571428571428572,0.019636363636363636,70,1375,-0.04986958545446396,99fc6ef526bc821b82a48435c0a11457653382b1512fd893fda45260071da58a
E1,contrast,1,partial_channel,0.05,1.0,,1,4,-0.5499999999999949,2000,0.11428571428571428,0.022545454545454546,70,1375,-0.023930896043777464,99fc6ef526bc821b82a48435c0a11457653382b1512fd893fda45260071da58a
E1,contrast,1,partial_channel,0.1,1.0,,1,0,0.14999999999999458,2000,0.3142857142857143,0.024727272727272726,70,1375,-0.015987208366394043,99fc6ef526bc821b82a48435c0a11457653382b1512fd893fda45260071da58a
E1,contrast,1,partial_channel,0.1,1.0,,1,1,-0.40000000000000036,2000,0.15714285714285714,0.024727272727272726,70,1375,-0.052615808606147764,99fc6ef526bc821b82a48435c0a11457653382b1512fd893fda45260071da58a
E1,contrast,1,partial_channel,0.1,1.0,,1,2,-0.04999999999999449,2000,0.42857142857142855,0.03490909090909091,70,1375,-0.05148607337474823,99fc6ef526bc821b82a48435c0a11457653382b1512fd893fda45260071da58a
E1,contrast,1,partial_channel,0.1,1.0,,1,3,-0.649999999999995,2000,0.17142857142857143,0.025454545454545455,70,1375,-0.03851534527540207,99fc6ef526bc821b82a48435c0a11457653382b1512fd893fda45260071da58a
E1,contrast,1,partial_channel,0.1,1.0,,1,4,-0.24999999999999467,2000,0.22857142857142856,0.02618181818181818,70,1375,0.009097747266292573,99fc6ef526bc821b82a48435c0a11457653382b1512fd893fda45260071da58a
E1,contrast,1,partial_channel,0.2,1.0,,1,0,0.14999999999999458,2000,0.34285714285714286,0.03490909090909091,70,1375,-0.06004010385274887,99fc6ef526bc821b82a48435c0a11457653382b1512fd893fda45260071da58a
E1,contrast,1,partial_channel,0.2,1.0,,1,1,-0.40000000000000036,2000,0.3142857142857143,0.03709090909090909,70,1375,-0.12666884261369704,99fc6ef526bc821b82a48435c0a11457653382b1512fd893fda45260071da58a
E1,contrast,1,partial_channel,0.2,1.0,,1,2,0.30000000000000027,2000,0.45714285714285713,0.03563636363636364,70,1375,-0.07508951389789581,99fc6ef526bc821b82a48435c0a11457653382b1512fd893fda45260071da58a
E1,contrast,1,partial_channel,0.2,1.0,,1,3,-2.0499999999999963,2000,0.2857142857142857,0.06254545454545454,70,1375,-0.32534344255924225,99fc6ef526bc821b82a48435c0a11457653382b1512fd893fda45260071da58a
E1,contrast,1,partial_channel,0.2,1.0,,1,4,-1.3000000000000012,2000,0.24285714285714285,0.05163636363636363,70,1375,-0.08676396495103836,99fc6ef526bc821b82a48435c0a11457653382b1512fd893fda45260071da58a
E1,contrast,1,partial_channel,0.01,1.0,,2,0,0.0,2000,0.05714285714285714,0.006545454545454545,70,1375,0.002345191478729248,99fc6ef526bc821b82a48435c0a11457653382b1512fd893fda45260071da58a
E1,contrast,1,partial_channel,0.01,1.0,,2,1,-0.04999999999999449,2000,0.08571428571428572,0.007272727272727273,70,1375,-0.02385747182369232,99fc6ef526bc821b82a48435c0a11457653382b1512fd893fda45260071da58a
E1,contrast,1,partial_channel,0.01,1.0,,2,2,0.14999999999999458,2000,0.11428571428571428,0.007272727272727273,70,1375,0.027388435781002043,99fc6ef526bc821b82a48435c0a11457653382b1512fd893fda45260071da58a
E1,contrast,1,partial_channel,0.01,1.0,,2,3,-0.24999999999999467,2000,0.08571428571428572,0.008727272727272728,70,1375,-0.019141640901565553,99fc6ef526bc821b82a48435c0a11457653382b1512fd893fda45260071da58a
E1,contrast,1,partial_channel,0.01,1.0,,2,4,-0.30000000000000027,2000,0.02857142857142857,0.010181818181818183,70,1375,0.023302426099777222,99fc6ef526bc821b82a48435c0a11457653382b1512fd893fda45260071da58a
E1,contrast,1,partial_channel,0.05,1.0,,2,0,-0.14999999999999458,2000,0.21428571428571427,0.01890909090909091,70,1375,-0.002474687397480011,99fc6ef526bc821b82a48435c0a11457653382b1512fd893fda45260071da58a
E1,contrast,1,partial_channel,0.05,1.0,,2,1,-0.34999999999999476,2000,0.11428571428571428,0.015272727272727273,70,1375,-0.003903381586074829,99fc6ef526bc821b82a48435c0a11457653382b1512fd893fda45260071da58a
E1,contrast,1,partial_channel,0.05,1.0,,2,2,0.04999999999999449,2000,0.17142857142857143,0.01890909090909091,70,1375,-0.009802645802497864,99fc6ef526bc821b82a48435c0a11457653382b1512fd893fda45260071da58a
E1,contrast,1,partial_channel,0.05,1.0,,2,3,-0.5000000000000004,2000,0.11428571428571428,0.016727272727272726,70,1375,-0.023133633971214294,99fc6ef526bc821b82a48435c0a11457653382b1512fd893fda45260071da58a
E1,contrast,1,partial_channel,0.05,1.0,,2,4,-0.44999999999999485,2000,0.17142857142857143,0.022545454545454546,70,1375,-0.033291106760501864,99fc6ef526bc821b82a48435c0a11457653382b1512fd893fda45260071da58a
E1,contrast,1,partial_channel,0.1,1.0,,2,0,-0.20000000000000018,2000,0.24285714285714285,0.025454545454545455,70,1375,-0.02481458342075348,99fc6ef526bc821b82a48435c0a11457653382b1512fd893fda45260071da58a
E1,contrast,1,partial_channel,0.1,1.0,,2,1,-0.649999999999995,2000,0.18571428571428572,0.028363636363636365,70,1375,-0.06541562783718109,99fc6ef526bc821b82a48435c0a11457653382b1512fd893fda45260071da58a
E1,contrast,1,partial_channel,0.1,1.0,,2,2,-0.04999999999999449,2000,0.4,0.03127272727272727,70,1375,-0.033898670196533205,99fc6ef526bc821b82a48435c0a11457653382b1512fd893fda45260071da58a
E1,contrast,1,partial_channel,0.1,1.0,,2,3,-0.6000000000000005,2000,0.18571428571428572,0.02327272727272727,70,1375,-0.023952058494091034,99fc6ef526bc821b82a48435c0a11457653382b1512fd893fda45260071da58a
E1,contrast,1,partial_channel,0.1,1.0,,2,4,-0.14999999999999458,2000,0.2571428571428571,0.02690909090909091,70,1375,0.0026039151549339295,99fc6ef526bc821b82a48435c0a11457653382b1512fd893fda45260071da58a
E1,contrast,1,partial_channel,0.2,1.0,,2,0,0.20000000000000018,2000,0.37142857142857144,0.032,70,1375,-0.05392286854982376,99fc6ef526bc821b82a48435c0a11457653382b1512fd893fda45260071da58a
E1,contrast,1,partial_channel,0.2,1.0,,2,1,-0.5000000000000004,2000,0.2857142857142857,0.03709090909090909,70,1375,-0.13181056129932403,99fc6ef526bc821b82a48435c0a11457653382b1512fd893fda45260071da58a
E1,contrast,1,partial_channel,0.2,1.0,,2,2,-0.10000000000000009,2000,0.45714285714285713,0.03927272727272727,70,1375,-0.037148291289806366,99fc6ef526bc821b82a48435c0a11457653382b1512fd893fda45260071da58a
E1,contrast,1,partial_channel,0.2,1.0,,2,3,-1.9000000000000017,2000,0.2571428571428571,0.05672727272727273,70,1375,-0.2622659255862236,99fc6ef526bc821b82a48435c0a11457653382b1512fd893fda45260071da58a
E1,contrast,1,partial_channel,0.2,1.0,,2,4,-0.44999999999999485,2000,0.2714285714285714,0.03781818181818182,70,1375,-0.04879966479539871,99fc6ef526bc821b82a48435c0a11457653382b1512fd893fda45260071da58a
E1,contrast,1,partial_channel,0.01,1.0,,3,0,-0.04999999999999449,2000,0.05714285714285714,0.008727272727272728,70,1375,-0.009596357405185699,99fc6ef526bc821b82a48435c0a11457653382b1512fd893fda45260071da58a
E1,contrast,1,partial_channel,0.01,1.0,,3,1,-0.10000000000000009,2000,0.04285714285714286,0.005818181818181818,70,1375,-0.003489483177661896,99fc6ef526bc821b82a48435c0a11457653382b1512fd893fda45260071da58a
E1,contrast,1,partial_channel,0.01,1.0,,3,2,-0.30000000000000027,2000,0.014285714285714285,0.005818181818181818,70,1375,-0.004488494157791138,99fc6ef526bc821b82a48435c0a11457653382b1512fd893fda45260071da58a
E1,contrast,1,partial_channel,0.01,1.0,,3,3,0.10000000000000009,2000,0.05714285714285714,0.005818181818181818,70,1375,-0.003984086096286774,99fc6ef526bc821b82a48435c0a11457653382b1512fd893fda45260071da58a
E1,contrast,1,partial_channel,0.01,1.0,,3,4,0.0,2000,0.08571428571428572,0.008727272727272728,70,1375,0.004324209332466126,99fc6ef526bc821b82a48435c0a11457653382b1512fd893fda45260071da58a
E1,contrast,1,partial_channel,0.05,1.0,,3,0,-0.44999999999999485,2000,0.11428571428571428,0.01890909090909091,70,1375,-0.04770542079210281,99fc6ef526bc821b82a48435c0a11457653382b1512fd893fda45260071da58a
E1,contrast,1,partial_channel,0.05,1.0,,3,1,-0.40000000000000036,2000,0.12857142857142856,0.020363636363636365,70,1375,0.004745312988758087,99fc6ef526bc821b82a48435c0a11457653382b1512fd893fda45260071da58a
E1,contrast,1,partial_channel,0.05,1.0,,3,2,-0.10000000000000009,2000,0.14285714285714285,0.015272727272727273,70,1375,-0.0008987756967544555,99fc6ef526bc821b82a48435c0a11457653382b1512fd893fda45260071da58a
E1,contrast,1,partial_channel,0.05,1.0,,3,3,-0.34999999999999476,2000,0.12857142857142856,0.01890909090909091,70,1375,-0.02043194156885147,99fc6ef526bc821b82a48435c0a11457653382b1512fd893fda45260071da58a
E1,contrast,1,partial_channel,0.05,1.0,,3,4,0.14999999999999458,2000,0.15714285714285714,0.013818181818181818,70,1375,-0.0020863617062568665,99fc6ef526bc821b82a48435c0a11457653382b1512fd893fda45260071da58a
E1,contrast,1,partial_channel,0.1,1.0,,3,0,-0.5000000000000004,2000,0.2571428571428571,0.02618181818181818,70,1375,-0.05766262316703796,99fc6ef526bc821b82a48435c0a11457653382b1512fd893fda45260071da58a
E1,contrast,1,partial_channel,0.1,1.0,,3,1,-0.8000000000000007,2000,0.14285714285714285,0.029818181818181817,70,1375,-0.016897272348403932,99fc6ef526bc821b82a48435c0a11457653382b1512fd893fda45260071da58a
E1,contrast,1,partial_channel,0.1,1.0,,3,2,0.10000000000000009,2000,0.21428571428571427,0.01890909090909091,70,1375,-0.0009776085019111633,99fc6ef526bc821b82a48435c0a11457653382b1512fd893fda45260071da58a
E1,contrast,1,partial_channel,0.1,1.0,,3,3,-0.5499999999999949,2000,0.24285714285714285,0.032,70,1375,-0.007021951138973236,99fc6ef526bc821b82a48435c0a11457653382b1512fd893fda45260071da58a
E1,contrast,1,partial_channel,0.1,1.0,,3,4,0.24999999999999467,2000,0.2714285714285714,0.019636363636363636,70,1375,0.007454321026802063,99fc6ef526bc821b82a48435c0a11457653382b1512fd893fda45260071da58a
E1,contrast,1,partial_channel,0.2,1.0,,3,0,-0.8000000000000007,2000,0.24285714285714285,0.03418181818181818,70,1375,-0.09042103970050812,99fc6ef526bc821b82a48435c0a11457653382b1512fd893fda45260071da58a
E1,contrast,1,partial_channel,0.2,1.0,,3,1,-0.40000000000000036,2000,0.24285714285714285,0.02909090909090909,70,1375,0.0375058114528656,99fc6ef526bc821b82a48435c0a11457653382b1512fd893fda45260071da58a
E1,contrast,1,partial_channel,0.2,1.0,,3,2,-0.44999999999999485,2000,0.2571428571428571,0.028363636363636365,70,1375,-0.027063995838165284,99fc6ef526bc821b82a48435c0a11457653382b1512fd893fda45260071da58a
E1,contrast,1,partial_channel,0.2,1.0,,3,3,-0.30000000000000027,2000,0.35714285714285715,0.032,70,1375,0.02544058573246002,99fc6ef526bc821b82a48435c0a11457653382b1512fd893fda45260071da58a
E1,contrast,1,partial_channel,0.2,1.0,,3,4,-0.30000000000000027,2000,0.2571428571428571,0.027636363636363636,70,1375,0.02954204088449478,99fc6ef526bc821b82a48435c0a11457653382b1512fd893fda45260071da58a
E1,contrast,1,partial_channel,0.01,1.0,,4,0,-0.10000000000000009,2000,0.07142857142857142,0.008727272727272728,70,1375,-0.0056692506074905395,99fc6ef526bc821b82a48435c0a11457653382b1512fd893fda45260071da58a
E1,contrast,1,partial_channel,0.01,1.0,,4,1,-0.04999999999999449,2000,0.04285714285714286,0.005090909090909091,70,1375,-0.0012210258841514588,99fc6ef526bc821b82a48435c0a11457653382b1512fd893fda45260071da58a
E1,contrast,1,partial_channel,0.01,1.0,,4,2,-0.14999999999999458,2000,0.04285714285714286,0.004363636363636364,70,1375,-0.002084120213985443,99fc6ef526bc821b82a48435c0a11457653382b1512fd893fda45260071da58a
E1,contrast,1,partial_channel,0.01,1.0,,4,3,-0.10000000000000009,2000,0.05714285714285714,0.007272727272727273,70,1375,-0.0002108413577079773,99fc6ef526bc821b82a48435c0a11457653382b1512fd893fda45260071da58a
E1,contrast,1,partial_channel,0.01,1.0,,4,4,0.20000000000000018,2000,0.08571428571428572,0.005090909090909091,70,1375,0.01478256392478943,99fc6ef526bc821b82a48435c0a11457653382b1512fd893fda45260071da58a
E1,contrast,1,partial_channel,0.05,1.0,,4,0,0.04999999999999449,2000,0.14285714285714285,0.011636363636363636,70,1375,-0.028490128934383394,99fc6ef526bc821b82a48435c0a11457653382b1512fd893fda45260071da58a
E1,contrast,1,partial_channel,0.05,1.0,,4,1,-0.34999999999999476,2000,0.1,0.01818181818181818,70,1375,0.015739535450935364,99fc6ef526bc821b82a48435c0a11457653382b1512fd893fda45260071da58a
E1,contrast,1,partial_channel,0.05,1.0,,4,2,0.04999999999999449,2000,0.1,0.01090909090909091,70,1375,0.004308549702167511,99fc6ef526bc821b82a48435c0a11457653382b1512fd893fda45260071da58a
E1,contrast,1,partial_channel,0.05,1.0,,4,3,0.0,2000,0.15714285714285714,0.017454545454545455,70,1375,-0.0014184736609458924,99fc6ef526bc821b82a48435c0a11457653382b1512fd893fda45260071da58a
E1,contrast,1,partial_channel,0.05,1.0,,4,4,-0.14999999999999458,2000,0.11428571428571428,0.013818181818181818,70,1375,0.007676421880722046,99fc6ef526bc821b82a48435c0a11457653382b1512fd893fda45260071da58a
E1,contrast,1,partial_channel,0.1,1.0,,4,0,-0.14999999999999458,2000,0.18571428571428572,0.019636363636363636,70,1375,-0.02066496342420578,99fc6ef526bc821b82a48435c0a11457653382b1512fd893fda45260071da58a
E1,contrast,1,partial_channel,0.1,1.0,,4,1,-1.0000000000000009,2000,0.11428571428571428,0.027636363636363636,70,1375,0.011078383028507232,99fc6ef526bc821b82a48435c0a11457653382b1512fd893fda45260071da58a
E1,contrast,1,partial_channel,0.1,1.0,,4,2,0.20000000000000018,2000,0.2,0.016,70,1375,0.018421418488025667,99fc6ef526bc821b82a48435c0a11457653382b1512fd893fda45260071da58a
E1,contrast,1,partial_channel,0.1,1.0,,4,3,-0.34999999999999476,2000,0.24285714285714285,0.027636363636363636,70,1375,0.06680329793691635,99fc6ef526bc821b82a48435c0a11457653382b1512fd893fda45260071da58a
E1,contrast,1,partial_channel,0.1,1.0,,4,4,0.30000000000000027,2000,0.2,0.015272727272727273,70,1375,0.03471213901042938,99fc6ef526bc821b82a48435c0a11457653382b1512fd893fda45260071da58a
E1,contrast,1,partial_channel,0.2,1.0,,4,0,-0.10000000000000009,2000,0.22857142857142856,0.024727272727272726,70,1375,-0.02929466336965561,99fc6ef526bc821b82a48435c0a11457653382b1512fd893fda45260071da58a
E1,contrast,1,partial_channel,0.2,1.0,,4,1,-0.20000000000000018,2000,0.2571428571428571,0.02327272727272727,70,1375,0.0455650395154953,99fc6ef526bc821b82a48435c0a11457653382b1512fd893fda45260071da58a
E1,contrast,1,partial_channel,0.2,1.0,,4,2,0.30000000000000027,2000,0.32857142857142857,0.02181818181818182,70,1375,0.014073932230472565,99fc6ef526bc821b82a48435c0a11457653382b1512fd893fda45260071da58a
E1,contrast,1,partial_channel,0.2,1.0,,4,3,-0.20000000000000018,2000,0.34285714285714286,0.030545454545454546,70,1375,0.1029306806921959,99fc6ef526bc821b82a48435c0a11457653382b1512fd893fda45260071da58a
E1,contrast,1,partial_channel,0.2,1.0,,4,4,-0.10000000000000009,2000,0.2571428571428571,0.022545454545454546,70,1375,0.0764752277135849,99fc6ef526bc821b82a48435c0a11457653382b1512fd893fda45260071da58a
E1,contrast,1,partial_channel,0.01,1.0,,5,0,-0.10000000000000009,2000,0.07142857142857142,0.008,70,1375,-0.006350679934024811,99fc6ef526bc821b82a48435c0a11457653382b1512fd893fda45260071da58a
E1,contrast,1,partial_channel,0.01,1.0,,5,1,-0.04999999999999449,2000,0.02857142857142857,0.004363636363636364,70,1375,-0.0022907595038414003,99fc6ef526bc821b82a48435c0a11457653382b1512fd893fda45260071da58a
E1,contrast,1,partial_channel,0.01,1.0,,5,2,-0.20000000000000018,2000,0.014285714285714285,0.0036363636363636364,70,1375,-0.003929832756519318,99fc6ef526bc821b82a48435c0a11457653382b1512fd893fda45260071da58a
E1,contrast,1,partial_channel,0.01,1.0,,5,3,-0.04999999999999449,2000,0.05714285714285714,0.006545454545454545,70,1375,-0.0004469454884529114,99fc6ef526bc821b82a48435c0a11457653382b1512fd893fda45260071da58a
E1,contrast,1,partial_channel,0.01,1.0,,5,4,0.04999999999999449,2000,0.04285714285714286,0.005818181818181818,70,1375,0.01628033638000488,99fc6ef526bc821b82a48435c0a11457653382b1512fd893fda45260071da58a
E1,contrast,1,partial_channel,0.05,1.0,,5,0,-0.10000000000000009,2000,0.11428571428571428,0.012363636363636363,70,1375,-0.029683037638664245,99fc6ef526bc821b82a48435c0a11457653382b1512fd893fda45260071da58a
E1,contrast,1,partial_channel,0.05,1.0,,5,1,-0.30000000000000027,2000,0.1,0.016727272727272726,70,1375,0.011948535561561585,99fc6ef526bc821b82a48435c0a11457653382b1512fd893fda45260071da58a
E1,contrast,1,partial_channel,0.05,1.0,,5,2,-0.34999999999999476,2000,0.08571428571428572,0.013818181818181818,70,1375,0.001732442319393158,99fc6ef526bc821b82a48435c0a11457653382b1512fd893fda45260071da58a
E1,contrast,1,partial_channel,0.05,1.0,,5,3,-0.20000000000000018,2000,0.12857142857142856,0.016,70,1375,-0.0032612711787223816,99fc6ef526bc821b82a48435c0a11457653382b1512fd893fda45260071da58a
E1,contrast,1,partial_channel,0.05,1.0,,5,4,0.0,2000,0.08571428571428572,0.01309090909090909,70,1375,0.01547511875629425,99fc6ef526bc821b82a48435c0a11457653382b1512fd893fda45260071da58a
E1,contrast,1,partial_channel,0.1,1.0,,5,0,-0.24999999999999467,2000,0.17142857142857143,0.02181818181818182,70,1375,-0.020054140210151672,99fc6ef526bc821b82a48435c0a11457653382b1512fd893fda45260071da58a
E1,contrast,1,partial_channel,0.1,1.0,,5,1,-0.7000000000000006,2000,0.12857142857142856,0.024,70,1375,0.008488374292850494,99fc6ef526bc821b82a48435c0a11457653382b1512fd893fda45260071da58a
E1,contrast,1,partial_channel,0.1,1.0,,5,2,0.0,2000,0.18571428571428572,0.016,70,1375,0.017976455688476563,99fc6ef526bc821b82a48435c0a11457653382b1512fd893fda45260071da58a
E1,contrast,1,partial_channel,0.1,1.0,,5,3,-0.14999999999999458,2000,0.2857142857142857,0.02618181818181818,70,1375,0.06076318502426147,99fc6ef526bc821b82a48435c0a11457653382b1512fd893fda45260071da58a
E1,contrast,1,partial_channel,0.1,1.0,,5,4,0.04999999999999449,2000,0.17142857142857143,0.015272727272727273,70,1375,0.04550115168094635,99fc6ef526bc821b82a48435c0a11457653382b1512fd893fda45260071da58a
E1,contrast,1,partial_channel,0.2,1.0,,5,0,-0.34999999999999476,2000,0.2,0.025454545454545455,70,1375,-0.033276386320590975,99fc6ef526bc821b82a48435c0a11457653382b1512fd893fda45260071da58a
E1,contrast,1,partial_channel,0.2,1.0,,5,1,-0.5499999999999949,2000,0.24285714285714285,0.02618181818181818,70,1375,0.04217484349012375,99fc6ef526bc821b82a48435c0a11457653382b1512fd893fda45260071da58a
E1,contrast,1,partial_channel,0.2,1.0,,5,2,0.10000000000000009,2000,0.2571428571428571,0.020363636363636365,70,1375,0.007126823425292968,99fc6ef526bc821b82a48435c0a11457653382b1512fd893fda45260071da58a
E1,contrast,1,partial_channel,0.2,1.0,,5,3,0.24999999999999467,2000,0.37142857142857144,0.02618181818181818,70,1375,0.09734614950418473,99fc6ef526bc821b82a48435c0a11457653382b1512fd893fda45260071da58a
E1,contrast,1,partial_channel,0.2,1.0,,5,4,0.14999999999999458,2000,0.2714285714285714,0.02109090909090909,70,1375,0.08648004448413849,99fc6ef526bc821b82a48435c0a11457653382b1512fd893fda45260071da58a
E1,contrast,1,partial_channel,0.01,1.0,,6,0,-0.14999999999999458,2000,0.05714285714285714,0.008727272727272728,70,1375,-0.0021698225140571593,99fc6ef526bc821b82a48435c0a11457653382b1512fd893fda45260071da58a
E1,contrast,1,partial_channel,0.01,1.0,,6,1,-0.10000000000000009,2000,0.014285714285714285,0.0036363636363636364,70,1375,-0.0003997421264648438,99fc6ef526bc821b82a48435c0a11457653382b1512fd893fda45260071da58a
E1,contrast,1,partial_channel,0.01,1.0,,6,2,-0.24999999999999467,2000,0.014285714285714285,0.005090909090909091,70,1375,-0.0017900444865226745,99fc6ef526bc821b82a48435c0a11457653382b1512fd893fda45260071da58a
E1,contrast,1,partial_channel,0.01,1.0,,6,3,0.14999999999999458,2000,0.05714285714285714,0.004363636363636364,70,1375,0.0009099816083908081,99fc6ef526bc821b82a48435c0a11457653382b1512fd893fda45260071da58a
E1,contrast,1,partial_channel,0.01,1.0,,6,4,0.10000000000000009,2000,0.04285714285714286,0.005090909090909091,70,1375,0.018079433143138885,99fc6ef526bc821b82a48435c0a11457653382b1512fd893fda45260071da58a
E1,contrast,1,partial_channel,0.05,1.0,,6,0,-0.10000000000000009,2000,0.11428571428571428,0.011636363636363636,70,1375,-0.025137695014476776,99fc6ef526bc821b82a48435c0a11457653382b1512fd893fda45260071da58a
E1,contrast,1,partial_channel,0.05,1.0,,6,1,-0.30000000000000027,2000,0.08571428571428572,0.015272727272727273,70,1375,0.022008767068386077,99fc6ef526bc821b82a48435c0a11457653382b1512fd893fda45260071da58a
E1,contrast,1,partial_channel,0.05,1.0,,6,2,0.0,2000,0.05714285714285714,0.01090909090909091,70,1375,0.00919988465309143,99fc6ef526bc821b82a48435c0a11457653382b1512fd893fda45260071da58a
E1,contrast,1,partial_channel,0.05,1.0,,6,3,0.0,2000,0.12857142857142856,0.01309090909090909,70,1375,-0.0037481396198272704,99fc6ef526bc821b82a48435c0a11457653382b1512fd893fda45260071da58a
E1,contrast,1,partial_channel,0.05,1.0,,6,4,-0.04999999999999449,2000,0.08571428571428572,0.012363636363636363,70,1375,0.017246751129627227,99fc6ef526bc821b82a48435c0a11457653382b1512fd893fda45260071da58a
E1,contrast,1,partial_channel,0.1,1.0,,6,0,0.0,2000,0.15714285714285714,0.015272727272727273,70,1375,-0.01600428104400635,99fc6ef526bc821b82a48435c0a11457653382b1512fd893fda45260071da58a
E1,contrast,1,partial_channel,0.1,1.0,,6,1,-0.5499999999999949,2000,0.11428571428571428,0.019636363636363636,70,1375,0.01952552753686905,99fc6ef526bc821b82a48435c0a11457653382b1512fd893fda45260071da58a
E1,contrast,1,partial_channel,0.1,1.0,,6,2,-0.10000000000000009,2000,0.12857142857142856,0.016727272727272726,70,1375,0.010631935358047486,99fc6ef526bc821b82a48435c0a11457653382b1512fd893fda45260071da58a
E1,contrast,1,partial_channel,0.1,1.0,,6,3,-0.24999999999999467,2000,0.2857142857142857,0.027636363636363636,70,1375,0.05755961012840271,99fc6ef526bc821b82a48435c0a11457653382b1512fd893fda45260071da58a
E1,contrast,1,partial_channel,0.1,1.0,,6,4,0.20000000000000018,2000,0.15714285714285714,0.013818181818181818,70,1375,0.049793954193592074,99fc6ef526bc821b82a48435c0a11457653382b1512fd893fda45260071da58a
E1,contrast,1,partial_channel,0.2,1.0,,6,0,-0.20000000000000018,2000,0.22857142857142856,0.024727272727272726,70,1375,-0.02692466014623642,99fc6ef526bc821b82a48435c0a11457653382b1512fd893fda45260071da58a
E1,contrast,1,partial_channel,0.2,1.0,,6,1,0.04999999999999449,2000,0.24285714285714285,0.020363636363636365,70,1375,0.049152941286563875,99fc6ef526bc821b82a48435c0a11457653382b1512fd893fda45260071da58a
E1,contrast,1,partial_channel,0.2,1.0,,6,2,0.40000000000000036,2000,0.24285714285714285,0.016727272727272726,70,1375,0.006587036311626434,99fc6ef526bc821b82a48435c0a11457653382b1512fd893fda45260071da58a
E1,contrast,1,partial_channel,0.2,1.0,,6,3,0.24999999999999467,2000,0.42857142857142855,0.02690909090909091,70,1375,0.09295038223266601,99fc6ef526bc821b82a48435c0a11457653382b1512fd893fda45260071da58a
E1,contrast,1,partial_channel,0.2,1.0,,6,4,0.30000000000000027,2000,0.22857142857142856,0.01890909090909091,70,1375,0.08252648758888245,99fc6ef526bc821b82a48435c0a11457653382b1512fd893fda45260071da58a
E1,contrast,1,partial_channel,0.01,1.0,,7,0,0.0,2000,0.04285714285714286,0.005090909090909091,70,1375,0.010846513688564301,99fc6ef526bc821b82a48435c0a11457653382b1512fd893fda45260071da58a
E1,contrast,1,partial_channel,0.01,1.0,,7,1,-0.20000000000000018,2000,0.02857142857142857,0.010181818181818183,70,1375,0.0022987250089645385,99fc6ef526bc821b82a48435c0a11457653382b1512fd893fda45260071da58a
E1,contrast,1,partial_channel,0.01,1.0,,7,2,0.10000000000000009,2000,0.11428571428571428,0.008727272727272728,70,1375,0.023222030520439148,99fc6ef526bc821b82a48435c0a11457653382b1512fd893fda45260071da58a
E1,contrast,1,partial_channel,0.01,1.0,,7,3,-0.04999999999999449,2000,0.02857142857142857,0.002909090909090909,70,1375,0.0011872528195381164,99fc6ef526bc821b82a48435c0a11457653382b1512fd893fda45260071da58a
E1,contrast,1,partial_channel,0.01,1.0,,7,4,-0.24999999999999467,2000,0.1,0.011636363636363636,70,1375,0.01477810949087143,99fc6ef526bc821b82a48435c0a11457653382b1512fd893fda45260071da58a
E1,contrast,1,partial_channel,0.05,1.0,,7,0,0.04999999999999449,2000,0.15714285714285714,0.009454545454545455,70,1375,0.016728502810001374,99fc6ef526bc821b82a48435c0a11457653382b1512fd893fda45260071da58a
E1,contrast,1,partial_channel,0.05,1.0,,7,1,-0.5000000000000004,2000,0.07142857142857142,0.015272727272727273,70,1375,0.005943248867988586,99fc6ef526bc821b82a48435c0a11457653382b1512fd893fda45260071da58a
E1,contrast,1,partial_channel,0.05,1.0,,7,2,0.04999999999999449,2000,0.14285714285714285,0.013818181818181818,70,1375,0.04780255764722824,99fc6ef526bc821b82a48435c0a11457653382b1512fd893fda45260071da58a
E1,contrast,1,partial_channel,0.05,1.0,,7,3,-0.10000000000000009,2000,0.05714285714285714,0.008,70,1375,0.020957471549510956,99fc6ef526bc821b82a48435c0a11457653382b1512fd893fda45260071da58a
E1,contrast,1,partial_channel,0.05,1.0,,7,4,-0.5499999999999949,2000,0.15714285714285714,0.019636363636363636,70,1375,0.012614473402500152,99fc6ef526bc821b82a48435c0a11457653382b1512fd893fda45260071da58a
E1,contrast,1,partial_channel,0.1,1.0,,7,0,0.0,2000,0.17142857142857143,0.01309090909090909,70,1375,0.02170533913373947,99fc6ef526bc821b82a48435c0a11457653382b1512fd893fda45260071da58a
E1,contrast,1,partial_channel,0.1,1.0,,7,1,-0.04999999999999449,2000,0.24285714285714285,0.016727272727272726,70,1375,0.011337806403636932,99fc6ef526bc821b82a48435c0a11457653382b1512fd893fda45260071da58a
E1,contrast,1,partial_channel,0.1,1.0,,7,2,0.20000000000000018,2000,0.2,0.013818181818181818,70,1375,0.07507321804761886,99fc6ef526bc821b82a48435c0a11457653382b1512fd893fda45260071da58a
E1,contrast,1,partial_channel,0.1,1.0,,7,3,-0.20000000000000018,2000,0.2,0.01890909090909091,70,1375,0.06607560116052627,99fc6ef526bc821b82a48435c0a11457653382b1512fd893fda45260071da58a
E1,contrast,1,partial_channel,0.1,1.0,,7,4,-0.30000000000000027,2000,0.17142857142857143,0.01890909090909091,70,1375,0.01253208464384079,99fc6ef526bc821b82a48435c0a11457653382b1512fd893fda45260071da58a
E1,contrast,1,partial_channel,0.2,1.0,,7,0,0.30000000000000027,2000,0.22857142857142856,0.01818181818181818,70,1375,0.018788223445415496,99fc6ef526bc821b82a48435c0a11457653382b1512fd893fda45260071da58a
E1,contrast,1,partial_channel,0.2,1.0,,7,1,-0.34999999999999476,2000,0.22857142857142856,0.02181818181818182,70,1375,0.03935488325357437,99fc6ef526bc821b82a48435c0a11457653382b1512fd893fda45260071da58a
E1,contrast,1,partial_channel,0.2,1.0,,7,2,0.40000000000000036,2000,0.32857142857142857,0.024,70,1375,0.046335346281528474,99fc6ef526bc821b82a48435c0a11457653382b1512fd893fda45260071da58a
E1,contrast,1,partial_channel,0.2,1.0,,7,3,0.14999999999999458,2000,0.35714285714285715,0.024727272727272726,70,1375,0.09765438878536224,99fc6ef526bc821b82a48435c0a11457653382b1512fd893fda45260071da58a
E1,contrast,1,partial_channel,0.2,1.0,,7,4,-0.24999999999999467,2000,0.24285714285714285,0.024,70,1375,0.01909567940235138,99fc6ef526bc821b82a48435c0a11457653382b1512fd893fda45260071da58a
E1,contrast,1,partial_channel,0.01,1.0,,8,0,0.0,2000,0.02857142857142857,0.002909090909090909,70,1375,0.014585303246974945,99fc6ef526bc821b82a48435c0a11457653382b1512fd893fda45260071da58a
E1,contrast,1,partial_channel,0.01,1.0,,8,1,-0.30000000000000027,2000,0.0,0.007272727272727273,70,1375,0.004130278825759888,99fc6ef526bc821b82a48435c0a11457653382b1512fd893fda45260071da58a
E1,contrast,1,partial_channel,0.01,1.0,,8,2,0.10000000000000009,2000,0.11428571428571428,0.009454545454545455,70,1375,0.021847205221652986,99fc6ef526bc821b82a48435c0a11457653382b1512fd893fda45260071da58a
E1,contrast,1,partial_channel,0.01,1.0,,8,3,-0.04999999999999449,2000,0.014285714285714285,0.002181818181818182,70,1375,-0.00014773672819137573,99fc6ef526bc821b82a48435c0a11457653382b1512fd893fda45260071da58a
E1,contrast,1,partial_channel,0.01,1.0,,8,4,-0.30000000000000027,2000,0.08571428571428572,0.009454545454545455,70,1375,0.024326255083084107,99fc6ef526bc821b82a48435c0a11457653382b1512fd893fda45260071da58a
E1,contrast,1,partial_channel,0.05,1.0,,8,0,0.10000000000000009,2000,0.14285714285714285,0.007272727272727273,70,1375,0.018539683282375336,99fc6ef526bc821b82a48435c0a11457653382b1512fd893fda45260071da58a
E1,contrast,1,partial_channel,0.05,1.0,,8,1,-0.40000000000000036,2000,0.07142857142857142,0.012363636363636363,70,1375,0.01576269954442978,99fc6ef526bc821b82a48435c0a11457653382b1512fd893fda45260071da58a
E1,contrast,1,partial_channel,0.05,1.0,,8,2,-0.649999999999995,2000,0.15714285714285714,0.02109090909090909,70,1375,0.03811398679018021,99fc6ef526bc821b82a48435c0a11457653382b1512fd893fda45260071da58a
E1,contrast,1,partial_channel,0.05,1.0,,8,3,0.40000000000000036,2000,0.12857142857142856,0.007272727272727273,70,1375,0.028389266967773438,99fc6ef526bc821b82a48435c0a11457653382b1512fd893fda45260071da58a
E1,contrast,1,partial_channel,0.05,1.0,,8,4,-0.34999999999999476,2000,0.12857142857142856,0.013818181818181818,70,1375,0.020856995522975923,99fc6ef526bc821b82a48435c0a11457653382b1512fd893fda45260071da58a
E1,contrast,1,partial_channel,0.1,1.0,,8,0,0.14999999999999458,2000,0.17142857142857143,0.011636363636363636,70,1375,0.03515556061267853,99fc6ef526bc821b82a48435c0a11457653382b1512fd893fda45260071da58a
E1,contrast,1,partial_channel,0.1,1.0,,8,1,-0.24999999999999467,2000,0.17142857142857143,0.017454545454545455,70,1375,0.027803456366062164,99fc6ef526bc821b82a48435c0a11457653382b1512fd893fda45260071da58a
E1,contrast,1,partial_channel,0.1,1.0,,8,2,-0.34999999999999476,2000,0.17142857142857143,0.020363636363636365,70,1375,0.06775274813175201,99fc6ef526bc821b82a48435c0a11457653382b1512fd893fda45260071da58a
E1,contrast,1,partial_channel,0.1,1.0,,8,3,0.10000000000000009,2000,0.2714285714285714,0.019636363636363636,70,1375,0.06917510563135147,99fc6ef526bc821b82a48435c0a11457653382b1512fd893fda45260071da58a
E1,contrast,1,partial_channel,0.1,1.0,,8,4,-0.14999999999999458,2000,0.17142857142857143,0.016727272727272726,70,1375,0.015702519416809082,99fc6ef526bc821b82a48435c0a11457653382b1512fd893fda45260071da58a
E1,contrast,1,partial_channel,0.2,1.0,,8,0,-0.10000000000000009,2000,0.18571428571428572,0.017454545454545455,70,1375,0.06592357802391052,99fc6ef526bc821b82a48435c0a11457653382b1512fd893fda45260071da58a
E1,contrast,1,partial_channel,0.2,1.0,,8,1,-0.04999999999999449,2000,0.24285714285714285,0.01818181818181818,70,1375,0.0588866446018219,99fc6ef526bc821b82a48435c0a11457653382b1512fd893fda45260071da58a
E1,contrast,1,partial_channel,0.2,1.0,,8,2,-0.10000000000000009,2000,0.34285714285714286,0.024727272727272726,70,1375,0.08591231203079223,99fc6ef526bc821b82a48435c0a11457653382b1512fd893fda45260071da58a
E1,contrast,1,partial_channel,0.2,1.0,,8,3,0.40000000000000036,2000,0.37142857142857144,0.020363636363636365,70,1375,0.10033590131998062,99fc6ef526bc821b82a48435c0a11457653382b1512fd893fda45260071da58a
E1,contrast,1,partial_channel,0.2,1.0,,8,4,0.0,2000,0.3142857142857143,0.019636363636363636,70,1375,0.03767172867059708,99fc6ef526bc821b82a48435c0a11457653382b1512fd893fda45260071da58a
E1,contrast,1,partial_channel,0.01,1.0,,9,0,-0.04999999999999449,2000,0.04285714285714286,0.0036363636363636364,70,1375,0.014205776512622833,99fc6ef526bc821b82a48435c0a11457653382b1512fd893fda45260071da58a
E1,contrast,1,partial_channel,0.01,1.0,,9,1,-0.20000000000000018,2000,0.014285714285714285,0.006545454545454545,70,1375,0.005443551361560822,99fc6ef526bc821b82a48435c0a11457653382b1512fd893fda45260071da58a
E1,contrast,1,partial_channel,0.01,1.0,,9,2,0.0,2000,0.08571428571428572,0.009454545454545455,70,1375,0.024654245495796204,99fc6ef526bc821b82a48435c0a11457653382b1512fd893fda45260071da58a
E1,contrast,1,partial_channel,0.01,1.0,,9,3,-0.24999999999999467,2000,0.0,0.0036363636363636364,70,1375,0.0007375205755233764,99fc6ef526bc821b82a48435c0a11457653382b1512fd893fda45260071da58a
E1,contrast,1,partial_channel,0.01,1.0,,9,4,-0.40000000000000036,2000,0.07142857142857142,0.009454545454545455,70,1375,0.024800799906253813,99fc6ef526bc821b82a48435c0a11457653382b1512fd893fda45260071da58a
E1,contrast,1,partial_channel,0.05,1.0,,9,0,0.0,2000,0.11428571428571428,0.007272727272727273,70,1375,0.021587811768054962,99fc6ef526bc821b82a48435c0a11457653382b1512fd893fda45260071da58a
E1,contrast,1,partial_channel,0.05,1.0,,9,1,-0.44999999999999485,2000,0.05714285714285714,0.012363636363636363,70,1375,0.019756159782409667,99fc6ef526bc821b82a48435c0a11457653382b1512fd893fda45260071da58a
E1,contrast,1,partial_channel,0.05,1.0,,9,2,-0.44999999999999485,2000,0.15714285714285714,0.019636363636363636,70,1375,0.033966153264045715,99fc6ef526bc821b82a48435c0a11457653382b1512fd893fda45260071da58a
E1,contrast,1,partial_channel,0.05,1.0,,9,3,-0.14999999999999458,2000,0.05714285714285714,0.008727272727272728,70,1375,0.02375889354944229,99fc6ef526bc821b82a48435c0a11457653382b1512fd893fda45260071da58a
E1,contrast,1,partial_channel,0.05,1.0,,9,4,-0.20000000000000018,2000,0.12857142857142856,0.011636363636363636,70,1375,0.024986761689186097,99fc6ef526bc821b82a48435c0a11457653382b1512fd893fda45260071da58a
E1,contrast,1,partial_channel,0.1,1.0,,9,0,-0.04999999999999449,2000,0.15714285714285714,0.012363636363636363,70,1375,0.045447477579116824,99fc6ef526bc821b82a48435c0a11457653382b1512fd893fda45260071da58a
E1,contrast,1,partial_channel,0.1,1.0,,9,1,-0.5000000000000004,2000,0.12857142857142856,0.01818181818181818,70,1375,0.03865463018417358,99fc6ef526bc821b82a48435c0a11457653382b1512fd893fda45260071da58a
E1,contrast,1,partial_channel,0.1,1.0,,9,2,-0.44999999999999485,2000,0.18571428571428572,0.02181818181818182,70,1375,0.06597559255361557,99fc6ef526bc821b82a48435c0a11457653382b1512fd893fda45260071da58a
E1,contrast,1,partial_channel,0.1,1.0,,9,3,-0.04999999999999449,2000,0.22857142857142856,0.019636363636363636,70,1375,0.063954705119133,99fc6ef526bc821b82a48435c0a11457653382b1512fd893fda45260071da58a
E1,contrast,1,partial_channel,0.1,1.0,,9,4,-0.34999999999999476,2000,0.14285714285714285,0.016,70,1375,0.025246326088905334,99fc6ef526bc821b82a48435c0a11457653382b1512fd893fda45260071da58a
E1,contrast,1,partial_channel,0.2,1.0,,9,0,0.20000000000000018,2000,0.24285714285714285,0.016727272727272726,70,1375,0.07992487806081772,99fc6ef526bc821b82a48435c0a11457653382b1512fd893fda45260071da58a
E1,contrast,1,partial_channel,0.2,1.0,,9,1,-0.10000000000000009,2000,0.18571428571428572,0.016727272727272726,70,1375,0.06922012400627137,99fc6ef526bc821b82a48435c0a11457653382b1512fd893fda45260071da58a
E1,contrast,1,partial_channel,0.2,1.0,,9,2,-0.04999999999999449,2000,0.3142857142857143,0.024,70,1375,0.08096512061357498,99fc6ef526bc821b82a48435c0a11457653382b1512fd893fda45260071da58a
E1,contrast,1,partial_channel,0.2,1.0,,9,3,0.14999999999999458,2000,0.38571428571428573,0.024,70,1375,0.0980510425567627,99fc6ef526bc821b82a48435c0a11457653382b1512fd893fda45260071da58a
E1,contrast,1,partial_channel,0.2,1.0,,9,4,-0.20000000000000018,2000,0.32857142857142857,0.022545454545454546,70,1375,0.04922916465997696,99fc6ef526bc821b82a48435c0a11457653382b1512fd893fda45260071da58a
E1,contrast,1,partial_channel,0.01,1.0,,10,0,0.04999999999999449,2000,0.02857142857142857,0.002181818181818182,70,1375,0.013041833579540254,99fc6ef526bc821b82a48435c0a11457653382b1512fd893fda45260071da58a
E1,contrast,1,partial_channel,0.01,1.0,,10,1,-0.10000000000000009,2000,0.02857142857142857,0.005818181818181818,70,1375,0.005203532993793488,99fc6ef526bc821b82a48435c0a11457653382b1512fd893fda45260071da58a
E1,contrast,1,partial_channel,0.01,1.0,,10,2,0.24999999999999467,2000,0.12857142857142856,0.008727272727272728,70,1375,0.028518138706684112,99fc6ef526bc821b82a48435c0a11457653382b1512fd893fda45260071da58a
E1,contrast,1,partial_channel,0.01,1.0,,10,3,-0.30000000000000027,2000,0.0,0.004363636363636364,70,1375,0.004330723583698273,99fc6ef526bc821b82a48435c0a11457653382b1512fd893fda45260071da58a
E1,contrast,1,partial_channel,0.01,1.0,,10,4,-0.44999999999999485,2000,0.07142857142857142,0.010181818181818183,70,1375,0.024428823053836823,99fc6ef526bc821b82a48435c0a11457653382b1512fd893fda45260071da58a
E1,contrast,1,partial_channel,0.05,1.0,,10,0,0.14999999999999458,2000,0.1,0.005090909090909091,70,1375,0.0222454999089241,99fc6ef526bc821b82a48435c0a11457653382b1512fd893fda45260071da58a
E1,contrast,1,partial_channel,0.05,1.0,,10,1,-0.5499999999999949,2000,0.05714285714285714,0.01309090909090909,70,1375,0.01950393158197403,99fc6ef526bc821b82a48435c0a11457653382b1512fd893fda45260071da58a
E1,contrast,1,partial_channel,0.05,1.0,,10,2,-0.24999999999999467,2000,0.15714285714285714,0.017454545454545455,70,1375,0.04347502213716507,99fc6ef526bc821b82a48435c0a11457653382b1512fd893fda45260071da58a
E1,contrast,1,partial_channel,0.05,1.0,,10,3,-0.14999999999999458,2000,0.08571428571428572,0.010181818181818183,70,1375,0.0281389496922493,99fc6ef526bc821b82a48435c0a11457653382b1512fd893fda45260071da58a
E1,contrast,1,partial_channel,0.05,1.0,,10,4,-0.34999999999999476,2000,0.11428571428571428,0.012363636363636363,70,1375,0.021782515466213227,99fc6ef526bc821b82a48435c0a11457653382b1512fd893fda45260071da58a
E1,contrast,1,partial_channel,0.1,1.0,,10,0,0.40000000000000036,2000,0.17142857142857143,0.008727272727272728,70,1375,0.04231163191795349,99fc6ef526bc821b82a48435c0a11457653382b1512fd893fda45260071da58a
E1,contrast,1,partial_channel,0.1,1.0,,10,1,-0.44999999999999485,2000,0.15714285714285714,0.01890909090909091,70,1375,0.041517423391342165,99fc6ef526bc821b82a48435c0a11457653382b1512fd893fda45260071da58a
E1,contrast,1,partial_channel,0.1,1.0,,10,2,-0.24999999999999467,2000,0.17142857142857143,0.019636363636363636,70,1375,0.07346359366178512,99fc6ef526bc821b82a48435c0a11457653382b1512fd893fda45260071da58a
E1,contrast,1,partial_channel,0.1,1.0,,10,3,0.14999999999999458,2000,0.24285714285714285,0.017454545454545455,70,1375,0.07326251047849655,99fc6ef526bc821b82a48435c0a11457653382b1512fd893fda45260071da58a
E1,contrast,1,partial_channel,0.1,1.0,,10,4,-0.34999999999999476,2000,0.15714285714285714,0.017454545454545455,70,1375,0.02423025345802307,99fc6ef526bc821b82a48435c0a11457653382b1512fd893fda45260071da58a
E1,contrast,1,partial_channel,0.2,1.0,,10,0,0.10000000000000009,2000,0.22857142857142856,0.016727272727272726,70,1375,0.06915887469053268,99fc6ef526bc821b82a48435c0a11457653382b1512fd893fda45260071da58a
E1,contrast,1,partial_channel,0.2,1.0,,10,1,-0.30000000000000027,2000,0.22857142857142856,0.019636363636363636,70,1375,0.06891781508922577,99fc6ef526bc821b82a48435c0a11457653382b1512fd893fda45260071da58a
E1,contrast,1,partial_channel,0.2,1.0,,10,2,-0.04999999999999449,2000,0.3142857142857143,0.02327272727272727,70,1375,0.08817625963687897,99fc6ef526bc821b82a48435c0a11457653382b1512fd893fda45260071da58a
E1,contrast,1,partial_channel,0.2,1.0,,10,3,0.14999999999999458,2000,0.34285714285714286,0.020363636363636365,70,1375,0.10833469927310943,99fc6ef526bc821b82a48435c0a11457653382b1512fd893fda45260071da58a
E1,contrast,1,partial_channel,0.2,1.0,,10,4,-0.24999999999999467,2000,0.32857142857142857,0.02327272727272727,70,1375,0.0503756542801857,99fc6ef526bc821b82a48435c0a11457653382b1512fd893fda45260071da58a
E1,contrast,1,partial_channel,0.01,1.0,,11,0,0.10000000000000009,2000,0.02857142857142857,0.002909090909090909,70,1375,0.013349097788333892,99fc6ef526bc821b82a48435c0a11457653382b1512fd893fda45260071da58a
E1,contrast,1,partial_channel,0.01,1.0,,11,1,-0.20000000000000018,2000,0.02857142857142857,0.006545454545454545,70,1375,0.005652468979358673,99fc6ef526bc821b82a48435c0a11457653382b1512fd893fda45260071da58a
E1,contrast,1,partial_channel,0.01,1.0,,11,2,0.30000000000000027,2000,0.14285714285714285,0.006545454545454545,70,1375,0.029664172351360322,99fc6ef526bc821b82a48435c0a11457653382b1512fd893fda45260071da58a
E1,contrast,1,partial_channel,0.01,1.0,,11,3,-0.20000000000000018,2000,0.0,0.0036363636363636364,70,1375,0.00892313414812088,99fc6ef526bc821b82a48435c0a11457653382b1512fd893fda45260071da58a
E1,contrast,1,partial_channel,0.01,1.0,,11,4,-0.34999999999999476,2000,0.05714285714285714,0.008,70,1375,0.026101409554481505,99fc6ef526bc821b82a48435c0a11457653382b1512fd893fda45260071da58a
E1,contrast,1,partial_channel,0.05,1.0,,11,0,0.20000000000000018,2000,0.11428571428571428,0.005090909090909091,70,1375,0.029751799464225768,99fc6ef526bc821b82a48435c0a11457653382b1512fd893fda45260071da58a
E1,contrast,1,partial_channel,0.05,1.0,,11,1,-0.34999999999999476,2000,0.05714285714285714,0.010181818181818183,70,1375,0.020585054814815523,99fc6ef526bc821b82a48435c0a11457653382b1512fd893fda45260071da58a
E1,contrast,1,partial_channel,0.05,1.0,,11,2,-0.30000000000000027,2000,0.17142857142857143,0.016727272727272726,70,1375,0.047184085369110104,99fc6ef526bc821b82a48435c0a11457653382b1512fd893fda45260071da58a
E1,contrast,1,partial_channel,0.05,1.0,,11,3,0.14999999999999458,2000,0.08571428571428572,0.007272727272727273,70,1375,0.02705823689699173,99fc6ef526bc821b82a48435c0a11457653382b1512fd893fda45260071da58a
E1,contrast,1,partial_channel,0.05,1.0,,11,4,-0.34999999999999476,2000,0.11428571428571428,0.011636363636363636,70,1375,0.02508816534280777,99fc6ef526bc821b82a48435c0a11457653382b1512fd893fda45260071da58a
E1,contrast,1,partial_channel,0.1,1.0,,11,0,0.0,2000,0.15714285714285714,0.01309090909090909,70,1375,0.04822845333814621,99fc6ef526bc821b82a48435c0a11457653382b1512fd893fda45260071da58a
E1,contrast,1,partial_channel,0.1,1.0,,11,1,-0.44999999999999485,2000,0.12857142857142856,0.016,70,1375,0.04264534348249435,99fc6ef526bc821b82a48435c0a11457653382b1512fd893fda45260071da58a
E1,contrast,1,partial_channel,0.1,1.0,,11,2,-0.20000000000000018,2000,0.17142857142857143,0.01890909090909091,70,1375,0.07313489347696304,99fc6ef526bc821b82a48435c0a11457653382b1512fd893fda45260071da58a
E1,contrast,1,partial_channel,0.1,1.0,,11,3,0.14999999999999458,2000,0.22857142857142856,0.017454545454545455,70,1375,0.07187992995977402,99fc6ef526bc821b82a48435c0a11457653382b1512fd893fda45260071da58a
E1,contrast,1,partial_channel,0.1,1.0,,11,4,-0.14999999999999458,2000,0.2,0.014545454545454545,70,1375,0.03305689126253128,99fc6ef526bc821b82a48435c0a11457653382b1512fd893fda45260071da58a
E1,contrast,1,partial_channel,0.2,1.0,,11,0,0.14999999999999458,2000,0.21428571428571427,0.014545454545454545,70,1375,0.08604850965738296,99fc6ef526bc821b82a48435c0a11457653382b1512fd893fda45260071da58a
E1,contrast,1,partial_channel,0.2,1.0,,11,1,-0.34999999999999476,2000,0.22857142857142856,0.019636363636363636,70,1375,0.07214899218082428,99fc6ef526bc821b82a48435c0a11457653382b1512fd893fda45260071da58a
E1,contrast,1,partial_channel,0.2,1.0,,11,2,-0.24999999999999467,2000,0.3,0.025454545454545455,70,1375,0.090361372590065,99fc6ef526bc821b82a48435c0a11457653382b1512fd893fda45260071da58a
E1,contrast,1,partial_channel,0.2,1.0,,11,3,0.20000000000000018,2000,0.32857142857142857,0.02109090909090909,70,1375,0.10728266203403473,99fc6ef526bc821b82a48435c0a11457653382b1512fd893fda45260071da58a
E1,contrast,1,partial_channel,0.2,1.0,,11,4,0.14999999999999458,2000,0.34285714285714286,0.01890909090909091,70,1375,0.058714056313037874,99fc6ef526bc821b82a48435c0a11457653382b1512fd893fda45260071da58a
E1,contrast,1,partial_channel,0.01,1.0,,12,0,0.04999999999999449,2000,0.02857142857142857,0.002909090909090909,70,1375,0.013378156661987304,99fc6ef526bc821b82a48435c0a11457653382b1512fd893fda45260071da58a
E1,contrast,1,partial_channel,0.01,1.0,,12,1,-0.20000000000000018,2000,0.02857142857142857,0.005090909090909091,70,1375,0.0016618505120277404,99fc6ef526bc821b82a48435c0a11457653382b1512fd893fda45260071da58a
E1,contrast,1,partial_channel,0.01,1.0,,12,2,0.24999999999999467,2000,0.14285714285714285,0.006545454545454545,70,1375,0.025316524267196654,99fc6ef526bc821b82a48435c0a11457653382b1512fd893fda45260071da58a
E1,contrast,1,partial_channel,0.01,1.0,,12,3,-0.20000000000000018,2000,0.0,0.004363636363636364,70,1375,0.01012929904460907,99fc6ef526bc821b82a48435c0a11457653382b1512fd893fda45260071da58a
E1,contrast,1,partial_channel,0.01,1.0,,12,4,0.0,2000,0.11428571428571428,0.006545454545454545,70,1375,0.023875872373580933,99fc6ef526bc821b82a48435c0a11457653382b1512fd893fda45260071da58a
E1,contrast,1,partial_channel,0.05,1.0,,12,0,0.44999999999999485,2000,0.17142857142857143,0.005090909090909091,70,1375,0.03317163634300232,99fc6ef526bc821b82a48435c0a11457653382b1512fd893fda45260071da58a
E1,contrast,1,partial_channel,0.05,1.0,,12,1,-0.5000000000000004,2000,0.04285714285714286,0.011636363636363636,70,1375,0.013643446028232574,99fc6ef526bc821b82a48435c0a11457653382b1512fd893fda45260071da58a
E1,contrast,1,partial_channel,0.05,1.0,,12,2,-0.04999999999999449,2000,0.15714285714285714,0.012363636363636363,70,1375,0.04667969274520874,99fc6ef526bc821b82a48435c0a11457653382b1512fd893fda45260071da58a
E1,contrast,1,partial_channel,0.05,1.0,,12,3,-0.10000000000000009,2000,0.05714285714285714,0.007272727272727273,70,1375,0.029774145007133483,99fc6ef526bc821b82a48435c0a11457653382b1512fd893fda45260071da58a
E1,contrast,1,partial_channel,0.05,1.0,,12,4,-0.44999999999999485,2000,0.11428571428571428,0.01309090909090909,70,1375,0.028444621086120607,99fc6ef526bc821b82a48435c0a11457653382b1512fd893fda45260071da58a
E1,contrast,1,partial_channel,0.1,1.0,,12,0,0.04999999999999449,2000,0.18571428571428572,0.011636363636363636,70,1375,0.04230793178081513,99fc6ef526bc821b82a48435c0a11457653382b1512fd893fda45260071da58a
E1,contrast,1,partial_channel,0.1,1.0,,12,1,-0.5499999999999949,2000,0.12857142857142856,0.016727272727272726,70,1375,0.03812498879432678,99fc6ef526bc821b82a48435c0a11457653382b1512fd893fda45260071da58a
E1,contrast,1,partial_channel,0.1,1.0,,12,2,0.0,2000,0.21428571428571427,0.01818181818181818,70,1375,0.065015387237072,99fc6ef526bc821b82a48435c0a11457653382b1512fd893fda45260071da58a
E1,contrast,1,partial_channel,0.1,1.0,,12,3,-0.04999999999999449,2000,0.21428571428571427,0.01818181818181818,70,1375,0.06838743907213211,99fc6ef526bc821b82a48435c0a11457653382b1512fd893fda45260071da58a
E1,contrast,1,partial_channel,0.1,1.0,,12,4,-0.10000000000000009,2000,0.2,0.016,70,1375,0.03957070344686508,99fc6ef526bc821b82a48435c0a11457653382b1512fd893fda45260071da58a
E1,contrast,1,partial_channel,0.2,1.0,,12,0,0.14999999999999458,2000,0.18571428571428572,0.013818181818181818,70,1375,0.0869367807507515,99fc6ef526bc821b82a48435c0a11457653382b1512fd893fda45260071da58a
E1,contrast,1,partial_channel,0.2,1.0,,12,1,-0.20000000000000018,2000,0.21428571428571427,0.019636363636363636,70,1375,0.08220206481218338,99fc6ef526bc821b82a48435c0a11457653382b1512fd893fda45260071da58a
E1,contrast,1,partial_channel,0.2,1.0,,12,2,0.0,2000,0.3,0.02109090909090909,70,1375,0.088246009349823,99fc6ef526bc821b82a48435c0a11457653382b1512fd893fda45260071da58a
E1,contrast,1,partial_channel,0.2,1.0,,12,3,0.0,2000,0.2857142857142857,0.020363636363636365,70,1375,0.11058402502536774,99fc6ef526bc821b82a48435c0a11457653382b1512fd893fda45260071da58a
E1,contrast,1,partial_channel,0.2,1.0,,12,4,0.04999999999999449,2000,0.32857142857142857,0.01890909090909091,70,1375,0.06150584250688553,99fc6ef526bc821b82a48435c0a11457653382b1512fd893fda45260071da58a
E1,contrast,1,partial_channel,0.01,1.0,,13,0,-0.04999999999999449,2000,0.014285714285714285,0.0036363636363636364,70,1375,0.003984897434711456,99fc6ef526bc821b82a48435c0a11457653382b1512fd893fda45260071da58a
E1,contrast,1,partial_channel,0.01,1.0,,13,1,0.0,2000,0.014285714285714285,0.002909090909090909,70,1375,0.006811690926551819,99fc6ef526bc821b82a48435c0a11457653382b1512fd893fda45260071da58a
E1,contrast,1,partial_channel,0.01,1.0,,13,2,0.14999999999999458,2000,0.05714285714285714,0.002181818181818182,70,1375,0.005829333066940307,99fc6ef526bc821b82a48435c0a11457653382b1512fd893fda45260071da58a
E1,contrast,1,partial_channel,0.01,1.0,,13,3,-0.20000000000000018,2000,0.02857142857142857,0.005818181818181818,70,1375,0.0012250320315361023,99fc6ef526bc821b82a48435c0a11457653382b1512fd893fda45260071da58a
E1,contrast,1,partial_channel,0.01,1.0,,13,4,-0.10000000000000009,2000,0.014285714285714285,0.004363636363636364,70,1375,0.002152978301048279,99fc6ef526bc821b82a48435c0a11457653382b1512fd893fda45260071da58a
E1,contrast,1,partial_channel,0.05,1.0,,13,0,0.20000000000000018,2000,0.14285714285714285,0.008,70,1375,0.027013315737247467,99fc6ef526bc821b82a48435c0a11457653382b1512fd893fda45260071da58a
E1,contrast,1,partial_channel,0.05,1.0,,13,1,-0.04999999999999449,2000,0.08571428571428572,0.008727272727272728,70,1375,0.02187074339389801,99fc6ef526bc821b82a48435c0a11457653382b1512fd893fda45260071da58a
E1,contrast,1,partial_channel,0.05,1.0,,13,2,0.0,2000,0.12857142857142856,0.009454545454545455,70,1375,0.023998188018798827,99fc6ef526bc821b82a48435c0a11457653382b1512fd893fda45260071da58a
E1,contrast,1,partial_channel,0.05,1.0,,13,3,-0.04999999999999449,2000,0.07142857142857142,0.008727272727272728,70,1375,0.01802618592977524,99fc6ef526bc821b82a48435c0a11457653382b1512fd893fda45260071da58a
E1,contrast,1,partial_channel,0.05,1.0,,13,4,0.0,2000,0.05714285714285714,0.006545454545454545,70,1375,0.025144824147224427,99fc6ef526bc821b82a48435c0a11457653382b1512fd893fda45260071da58a
E1,contrast,1,partial_channel,0.1,1.0,,13,0,0.10000000000000009,2000,0.15714285714285714,0.012363636363636363,70,1375,0.042259955048561094,99fc6ef526bc821b82a48435c0a11457653382b1512fd893fda45260071da58a
E1,contrast,1,partial_channel,0.1,1.0,,13,1,-0.10000000000000009,2000,0.12857142857142856,0.012363636363636363,70,1375,0.030662830233573912,99fc6ef526bc821b82a48435c0a11457653382b1512fd893fda45260071da58a
E1,contrast,1,partial_channel,0.1,1.0,,13,2,-0.649999999999995,2000,0.1,0.019636363636363636,70,1375,0.0503442120552063,99fc6ef526bc821b82a48435c0a11457653382b1512fd893fda45260071da58a
E1,contrast,1,partial_channel,0.1,1.0,,13,3,0.0,2000,0.12857142857142856,0.01090909090909091,70,1375,0.02948883044719696,99fc6ef526bc821b82a48435c0a11457653382b1512fd893fda45260071da58a
E1,contrast,1,partial_channel,0.1,1.0,,13,4,0.24999999999999467,2000,0.12857142857142856,0.008727272727272728,70,1375,0.0512192959189415,99fc6ef526bc821b82a48435c0a11457653382b1512fd893fda45260071da58a
E1,contrast,1,partial_channel,0.2,1.0,,13,0,0.04999999999999449,2000,0.21428571428571427,0.01818181818181818,70,1375,0.08067044889926911,99fc6ef526bc821b82a48435c0a11457653382b1512fd893fda45260071da58a
E1,contrast,1,partial_channel,0.2,1.0,,13,1,-0.20000000000000018,2000,0.18571428571428572,0.01818181818181818,70,1375,0.08366282671689987,99fc6ef526bc821b82a48435c0a11457653382b1512fd893fda45260071da58a
E1,contrast,1,partial_channel,0.2,1.0,,13,2,-0.14999999999999458,2000,0.24285714285714285,0.020363636363636365,70,1375,0.08863396769762039,99fc6ef526bc821b82a48435c0a11457653382b1512fd893fda45260071da58a
E1,contrast,1,partial_channel,0.2,1.0,,13,3,-0.40000000000000036,2000,0.2571428571428571,0.02181818181818182,70,1375,0.07007286036014557,99fc6ef526bc821b82a48435c0a11457653382b1512fd893fda45260071da58a
E1,contrast,1,partial_channel,0.2,1.0,,13,4,-0.40000000000000036,2000,0.17142857142857143,0.02109090909090909,70,1375,0.08533350783586502,99fc6ef526bc821b82a48435c0a11457653382b1512fd893fda45260071da58a
E1,contrast,1,partial_channel,0.01,1.0,,14,0,0.0,2000,0.04285714285714286,0.002909090909090909,70,1375,0.003132307767868042,99fc6ef526bc821b82a48435c0a11457653382b1512fd893fda45260071da58a
E1,contrast,1,partial_channel,0.01,1.0,,14,1,0.20000000000000018,2000,0.014285714285714285,0.0007272727272727272,70,1375,0.00807639467716217,99fc6ef526bc821b82a48435c0a11457653382b1512fd893fda45260071da58a
E1,contrast,1,partial_channel,0.01,1.0,,14,2,0.0,2000,0.02857142857142857,0.002909090909090909,70,1375,0.004134972333908081,99fc6ef526bc821b82a48435c0a11457653382b1512fd893fda45260071da58a
E1,contrast,1,partial_channel,0.01,1.0,,14,3,0.04999999999999449,2000,0.02857142857142857,0.0014545454545454545,70,1375,-0.0003494735360145569,99fc6ef526bc821b82a48435c0a11457653382b1512fd893fda45260071da58a
E1,contrast,1,partial_channel,0.01,1.0,,14,4,0.04999999999999449,2000,0.014285714285714285,0.0014545454545454545,70,1375,0.00010746747255325318,99fc6ef526bc821b82a48435c0a11457653382b1512fd893fda45260071da58a
E1,contrast,1,partial_channel,0.05,1.0,,14,0,0.24999999999999467,2000,0.14285714285714285,0.005090909090909091,70,1375,0.02195704907178879,99fc6ef526bc821b82a48435c0a11457653382b1512fd893fda45260071da58a
E1,contrast,1,partial_channel,0.05,1.0,,14,1,0.24999999999999467,2000,0.1,0.004363636363636364,70,1375,0.017455314040184022,99fc6ef526bc821b82a48435c0a11457653382b1512fd893fda45260071da58a
E1,contrast,1,partial_channel,0.05,1.0,,14,2,-0.14999999999999458,2000,0.1,0.009454545454545455,70,1375,0.02805740886926651,99fc6ef526bc821b82a48435c0a11457653382b1512fd893fda45260071da58a
E1,contrast,1,partial_channel,0.05,1.0,,14,3,0.10000000000000009,2000,0.05714285714285714,0.004363636363636364,70,1375,0.018371156215667726,99fc6ef526bc821b82a48435c0a11457653382b1512fd893fda45260071da58a
E1,contrast,1,partial_channel,0.05,1.0,,14,4,-0.34999999999999476,2000,0.05714285714285714,0.008727272727272728,70,1375,0.018109251201152803,99fc6ef526bc821b82a48435c0a11457653382b1512fd893fda45260071da58a
E1,contrast,1,partial_channel,0.1,1.0,,14,0,-0.04999999999999449,2000,0.15714285714285714,0.01309090909090909,70,1375,0.03762227988243103,99fc6ef526bc821b82a48435c0a11457653382b1512fd893fda45260071da58a
E1,contrast,1,partial_channel,0.1,1.0,,14,1,-0.20000000000000018,2000,0.12857142857142856,0.013818181818181818,70,1375,0.026212841510772706,99fc6ef526bc821b82a48435c0a11457653382b1512fd893fda45260071da58a
E1,contrast,1,partial_channel,0.1,1.0,,14,2,-0.24999999999999467,2000,0.17142857142857143,0.014545454545454545,70,1375,0.051924276411533354,99fc6ef526bc821b82a48435c0a11457653382b1512fd893fda45260071da58a
E1,contrast,1,partial_channel,0.1,1.0,,14,3,0.10000000000000009,2000,0.11428571428571428,0.006545454545454545,70,1375,0.03361497211456299,99fc6ef526bc821b82a48435c0a11457653382b1512fd893fda45260071da58a
E1,contrast,1,partial_channel,0.1,1.0,,14,4,0.0,2000,0.12857142857142856,0.010181818181818183,70,1375,0.035630327761173246,99fc6ef526bc821b82a48435c0a11457653382b1512fd893fda45260071da58a
E1,contrast,1,partial_channel,0.2,1.0,,14,0,0.14999999999999458,2000,0.2571428571428571,0.016,70,1375,0.07706187802553177,99fc6ef526bc821b82a48435c0a11457653382b1512fd893fda45260071da58a
E1,contrast,1,partial_channel,0.2,1.0,,14,1,-0.44999999999999485,2000,0.18571428571428572,0.020363636363636365,70,1375,0.0690902556180954,99fc6ef526bc821b82a48435c0a11457653382b1512fd893fda45260071da58a
E1,contrast,1,partial_channel,0.2,1.0,,14,2,0.20000000000000018,2000,0.2571428571428571,0.016,70,1375,0.08406648713350295,99fc6ef526bc821b82a48435c0a11457653382b1512fd893fda45260071da58a
E1,contrast,1,partial_channel,0.2,1.0,,14,3,0.10000000000000009,2000,0.18571428571428572,0.011636363636363636,70,1375,0.07972639352083206,99fc6ef526bc821b82a48435c0a11457653382b1512fd893fda45260071da58a
E1,contrast,1,partial_channel,0.2,1.0,,14,4,0.0,2000,0.2571428571428571,0.017454545454545455,70,1375,0.09328761333227158,99fc6ef526bc821b82a48435c0a11457653382b1512fd893fda45260071da58a
E1,contrast,1,partial_channel,0.01,1.0,,15,0,0.10000000000000009,2000,0.04285714285714286,0.0007272727272727272,70,1375,0.00546478009223938,99fc6ef526bc821b82a48435c0a11457653382b1512fd893fda45260071da58a
E1,contrast,1,partial_channel,0.01,1.0,,15,1,0.10000000000000009,2000,0.0,0.0007272727272727272,70,1375,0.0048491755127906796,99fc6ef526bc821b82a48435c0a11457653382b1512fd893fda45260071da58a
E1,contrast,1,partial_channel,0.01,1.0,,15,2,0.20000000000000018,2000,0.02857142857142857,0.0,70,1375,0.005259898543357849,99fc6ef526bc821b82a48435c0a11457653382b1512fd893fda45260071da58a
E1,contrast,1,partial_channel,0.01,1.0,,15,3,-0.04999999999999449,2000,0.014285714285714285,0.0014545454545454545,70,1375,0.0008604342341423035,99fc6ef526bc821b82a48435c0a11457653382b1512fd893fda45260071da58a
E1,contrast,1,partial_channel,0.01,1.0,,15,4,-0.04999999999999449,2000,0.0,0.0007272727272727272,70,1375,0.0017120742201805115,99fc6ef526bc821b82a48435c0a11457653382b1512fd893fda45260071da58a
E1,contrast,1,partial_channel,0.05,1.0,,15,0,0.34999999999999476,2000,0.14285714285714285,0.002181818181818182,70,1375,0.021033491969108583,99fc6ef526bc821b82a48435c0a11457653382b1512fd893fda45260071da58a
E1,contrast,1,partial_channel,0.05,1.0,,15,1,-0.04999999999999449,2000,0.07142857142857142,0.005818181818181818,70,1375,0.010246737778186799,99fc6ef526bc821b82a48435c0a11457653382b1512fd893fda45260071da58a
E1,contrast,1,partial_channel,0.05,1.0,,15,2,-0.14999999999999458,2000,0.05714285714285714,0.006545454545454545,70,1375,0.02562495630979538,99fc6ef526bc821b82a48435c0a11457653382b1512fd893fda45260071da58a
E1,contrast,1,partial_channel,0.05,1.0,,15,3,0.04999999999999449,2000,0.07142857142857142,0.0036363636363636364,70,1375,0.023004449546337128,99fc6ef526bc821b82a48435c0a11457653382b1512fd893fda45260071da58a
E1,contrast,1,partial_channel,0.05,1.0,,15,4,0.14999999999999458,2000,0.04285714285714286,0.0007272727272727272,70,1375,0.01668051016330719,99fc6ef526bc821b82a48435c0a11457653382b1512fd893fda45260071da58a
E1,contrast,1,partial_channel,0.1,1.0,,15,0,0.20000000000000018,2000,0.15714285714285714,0.005818181818181818,70,1375,0.039847163498401644,99fc6ef526bc821b82a48435c0a11457653382b1512fd893fda45260071da58a
E1,contrast,1,partial_channel,0.1,1.0,,15,1,-0.24999999999999467,2000,0.08571428571428572,0.009454545454545455,70,1375,0.02394513589143753,99fc6ef526bc821b82a48435c0a11457653382b1512fd893fda45260071da58a
E1,contrast,1,partial_channel,0.1,1.0,,15,2,-0.40000000000000036,2000,0.11428571428571428,0.01309090909090909,70,1375,0.04361504852771759,99fc6ef526bc821b82a48435c0a11457653382b1512fd893fda45260071da58a
E1,contrast,1,partial_channel,0.1,1.0,,15,3,0.14999999999999458,2000,0.12857142857142856,0.005818181818181818,70,1375,0.04871748703718185,99fc6ef526bc821b82a48435c0a11457653382b1512fd893fda45260071da58a
E1,contrast,1,partial_channel,0.1,1.0,,15,4,0.34999999999999476,2000,0.11428571428571428,0.004363636363636364,70,1375,0.04225094801187515,99fc6ef526bc821b82a48435c0a11457653382b1512fd893fda45260071da58a
E1,contrast,1,partial_channel,0.2,1.0,,15,0,0.24999999999999467,2000,0.24285714285714285,0.011636363636363636,70,1375,0.08699423390626908,99fc6ef526bc821b82a48435c0a11457653382b1512fd893fda45260071da58a
E1,contrast,1,partial_channel,0.2,1.0,,15,1,-0.04999999999999449,2000,0.2,0.01309090909090909,70,1375,0.05920991766452789,99fc6ef526bc821b82a48435c0a11457653382b1512fd893fda45260071da58a
E1,contrast,1,partial_channel,0.2,1.0,,15,2,-0.14999999999999458,2000,0.22857142857142856,0.014545454545454545,70,1375,0.08950240600109101,99fc6ef526bc821b82a48435c0a11457653382b1512fd893fda45260071da58a
E1,contrast,1,partial_channel,0.2,1.0,,15,3,0.30000000000000027,2000,0.22857142857142856,0.008727272727272728,70,1375,0.09242184114456177,99fc6ef526bc821b82a48435c0a11457653382b1512fd893fda45260071da58a
E1,contrast,1,partial_channel,0.2,1.0,,15,4,0.40000000000000036,2000,0.24285714285714285,0.012363636363636363,70,1375,0.09852697402238846,99fc6ef526bc821b82a48435c0a11457653382b1512fd893fda45260071da58a
E1,contrast,1,none,0.01,1.0,,0,0,0.0,2000,0.0,0.0,70,1375,0.0,99fc6ef526bc821b82a48435c0a11457653382b1512fd893fda45260071da58a
E1,contrast,1,none,0.01,1.0,,1,0,0.0,2000,0.0,0.0,70,1375,0.0,99fc6ef526bc821b82a48435c0a11457653382b1512fd893fda45260071da58a
E1,contrast,1,none,0.01,1.0,,2,0,0.0,2000,0.0,0.0,70,1375,0.0,99fc6ef526bc821b82a48435c0a11457653382b1512fd893fda45260071da58a
E1,contrast,1,none,0.01,1.0,,3,0,0.0,2000,0.0,0.0,70,1375,0.0,99fc6ef526bc821b82a48435c0a11457653382b1512fd893fda45260071da58a
E1,contrast,1,none,0.01,1.0,,4,0,0.0,2000,0.0,0.0,70,1375,0.0,99fc6ef526bc821b82a48435c0a11457653382b1512fd893fda45260071da58a
E1,contrast,1,none,0.01,1.0,,5,0,0.0,2000,0.0,0.0,70,1375,0.0,99fc6ef526bc821b82a48435c0a11457653382b1512fd893fda45260071da58a
E1,contrast,1,none,0.01,1.0,,6,0,0.0,2000,0.0,0.0,70,1375,0.0,99fc6ef526bc821b82a48435c0a11457653382b1512fd893fda45260071da58a
E1,contrast,1,none,0.01,1.0,,7,0,0.0,2000,0.0,0.0,70,1375,0.0,99fc6ef526bc821b82a48435c0a11457653382b1512fd893fda45260071da58a
E1,contrast,1,none,0.01,1.0,,8,0,0.0,2000,0.0,0.0,70,1375,0.0,99fc6ef526bc821b82a48435c0a11457653382b1512fd893fda45260071da58a
E1,contrast,1,none,0.01,1.0,,9,0,0.0,2000,0.0,0.0,70,1375,0.0,99fc6ef526bc821b82a48435c0a11457653382b1512fd893fda45260071da58a
E1,contrast,1,none,0.01,1.0,,10,0,0.0,2000,0.0,0.0,70,1375,0.0,99fc6ef526bc821b82a48435c0a11457653382b1512fd893fda45260071da58a
E1,contrast,1,none,0.01,1.0,,11,0,0.0,2000,0.0,0.0,70,1375,0.0,99fc6ef526bc821b82a48435c0a11457653382b1512fd893fda45260071da58a
E1,contrast,1,none,0.01,1.0,,12,0,0.0,2000,0.0,0.0,70,1375,0.0,99fc6ef526bc821b82a48435c0a11457653382b1512fd893fda45260071da58a
E1,contrast,1,none,0.01,1.0,,13,0,0.0,2000,0.0,0.0,70,1375,0.0,99fc6ef526bc821b82a48435c0a11457653382b1512fd893fda45260071da58a
E1,contrast,1,none,0.01,1.0,,14,0,0.0,2000,0.0,0.0,70,1375,0.0,99fc6ef526bc821b82a48435c0a11457653382b1512fd893fda45260071da58a
E1,contrast,1,none,0.01,1.0,,15,0,0.0,2000,0.0,0.0,70,1375,0.0,99fc6ef526bc821b82a48435c0a11457653382b1512fd893fda45260071da58a
E1,contrast,1,clean_to_clean,0.01,1.0,,0,0,0.8000000000000007,2000,1.0,0.03927272727272727,70,1375,0.2502002509832382,99fc6ef526bc821b82a48435c0a11457653382b1512fd893fda45260071da58a
E1,contrast,1,clean_to_clean,0.01,1.0,,1,0,0.8000000000000007,2000,1.0,0.03927272727272727,70,1375,0.2502002509832382,99fc6ef526bc821b82a48435c0a11457653382b1512fd893fda45260071da58a
E1,contrast,1,clean_to_clean,0.01,1.0,,2,0,0.8000000000000007,2000,1.0,0.03927272727272727,70,1375,0.2502002509832382,99fc6ef526bc821b82a48435c0a11457653382b1512fd893fda45260071da58a
E1,contrast,1,clean_to_clean,0.01,1.0,,3,0,0.8000000000000007,2000,1.0,0.03927272727272727,70,1375,0.2502002509832382,99fc6ef526bc821b82a48435c0a11457653382b1512fd893fda45260071da58a
E1,contrast,1,clean_to_clean,0.01,1.0,,4,0,0.8000000000000007,2000,1.0,0.03927272727272727,70,1375,0.2502002509832382,99fc6ef526bc821b82a48435c0a11457653382b1512fd893fda45260071da58a
E1,contrast,1,clean_to_clean,0.01,1.0,,5,0,0.8000000000000007,2000,1.0,0.03927272727272727,70,1375,0.2502002509832382,99fc6ef526bc821b82a48435c0a11457653382b1512fd893fda45260071da58a
E1,contrast,1,clean_to_clean,0.01,1.0,,6,0,0.8000000000000007,2000,1.0,0.03927272727272727,70,1375,0.2502002509832382,99fc6ef526bc821b82a48435c0a11457653382b1512fd893fda45260071da58a
E1,contrast,1,clean_to_clean,0.01,1.0,,7,0,0.8000000000000007,2000,1.0,0.03927272727272727,70,1375,0.2502002509832382,99fc6ef526bc821b82a48435c0a11457653382b1512fd893fda45260071da58a
E1,contrast,1,clean_to_clean,0.01,1.0,,8,0,0.8000000000000007,2000,1.0,0.03927272727272727,70,1375,0.2502002509832382,99fc6ef526bc821b82a48435c0a11457653382b1512fd893fda45260071da58a
E1,contrast,1,clean_to_clean,0.01,1.0,,9,0,0.8000000000000007,2000,1.0,0.03927272727272727,70,1375,0.2502002509832382,99fc6ef526bc821b82a48435c0a11457653382b1512fd893fda45260071da58a
E1,contrast,1,clean_to_clean,0.01,1.0,,10,0,0.8000000000000007,2000,1.0,0.03927272727272727,70,1375,0.2502002509832382,99fc6ef526bc821b82a48435c0a11457653382b1512fd893fda45260071da58a
E1,contrast,1,clean_to_clean,0.01,1.0,,11,0,0.8000000000000007,2000,1.0,0.03927272727272727,70,1375,0.2502002509832382,99fc6ef526bc821b82a48435c0a11457653382b1512fd893fda45260071da58a
E1,contrast,1,clean_to_clean,0.01,1.0,,12,0,0.8000000000000007,2000,1.0,0.03927272727272727,70,1375,0.2502002509832382,99fc6ef526bc821b82a48435c0a11457653382b1512fd893fda45260071da58a
E1,contrast,1,clean_to_clean,0.01,1.0,,13,0,0.8000000000000007,2000,1.0,0.03927272727272727,70,1375,0.2502002509832382,99fc6ef526bc821b82a48435c0a11457653382b1512fd893fda45260071da58a
E1,contrast,1,clean_to_clean,0.01,1.0,,14,0,0.8000000000000007,2000,1.0,0.03927272727272727,70,1375,0.2502002509832382,99fc6ef526bc821b82a48435c0a11457653382b1512fd893fda45260071da58a
E1,contrast,1,clean_to_clean,0.01,1.0,,15,0,0.8000000000000007,2000,1.0,0.03927272727272727,70,1375,0.2502002509832382,99fc6ef526bc821b82a48435c0a11457653382b1512fd893fda45260071da58a
E1,contrast,1,full_state,0.01,1.0,,0,0,0.8000000000000007,2000,1.0,0.03927272727272727,70,1375,0.2502002509832382,99fc6ef526bc821b82a48435c0a11457653382b1512fd893fda45260071da58a
E1,contrast,1,full_state,0.01,1.0,,1,0,0.8000000000000007,2000,1.0,0.03927272727272727,70,1375,0.2502002509832382,99fc6ef526bc821b82a48435c0a11457653382b1512fd893fda45260071da58a
E1,contrast,1,full_state,0.01,1.0,,2,0,0.8000000000000007,2000,1.0,0.03927272727272727,70,1375,0.2502002509832382,99fc6ef526bc821b82a48435c0a11457653382b1512fd893fda45260071da58a
E1,contrast,1,full_state,0.01,1.0,,3,0,0.8000000000000007,2000,1.0,0.03927272727272727,70,1375,0.2502002509832382,99fc6ef526bc821b82a48435c0a11457653382b1512fd893fda45260071da58a
E1,contrast,1,full_state,0.01,1.0,,4,0,0.8000000000000007,2000,1.0,0.03927272727272727,70,1375,0.2502002509832382,99fc6ef526bc821b82a48435c0a11457653382b1512fd893fda45260071da58a
E1,contrast,1,full_state,0.01,1.0,,5,0,0.8000000000000007,2000,1.0,0.03927272727272727,70,1375,0.2502002509832382,99fc6ef526bc821b82a48435c0a11457653382b1512fd893fda45260071da58a
E1,contrast,1,full_state,0.01,1.0,,6,0,0.8000000000000007,2000,1.0,0.03927272727272727,70,1375,0.2502002509832382,99fc6ef526bc821b82a48435c0a11457653382b1512fd893fda45260071da58a
E1,contrast,1,full_state,0.01,1.0,,7,0,0.8000000000000007,2000,1.0,0.03927272727272727,70,1375,0.2502002509832382,99fc6ef526bc821b82a48435c0a11457653382b1512fd893fda45260071da58a
E1,contrast,1,full_state,0.01,1.0,,8,0,0.8000000000000007,2000,1.0,0.03927272727272727,70,1375,0.2502002509832382,99fc6ef526bc821b82a48435c0a11457653382b1512fd893fda45260071da58a
E1,contrast,1,full_state,0.01,1.0,,9,0,0.8000000000000007,2000,1.0,0.03927272727272727,70,1375,0.2502002509832382,99fc6ef526bc821b82a48435c0a11457653382b1512fd893fda45260071da58a
E1,contrast,1,full_state,0.01,1.0,,10,0,0.8000000000000007,2000,1.0,0.03927272727272727,70,1375,0.2502002509832382,99fc6ef526bc821b82a48435c0a11457653382b1512fd893fda45260071da58a
E1,contrast,1,full_state,0.01,1.0,,11,0,0.8000000000000007,2000,1.0,0.03927272727272727,70,1375,0.2502002509832382,99fc6ef526bc821b82a48435c0a11457653382b1512fd893fda45260071da58a
E1,contrast,1,full_state,0.01,1.0,,12,0,0.8000000000000007,2000,1.0,0.03927272727272727,70,1375,0.2502002509832382,99fc6ef526bc821b82a48435c0a11457653382b1512fd893fda45260071da58a
E1,contrast,1,full_state,0.01,1.0,,13,0,0.8000000000000007,2000,1.0,0.03927272727272727,70,1375,0.2502002509832382,99fc6ef526bc821b82a48435c0a11457653382b1512fd893fda45260071da58a
E1,contrast,1,full_state,0.01,1.0,,14,0,0.8000000000000007,2000,1.0,0.03927272727272727,70,1375,0.2502002509832382,99fc6ef526bc821b82a48435c0a11457653382b1512fd893fda45260071da58a
E1,contrast,1,full_state,0.01,1.0,,15,0,0.8000000000000007,2000,1.0,0.03927272727272727,70,1375,0.2502002509832382,99fc6ef526bc821b82a48435c0a11457653382b1512fd893fda45260071da58a
E1,contrast,1,random_direction,0.01,1.0,,0,0,-0.34999999999999476,2000,0.014285714285714285,0.006545454545454545,70,1375,-0.010541293144226074,99fc6ef526bc821b82a48435c0a11457653382b1512fd893fda45260071da58a
E1,contrast,1,random_direction,0.01,1.0,,1,0,-0.10000000000000009,2000,0.0,0.002909090909090909,70,1375,-0.002667716205120087,99fc6ef526bc821b82a48435c0a11457653382b1512fd893fda45260071da58a
E1,contrast,1,random_direction,0.01,1.0,,2,0,-0.24999999999999467,2000,0.014285714285714285,0.004363636363636364,70,1375,-0.0027813513278961183,99fc6ef526bc821b82a48435c0a11457653382b1512fd893fda45260071da58a
E1,contrast,1,random_direction,0.01,1.0,,3,0,-0.14999999999999458,2000,0.014285714285714285,0.002909090909090909,70,1375,-0.004816338777542114,99fc6ef526bc821b82a48435c0a11457653382b1512fd893fda45260071da58a
E1,contrast,1,random_direction,0.01,1.0,,4,0,0.10000000000000009,2000,0.04285714285714286,0.0007272727272727272,70,1375,-0.002861246407032013,99fc6ef526bc821b82a48435c0a11457653382b1512fd893fda45260071da58a
E1,contrast,1,random_direction,0.01,1.0,,5,0,-0.04999999999999449,2000,0.02857142857142857,0.002181818181818182,70,1375,-0.004598441839218139,99fc6ef526bc821b82a48435c0a11457653382b1512fd893fda45260071da58a
E1,contrast,1,random_direction,0.01,1.0,,6,0,0.0,2000,0.04285714285714286,0.002909090909090909,70,1375,-0.0031509765982627867,99fc6ef526bc821b82a48435c0a11457653382b1512fd893fda45260071da58a
E1,contrast,1,random_direction,0.01,1.0,,7,0,-0.10000000000000009,2000,0.014285714285714285,0.002909090909090909,70,1375,-0.0032413819432258605,99fc6ef526bc821b82a48435c0a11457653382b1512fd893fda45260071da58a
E1,contrast,1,random_direction,0.01,1.0,,8,0,-0.24999999999999467,2000,0.0,0.004363636363636364,70,1375,-0.0028864952325820922,99fc6ef526bc821b82a48435c0a11457653382b1512fd893fda45260071da58a
E1,contrast,1,random_direction,0.01,1.0,,9,0,-0.14999999999999458,2000,0.014285714285714285,0.004363636363636364,70,1375,-0.0015221344232559204,99fc6ef526bc821b82a48435c0a11457653382b1512fd893fda45260071da58a
E1,contrast,1,random_direction,0.01,1.0,,10,0,-0.10000000000000009,2000,0.0,0.002909090909090909,70,1375,-0.0013051723837852478,99fc6ef526bc821b82a48435c0a11457653382b1512fd893fda45260071da58a
E1,contrast,1,random_direction,0.01,1.0,,11,0,-0.04999999999999449,2000,0.0,0.002181818181818182,70,1375,-0.0005929791927337647,99fc6ef526bc821b82a48435c0a11457653382b1512fd893fda45260071da58a
E1,contrast,1,random_direction,0.01,1.0,,12,0,-0.24999999999999467,2000,0.014285714285714285,0.005090909090909091,70,1375,-0.0009495832324028015,99fc6ef526bc821b82a48435c0a11457653382b1512fd893fda45260071da58a
E1,contrast,1,random_direction,0.01,1.0,,13,0,0.10000000000000009,2000,0.02857142857142857,0.0014545454545454545,70,1375,0.001061209201812744,99fc6ef526bc821b82a48435c0a11457653382b1512fd893fda45260071da58a
E1,contrast,1,random_direction,0.01,1.0,,14,0,-0.04999999999999449,2000,0.0,0.0007272727272727272,70,1375,0.00016229546070098877,99fc6ef526bc821b82a48435c0a11457653382b1512fd893fda45260071da58a
E1,contrast,1,random_direction,0.01,1.0,,15,0,-0.04999999999999449,2000,0.0,0.0007272727272727272,70,1375,0.0006033962965011596,99fc6ef526bc821b82a48435c0a11457653382b1512fd893fda45260071da58a
E1,contrast,1,shuffled_donor,0.01,1.0,,0,0,-0.5499999999999949,2000,0.2,0.03563636363636364,70,1375,-0.1525416249036789,99fc6ef526bc821b82a48435c0a11457653382b1512fd893fda45260071da58a
E1,contrast,1,shuffled_donor,0.01,1.0,,1,0,0.0,2000,0.11428571428571428,0.01818181818181818,70,1375,-0.048794958591461185,99fc6ef526bc821b82a48435c0a11457653382b1512fd893fda45260071da58a
E1,contrast,1,shuffled_donor,0.01,1.0,,2,0,0.10000000000000009,2000,0.12857142857142856,0.013818181818181818,70,1375,-0.036088786005973816,99fc6ef526bc821b82a48435c0a11457653382b1512fd893fda45260071da58a
E1,contrast,1,shuffled_donor,0.01,1.0,,3,0,-0.8000000000000007,2000,0.11428571428571428,0.024,70,1375,-0.061925745606422423,99fc6ef526bc821b82a48435c0a11457653382b1512fd893fda45260071da58a
E1,contrast,1,shuffled_donor,0.01,1.0,,4,0,-0.5000000000000004,2000,0.11428571428571428,0.019636363636363636,70,1375,-0.035026099622249604,99fc6ef526bc821b82a48435c0a11457653382b1512fd893fda45260071da58a
E1,contrast,1,shuffled_donor,0.01,1.0,,5,0,-0.5499999999999949,2000,0.11428571428571428,0.020363636363636365,70,1375,-0.030929636359214783,99fc6ef526bc821b82a48435c0a11457653382b1512fd893fda45260071da58a
E1,contrast,1,shuffled_donor,0.01,1.0,,6,0,-0.649999999999995,2000,0.11428571428571428,0.02109090909090909,70,1375,-0.021348246335983277,99fc6ef526bc821b82a48435c0a11457653382b1512fd893fda45260071da58a
E1,contrast,1,shuffled_donor,0.01,1.0,,7,0,-0.10000000000000009,2000,0.11428571428571428,0.015272727272727273,70,1375,-0.011996381103992463,99fc6ef526bc821b82a48435c0a11457653382b1512fd893fda45260071da58a
E1,contrast,1,shuffled_donor,0.01,1.0,,8,0,-0.30000000000000027,2000,0.1,0.016,70,1375,-0.018976679444313048,99fc6ef526bc821b82a48435c0a11457653382b1512fd893fda45260071da58a
E1,contrast,1,shuffled_donor,0.01,1.0,,9,0,-0.14999999999999458,2000,0.12857142857142856,0.015272727272727273,70,1375,-0.012194802820682525,99fc6ef526bc821b82a48435c0a11457653382b1512fd893fda45260071da58a
E1,contrast,1,shuffled_donor,0.01,1.0,,10,0,-0.44999999999999485,2000,0.11428571428571428,0.017454545454545455,70,1375,-0.011854722142219543,99fc6ef526bc821b82a48435c0a11457653382b1512fd893fda45260071da58a
E1,contrast,1,shuffled_donor,0.01,1.0,,11,0,-0.5499999999999949,2000,0.1,0.01818181818181818,70,1375,-0.015058649778366089,99fc6ef526bc821b82a48435c0a11457653382b1512fd893fda45260071da58a
E1,contrast,1,shuffled_donor,0.01,1.0,,12,0,-0.5499999999999949,2000,0.07142857142857142,0.017454545454545455,70,1375,-0.023598793029785157,99fc6ef526bc821b82a48435c0a11457653382b1512fd893fda45260071da58a
E1,contrast,1,shuffled_donor,0.01,1.0,,13,0,-0.44999999999999485,2000,0.07142857142857142,0.011636363636363636,70,1375,-0.03367651444673538,99fc6ef526bc821b82a48435c0a11457653382b1512fd893fda45260071da58a
E1,contrast,1,shuffled_donor,0.01,1.0,,14,0,-0.10000000000000009,2000,0.08571428571428572,0.010181818181818183,70,1375,-0.03893712651729584,99fc6ef526bc821b82a48435c0a11457653382b1512fd893fda45260071da58a
E1,contrast,1,shuffled_donor,0.01,1.0,,15,0,0.0,2000,0.05714285714285714,0.007272727272727273,70,1375,-0.05479153126478195,99fc6ef526bc821b82a48435c0a11457653382b1512fd893fda45260071da58a
E1,contrast,3,partial_channel,0.01,1.0,,0,0,-0.40000000000000036,2000,0.12903225806451613,0.026276276276276277,124,1332,-0.02360342001914978,99fc6ef526bc821b82a48435c0a11457653382b1512fd893fda45260071da58a
E1,contrast,3,partial_channel,0.01,1.0,,0,1,-0.2500000000000058,2000,0.04032258064516129,0.012762762762762763,124,1332,-0.018322655618190766,99fc6ef526bc821b82a48435c0a11457653382b1512fd893fda45260071da58a
E1,contrast,3,partial_channel,0.01,1.0,,0,2,-0.10000000000000009,2000,0.1532258064516129,0.024774774774774775,124,1332,0.05607449793815613,99fc6ef526bc821b82a48435c0a11457653382b1512fd893fda45260071da58a
E1,contrast,3,partial_channel,0.01,1.0,,0,3,-0.20000000000000018,2000,0.056451612903225805,0.015015015015015015,124,1332,-0.024569362819194793,99fc6ef526bc821b82a48435c0a11457653382b1512fd893fda45260071da58a
E1,contrast,3,partial_channel,0.01,1.0,,0,4,0.04999999999999449,2000,0.0967741935483871,0.016516516516516516,124,1332,0.02843684434890747,99fc6ef526bc821b82a48435c0a11457653382b1512fd893fda45260071da58a
E1,contrast,3,partial_channel,0.05,1.0,,0,0,-0.8500000000000063,2000,0.27419354838709675,0.05780780780780781,124,1332,-0.13800876647233962,99fc6ef526bc821b82a48435c0a11457653382b1512fd893fda45260071da58a
E1,contrast,3,partial_channel,0.05,1.0,,0,1,-1.4500000000000068,2000,0.24193548387096775,0.05930930930930931,124,1332,-0.20326150906085969,99fc6ef526bc821b82a48435c0a11457653382b1512fd893fda45260071da58a
E1,contrast,3,partial_channel,0.05,1.0,,0,2,-1.4000000000000012,2000,0.23387096774193547,0.06156156156156156,124,1332,-0.20239766895771027,99fc6ef526bc821b82a48435c0a11457653382b1512fd893fda45260071da58a
E1,contrast,3,partial_channel,0.05,1.0,,0,3,-0.7500000000000062,2000,0.1935483870967742,0.046546546546546545,124,1332,-0.20895372068881987,99fc6ef526bc821b82a48435c0a11457653382b1512fd893fda45260071da58a
E1,contrast,3,partial_channel,0.05,1.0,,0,4,-0.6000000000000005,2000,0.16129032258064516,0.036036036036036036,124,1332,-0.11544214981794357,99fc6ef526bc821b82a48435c0a11457653382b1512fd893fda45260071da58a
E1,contrast,3,partial_channel,0.1,1.0,,0,0,-1.3500000000000068,2000,0.2661290322580645,0.06681681681681682,124,1332,-0.26011763548851013,99fc6ef526bc821b82a48435c0a11457653382b1512fd893fda45260071da58a
E1,contrast,3,partial_channel,0.1,1.0,,0,1,-2.6000000000000023,2000,0.20161290322580644,0.08033033033033032,124,1332,-0.3886969241499901,99fc6ef526bc821b82a48435c0a11457653382b1512fd893fda45260071da58a
E1,contrast,3,partial_channel,0.1,1.0,,0,2,-2.4500000000000077,2000,0.3709677419354839,0.09234234234234234,124,1332,-0.46768128871917725,99fc6ef526bc821b82a48435c0a11457653382b1512fd893fda45260071da58a
E1,contrast,3,partial_channel,0.1,1.0,,0,3,-2.300000000000002,2000,0.20967741935483872,0.07207207207207207,124,1332,-0.33922526097297667,99fc6ef526bc821b82a48435c0a11457653382b1512fd893fda45260071da58a
E1,contrast,3,partial_channel,0.1,1.0,,0,4,-0.550000000000006,2000,0.29838709677419356,0.054804804804804805,124,1332,-0.14797443574666977,99fc6ef526bc821b82a48435c0a11457653382b1512fd893fda45260071da58a
E1,contrast,3,partial_channel,0.2,1.0,,0,0,-4.400000000000004,2000,0.27419354838709675,0.12012012012012012,124,1332,-0.9577941437959671,99fc6ef526bc821b82a48435c0a11457653382b1512fd893fda45260071da58a
E1,contrast,3,partial_channel,0.2,1.0,,0,1,-2.500000000000002,2000,0.24193548387096775,0.08108108108108109,124,1332,-0.473727284014225,99fc6ef526bc821b82a48435c0a11457653382b1512fd893fda45260071da58a
E1,contrast,3,partial_channel,0.2,1.0,,0,2,-3.0000000000000027,2000,0.3709677419354839,0.1006006006006006,124,1332,-0.7087620966434479,99fc6ef526bc821b82a48435c0a11457653382b1512fd893fda45260071da58a
E1,contrast,3,partial_channel,0.2,1.0,,0,3,-11.650000000000006,2000,0.22580645161290322,0.22447447447447447,124,1332,-2.2457418475747106,99fc6ef526bc821b82a48435c0a11457653382b1512fd893fda45260071da58a
E1,contrast,3,partial_channel,0.2,1.0,,0,4,-3.850000000000009,2000,0.3709677419354839,0.11486486486486487,124,1332,-0.720922150015831,99fc6ef526bc821b82a48435c0a11457653382b1512fd893fda45260071da58a
E1,contrast,3,partial_channel,0.01,1.0,,1,0,-0.5000000000000004,2000,0.056451612903225805,0.017267267267267267,124,1332,0.019102710127830505,99fc6ef526bc821b82a48435c0a11457653382b1512fd893fda45260071da58a
E1,contrast,3,partial_channel,0.01,1.0,,1,1,-0.050000000000005596,2000,0.0967741935483871,0.015015015015015015,124,1332,-0.05578629416227341,99fc6ef526bc821b82a48435c0a11457653382b1512fd893fda45260071da58a
E1,contrast,3,partial_channel,0.01,1.0,,1,2,0.20000000000000018,2000,0.13709677419354838,0.018018018018018018,124,1332,0.05914016878604889,99fc6ef526bc821b82a48435c0a11457653382b1512fd893fda45260071da58a
E1,contrast,3,partial_channel,0.01,1.0,,1,3,-0.40000000000000036,2000,0.056451612903225805,0.015765765765765764,124,1332,-0.019295380294322966,99fc6ef526bc821b82a48435c0a11457653382b1512fd893fda45260071da58a
E1,contrast,3,partial_channel,0.01,1.0,,1,4,-0.20000000000000018,2000,0.04032258064516129,0.00975975975975976,124,1332,0.02884517151117325,99fc6ef526bc821b82a48435c0a11457653382b1512fd893fda45260071da58a
E1,contrast,3,partial_channel,0.05,1.0,,1,0,-0.5000000000000004,2000,0.21774193548387097,0.03978978978978979,124,1332,0.004579194188117981,99fc6ef526bc821b82a48435c0a11457653382b1512fd893fda45260071da58a
E1,contrast,3,partial_channel,0.05,1.0,,1,1,-0.7500000000000062,2000,0.13709677419354838,0.03078078078078078,124,1332,-0.06426625007390976,99fc6ef526bc821b82a48435c0a11457653382b1512fd893fda45260071da58a
E1,contrast,3,partial_channel,0.05,1.0,,1,2,-0.30000000000000027,2000,0.24193548387096775,0.04054054054054054,124,1332,-0.030524347901344298,99fc6ef526bc821b82a48435c0a11457653382b1512fd893fda45260071da58a
E1,contrast,3,partial_channel,0.05,1.0,,1,3,-0.40000000000000036,2000,0.20967741935483872,0.038288288288288286,124,1332,-0.1221158007979393,99fc6ef526bc821b82a48435c0a11457653382b1512fd893fda45260071da58a
E1,contrast,3,partial_channel,0.05,1.0,,1,4,-0.35000000000000586,2000,0.13709677419354838,0.02927927927927928,124,1332,-0.07218645089864731,99fc6ef526bc821b82a48435c0a11457653382b1512fd893fda45260071da58a
E1,contrast,3,partial_channel,0.1,1.0,,1,0,-0.20000000000000018,2000,0.23387096774193547,0.03978978978978979,124,1332,-0.04163787978887558,99fc6ef526bc821b82a48435c0a11457653382b1512fd893fda45260071da58a
E1,contrast,3,partial_channel,0.1,1.0,,1,1,-1.100000000000001,2000,0.1774193548387097,0.04504504504504504,124,1332,-0.1836288576722145,99fc6ef526bc821b82a48435c0a11457653382b1512fd893fda45260071da58a
E1,contrast,3,partial_channel,0.1,1.0,,1,2,-0.40000000000000036,2000,0.3548387096774194,0.05780780780780781,124,1332,-0.10777881830930709,99fc6ef526bc821b82a48435c0a11457653382b1512fd893fda45260071da58a
E1,contrast,3,partial_channel,0.1,1.0,,1,3,-1.1500000000000066,2000,0.21774193548387097,0.0518018018018018,124,1332,-0.10602127003669738,99fc6ef526bc821b82a48435c0a11457653382b1512fd893fda45260071da58a
E1,contrast,3,partial_channel,0.1,1.0,,1,4,0.24999999999999467,2000,0.25,0.038288288288288286,124,1332,-0.0023254583477973936,99fc6ef526bc821b82a48435c0a11457653382b1512fd893fda45260071da58a
E1,contrast,3,partial_channel,0.2,1.0,,1,0,-1.1500000000000066,2000,0.3387096774193548,0.06831831831831832,124,1332,-0.1704398673772812,99fc6ef526bc821b82a48435c0a11457653382b1512fd893fda45260071da58a
E1,contrast,3,partial_channel,0.2,1.0,,1,1,-1.1500000000000066,2000,0.28225806451612906,0.060810810810810814,124,1332,-0.29529369258880617,99fc6ef526bc821b82a48435c0a11457653382b1512fd893fda45260071da58a
E1,contrast,3,partial_channel,0.2,1.0,,1,2,-0.5000000000000004,2000,0.43548387096774194,0.06606606606606606,124,1332,-0.11657082599401473,99fc6ef526bc821b82a48435c0a11457653382b1512fd893fda45260071da58a
E1,contrast,3,partial_channel,0.2,1.0,,1,3,-4.200000000000004,2000,0.28225806451612906,0.1111111111111111,124,1332,-0.8564093423485756,99fc6ef526bc821b82a48435c0a11457653382b1512fd893fda45260071da58a
E1,contrast,3,partial_channel,0.2,1.0,,1,4,-1.2500000000000067,2000,0.3790322580645161,0.07432432432432433,124,1332,-0.20842108952999114,99fc6ef526bc821b82a48435c0a11457653382b1512fd893fda45260071da58a
E1,contrast,3,partial_channel,0.01,1.0,,2,0,-0.30000000000000027,2000,0.06451612903225806,0.013513513513513514,124,1332,0.010212068915367127,99fc6ef526bc821b82a48435c0a11457653382b1512fd893fda45260071da58a
E1,contrast,3,partial_channel,0.01,1.0,,2,1,0.04999999999999449,2000,0.07258064516129033,0.01126126126126126,124,1332,-0.0635634418129921,99fc6ef526bc821b82a48435c0a11457653382b1512fd893fda45260071da58a
E1,contrast,3,partial_channel,0.01,1.0,,2,2,0.04999999999999449,2000,0.12903225806451613,0.01876876876876877,124,1332,0.061682455360889434,99fc6ef526bc821b82a48435c0a11457653382b1512fd893fda45260071da58a
E1,contrast,3,partial_channel,0.01,1.0,,2,3,-0.7000000000000006,2000,0.03225806451612903,0.018018018018018018,124,1332,-0.03183498138189316,99fc6ef526bc821b82a48435c0a11457653382b1512fd893fda45260071da58a
E1,contrast,3,partial_channel,0.01,1.0,,2,4,-0.15000000000000568,2000,0.056451612903225805,0.010510510510510511,124,1332,0.01872351735830307,99fc6ef526bc821b82a48435c0a11457653382b1512fd893fda45260071da58a
E1,contrast,3,partial_channel,0.05,1.0,,2,0,-0.050000000000005596,2000,0.20161290322580644,0.03078078078078078,124,1332,0.000852464497089386,99fc6ef526bc821b82a48435c0a11457653382b1512fd893fda45260071da58a
E1,contrast,3,partial_channel,0.05,1.0,,2,1,-0.15000000000000568,2000,0.1693548387096774,0.025525525525525526,124,1332,-0.05574962085485458,99fc6ef526bc821b82a48435c0a11457653382b1512fd893fda45260071da58a
E1,contrast,3,partial_channel,0.05,1.0,,2,2,-0.10000000000000009,2000,0.20967741935483872,0.033783783783783786,124,1332,0.008817343056201936,99fc6ef526bc821b82a48435c0a11457653382b1512fd893fda45260071da58a
E1,contrast,3,partial_channel,0.05,1.0,,2,3,0.0,2000,0.1693548387096774,0.028528528528528527,124,1332,-0.03247736859321594,99fc6ef526bc821b82a48435c0a11457653382b1512fd893fda45260071da58a
E1,contrast,3,partial_channel,0.05,1.0,,2,4,-0.10000000000000009,2000,0.16129032258064516,0.02927927927927928,124,1332,-0.07998981696367263,99fc6ef526bc821b82a48435c0a11457653382b1512fd893fda45260071da58a
E1,contrast,3,partial_channel,0.1,1.0,,2,0,-0.2500000000000058,2000,0.24193548387096775,0.03978978978978979,124,1332,-0.04251745504140854,99fc6ef526bc821b82a48435c0a11457653382b1512fd893fda45260071da58a
E1,contrast,3,partial_channel,0.1,1.0,,2,1,-0.8000000000000007,2000,0.20161290322580644,0.0457957957957958,124,1332,-0.17684594309329987,99fc6ef526bc821b82a48435c0a11457653382b1512fd893fda45260071da58a
E1,contrast,3,partial_channel,0.1,1.0,,2,2,-0.45000000000000595,2000,0.3709677419354839,0.054804804804804805,124,1332,-0.030941177546977998,99fc6ef526bc821b82a48435c0a11457653382b1512fd893fda45260071da58a
E1,contrast,3,partial_channel,0.1,1.0,,2,3,-0.45000000000000595,2000,0.18548387096774194,0.03678678678678678,124,1332,-0.025271147966384886,99fc6ef526bc821b82a48435c0a11457653382b1512fd893fda45260071da58a
E1,contrast,3,partial_channel,0.1,1.0,,2,4,0.10000000000000009,2000,0.28225806451612906,0.03678678678678678,124,1332,0.0015035239458084106,99fc6ef526bc821b82a48435c0a11457653382b1512fd893fda45260071da58a
E1,contrast,3,partial_channel,0.2,1.0,,2,0,-0.6500000000000061,2000,0.31451612903225806,0.05780780780780781,124,1332,-0.10839563030004501,99fc6ef526bc821b82a48435c0a11457653382b1512fd893fda45260071da58a
E1,contrast,3,partial_channel,0.2,1.0,,2,1,-0.550000000000006,2000,0.2661290322580645,0.0518018018018018,124,1332,-0.2632449727058411,99fc6ef526bc821b82a48435c0a11457653382b1512fd893fda45260071da58a
E1,contrast,3,partial_channel,0.2,1.0,,2,2,0.0,2000,0.45161290322580644,0.05930930930930931,124,1332,-0.013619956374168397,99fc6ef526bc821b82a48435c0a11457653382b1512fd893fda45260071da58a
E1,contrast,3,partial_channel,0.2,1.0,,2,3,-3.0000000000000027,2000,0.31451612903225806,0.09759759759759759,124,1332,-0.6369240763187408,99fc6ef526bc821b82a48435c0a11457653382b1512fd893fda45260071da58a
E1,contrast,3,partial_channel,0.2,1.0,,2,4,-0.2500000000000058,2000,0.4032258064516129,0.060810810810810814,124,1332,-0.057979246258735656,99fc6ef526bc821b82a48435c0a11457653382b1512fd893fda45260071da58a
E1,contrast,3,partial_channel,0.01,1.0,,3,0,-0.20000000000000018,2000,0.03225806451612903,0.009009009009009009,124,1332,-0.02195096379518509,99fc6ef526bc821b82a48435c0a11457653382b1512fd893fda45260071da58a
E1,contrast,3,partial_channel,0.01,1.0,,3,1,0.20000000000000018,2000,0.04032258064516129,0.0037537537537537537,124,1332,-0.003128412127494812,99fc6ef526bc821b82a48435c0a11457653382b1512fd893fda45260071da58a
E1,contrast,3,partial_channel,0.01,1.0,,3,2,-0.30000000000000027,2000,0.04838709677419355,0.010510510510510511,124,1332,-0.014496864676475525,99fc6ef526bc821b82a48435c0a11457653382b1512fd893fda45260071da58a
E1,contrast,3,partial_channel,0.01,1.0,,3,3,-0.2500000000000058,2000,0.12096774193548387,0.018018018018018018,124,1332,0.005866170227527619,99fc6ef526bc821b82a48435c0a11457653382b1512fd893fda45260071da58a
E1,contrast,3,partial_channel,0.01,1.0,,3,4,0.24999999999999467,2000,0.08870967741935484,0.00975975975975976,124,1332,0.0257807257771492,99fc6ef526bc821b82a48435c0a11457653382b1512fd893fda45260071da58a
E1,contrast,3,partial_channel,0.05,1.0,,3,0,-0.30000000000000027,2000,0.0967741935483871,0.024024024024024024,124,1332,-0.10880250382423401,99fc6ef526bc821b82a48435c0a11457653382b1512fd893fda45260071da58a
E1,contrast,3,partial_channel,0.05,1.0,,3,1,0.20000000000000018,2000,0.1532258064516129,0.02177177177177177,124,1332,0.026393312871456145,99fc6ef526bc821b82a48435c0a11457653382b1512fd893fda45260071da58a
E1,contrast,3,partial_channel,0.05,1.0,,3,2,-0.30000000000000027,2000,0.1532258064516129,0.02927927927927928,124,1332,-0.016652992725372316,99fc6ef526bc821b82a48435c0a11457653382b1512fd893fda45260071da58a
E1,contrast,3,partial_channel,0.05,1.0,,3,3,0.04999999999999449,2000,0.20967741935483872,0.03228228228228228,124,1332,-0.04174484920501709,99fc6ef526bc821b82a48435c0a11457653382b1512fd893fda45260071da58a
E1,contrast,3,partial_channel,0.05,1.0,,3,4,0.20000000000000018,2000,0.1693548387096774,0.02177177177177177,124,1332,0.01684910011291504,99fc6ef526bc821b82a48435c0a11457653382b1512fd893fda45260071da58a
E1,contrast,3,partial_channel,0.1,1.0,,3,0,-0.6500000000000061,2000,0.1774193548387097,0.03528528528528529,124,1332,-0.16816526407003402,99fc6ef526bc821b82a48435c0a11457653382b1512fd893fda45260071da58a
E1,contrast,3,partial_channel,0.1,1.0,,3,1,-0.30000000000000027,2000,0.21774193548387097,0.03528528528528529,124,1332,0.012854340612888336,99fc6ef526bc821b82a48435c0a11457653382b1512fd893fda45260071da58a
E1,contrast,3,partial_channel,0.1,1.0,,3,2,0.44999999999999485,2000,0.24193548387096775,0.03078078078078078,124,1332,0.02495147007703781,99fc6ef526bc821b82a48435c0a11457653382b1512fd893fda45260071da58a
E1,contrast,3,partial_channel,0.1,1.0,,3,3,-0.15000000000000568,2000,0.2661290322580645,0.04279279279279279,124,1332,-0.007810673236846924,99fc6ef526bc821b82a48435c0a11457653382b1512fd893fda45260071da58a
E1,contrast,3,partial_channel,0.1,1.0,,3,4,0.34999999999999476,2000,0.23387096774193547,0.02702702702702703,124,1332,0.015089199364185334,99fc6ef526bc821b82a48435c0a11457653382b1512fd893fda45260071da58a
E1,contrast,3,partial_channel,0.2,1.0,,3,0,-0.9000000000000008,2000,0.25,0.052552552552552555,124,1332,-0.22659866797924041,99fc6ef526bc821b82a48435c0a11457653382b1512fd893fda45260071da58a
E1,contrast,3,partial_channel,0.2,1.0,,3,1,-0.15000000000000568,2000,0.3225806451612903,0.0457957957957958,124,1332,0.10758816879987716,99fc6ef526bc821b82a48435c0a11457653382b1512fd893fda45260071da58a
E1,contrast,3,partial_channel,0.2,1.0,,3,2,-0.5000000000000004,2000,0.22580645161290322,0.04504504504504504,124,1332,-0.04112893110513687,99fc6ef526bc821b82a48435c0a11457653382b1512fd893fda45260071da58a
E1,contrast,3,partial_channel,0.2,1.0,,3,3,0.10000000000000009,2000,0.3629032258064516,0.048798798798798795,124,1332,0.09713067352771759,99fc6ef526bc821b82a48435c0a11457653382b1512fd893fda45260071da58a
E1,contrast,3,partial_channel,0.2,1.0,,3,4,0.9000000000000008,2000,0.31451612903225806,0.036036036036036036,124,1332,0.0756264545917511,99fc6ef526bc821b82a48435c0a11457653382b1512fd893fda45260071da58a
E1,contrast,3,partial_channel,0.01,1.0,,4,0,0.20000000000000018,2000,0.07258064516129033,0.009009009009009009,124,1332,-0.0074846091866493224,99fc6ef526bc821b82a48435c0a11457653382b1512fd893fda45260071da58a
E1,contrast,3,partial_channel,0.01,1.0,,4,1,-0.050000000000005596,2000,0.016129032258064516,0.0037537537537537537,124,1332,-0.003988106906414032,99fc6ef526bc821b82a48435c0a11457653382b1512fd893fda45260071da58a
E1,contrast,3,partial_channel,0.01,1.0,,4,2,0.0,2000,0.06451612903225806,0.008258258258258258,124,1332,-0.011763040482997894,99fc6ef526bc821b82a48435c0a11457653382b1512fd893fda45260071da58a
E1,contrast,3,partial_channel,0.01,1.0,,4,3,-0.15000000000000568,2000,0.08064516129032258,0.012762762762762763,124,1332,0.009957521915435792,99fc6ef526bc821b82a48435c0a11457653382b1512fd893fda45260071da58a
E1,contrast,3,partial_channel,0.01,1.0,,4,4,0.5000000000000004,2000,0.11290322580645161,0.006006006006006006,124,1332,0.04912625658512115,99fc6ef526bc821b82a48435c0a11457653382b1512fd893fda45260071da58a
E1,contrast,3,partial_channel,0.05,1.0,,4,0,-0.15000000000000568,2000,0.12903225806451613,0.01951951951951952,124,1332,-0.04367607313394546,99fc6ef526bc821b82a48435c0a11457653382b1512fd893fda45260071da58a
E1,contrast,3,partial_channel,0.05,1.0,,4,1,0.30000000000000027,2000,0.1532258064516129,0.01876876876876877,124,1332,0.051627122104167936,99fc6ef526bc821b82a48435c0a11457653382b1512fd893fda45260071da58a
E1,contrast,3,partial_channel,0.05,1.0,,4,2,-0.20000000000000018,2000,0.10483870967741936,0.02027027027027027,124,1332,0.016318963408470152,99fc6ef526bc821b82a48435c0a11457653382b1512fd893fda45260071da58a
E1,contrast,3,partial_channel,0.05,1.0,,4,3,-0.2500000000000058,2000,0.16129032258064516,0.026276276276276277,124,1332,-0.001390172004699707,99fc6ef526bc821b82a48435c0a11457653382b1512fd893fda45260071da58a
E1,contrast,3,partial_channel,0.05,1.0,,4,4,0.649999999999995,2000,0.1774193548387097,0.014264264264264264,124,1332,0.05347165644168854,99fc6ef526bc821b82a48435c0a11457653382b1512fd893fda45260071da58a
E1,contrast,3,partial_channel,0.1,1.0,,4,0,-0.10000000000000009,2000,0.1935483870967742,0.02702702702702703,124,1332,-0.042736453413963316,99fc6ef526bc821b82a48435c0a11457653382b1512fd893fda45260071da58a
E1,contrast,3,partial_channel,0.1,1.0,,4,1,-0.050000000000005596,2000,0.20967741935483872,0.03078078078078078,124,1332,0.05185852080583572,99fc6ef526bc821b82a48435c0a11457653382b1512fd893fda45260071da58a
E1,contrast,3,partial_channel,0.1,1.0,,4,2,0.7499999999999951,2000,0.22580645161290322,0.02027027027027027,124,1332,0.08448395925760269,99fc6ef526bc821b82a48435c0a11457653382b1512fd893fda45260071da58a
E1,contrast,3,partial_channel,0.1,1.0,,4,3,0.20000000000000018,2000,0.2903225806451613,0.038288288288288286,124,1332,0.1457398852109909,99fc6ef526bc821b82a48435c0a11457653382b1512fd893fda45260071da58a
E1,contrast,3,partial_channel,0.1,1.0,,4,4,1.1499999999999955,2000,0.25806451612903225,0.017267267267267267,124,1332,0.09000398290157319,99fc6ef526bc821b82a48435c0a11457653382b1512fd893fda45260071da58a
E1,contrast,3,partial_channel,0.2,1.0,,4,0,-0.20000000000000018,2000,0.24193548387096775,0.03903903903903904,124,1332,-0.07631910210847855,99fc6ef526bc821b82a48435c0a11457653382b1512fd893fda45260071da58a
E1,contrast,3,partial_channel,0.2,1.0,,4,1,0.20000000000000018,2000,0.2661290322580645,0.033783783783783786,124,1332,0.1207223317027092,99fc6ef526bc821b82a48435c0a11457653382b1512fd893fda45260071da58a
E1,contrast,3,partial_channel,0.2,1.0,,4,2,0.5499999999999949,2000,0.27419354838709675,0.03453453453453453,124,1332,0.037323431074619294,99fc6ef526bc821b82a48435c0a11457653382b1512fd893fda45260071da58a
E1,contrast,3,partial_channel,0.2,1.0,,4,3,0.9000000000000008,2000,0.41935483870967744,0.03753753753753754,124,1332,0.25282798290252684,99fc6ef526bc821b82a48435c0a11457653382b1512fd893fda45260071da58a
E1,contrast,3,partial_channel,0.2,1.0,,4,4,1.4499999999999957,2000,0.3629032258064516,0.024774774774774775,124,1332,0.22592770451307298,99fc6ef526bc821b82a48435c0a11457653382b1512fd893fda45260071da58a
E1,contrast,3,partial_channel,0.01,1.0,,5,0,0.04999999999999449,2000,0.06451612903225806,0.008258258258258258,124,1332,-0.00584805965423584,99fc6ef526bc821b82a48435c0a11457653382b1512fd893fda45260071da58a
E1,contrast,3,partial_channel,0.01,1.0,,5,1,0.20000000000000018,2000,0.04032258064516129,0.0037537537537537537,124,1332,-0.005501703023910522,99fc6ef526bc821b82a48435c0a11457653382b1512fd893fda45260071da58a
E1,contrast,3,partial_channel,0.01,1.0,,5,2,-0.2500000000000058,2000,0.04838709677419355,0.01126126126126126,124,1332,-0.018059120953083038,99fc6ef526bc821b82a48435c0a11457653382b1512fd893fda45260071da58a
E1,contrast,3,partial_channel,0.01,1.0,,5,3,0.20000000000000018,2000,0.0967741935483871,0.009009009009009009,124,1332,0.012216365456581117,99fc6ef526bc821b82a48435c0a11457653382b1512fd893fda45260071da58a
E1,contrast,3,partial_channel,0.01,1.0,,5,4,0.34999999999999476,2000,0.10483870967741936,0.008258258258258258,124,1332,0.05411096650362015,99fc6ef526bc821b82a48435c0a11457653382b1512fd893fda45260071da58a
E1,contrast,3,partial_channel,0.05,1.0,,5,0,0.0,2000,0.12096774193548387,0.018018018018018018,124,1332,-0.037809370994567874,99fc6ef526bc821b82a48435c0a11457653382b1512fd893fda45260071da58a
E1,contrast,3,partial_channel,0.05,1.0,,5,1,0.24999999999999467,2000,0.13709677419354838,0.017267267267267267,124,1332,0.04768438059091568,99fc6ef526bc821b82a48435c0a11457653382b1512fd893fda45260071da58a
E1,contrast,3,partial_channel,0.05,1.0,,5,2,0.0,2000,0.11290322580645161,0.015015015015015015,124,1332,0.001800142765045166,99fc6ef526bc821b82a48435c0a11457653382b1512fd893fda45260071da58a
E1,contrast,3,partial_channel,0.05,1.0,,5,3,-0.35000000000000586,2000,0.12903225806451613,0.025525525525525526,124,1332,0.0008073179721832276,99fc6ef526bc821b82a48435c0a11457653382b1512fd893fda45260071da58a
E1,contrast,3,partial_channel,0.05,1.0,,5,4,0.5000000000000004,2000,0.1774193548387097,0.015015015015015015,124,1332,0.063955526471138,99fc6ef526bc821b82a48435c0a11457653382b1512fd893fda45260071da58a
E1,contrast,3,partial_channel,0.1,1.0,,5,0,-0.35000000000000586,2000,0.18548387096774194,0.028528528528528527,124,1332,-0.04147384124994278,99fc6ef526bc821b82a48435c0a11457653382b1512fd893fda45260071da58a
E1,contrast,3,partial_channel,0.1,1.0,,5,1,-0.15000000000000568,2000,0.20161290322580644,0.02927927927927928,124,1332,0.05184059864282608,99fc6ef526bc821b82a48435c0a11457653382b1512fd893fda45260071da58a
E1,contrast,3,partial_channel,0.1,1.0,,5,2,0.40000000000000036,2000,0.1935483870967742,0.021021021021021023,124,1332,0.07298387986421585,99fc6ef526bc821b82a48435c0a11457653382b1512fd893fda45260071da58a
E1,contrast,3,partial_channel,0.1,1.0,,5,3,0.5000000000000004,2000,0.2903225806451613,0.033783783783783786,124,1332,0.14293665254116059,99fc6ef526bc821b82a48435c0a11457653382b1512fd893fda45260071da58a
E1,contrast,3,partial_channel,0.1,1.0,,5,4,1.0499999999999954,2000,0.25806451612903225,0.01876876876876877,124,1332,0.11455794292688369,99fc6ef526bc821b82a48435c0a11457653382b1512fd893fda45260071da58a
E1,contrast,3,partial_channel,0.2,1.0,,5,0,-0.2500000000000058,2000,0.24193548387096775,0.03978978978978979,124,1332,-0.07761752939224244,99fc6ef526bc821b82a48435c0a11457653382b1512fd893fda45260071da58a
E1,contrast,3,partial_channel,0.2,1.0,,5,1,0.20000000000000018,2000,0.27419354838709675,0.03228228228228228,124,1332,0.1168302092552185,99fc6ef526bc821b82a48435c0a11457653382b1512fd893fda45260071da58a
E1,contrast,3,partial_channel,0.2,1.0,,5,2,0.7000000000000006,2000,0.2903225806451613,0.03228228228228228,124,1332,0.02210708636045456,99fc6ef526bc821b82a48435c0a11457653382b1512fd893fda45260071da58a
E1,contrast,3,partial_channel,0.2,1.0,,5,3,0.9000000000000008,2000,0.4112903225806452,0.03528528528528529,124,1332,0.243850535094738,99fc6ef526bc821b82a48435c0a11457653382b1512fd893fda45260071da58a
E1,contrast,3,partial_channel,0.2,1.0,,5,4,1.3499999999999956,2000,0.3548387096774194,0.026276276276276277,124,1332,0.2497434349656105,99fc6ef526bc821b82a48435c0a11457653382b1512fd893fda45260071da58a
E1,contrast,3,partial_channel,0.01,1.0,,6,0,0.20000000000000018,2000,0.056451612903225805,0.0075075075075075074,124,1332,0.0008894944190979004,99fc6ef526bc821b82a48435c0a11457653382b1512fd893fda45260071da58a
E1,contrast,3,partial_channel,0.01,1.0,,6,1,0.14999999999999458,2000,0.04838709677419355,0.0037537537537537537,124,1332,0.00011071562767028809,99fc6ef526bc821b82a48435c0a11457653382b1512fd893fda45260071da58a
E1,contrast,3,partial_channel,0.01,1.0,,6,2,-0.10000000000000009,2000,0.04032258064516129,0.0075075075075075074,124,1332,-0.006642529904842377,99fc6ef526bc821b82a48435c0a11457653382b1512fd893fda45260071da58a
E1,contrast,3,partial_channel,0.01,1.0,,6,3,0.04999999999999449,2000,0.08870967741935484,0.00975975975975976,124,1332,0.01109936225414276,99fc6ef526bc821b82a48435c0a11457653382b1512fd893fda45260071da58a
E1,contrast,3,partial_channel,0.01,1.0,,6,4,0.6000000000000005,2000,0.0967741935483871,0.0045045045045045045,124,1332,0.05460860252380371,99fc6ef526bc821b82a48435c0a11457653382b1512fd893fda45260071da58a
E1,contrast,3,partial_channel,0.05,1.0,,6,0,0.10000000000000009,2000,0.11290322580645161,0.017267267267267267,124,1332,-0.03325044196844101,99fc6ef526bc821b82a48435c0a11457653382b1512fd893fda45260071da58a
E1,contrast,3,partial_channel,0.05,1.0,,6,1,0.6000000000000005,2000,0.1532258064516129,0.015015015015015015,124,1332,0.0793228396177292,99fc6ef526bc821b82a48435c0a11457653382b1512fd893fda45260071da58a
E1,contrast,3,partial_channel,0.05,1.0,,6,2,0.0,2000,0.10483870967741936,0.014264264264264264,124,1332,0.0212530300617218,99fc6ef526bc821b82a48435c0a11457653382b1512fd893fda45260071da58a
E1,contrast,3,partial_channel,0.05,1.0,,6,3,-0.050000000000005596,2000,0.1693548387096774,0.023273273273273273,124,1332,0.01149748682975769,99fc6ef526bc821b82a48435c0a11457653382b1512fd893fda45260071da58a
E1,contrast,3,partial_channel,0.05,1.0,,6,4,0.44999999999999485,2000,0.1532258064516129,0.015015015015015015,124,1332,0.06878193825483322,99fc6ef526bc821b82a48435c0a11457653382b1512fd893fda45260071da58a
E1,contrast,3,partial_channel,0.1,1.0,,6,0,-0.5000000000000004,2000,0.1532258064516129,0.028528528528528527,124,1332,-0.023214455842971802,99fc6ef526bc821b82a48435c0a11457653382b1512fd893fda45260071da58a
E1,contrast,3,partial_channel,0.1,1.0,,6,1,0.04999999999999449,2000,0.1935483870967742,0.024774774774774775,124,1332,0.07701946359872817,99fc6ef526bc821b82a48435c0a11457653382b1512fd893fda45260071da58a
E1,contrast,3,partial_channel,0.1,1.0,,6,2,0.7000000000000006,2000,0.20161290322580644,0.018018018018018018,124,1332,0.06227170395851135,99fc6ef526bc821b82a48435c0a11457653382b1512fd893fda45260071da58a
E1,contrast,3,partial_channel,0.1,1.0,,6,3,0.6000000000000005,2000,0.31451612903225806,0.03303303303303303,124,1332,0.175054291844368,99fc6ef526bc821b82a48435c0a11457653382b1512fd893fda45260071da58a
E1,contrast,3,partial_channel,0.1,1.0,,6,4,1.3499999999999956,2000,0.27419354838709675,0.015015015015015015,124,1332,0.13981905168294906,99fc6ef526bc821b82a48435c0a11457653382b1512fd893fda45260071da58a
E1,contrast,3,partial_channel,0.2,1.0,,6,0,-0.10000000000000009,2000,0.23387096774193547,0.03903903903903904,124,1332,-0.032070416867733,99fc6ef526bc821b82a48435c0a11457653382b1512fd893fda45260071da58a
E1,contrast,3,partial_channel,0.2,1.0,,6,1,0.40000000000000036,2000,0.27419354838709675,0.03003003003003003,124,1332,0.13957647722959518,99fc6ef526bc821b82a48435c0a11457653382b1512fd893fda45260071da58a
E1,contrast,3,partial_channel,0.2,1.0,,6,2,0.649999999999995,2000,0.29838709677419356,0.03003003003003003,124,1332,0.055669681072235105,99fc6ef526bc821b82a48435c0a11457653382b1512fd893fda45260071da58a
E1,contrast,3,partial_channel,0.2,1.0,,6,3,1.3000000000000012,2000,0.43548387096774194,0.033783783783783786,124,1332,0.27791673892736435,99fc6ef526bc821b82a48435c0a11457653382b1512fd893fda45260071da58a
E1,contrast,3,partial_channel,0.2,1.0,,6,4,1.4000000000000012,2000,0.3467741935483871,0.024774774774774775,124,1332,0.2563901930451393,99fc6ef526bc821b82a48435c0a11457653382b1512fd893fda45260071da58a
E1,contrast,3,partial_channel,0.01,1.0,,7,0,0.40000000000000036,2000,0.08870967741935484,0.0075075075075075074,124,1332,0.02718341737985611,99fc6ef526bc821b82a48435c0a11457653382b1512fd893fda45260071da58a
E1,contrast,3,partial_channel,0.01,1.0,,7,1,0.30000000000000027,2000,0.08870967741935484,0.01126126126126126,124,1332,0.055178716897964476,99fc6ef526bc821b82a48435c0a11457653382b1512fd893fda45260071da58a
E1,contrast,3,partial_channel,0.01,1.0,,7,2,0.8499999999999952,2000,0.12096774193548387,0.0045045045045045045,124,1332,0.11412718379497529,99fc6ef526bc821b82a48435c0a11457653382b1512fd893fda45260071da58a
E1,contrast,3,partial_channel,0.01,1.0,,7,3,0.14999999999999458,2000,0.056451612903225805,0.005255255255255256,124,1332,0.006894041121006012,99fc6ef526bc821b82a48435c0a11457653382b1512fd893fda45260071da58a
E1,contrast,3,partial_channel,0.01,1.0,,7,4,0.44999999999999485,2000,0.16129032258064516,0.012762762762762763,124,1332,0.08524550282955169,99fc6ef526bc821b82a48435c0a11457653382b1512fd893fda45260071da58a
E1,contrast,3,partial_channel,0.05,1.0,,7,0,0.30000000000000027,2000,0.16129032258064516,0.016516516516516516,124,1332,0.076179418861866,99fc6ef526bc821b82a48435c0a11457653382b1512fd893fda45260071da58a
E1,contrast,3,partial_channel,0.05,1.0,,7,1,0.5000000000000004,2000,0.1532258064516129,0.013513513513513514,124,1332,0.08173725581169128,99fc6ef526bc821b82a48435c0a11457653382b1512fd893fda45260071da58a
E1,contrast,3,partial_channel,0.05,1.0,,7,2,0.8000000000000007,2000,0.20161290322580644,0.014264264264264264,124,1332,0.15604802310466767,99fc6ef526bc821b82a48435c0a11457653382b1512fd893fda45260071da58a
E1,contrast,3,partial_channel,0.05,1.0,,7,3,0.5499999999999949,2000,0.10483870967741936,0.006756756756756757,124,1332,0.02979741930961609,99fc6ef526bc821b82a48435c0a11457653382b1512fd893fda45260071da58a
E1,contrast,3,partial_channel,0.05,1.0,,7,4,0.30000000000000027,2000,0.1693548387096774,0.018018018018018018,124,1332,0.10558410662412643,99fc6ef526bc821b82a48435c0a11457653382b1512fd893fda45260071da58a
E1,contrast,3,partial_channel,0.1,1.0,,7,0,0.20000000000000018,2000,0.22580645161290322,0.024024024024024024,124,1332,0.08777849370241166,99fc6ef526bc821b82a48435c0a11457653382b1512fd893fda45260071da58a
E1,contrast,3,partial_channel,0.1,1.0,,7,1,0.8000000000000007,2000,0.22580645161290322,0.01876876876876877,124,1332,0.12632819586992264,99fc6ef526bc821b82a48435c0a11457653382b1512fd893fda45260071da58a
E1,contrast,3,partial_channel,0.1,1.0,,7,2,0.9000000000000008,2000,0.2661290322580645,0.017267267267267267,124,1332,0.20295148825645445,99fc6ef526bc821b82a48435c0a11457653382b1512fd893fda45260071da58a
E1,contrast,3,partial_channel,0.1,1.0,,7,3,0.9499999999999953,2000,0.23387096774193547,0.014264264264264264,124,1332,0.17375838243961333,99fc6ef526bc821b82a48435c0a11457653382b1512fd893fda45260071da58a
E1,contrast,3,partial_channel,0.1,1.0,,7,4,0.5000000000000004,2000,0.24193548387096775,0.02027027027027027,124,1332,0.12603248447179793,99fc6ef526bc821b82a48435c0a11457653382b1512fd893fda45260071da58a
E1,contrast,3,partial_channel,0.2,1.0,,7,0,0.5000000000000004,2000,0.3064516129032258,0.028528528528528527,124,1332,0.12341421204805374,99fc6ef526bc821b82a48435c0a11457653382b1512fd893fda45260071da58a
E1,contrast,3,partial_channel,0.2,1.0,,7,1,0.44999999999999485,2000,0.29838709677419356,0.03153153153153153,124,1332,0.2144198608994484,99fc6ef526bc821b82a48435c0a11457653382b1512fd893fda45260071da58a
E1,contrast,3,partial_channel,0.2,1.0,,7,2,0.30000000000000027,2000,0.28225806451612906,0.03228228228228228,124,1332,0.15741758239269257,99fc6ef526bc821b82a48435c0a11457653382b1512fd893fda45260071da58a
E1,contrast,3,partial_channel,0.2,1.0,,7,3,1.5499999999999958,2000,0.3870967741935484,0.024774774774774775,124,1332,0.31609900522232054,99fc6ef526bc821b82a48435c0a11457653382b1512fd893fda45260071da58a
E1,contrast,3,partial_channel,0.2,1.0,,7,4,0.7000000000000006,2000,0.3467741935483871,0.028528528528528527,124,1332,0.17499003756046294,99fc6ef526bc821b82a48435c0a11457653382b1512fd893fda45260071da58a
E1,contrast,3,partial_channel,0.01,1.0,,8,0,0.30000000000000027,2000,0.04838709677419355,0.0045045045045045045,124,1332,0.02970179545879364,99fc6ef526bc821b82a48435c0a11457653382b1512fd893fda45260071da58a
E1,contrast,3,partial_channel,0.01,1.0,,8,1,0.10000000000000009,2000,0.07258064516129033,0.00975975975975976,124,1332,0.015735580921173095,99fc6ef526bc821b82a48435c0a11457653382b1512fd893fda45260071da58a
E1,contrast,3,partial_channel,0.01,1.0,,8,2,0.40000000000000036,2000,0.06451612903225806,0.006006006006006006,124,1332,0.11194462716579437,99fc6ef526bc821b82a48435c0a11457653382b1512fd893fda45260071da58a
E1,contrast,3,partial_channel,0.01,1.0,,8,3,0.24999999999999467,2000,0.07258064516129033,0.0037537537537537537,124,1332,0.004747244536876679,99fc6ef526bc821b82a48435c0a11457653382b1512fd893fda45260071da58a
E1,contrast,3,partial_channel,0.01,1.0,,8,4,0.44999999999999485,2000,0.12903225806451613,0.00975975975975976,124,1332,0.08399988228082657,99fc6ef526bc821b82a48435c0a11457653382b1512fd893fda45260071da58a
E1,contrast,3,partial_channel,0.05,1.0,,8,0,0.5000000000000004,2000,0.14516129032258066,0.010510510510510511,124,1332,0.05682814759016037,99fc6ef526bc821b82a48435c0a11457653382b1512fd893fda45260071da58a
E1,contrast,3,partial_channel,0.05,1.0,,8,1,-0.35000000000000586,2000,0.12096774193548387,0.01876876876876877,124,1332,0.05230492359399796,99fc6ef526bc821b82a48435c0a11457653382b1512fd893fda45260071da58a
E1,contrast,3,partial_channel,0.05,1.0,,8,2,0.44999999999999485,2000,0.14516129032258066,0.014264264264264264,124,1332,0.14724193650484085,99fc6ef526bc821b82a48435c0a11457653382b1512fd893fda45260071da58a
E1,contrast,3,partial_channel,0.05,1.0,,8,3,1.3000000000000012,2000,0.1532258064516129,0.0007507507507507507,124,1332,0.06816964727640153,99fc6ef526bc821b82a48435c0a11457653382b1512fd893fda45260071da58a
E1,contrast,3,partial_channel,0.05,1.0,,8,4,0.44999999999999485,2000,0.1935483870967742,0.017267267267267267,124,1332,0.10658717703819275,99fc6ef526bc821b82a48435c0a11457653382b1512fd893fda45260071da58a
E1,contrast,3,partial_channel,0.1,1.0,,8,0,0.30000000000000027,2000,0.1774193548387097,0.021021021021021023,124,1332,0.09942567497491836,99fc6ef526bc821b82a48435c0a11457653382b1512fd893fda45260071da58a
E1,contrast,3,partial_channel,0.1,1.0,,8,1,0.10000000000000009,2000,0.1693548387096774,0.02177177177177177,124,1332,0.10882055157423019,99fc6ef526bc821b82a48435c0a11457653382b1512fd893fda45260071da58a
E1,contrast,3,partial_channel,0.1,1.0,,8,2,0.6000000000000005,2000,0.20161290322580644,0.016516516516516516,124,1332,0.20621112340688705,99fc6ef526bc821b82a48435c0a11457653382b1512fd893fda45260071da58a
E1,contrast,3,partial_channel,0.1,1.0,,8,3,1.749999999999996,2000,0.31451612903225806,0.012762762762762763,124,1332,0.20022251093387602,99fc6ef526bc821b82a48435c0a11457653382b1512fd893fda45260071da58a
E1,contrast,3,partial_channel,0.1,1.0,,8,4,0.30000000000000027,2000,0.21774193548387097,0.02177177177177177,124,1332,0.12021953117847442,99fc6ef526bc821b82a48435c0a11457653382b1512fd893fda45260071da58a
E1,contrast,3,partial_channel,0.2,1.0,,8,0,1.1499999999999955,2000,0.3225806451612903,0.021021021021021023,124,1332,0.18300342428684235,99fc6ef526bc821b82a48435c0a11457653382b1512fd893fda45260071da58a
E1,contrast,3,partial_channel,0.2,1.0,,8,1,0.5000000000000004,2000,0.2903225806451613,0.028528528528528527,124,1332,0.21159243988990784,99fc6ef526bc821b82a48435c0a11457653382b1512fd893fda45260071da58a
E1,contrast,3,partial_channel,0.2,1.0,,8,2,0.8499999999999952,2000,0.33064516129032256,0.026276276276276277,124,1332,0.26129161489009856,99fc6ef526bc821b82a48435c0a11457653382b1512fd893fda45260071da58a
E1,contrast,3,partial_channel,0.2,1.0,,8,3,1.4000000000000012,2000,0.3629032258064516,0.02252252252252252,124,1332,0.31817009997367857,99fc6ef526bc821b82a48435c0a11457653382b1512fd893fda45260071da58a
E1,contrast,3,partial_channel,0.2,1.0,,8,4,0.5499999999999949,2000,0.3387096774193548,0.03003003003003003,124,1332,0.1906384997367859,99fc6ef526bc821b82a48435c0a11457653382b1512fd893fda45260071da58a
E1,contrast,3,partial_channel,0.01,1.0,,9,0,0.44999999999999485,2000,0.056451612903225805,0.0037537537537537537,124,1332,0.02842577862739563,99fc6ef526bc821b82a48435c0a11457653382b1512fd893fda45260071da58a
E1,contrast,3,partial_channel,0.01,1.0,,9,1,0.14999999999999458,2000,0.06451612903225806,0.008258258258258258,124,1332,0.0189122856259346,99fc6ef526bc821b82a48435c0a11457653382b1512fd893fda45260071da58a
E1,contrast,3,partial_channel,0.01,1.0,,9,2,0.5499999999999949,2000,0.08064516129032258,0.006006006006006006,124,1332,0.11937995678186417,99fc6ef526bc821b82a48435c0a11457653382b1512fd893fda45260071da58a
E1,contrast,3,partial_channel,0.01,1.0,,9,3,0.40000000000000036,2000,0.08064516129032258,0.0022522522522522522,124,1332,0.006252469003200531,99fc6ef526bc821b82a48435c0a11457653382b1512fd893fda45260071da58a
E1,contrast,3,partial_channel,0.01,1.0,,9,4,0.44999999999999485,2000,0.12903225806451613,0.008258258258258258,124,1332,0.07948953902721405,99fc6ef526bc821b82a48435c0a11457653382b1512fd893fda45260071da58a
E1,contrast,3,partial_channel,0.05,1.0,,9,0,0.6000000000000005,2000,0.12096774193548387,0.006756756756756757,124,1332,0.06408171665668487,99fc6ef526bc821b82a48435c0a11457653382b1512fd893fda45260071da58a
E1,contrast,3,partial_channel,0.05,1.0,,9,1,-0.20000000000000018,2000,0.0967741935483871,0.015015015015015015,124,1332,0.05752397918701172,99fc6ef526bc821b82a48435c0a11457653382b1512fd893fda45260071da58a
E1,contrast,3,partial_channel,0.05,1.0,,9,2,0.6000000000000005,2000,0.1693548387096774,0.015015015015015015,124,1332,0.14752109241485595,99fc6ef526bc821b82a48435c0a11457653382b1512fd893fda45260071da58a
E1,contrast,3,partial_channel,0.05,1.0,,9,3,0.7499999999999951,2000,0.12903225806451613,0.0045045045045045045,124,1332,0.061510085999965665,99fc6ef526bc821b82a48435c0a11457653382b1512fd893fda45260071da58a
E1,contrast,3,partial_channel,0.05,1.0,,9,4,0.649999999999995,2000,0.1774193548387097,0.012762762762762763,124,1332,0.10625776463747025,99fc6ef526bc821b82a48435c0a11457653382b1512fd893fda45260071da58a
E1,contrast,3,partial_channel,0.1,1.0,,9,0,0.30000000000000027,2000,0.1693548387096774,0.01876876876876877,124,1332,0.11961475706100463,99fc6ef526bc821b82a48435c0a11457653382b1512fd893fda45260071da58a
E1,contrast,3,partial_channel,0.1,1.0,,9,1,0.30000000000000027,2000,0.1935483870967742,0.021021021021021023,124,1332,0.117731389939785,99fc6ef526bc821b82a48435c0a11457653382b1512fd893fda45260071da58a
E1,contrast,3,partial_channel,0.1,1.0,,9,2,0.8000000000000007,2000,0.21774193548387097,0.015015015015015015,124,1332,0.20693087178468705,99fc6ef526bc821b82a48435c0a11457653382b1512fd893fda45260071da58a
E1,contrast,3,partial_channel,0.1,1.0,,9,3,1.3499999999999956,2000,0.25806451612903225,0.012762762762762763,124,1332,0.2012436651587486,99fc6ef526bc821b82a48435c0a11457653382b1512fd893fda45260071da58a
E1,contrast,3,partial_channel,0.1,1.0,,9,4,0.40000000000000036,2000,0.20967741935483872,0.01876876876876877,124,1332,0.13264343214035035,99fc6ef526bc821b82a48435c0a11457653382b1512fd893fda45260071da58a
E1,contrast,3,partial_channel,0.2,1.0,,9,0,1.100000000000001,2000,0.27419354838709675,0.015765765765765764,124,1332,0.20706837916374207,99fc6ef526bc821b82a48435c0a11457653382b1512fd893fda45260071da58a
E1,contrast,3,partial_channel,0.2,1.0,,9,1,0.7000000000000006,2000,0.27419354838709675,0.025525525525525526,124,1332,0.22620740681886672,99fc6ef526bc821b82a48435c0a11457653382b1512fd893fda45260071da58a
E1,contrast,3,partial_channel,0.2,1.0,,9,2,1.0000000000000009,2000,0.3467741935483871,0.023273273273273273,124,1332,0.2762719645500183,99fc6ef526bc821b82a48435c0a11457653382b1512fd893fda45260071da58a
E1,contrast,3,partial_channel,0.2,1.0,,9,3,1.649999999999996,2000,0.3951612903225806,0.021021021021021023,124,1332,0.3252389495968819,99fc6ef526bc821b82a48435c0a11457653382b1512fd893fda45260071da58a
E1,contrast,3,partial_channel,0.2,1.0,,9,4,1.3000000000000012,2000,0.3467741935483871,0.02177177177177177,124,1332,0.21336609613895416,99fc6ef526bc821b82a48435c0a11457653382b1512fd893fda45260071da58a
E1,contrast,3,partial_channel,0.01,1.0,,10,0,0.20000000000000018,2000,0.03225806451612903,0.0037537537537537537,124,1332,0.024818037807941437,99fc6ef526bc821b82a48435c0a11457653382b1512fd893fda45260071da58a
E1,contrast,3,partial_channel,0.01,1.0,,10,1,0.30000000000000027,2000,0.056451612903225805,0.006006006006006006,124,1332,0.018453514933586122,99fc6ef526bc821b82a48435c0a11457653382b1512fd893fda45260071da58a
E1,contrast,3,partial_channel,0.01,1.0,,10,2,0.5000000000000004,2000,0.10483870967741936,0.008258258258258258,124,1332,0.12621280020475387,99fc6ef526bc821b82a48435c0a11457653382b1512fd893fda45260071da58a
E1,contrast,3,partial_channel,0.01,1.0,,10,3,0.30000000000000027,2000,0.056451612903225805,0.0022522522522522522,124,1332,0.012713835418224335,99fc6ef526bc821b82a48435c0a11457653382b1512fd893fda45260071da58a
E1,contrast,3,partial_channel,0.01,1.0,,10,4,0.14999999999999458,2000,0.08870967741935484,0.009009009009009009,124,1332,0.07297308826446533,99fc6ef526bc821b82a48435c0a11457653382b1512fd893fda45260071da58a
E1,contrast,3,partial_channel,0.05,1.0,,10,0,0.24999999999999467,2000,0.10483870967741936,0.009009009009009009,124,1332,0.0629248247742653,99fc6ef526bc821b82a48435c0a11457653382b1512fd893fda45260071da58a
E1,contrast,3,partial_channel,0.05,1.0,,10,1,-0.15000000000000568,2000,0.08870967741935484,0.014264264264264264,124,1332,0.05135233074426651,99fc6ef526bc821b82a48435c0a11457653382b1512fd893fda45260071da58a
E1,contrast,3,partial_channel,0.05,1.0,,10,2,0.6000000000000005,2000,0.1693548387096774,0.013513513513513514,124,1332,0.16556278175115585,99fc6ef526bc821b82a48435c0a11457653382b1512fd893fda45260071da58a
E1,contrast,3,partial_channel,0.05,1.0,,10,3,0.649999999999995,2000,0.13709677419354838,0.0075075075075075074,124,1332,0.06711658483743668,99fc6ef526bc821b82a48435c0a11457653382b1512fd893fda45260071da58a
E1,contrast,3,partial_channel,0.05,1.0,,10,4,0.44999999999999485,2000,0.12903225806451613,0.010510510510510511,124,1332,0.09874103283882141,99fc6ef526bc821b82a48435c0a11457653382b1512fd893fda45260071da58a
E1,contrast,3,partial_channel,0.1,1.0,,10,0,0.5499999999999949,2000,0.18548387096774194,0.016516516516516516,124,1332,0.11801019012928009,99fc6ef526bc821b82a48435c0a11457653382b1512fd893fda45260071da58a
E1,contrast,3,partial_channel,0.1,1.0,,10,1,0.649999999999995,2000,0.20967741935483872,0.018018018018018018,124,1332,0.11772517597675324,99fc6ef526bc821b82a48435c0a11457653382b1512fd893fda45260071da58a
E1,contrast,3,partial_channel,0.1,1.0,,10,2,0.9499999999999953,2000,0.23387096774193547,0.016516516516516516,124,1332,0.21984494262933732,99fc6ef526bc821b82a48435c0a11457653382b1512fd893fda45260071da58a
E1,contrast,3,partial_channel,0.1,1.0,,10,3,1.649999999999996,2000,0.28225806451612906,0.012762762762762763,124,1332,0.21787370109558105,99fc6ef526bc821b82a48435c0a11457653382b1512fd893fda45260071da58a
E1,contrast,3,partial_channel,0.1,1.0,,10,4,0.5499999999999949,2000,0.1935483870967742,0.017267267267267267,124,1332,0.12566367369890213,99fc6ef526bc821b82a48435c0a11457653382b1512fd893fda45260071da58a
E1,contrast,3,partial_channel,0.2,1.0,,10,0,1.5000000000000013,2000,0.33064516129032256,0.016516516516516516,124,1332,0.19318078958988188,99fc6ef526bc821b82a48435c0a11457653382b1512fd893fda45260071da58a
E1,contrast,3,partial_channel,0.2,1.0,,10,1,0.5499999999999949,2000,0.27419354838709675,0.02702702702702703,124,1332,0.21678001046180725,99fc6ef526bc821b82a48435c0a11457653382b1512fd893fda45260071da58a
E1,contrast,3,partial_channel,0.2,1.0,,10,2,0.6000000000000005,2000,0.3225806451612903,0.026276276276276277,124,1332,0.2901484750509262,99fc6ef526bc821b82a48435c0a11457653382b1512fd893fda45260071da58a
E1,contrast,3,partial_channel,0.2,1.0,,10,3,1.3499999999999956,2000,0.3629032258064516,0.02252252252252252,124,1332,0.3437982524633408,99fc6ef526bc821b82a48435c0a11457653382b1512fd893fda45260071da58a
E1,contrast,3,partial_channel,0.2,1.0,,10,4,1.3499999999999956,2000,0.3629032258064516,0.02177177177177177,124,1332,0.2086892690062523,99fc6ef526bc821b82a48435c0a11457653382b1512fd893fda45260071da58a
E1,contrast,3,partial_channel,0.01,1.0,,11,0,0.24999999999999467,2000,0.03225806451612903,0.003003003003003003,124,1332,0.024205358564853667,99fc6ef526bc821b82a48435c0a11457653382b1512fd893fda45260071da58a
E1,contrast,3,partial_channel,0.01,1.0,,11,1,0.14999999999999458,2000,0.04838709677419355,0.006756756756756757,124,1332,0.017541121900081634,99fc6ef526bc821b82a48435c0a11457653382b1512fd893fda45260071da58a
E1,contrast,3,partial_channel,0.01,1.0,,11,2,0.40000000000000036,2000,0.0967741935483871,0.008258258258258258,124,1332,0.11907198631763458,99fc6ef526bc821b82a48435c0a11457653382b1512fd893fda45260071da58a
E1,contrast,3,partial_channel,0.01,1.0,,11,3,0.24999999999999467,2000,0.04838709677419355,0.0022522522522522522,124,1332,0.015830742061138152,99fc6ef526bc821b82a48435c0a11457653382b1512fd893fda45260071da58a
E1,contrast,3,partial_channel,0.01,1.0,,11,4,0.34999999999999476,2000,0.10483870967741936,0.009009009009009009,124,1332,0.069852190554142,99fc6ef526bc821b82a48435c0a11457653382b1512fd893fda45260071da58a
E1,contrast,3,partial_channel,0.05,1.0,,11,0,0.24999999999999467,2000,0.0967741935483871,0.00975975975975976,124,1332,0.07022706151008606,99fc6ef526bc821b82a48435c0a11457653382b1512fd893fda45260071da58a
E1,contrast,3,partial_channel,0.05,1.0,,11,1,-0.050000000000005596,2000,0.08870967741935484,0.013513513513513514,124,1332,0.04940336436033249,99fc6ef526bc821b82a48435c0a11457653382b1512fd893fda45260071da58a
E1,contrast,3,partial_channel,0.05,1.0,,11,2,0.44999999999999485,2000,0.13709677419354838,0.012762762762762763,124,1332,0.16251456308364867,99fc6ef526bc821b82a48435c0a11457653382b1512fd893fda45260071da58a
E1,contrast,3,partial_channel,0.05,1.0,,11,3,0.5499999999999949,2000,0.12096774193548387,0.006756756756756757,124,1332,0.06673436695337295,99fc6ef526bc821b82a48435c0a11457653382b1512fd893fda45260071da58a
E1,contrast,3,partial_channel,0.05,1.0,,11,4,0.8499999999999952,2000,0.18548387096774194,0.009009009009009009,124,1332,0.09657599103450776,99fc6ef526bc821b82a48435c0a11457653382b1512fd893fda45260071da58a
E1,contrast,3,partial_channel,0.1,1.0,,11,0,0.40000000000000036,2000,0.18548387096774194,0.016516516516516516,124,1332,0.12064836955070496,99fc6ef526bc821b82a48435c0a11457653382b1512fd893fda45260071da58a
E1,contrast,3,partial_channel,0.1,1.0,,11,1,0.6000000000000005,2000,0.1935483870967742,0.017267267267267267,124,1332,0.10962898206710815,99fc6ef526bc821b82a48435c0a11457653382b1512fd893fda45260071da58a
E1,contrast,3,partial_channel,0.1,1.0,,11,2,0.649999999999995,2000,0.21774193548387097,0.017267267267267267,124,1332,0.21586292111873626,99fc6ef526bc821b82a48435c0a11457653382b1512fd893fda45260071da58a
E1,contrast,3,partial_channel,0.1,1.0,,11,3,1.3000000000000012,2000,0.24193548387096775,0.012012012012012012,124,1332,0.21306059676408767,99fc6ef526bc821b82a48435c0a11457653382b1512fd893fda45260071da58a
E1,contrast,3,partial_channel,0.1,1.0,,11,4,0.8000000000000007,2000,0.1935483870967742,0.012012012012012012,124,1332,0.126510855615139,99fc6ef526bc821b82a48435c0a11457653382b1512fd893fda45260071da58a
E1,contrast,3,partial_channel,0.2,1.0,,11,0,1.5000000000000013,2000,0.3467741935483871,0.016516516516516516,124,1332,0.20779257941246032,99fc6ef526bc821b82a48435c0a11457653382b1512fd893fda45260071da58a
E1,contrast,3,partial_channel,0.2,1.0,,11,1,0.8000000000000007,2000,0.2661290322580645,0.02177177177177177,124,1332,0.2082574714422226,99fc6ef526bc821b82a48435c0a11457653382b1512fd893fda45260071da58a
E1,contrast,3,partial_channel,0.2,1.0,,11,2,0.9499999999999953,2000,0.3387096774193548,0.023273273273273273,124,1332,0.28385395151376724,99fc6ef526bc821b82a48435c0a11457653382b1512fd893fda45260071da58a
E1,contrast,3,partial_channel,0.2,1.0,,11,3,1.4499999999999957,2000,0.3629032258064516,0.02177177177177177,124,1332,0.33593480902910233,99fc6ef526bc821b82a48435c0a11457653382b1512fd893fda45260071da58a
E1,contrast,3,partial_channel,0.2,1.0,,11,4,1.4000000000000012,2000,0.3467741935483871,0.02027027027027027,124,1332,0.20615673983097077,99fc6ef526bc821b82a48435c0a11457653382b1512fd893fda45260071da58a
E1,contrast,3,partial_channel,0.01,1.0,,12,0,0.5000000000000004,2000,0.06451612903225806,0.003003003003003003,124,1332,0.022913058400154115,99fc6ef526bc821b82a48435c0a11457653382b1512fd893fda45260071da58a
E1,contrast,3,partial_channel,0.01,1.0,,12,1,0.34999999999999476,2000,0.04032258064516129,0.0037537537537537537,124,1332,0.01407333117723465,99fc6ef526bc821b82a48435c0a11457653382b1512fd893fda45260071da58a
E1,contrast,3,partial_channel,0.01,1.0,,12,2,0.5499999999999949,2000,0.10483870967741936,0.006756756756756757,124,1332,0.10349890923500062,99fc6ef526bc821b82a48435c0a11457653382b1512fd893fda45260071da58a
E1,contrast,3,partial_channel,0.01,1.0,,12,3,0.04999999999999449,2000,0.04032258064516129,0.0045045045045045045,124,1332,0.018090042352676392,99fc6ef526bc821b82a48435c0a11457653382b1512fd893fda45260071da58a
E1,contrast,3,partial_channel,0.01,1.0,,12,4,0.34999999999999476,2000,0.08064516129032258,0.006756756756756757,124,1332,0.06112938809394836,99fc6ef526bc821b82a48435c0a11457653382b1512fd893fda45260071da58a
E1,contrast,3,partial_channel,0.05,1.0,,12,0,0.5499999999999949,2000,0.13709677419354838,0.009009009009009009,124,1332,0.07432237833738327,99fc6ef526bc821b82a48435c0a11457653382b1512fd893fda45260071da58a
E1,contrast,3,partial_channel,0.05,1.0,,12,1,-0.050000000000005596,2000,0.06451612903225806,0.01126126126126126,124,1332,0.03652497810125351,99fc6ef526bc821b82a48435c0a11457653382b1512fd893fda45260071da58a
E1,contrast,3,partial_channel,0.05,1.0,,12,2,0.5000000000000004,2000,0.14516129032258066,0.012012012012012012,124,1332,0.1521719789505005,99fc6ef526bc821b82a48435c0a11457653382b1512fd893fda45260071da58a
E1,contrast,3,partial_channel,0.05,1.0,,12,3,0.649999999999995,2000,0.11290322580645161,0.0045045045045045045,124,1332,0.06930695062875748,99fc6ef526bc821b82a48435c0a11457653382b1512fd893fda45260071da58a
E1,contrast,3,partial_channel,0.05,1.0,,12,4,0.44999999999999485,2000,0.13709677419354838,0.00975975975975976,124,1332,0.09721628957986832,99fc6ef526bc821b82a48435c0a11457653382b1512fd893fda45260071da58a
E1,contrast,3,partial_channel,0.1,1.0,,12,0,0.5000000000000004,2000,0.1693548387096774,0.014264264264264264,124,1332,0.11613267266750335,99fc6ef526bc821b82a48435c0a11457653382b1512fd893fda45260071da58a
E1,contrast,3,partial_channel,0.1,1.0,,12,1,0.34999999999999476,2000,0.1774193548387097,0.01876876876876877,124,1332,0.0990753316283226,99fc6ef526bc821b82a48435c0a11457653382b1512fd893fda45260071da58a
E1,contrast,3,partial_channel,0.1,1.0,,12,2,0.6000000000000005,2000,0.1935483870967742,0.015015015015015015,124,1332,0.1906029953956604,99fc6ef526bc821b82a48435c0a11457653382b1512fd893fda45260071da58a
E1,contrast,3,partial_channel,0.1,1.0,,12,3,0.9000000000000008,2000,0.18548387096774194,0.012012012012012012,124,1332,0.2000261464715004,99fc6ef526bc821b82a48435c0a11457653382b1512fd893fda45260071da58a
E1,contrast,3,partial_channel,0.1,1.0,,12,4,1.100000000000001,2000,0.20967741935483872,0.009009009009009009,124,1332,0.13647828710079193,99fc6ef526bc821b82a48435c0a11457653382b1512fd893fda45260071da58a
E1,contrast,3,partial_channel,0.2,1.0,,12,0,1.3499999999999956,2000,0.3225806451612903,0.01876876876876877,124,1332,0.21490014040470123,99fc6ef526bc821b82a48435c0a11457653382b1512fd893fda45260071da58a
E1,contrast,3,partial_channel,0.2,1.0,,12,1,0.7499999999999951,2000,0.2903225806451613,0.025525525525525526,124,1332,0.22123105883598326,99fc6ef526bc821b82a48435c0a11457653382b1512fd893fda45260071da58a
E1,contrast,3,partial_channel,0.2,1.0,,12,2,0.8000000000000007,2000,0.31451612903225806,0.02252252252252252,124,1332,0.2663460518121719,99fc6ef526bc821b82a48435c0a11457653382b1512fd893fda45260071da58a
E1,contrast,3,partial_channel,0.2,1.0,,12,3,1.200000000000001,2000,0.2903225806451613,0.02027027027027027,124,1332,0.3331668168306351,99fc6ef526bc821b82a48435c0a11457653382b1512fd893fda45260071da58a
E1,contrast,3,partial_channel,0.2,1.0,,12,4,1.5000000000000013,2000,0.3548387096774194,0.01876876876876877,124,1332,0.2223664839863777,99fc6ef526bc821b82a48435c0a11457653382b1512fd893fda45260071da58a
E1,contrast,3,partial_channel,0.01,1.0,,13,0,0.20000000000000018,2000,0.056451612903225805,0.0045045045045045045,124,1332,0.010484096467494965,99fc6ef526bc821b82a48435c0a11457653382b1512fd893fda45260071da58a
E1,contrast,3,partial_channel,0.01,1.0,,13,1,0.04999999999999449,2000,0.04838709677419355,0.005255255255255256,124,1332,0.02093708711862564,99fc6ef526bc821b82a48435c0a11457653382b1512fd893fda45260071da58a
E1,contrast,3,partial_channel,0.01,1.0,,13,2,0.14999999999999458,2000,0.03225806451612903,0.0022522522522522522,124,1332,0.013093778252601624,99fc6ef526bc821b82a48435c0a11457653382b1512fd893fda45260071da58a
E1,contrast,3,partial_channel,0.01,1.0,,13,3,0.14999999999999458,2000,0.056451612903225805,0.006756756756756757,124,1332,0.013869483530521393,99fc6ef526bc821b82a48435c0a11457653382b1512fd893fda45260071da58a
E1,contrast,3,partial_channel,0.01,1.0,,13,4,0.20000000000000018,2000,0.056451612903225805,0.0037537537537537537,124,1332,0.007762947857379914,99fc6ef526bc821b82a48435c0a11457653382b1512fd893fda45260071da58a
E1,contrast,3,partial_channel,0.05,1.0,,13,0,0.44999999999999485,2000,0.0967741935483871,0.0075075075075075074,124,1332,0.0694087723493576,99fc6ef526bc821b82a48435c0a11457653382b1512fd893fda45260071da58a
E1,contrast,3,partial_channel,0.05,1.0,,13,1,-0.10000000000000009,2000,0.12096774193548387,0.015015015015015015,124,1332,0.08141146337985992,99fc6ef526bc821b82a48435c0a11457653382b1512fd893fda45260071da58a
E1,contrast,3,partial_channel,0.05,1.0,,13,2,-0.050000000000005596,2000,0.08870967741935484,0.013513513513513514,124,1332,0.06650877016782761,99fc6ef526bc821b82a48435c0a11457653382b1512fd893fda45260071da58a
E1,contrast,3,partial_channel,0.05,1.0,,13,3,0.34999999999999476,2000,0.12096774193548387,0.012762762762762763,124,1332,0.07173075443506241,99fc6ef526bc821b82a48435c0a11457653382b1512fd893fda45260071da58a
E1,contrast,3,partial_channel,0.05,1.0,,13,4,0.24999999999999467,2000,0.0967741935483871,0.008258258258258258,124,1332,0.05896996849775314,99fc6ef526bc821b82a48435c0a11457653382b1512fd893fda45260071da58a
E1,contrast,3,partial_channel,0.1,1.0,,13,0,0.44999999999999485,2000,0.12903225806451613,0.014264264264264264,124,1332,0.1124416270852089,99fc6ef526bc821b82a48435c0a11457653382b1512fd893fda45260071da58a
E1,contrast,3,partial_channel,0.1,1.0,,13,1,0.6000000000000005,2000,0.22580645161290322,0.017267267267267267,124,1332,0.10156966823339462,99fc6ef526bc821b82a48435c0a11457653382b1512fd893fda45260071da58a
E1,contrast,3,partial_channel,0.1,1.0,,13,2,0.24999999999999467,2000,0.16129032258064516,0.021021021021021023,124,1332,0.13930504608154298,99fc6ef526bc821b82a48435c0a11457653382b1512fd893fda45260071da58a
E1,contrast,3,partial_channel,0.1,1.0,,13,3,0.8000000000000007,2000,0.20967741935483872,0.015015015015015015,124,1332,0.11983587419986724,99fc6ef526bc821b82a48435c0a11457653382b1512fd893fda45260071da58a
E1,contrast,3,partial_channel,0.1,1.0,,13,4,0.30000000000000027,2000,0.13709677419354838,0.013513513513513514,124,1332,0.1173232307434082,99fc6ef526bc821b82a48435c0a11457653382b1512fd893fda45260071da58a
E1,contrast,3,partial_channel,0.2,1.0,,13,0,0.5000000000000004,2000,0.24193548387096775,0.02177177177177177,124,1332,0.21900640392303466,99fc6ef526bc821b82a48435c0a11457653382b1512fd893fda45260071da58a
E1,contrast,3,partial_channel,0.2,1.0,,13,1,0.8000000000000007,2000,0.25,0.01876876876876877,124,1332,0.21764688688516617,99fc6ef526bc821b82a48435c0a11457653382b1512fd893fda45260071da58a
E1,contrast,3,partial_channel,0.2,1.0,,13,2,0.6000000000000005,2000,0.25806451612903225,0.02252252252252252,124,1332,0.23777985721826553,99fc6ef526bc821b82a48435c0a11457653382b1512fd893fda45260071da58a
E1,contrast,3,partial_channel,0.2,1.0,,13,3,0.9499999999999953,2000,0.3064516129032258,0.023273273273273273,124,1332,0.22463998472690583,99fc6ef526bc821b82a48435c0a11457653382b1512fd893fda45260071da58a
E1,contrast,3,partial_channel,0.2,1.0,,13,4,0.44999999999999485,2000,0.27419354838709675,0.025525525525525526,124,1332,0.23306654024124146,99fc6ef526bc821b82a48435c0a11457653382b1512fd893fda45260071da58a
E1,contrast,3,partial_channel,0.01,1.0,,14,0,0.10000000000000009,2000,0.03225806451612903,0.003003003003003003,124,1332,0.005954038977622986,99fc6ef526bc821b82a48435c0a11457653382b1512fd893fda45260071da58a
E1,contrast,3,partial_channel,0.01,1.0,,14,1,0.10000000000000009,2000,0.024193548387096774,0.0022522522522522522,124,1332,0.017679003298282623,99fc6ef526bc821b82a48435c0a11457653382b1512fd893fda45260071da58a
E1,contrast,3,partial_channel,0.01,1.0,,14,2,0.14999999999999458,2000,0.04032258064516129,0.003003003003003003,124,1332,0.011326033174991607,99fc6ef526bc821b82a48435c0a11457653382b1512fd893fda45260071da58a
E1,contrast,3,partial_channel,0.01,1.0,,14,3,-0.15000000000000568,2000,0.008064516129032258,0.0037537537537537537,124,1332,0.009128693222999572,99fc6ef526bc821b82a48435c0a11457653382b1512fd893fda45260071da58a
E1,contrast,3,partial_channel,0.01,1.0,,14,4,0.20000000000000018,2000,0.04032258064516129,0.0015015015015015015,124,1332,0.010972538113594055,99fc6ef526bc821b82a48435c0a11457653382b1512fd893fda45260071da58a
E1,contrast,3,partial_channel,0.05,1.0,,14,0,0.7000000000000006,2000,0.12096774193548387,0.005255255255255256,124,1332,0.05026473718881607,99fc6ef526bc821b82a48435c0a11457653382b1512fd893fda45260071da58a
E1,contrast,3,partial_channel,0.05,1.0,,14,1,0.30000000000000027,2000,0.0967741935483871,0.009009009009009009,124,1332,0.0686248699426651,99fc6ef526bc821b82a48435c0a11457653382b1512fd893fda45260071da58a
E1,contrast,3,partial_channel,0.05,1.0,,14,2,0.14999999999999458,2000,0.056451612903225805,0.009009009009009009,124,1332,0.06866550904512406,99fc6ef526bc821b82a48435c0a11457653382b1512fd893fda45260071da58a
E1,contrast,3,partial_channel,0.05,1.0,,14,3,0.24999999999999467,2000,0.0967741935483871,0.00975975975975976,124,1332,0.05659585577249527,99fc6ef526bc821b82a48435c0a11457653382b1512fd893fda45260071da58a
E1,contrast,3,partial_channel,0.05,1.0,,14,4,0.34999999999999476,2000,0.10483870967741936,0.006756756756756757,124,1332,0.0617868749499321,99fc6ef526bc821b82a48435c0a11457653382b1512fd893fda45260071da58a
E1,contrast,3,partial_channel,0.1,1.0,,14,0,0.34999999999999476,2000,0.12096774193548387,0.012762762762762763,124,1332,0.09934218007326126,99fc6ef526bc821b82a48435c0a11457653382b1512fd893fda45260071da58a
E1,contrast,3,partial_channel,0.1,1.0,,14,1,0.44999999999999485,2000,0.16129032258064516,0.012012012012012012,124,1332,0.10083896738290787,99fc6ef526bc821b82a48435c0a11457653382b1512fd893fda45260071da58a
E1,contrast,3,partial_channel,0.1,1.0,,14,2,0.10000000000000009,2000,0.12096774193548387,0.014264264264264264,124,1332,0.12340395301580429,99fc6ef526bc821b82a48435c0a11457653382b1512fd893fda45260071da58a
E1,contrast,3,partial_channel,0.1,1.0,,14,3,0.7000000000000006,2000,0.1693548387096774,0.012012012012012012,124,1332,0.10858428424596786,99fc6ef526bc821b82a48435c0a11457653382b1512fd893fda45260071da58a
E1,contrast,3,partial_channel,0.1,1.0,,14,4,0.649999999999995,2000,0.16129032258064516,0.012012012012012012,124,1332,0.09793722289800644,99fc6ef526bc821b82a48435c0a11457653382b1512fd893fda45260071da58a
E1,contrast,3,partial_channel,0.2,1.0,,14,0,0.8000000000000007,2000,0.23387096774193547,0.016516516516516516,124,1332,0.1985372114777565,99fc6ef526bc821b82a48435c0a11457653382b1512fd893fda45260071da58a
E1,contrast,3,partial_channel,0.2,1.0,,14,1,0.8000000000000007,2000,0.28225806451612906,0.01951951951951952,124,1332,0.20113937616348265,99fc6ef526bc821b82a48435c0a11457653382b1512fd893fda45260071da58a
E1,contrast,3,partial_channel,0.2,1.0,,14,2,0.9499999999999953,2000,0.23387096774193547,0.014264264264264264,124,1332,0.2135074343085289,99fc6ef526bc821b82a48435c0a11457653382b1512fd893fda45260071da58a
E1,contrast,3,partial_channel,0.2,1.0,,14,3,1.0000000000000009,2000,0.2661290322580645,0.018018018018018018,124,1332,0.21653061777353286,99fc6ef526bc821b82a48435c0a11457653382b1512fd893fda45260071da58a
E1,contrast,3,partial_channel,0.2,1.0,,14,4,1.1499999999999955,2000,0.2903225806451613,0.017267267267267267,124,1332,0.24097433108091354,99fc6ef526bc821b82a48435c0a11457653382b1512fd893fda45260071da58a
E1,contrast,3,partial_channel,0.01,1.0,,15,0,0.14999999999999458,2000,0.024193548387096774,0.0,124,1332,0.011992660760879516,99fc6ef526bc821b82a48435c0a11457653382b1512fd893fda45260071da58a
E1,contrast,3,partial_channel,0.01,1.0,,15,1,0.24999999999999467,2000,0.03225806451612903,0.0007507507507507507,124,1332,0.011276416122913361,99fc6ef526bc821b82a48435c0a11457653382b1512fd893fda45260071da58a
E1,contrast,3,partial_channel,0.01,1.0,,15,2,0.10000000000000009,2000,0.03225806451612903,0.0022522522522522522,124,1332,0.011453468978404999,99fc6ef526bc821b82a48435c0a11457653382b1512fd893fda45260071da58a
E1,contrast,3,partial_channel,0.01,1.0,,15,3,0.0,2000,0.0,0.0015015015015015015,124,1332,0.006795012354850769,99fc6ef526bc821b82a48435c0a11457653382b1512fd893fda45260071da58a
E1,contrast,3,partial_channel,0.01,1.0,,15,4,0.24999999999999467,2000,0.03225806451612903,0.0007507507507507507,124,1332,0.006645175874233246,99fc6ef526bc821b82a48435c0a11457653382b1512fd893fda45260071da58a
E1,contrast,3,partial_channel,0.05,1.0,,15,0,0.24999999999999467,2000,0.056451612903225805,0.0037537537537537537,124,1332,0.05602848368883133,99fc6ef526bc821b82a48435c0a11457653382b1512fd893fda45260071da58a
E1,contrast,3,partial_channel,0.05,1.0,,15,1,0.14999999999999458,2000,0.07258064516129033,0.0045045045045045045,124,1332,0.04398160034418106,99fc6ef526bc821b82a48435c0a11457653382b1512fd893fda45260071da58a
E1,contrast,3,partial_channel,0.05,1.0,,15,2,0.20000000000000018,2000,0.06451612903225806,0.0075075075075075074,124,1332,0.05988190937042236,99fc6ef526bc821b82a48435c0a11457653382b1512fd893fda45260071da58a
E1,contrast,3,partial_channel,0.05,1.0,,15,3,0.14999999999999458,2000,0.06451612903225806,0.006756756756756757,124,1332,0.04849022883176803,99fc6ef526bc821b82a48435c0a11457653382b1512fd893fda45260071da58a
E1,contrast,3,partial_channel,0.05,1.0,,15,4,0.7499999999999951,2000,0.12096774193548387,0.003003003003003003,124,1332,0.051222905814647675,99fc6ef526bc821b82a48435c0a11457653382b1512fd893fda45260071da58a
E1,contrast,3,partial_channel,0.1,1.0,,15,0,0.44999999999999485,2000,0.12903225806451613,0.009009009009009009,124,1332,0.09957698684930802,99fc6ef526bc821b82a48435c0a11457653382b1512fd893fda45260071da58a
E1,contrast,3,partial_channel,0.1,1.0,,15,1,0.5000000000000004,2000,0.1693548387096774,0.010510510510510511,124,1332,0.0866919949054718,99fc6ef526bc821b82a48435c0a11457653382b1512fd893fda45260071da58a
E1,contrast,3,partial_channel,0.1,1.0,,15,2,0.34999999999999476,2000,0.12096774193548387,0.010510510510510511,124,1332,0.10930546414852142,99fc6ef526bc821b82a48435c0a11457653382b1512fd893fda45260071da58a
E1,contrast,3,partial_channel,0.1,1.0,,15,3,0.8000000000000007,2000,0.13709677419354838,0.0045045045045045045,124,1332,0.11206634759902954,99fc6ef526bc821b82a48435c0a11457653382b1512fd893fda45260071da58a
E1,contrast,3,partial_channel,0.1,1.0,,15,4,1.100000000000001,2000,0.1774193548387097,0.006006006006006006,124,1332,0.10377906274795533,99fc6ef526bc821b82a48435c0a11457653382b1512fd893fda45260071da58a
E1,contrast,3,partial_channel,0.2,1.0,,15,0,0.7000000000000006,2000,0.23387096774193547,0.014264264264264264,124,1332,0.2045927801132202,99fc6ef526bc821b82a48435c0a11457653382b1512fd893fda45260071da58a
E1,contrast,3,partial_channel,0.2,1.0,,15,1,0.9499999999999953,2000,0.25806451612903225,0.015015015015015015,124,1332,0.18046767693758012,99fc6ef526bc821b82a48435c0a11457653382b1512fd893fda45260071da58a
E1,contrast,3,partial_channel,0.2,1.0,,15,2,0.8499999999999952,2000,0.20967741935483872,0.01126126126126126,124,1332,0.2131464405655861,99fc6ef526bc821b82a48435c0a11457653382b1512fd893fda45260071da58a
E1,contrast,3,partial_channel,0.2,1.0,,15,3,1.4000000000000012,2000,0.28225806451612906,0.00975975975975976,124,1332,0.21852920877933502,99fc6ef526bc821b82a48435c0a11457653382b1512fd893fda45260071da58a
E1,contrast,3,partial_channel,0.2,1.0,,15,4,1.3000000000000012,2000,0.3064516129032258,0.015015015015015015,124,1332,0.23239276134967804,99fc6ef526bc821b82a48435c0a11457653382b1512fd893fda45260071da58a
E1,contrast,3,none,0.01,1.0,,0,0,0.0,2000,0.0,0.0,124,1332,0.0,99fc6ef526bc821b82a48435c0a11457653382b1512fd893fda45260071da58a
E1,contrast,3,none,0.01,1.0,,1,0,0.0,2000,0.0,0.0,124,1332,0.0,99fc6ef526bc821b82a48435c0a11457653382b1512fd893fda45260071da58a
E1,contrast,3,none,0.01,1.0,,2,0,0.0,2000,0.0,0.0,124,1332,0.0,99fc6ef526bc821b82a48435c0a11457653382b1512fd893fda45260071da58a
E1,contrast,3,none,0.01,1.0,,3,0,0.0,2000,0.0,0.0,124,1332,0.0,99fc6ef526bc821b82a48435c0a11457653382b1512fd893fda45260071da58a
E1,contrast,3,none,0.01,1.0,,4,0,0.0,2000,0.0,0.0,124,1332,0.0,99fc6ef526bc821b82a48435c0a11457653382b1512fd893fda45260071da58a
E1,contrast,3,none,0.01,1.0,,5,0,0.0,2000,0.0,0.0,124,1332,0.0,99fc6ef526bc821b82a48435c0a11457653382b1512fd893fda45260071da58a
E1,contrast,3,none,0.01,1.0,,6,0,0.0,2000,0.0,0.0,124,1332,0.0,99fc6ef526bc821b82a48435c0a11457653382b1512fd893fda45260071da58a
E1,contrast,3,none,0.01,1.0,,7,0,0.0,2000,0.0,0.0,124,1332,0.0,99fc6ef526bc821b82a48435c0a11457653382b1512fd893fda45260071da58a
E1,contrast,3,none,0.01,1.0,,8,0,0.0,2000,0.0,0.0,124,1332,0.0,99fc6ef526bc821b82a48435c0a11457653382b1512fd893fda45260071da58a
E1,contrast,3,none,0.01,1.0,,9,0,0.0,2000,0.0,0.0,124,1332,0.0,99fc6ef526bc821b82a48435c0a11457653382b1512fd893fda45260071da58a
E1,contrast,3,none,0.01,1.0,,10,0,0.0,2000,0.0,0.0,124,1332,0.0,99fc6ef526bc821b82a48435c0a11457653382b1512fd893fda45260071da58a
E1,contrast,3,none,0.01,1.0,,11,0,0.0,2000,0.0,0.0,124,1332,0.0,99fc6ef526bc821b82a48435c0a11457653382b1512fd893fda45260071da58a
E1,contrast,3,none,0.01,1.0,,12,0,0.0,2000,0.0,0.0,124,1332,0.0,99fc6ef526bc821b82a48435c0a11457653382b1512fd893fda45260071da58a
E1,contrast,3,none,0.01,1.0,,13,0,0.0,2000,0.0,0.0,124,1332,0.0,99fc6ef526bc821b82a48435c0a11457653382b1512fd893fda45260071da58a
E1,contrast,3,none,0.01,1.0,,14,0,0.0,2000,0.0,0.0,124,1332,0.0,99fc6ef526bc821b82a48435c0a11457653382b1512fd893fda45260071da58a
E1,contrast,3,none,0.01,1.0,,15,0,0.0,2000,0.0,0.0,124,1332,0.0,99fc6ef526bc821b82a48435c0a11457653382b1512fd893fda45260071da58a
E1,contrast,3,clean_to_clean,0.01,1.0,,0,0,2.949999999999997,2000,1.0,0.048798798798798795,124,1332,0.7185006253123284,99fc6ef526bc821b82a48435c0a11457653382b1512fd893fda45260071da58a
E1,contrast,3,clean_to_clean,0.01,1.0,,1,0,2.949999999999997,2000,1.0,0.048798798798798795,124,1332,0.7185006253123284,99fc6ef526bc821b82a48435c0a11457653382b1512fd893fda45260071da58a
E1,contrast,3,clean_to_clean,0.01,1.0,,2,0,2.949999999999997,2000,1.0,0.048798798798798795,124,1332,0.7185006253123284,99fc6ef526bc821b82a48435c0a11457653382b1512fd893fda45260071da58a
E1,contrast,3,clean_to_clean,0.01,1.0,,3,0,2.949999999999997,2000,1.0,0.048798798798798795,124,1332,0.7185006253123284,99fc6ef526bc821b82a48435c0a11457653382b1512fd893fda45260071da58a
E1,contrast,3,clean_to_clean,0.01,1.0,,4,0,2.949999999999997,2000,1.0,0.048798798798798795,124,1332,0.7185006253123284,99fc6ef526bc821b82a48435c0a11457653382b1512fd893fda45260071da58a
E1,contrast,3,clean_to_clean,0.01,1.0,,5,0,2.949999999999997,2000,1.0,0.048798798798798795,124,1332,0.7185006253123284,99fc6ef526bc821b82a48435c0a11457653382b1512fd893fda45260071da58a
E1,contrast,3,clean_to_clean,0.01,1.0,,6,0,2.949999999999997,2000,1.0,0.048798798798798795,124,1332,0.7185006253123284,99fc6ef526bc821b82a48435c0a11457653382b1512fd893fda45260071da58a
E1,contrast,3,clean_to_clean,0.01,1.0,,7,0,2.949999999999997,2000,1.0,0.048798798798798795,124,1332,0.7185006253123284,99fc6ef526bc821b82a48435c0a11457653382b1512fd893fda45260071da58a
E1,contrast,3,clean_to_clean,0.01,1.0,,8,0,2.949999999999997,2000,1.0,0.048798798798798795,124,1332,0.7185006253123284,99fc6ef526bc821b82a48435c0a11457653382b1512fd893fda45260071da58a
E1,contrast,3,clean_to_clean,0.01,1.0,,9,0,2.949999999999997,2000,1.0,0.048798798798798795,124,1332,0.7185006253123284,99fc6ef526bc821b82a48435c0a11457653382b1512fd893fda45260071da58a
E1,contrast,3,clean_to_clean,0.01,1.0,,10,0,2.949999999999997,2000,1.0,0.048798798798798795,124,1332,0.7185006253123284,99fc6ef526bc821b82a48435c0a11457653382b1512fd893fda45260071da58a
E1,contrast,3,clean_to_clean,0.01,1.0,,11,0,2.949999999999997,2000,1.0,0.048798798798798795,124,1332,0.7185006253123284,99fc6ef526bc821b82a48435c0a11457653382b1512fd893fda45260071da58a
E1,contrast,3,clean_to_clean,0.01,1.0,,12,0,2.949999999999997,2000,1.0,0.048798798798798795,124,1332,0.7185006253123284,99fc6ef526bc821b82a48435c0a11457653382b1512fd893fda45260071da58a
E1,contrast,3,clean_to_clean,0.01,1.0,,13,0,2.949999999999997,2000,1.0,0.048798798798798795,124,1332,0.7185006253123284,99fc6ef526bc821b82a48435c0a11457653382b1512fd893fda45260071da58a
E1,contrast,3,clean_to_clean,0.01,1.0,,14,0,2.949999999999997,2000,1.0,0.048798798798798795,124,1332,0.7185006253123284,99fc6ef526bc821b82a48435c0a11457653382b1512fd893fda45260071da58a
E1,contrast,3,clean_to_clean,0.01,1.0,,15,0,2.949999999999997,2000,1.0,0.048798798798798795,124,1332,0.7185006253123284,99fc6ef526bc821b82a48435c0a11457653382b1512fd893fda45260071da58a
E1,contrast,3,full_state,0.01,1.0,,0,0,2.949999999999997,2000,1.0,0.048798798798798795,124,1332,0.7185006253123284,99fc6ef526bc821b82a48435c0a11457653382b1512fd893fda45260071da58a
E1,contrast,3,full_state,0.01,1.0,,1,0,2.949999999999997,2000,1.0,0.048798798798798795,124,1332,0.7185006253123284,99fc6ef526bc821b82a48435c0a11457653382b1512fd893fda45260071da58a
E1,contrast,3,full_state,0.01,1.0,,2,0,2.949999999999997,2000,1.0,0.048798798798798795,124,1332,0.7185006253123284,99fc6ef526bc821b82a48435c0a11457653382b1512fd893fda45260071da58a
E1,contrast,3,full_state,0.01,1.0,,3,0,2.949999999999997,2000,1.0,0.048798798798798795,124,1332,0.7185006253123284,99fc6ef526bc821b82a48435c0a11457653382b1512fd893fda45260071da58a
E1,contrast,3,full_state,0.01,1.0,,4,0,2.949999999999997,2000,1.0,0.048798798798798795,124,1332,0.7185006253123284,99fc6ef526bc821b82a48435c0a11457653382b1512fd893fda45260071da58a
E1,contrast,3,full_state,0.01,1.0,,5,0,2.949999999999997,2000,1.0,0.048798798798798795,124,1332,0.7185006253123284,99fc6ef526bc821b82a48435c0a11457653382b1512fd893fda45260071da58a
E1,contrast,3,full_state,0.01,1.0,,6,0,2.949999999999997,2000,1.0,0.048798798798798795,124,1332,0.7185006253123284,99fc6ef526bc821b82a48435c0a11457653382b1512fd893fda45260071da58a
E1,contrast,3,full_state,0.01,1.0,,7,0,2.949999999999997,2000,1.0,0.048798798798798795,124,1332,0.7185006253123284,99fc6ef526bc821b82a48435c0a11457653382b1512fd893fda45260071da58a
E1,contrast,3,full_state,0.01,1.0,,8,0,2.949999999999997,2000,1.0,0.048798798798798795,124,1332,0.7185006253123284,99fc6ef526bc821b82a48435c0a11457653382b1512fd893fda45260071da58a
E1,contrast,3,full_state,0.01,1.0,,9,0,2.949999999999997,2000,1.0,0.048798798798798795,124,1332,0.7185006253123284,99fc6ef526bc821b82a48435c0a11457653382b1512fd893fda45260071da58a
E1,contrast,3,full_state,0.01,1.0,,10,0,2.949999999999997,2000,1.0,0.048798798798798795,124,1332,0.7185006253123284,99fc6ef526bc821b82a48435c0a11457653382b1512fd893fda45260071da58a
E1,contrast,3,full_state,0.01,1.0,,11,0,2.949999999999997,2000,1.0,0.048798798798798795,124,1332,0.7185006253123284,99fc6ef526bc821b82a48435c0a11457653382b1512fd893fda45260071da58a
E1,contrast,3,full_state,0.01,1.0,,12,0,2.949999999999997,2000,1.0,0.048798798798798795,124,1332,0.7185006253123284,99fc6ef526bc821b82a48435c0a11457653382b1512fd893fda45260071da58a
E1,contrast,3,full_state,0.01,1.0,,13,0,2.949999999999997,2000,1.0,0.048798798798798795,124,1332,0.7185006253123284,99fc6ef526bc821b82a48435c0a11457653382b1512fd893fda45260071da58a
E1,contrast,3,full_state,0.01,1.0,,14,0,2.949999999999997,2000,1.0,0.048798798798798795,124,1332,0.7185006253123284,99fc6ef526bc821b82a48435c0a11457653382b1512fd893fda45260071da58a
E1,contrast,3,full_state,0.01,1.0,,15,0,2.949999999999997,2000,1.0,0.048798798798798795,124,1332,0.7185006253123284,99fc6ef526bc821b82a48435c0a11457653382b1512fd893fda45260071da58a
E1,contrast,3,random_direction,0.01,1.0,,0,0,-0.30000000000000027,2000,0.04032258064516129,0.015765765765765764,124,1332,-0.04248779910802841,99fc6ef526bc821b82a48435c0a11457653382b1512fd893fda45260071da58a
E1,contrast,3,random_direction,0.01,1.0,,1,0,-0.15000000000000568,2000,0.016129032258064516,0.005255255255255256,124,1332,-0.002771380364894867,99fc6ef526bc821b82a48435c0a11457653382b1512fd893fda45260071da58a
E1,contrast,3,random_direction,0.01,1.0,,2,0,0.04999999999999449,2000,0.03225806451612903,0.0045045045045045045,124,1332,-0.0037792872190475463,99fc6ef526bc821b82a48435c0a11457653382b1512fd893fda45260071da58a
E1,contrast,3,random_direction,0.01,1.0,,3,0,0.10000000000000009,2000,0.03225806451612903,0.0037537537537537537,124,1332,-0.003991620361804962,99fc6ef526bc821b82a48435c0a11457653382b1512fd893fda45260071da58a
E1,contrast,3,random_direction,0.01,1.0,,4,0,0.14999999999999458,2000,0.03225806451612903,0.003003003003003003,124,1332,-0.0030800846815109252,99fc6ef526bc821b82a48435c0a11457653382b1512fd893fda45260071da58a
E1,contrast,3,random_direction,0.01,1.0,,5,0,0.14999999999999458,2000,0.024193548387096774,0.0037537537537537537,124,1332,-0.004350917637348175,99fc6ef526bc821b82a48435c0a11457653382b1512fd893fda45260071da58a
E1,contrast,3,random_direction,0.01,1.0,,6,0,-0.050000000000005596,2000,0.016129032258064516,0.0045045045045045045,124,1332,-0.0016771652698516846,99fc6ef526bc821b82a48435c0a11457653382b1512fd893fda45260071da58a
E1,contrast,3,random_direction,0.01,1.0,,7,0,0.04999999999999449,2000,0.024193548387096774,0.003003003003003003,124,1332,-0.000811277449131012,99fc6ef526bc821b82a48435c0a11457653382b1512fd893fda45260071da58a
E1,contrast,3,random_direction,0.01,1.0,,8,0,0.0,2000,0.04032258064516129,0.0045045045045045045,124,1332,-0.0018529555797576905,99fc6ef526bc821b82a48435c0a11457653382b1512fd893fda45260071da58a
E1,contrast,3,random_direction,0.01,1.0,,9,0,0.10000000000000009,2000,0.03225806451612903,0.0022522522522522522,124,1332,-0.0011952387690544128,99fc6ef526bc821b82a48435c0a11457653382b1512fd893fda45260071da58a
E1,contrast,3,random_direction,0.01,1.0,,10,0,0.20000000000000018,2000,0.024193548387096774,0.0007507507507507507,124,1332,-0.002134524583816528,99fc6ef526bc821b82a48435c0a11457653382b1512fd893fda45260071da58a
E1,contrast,3,random_direction,0.01,1.0,,11,0,0.10000000000000009,2000,0.024193548387096774,0.003003003003003003,124,1332,0.00047312986850738523,99fc6ef526bc821b82a48435c0a11457653382b1512fd893fda45260071da58a
E1,contrast,3,random_direction,0.01,1.0,,12,0,0.20000000000000018,2000,0.03225806451612903,0.0022522522522522522,124,1332,0.00021542048454284668,99fc6ef526bc821b82a48435c0a11457653382b1512fd893fda45260071da58a
E1,contrast,3,random_direction,0.01,1.0,,13,0,-0.050000000000005596,2000,0.008064516129032258,0.0037537537537537537,124,1332,0.0019892961978912353,99fc6ef526bc821b82a48435c0a11457653382b1512fd893fda45260071da58a
E1,contrast,3,random_direction,0.01,1.0,,14,0,0.14999999999999458,2000,0.016129032258064516,0.0007507507507507507,124,1332,-0.0009121463298797607,99fc6ef526bc821b82a48435c0a11457653382b1512fd893fda45260071da58a
E1,contrast,3,random_direction,0.01,1.0,,15,0,0.14999999999999458,2000,0.008064516129032258,0.0,124,1332,0.0006316070556640625,99fc6ef526bc821b82a48435c0a11457653382b1512fd893fda45260071da58a
E1,contrast,3,shuffled_donor,0.01,1.0,,0,0,-1.8000000000000016,2000,0.18548387096774194,0.057057057057057055,124,1332,-0.3654651539325714,99fc6ef526bc821b82a48435c0a11457653382b1512fd893fda45260071da58a
E1,contrast,3,shuffled_donor,0.01,1.0,,1,0,-0.050000000000005596,2000,0.08870967741935484,0.01951951951951952,124,1332,-0.0840040237903595,99fc6ef526bc821b82a48435c0a11457653382b1512fd893fda45260071da58a
E1,contrast,3,shuffled_donor,0.01,1.0,,2,0,-0.20000000000000018,2000,0.08064516129032258,0.01951951951951952,124,1332,-0.06670023024082183,99fc6ef526bc821b82a48435c0a11457653382b1512fd893fda45260071da58a
E1,contrast,3,shuffled_donor,0.01,1.0,,3,0,-0.35000000000000586,2000,0.11290322580645161,0.02177177177177177,124,1332,-0.1219330502152443,99fc6ef526bc821b82a48435c0a11457653382b1512fd893fda45260071da58a
E1,contrast,3,shuffled_donor,0.01,1.0,,4,0,-0.550000000000006,2000,0.13709677419354838,0.024774774774774775,124,1332,-0.09001656758785248,99fc6ef526bc821b82a48435c0a11457653382b1512fd893fda45260071da58a
E1,contrast,3,shuffled_donor,0.01,1.0,,5,0,-0.30000000000000027,2000,0.13709677419354838,0.02252252252252252,124,1332,-0.089687145113945,99fc6ef526bc821b82a48435c0a11457653382b1512fd893fda45260071da58a
E1,contrast,3,shuffled_donor,0.01,1.0,,6,0,-0.45000000000000595,2000,0.0967741935483871,0.02252252252252252,124,1332,-0.06384014087915421,99fc6ef526bc821b82a48435c0a11457653382b1512fd893fda45260071da58a
E1,contrast,3,shuffled_donor,0.01,1.0,,7,0,-0.20000000000000018,2000,0.08870967741935484,0.017267267267267267,124,1332,-0.019837052643299102,99fc6ef526bc821b82a48435c0a11457653382b1512fd893fda45260071da58a
E1,contrast,3,shuffled_donor,0.01,1.0,,8,0,-0.15000000000000568,2000,0.0967741935483871,0.016516516516516516,124,1332,-0.024957866072654725,99fc6ef526bc821b82a48435c0a11457653382b1512fd893fda45260071da58a
E1,contrast,3,shuffled_donor,0.01,1.0,,9,0,-0.10000000000000009,2000,0.08870967741935484,0.013513513513513514,124,1332,-0.02342877835035324,99fc6ef526bc821b82a48435c0a11457653382b1512fd893fda45260071da58a
E1,contrast,3,shuffled_donor,0.01,1.0,,10,0,0.04999999999999449,2000,0.07258064516129033,0.01126126126126126,124,1332,-0.015794925451278686,99fc6ef526bc821b82a48435c0a11457653382b1512fd893fda45260071da58a
E1,contrast,3,shuffled_donor,0.01,1.0,,11,0,-0.10000000000000009,2000,0.08064516129032258,0.013513513513513514,124,1332,-0.014657301485538482,99fc6ef526bc821b82a48435c0a11457653382b1512fd893fda45260071da58a
E1,contrast,3,shuffled_donor,0.01,1.0,,12,0,0.04999999999999449,2000,0.08870967741935484,0.01126126126126126,124,1332,-0.023588340163230897,99fc6ef526bc821b82a48435c0a11457653382b1512fd893fda45260071da58a
E1,contrast,3,shuffled_donor,0.01,1.0,,13,0,-0.40000000000000036,2000,0.03225806451612903,0.013513513513513514,124,1332,-0.04334800881147385,99fc6ef526bc821b82a48435c0a11457653382b1512fd893fda45260071da58a
E1,contrast,3,shuffled_donor,0.01,1.0,,14,0,-0.35000000000000586,2000,0.04838709677419355,0.012762762762762763,124,1332,-0.04411632937192917,99fc6ef526bc821b82a48435c0a11457653382b1512fd893fda45260071da58a
E1,contrast,3,shuffled_donor,0.01,1.0,,15,0,-0.2500000000000058,2000,0.04032258064516129,0.01126126126126126,124,1332,-0.051979395389556884,99fc6ef526bc821b82a48435c0a11457653382b1512fd893fda45260071da58a
E1,contrast,5,partial_channel,0.01,1.0,,0,0,-3.0000000000000027,2000,0.1339712918660287,0.1286266924564797,418,1034,-0.43663284105062483,99fc6ef526bc821b82a48435c0a11457653382b1512fd893fda45260071da58a
E1,contrast,5,partial_channel,0.01,1.0,,0,1,-3.200000000000003,2000,0.03588516746411483,0.08704061895551257,418,1034,-0.44925077790021894,99fc6ef526bc821b82a48435c0a11457653382b1512fd893fda45260071da58a
E1,contrast,5,partial_channel,0.01,1.0,,0,2,-0.20000000000000018,2000,0.15789473684210525,0.08027079303675048,418,1034,-0.05608101546764374,99fc6ef526bc821b82a48435c0a11457653382b1512fd893fda45260071da58a
E1,contrast,5,partial_channel,0.01,1.0,,0,3,-0.5000000000000004,2000,0.09330143540669857,0.05609284332688588,418,1034,-0.15067613804340363,99fc6ef526bc821b82a48435c0a11457653382b1512fd893fda45260071da58a
E1,contrast,5,partial_channel,0.01,1.0,,0,4,-1.3500000000000068,2000,0.12200956937799043,0.09284332688588008,418,1034,-0.17097041070461272,99fc6ef526bc821b82a48435c0a11457653382b1512fd893fda45260071da58a
E1,contrast,5,partial_channel,0.05,1.0,,0,0,-6.05,2000,0.19617224880382775,0.21760154738878143,418,1034,-0.9335017794370651,99fc6ef526bc821b82a48435c0a11457653382b1512fd893fda45260071da58a
E1,contrast,5,partial_channel,0.05,1.0,,0,1,-16.650000000000002,2000,0.08373205741626795,0.3771760154738878,418,1034,-2.3834216343164445,99fc6ef526bc821b82a48435c0a11457653382b1512fd893fda45260071da58a
E1,contrast,5,partial_channel,0.05,1.0,,0,2,-7.900000000000001,2000,0.18181818181818182,0.2572533849129594,418,1034,-1.2650357157588006,99fc6ef526bc821b82a48435c0a11457653382b1512fd893fda45260071da58a
E1,contrast,5,partial_channel,0.05,1.0,,0,3,-11.399999999999999,2000,0.0861244019138756,0.28239845261121854,418,1034,-1.6335525624752045,99fc6ef526bc821b82a48435c0a11457653382b1512fd893fda45260071da58a
E1,contrast,5,partial_channel,0.05,1.0,,0,4,-10.200000000000003,2000,0.12679425837320574,0.2688588007736944,418,1034,-1.666404703617096,99fc6ef526bc821b82a48435c0a11457653382b1512fd893fda45260071da58a
E1,contrast,5,partial_channel,0.1,1.0,,0,0,-7.1000000000000005,2000,0.23205741626794257,0.2572533849129594,418,1034,-1.0205190439224243,99fc6ef526bc821b82a48435c0a11457653382b1512fd893fda45260071da58a
E1,contrast,5,partial_channel,0.1,1.0,,0,1,-14.550000000000002,2000,0.13636363636363635,0.35589941972920697,418,1034,-2.147305359482765,99fc6ef526bc821b82a48435c0a11457653382b1512fd893fda45260071da58a
E1,contrast,5,partial_channel,0.1,1.0,,0,2,-14.650000000000002,2000,0.1674641148325359,0.3781431334622824,418,1034,-1.9983276370763778,99fc6ef526bc821b82a48435c0a11457653382b1512fd893fda45260071da58a
E1,contrast,5,partial_channel,0.1,1.0,,0,3,-13.950000000000001,2000,0.14114832535885166,0.3481624758220503,418,1034,-2.0307302181720734,99fc6ef526bc821b82a48435c0a11457653382b1512fd893fda45260071da58a
E1,contrast,5,partial_channel,0.1,1.0,,0,4,-9.650000000000002,2000,0.18660287081339713,0.2901353965183752,418,1034,-1.6161280280947685,99fc6ef526bc821b82a48435c0a11457653382b1512fd893fda45260071da58a
E1,contrast,5,partial_channel,0.2,1.0,,0,0,-13.65,2000,0.22966507177033493,0.379110251450677,418,1034,-2.034247860908508,99fc6ef526bc821b82a48435c0a11457653382b1512fd893fda45260071da58a
E1,contrast,5,partial_channel,0.2,1.0,,0,1,-10.750000000000004,2000,0.19138755980861244,0.31334622823984526,418,1034,-1.6657768521904945,99fc6ef526bc821b82a48435c0a11457653382b1512fd893fda45260071da58a
E1,contrast,5,partial_channel,0.2,1.0,,0,2,-9.300000000000002,2000,0.23205741626794257,0.30851063829787234,418,1034,-1.3482855264544487,99fc6ef526bc821b82a48435c0a11457653382b1512fd893fda45260071da58a
E1,contrast,5,partial_channel,0.2,1.0,,0,3,-35.0,2000,0.05741626794258373,0.7156673114119922,418,1034,-5.73038322532177,99fc6ef526bc821b82a48435c0a11457653382b1512fd893fda45260071da58a
E1,contrast,5,partial_channel,0.2,1.0,,0,4,-12.85,2000,0.215311004784689,0.3617021276595745,418,1034,-1.8314223576784134,99fc6ef526bc821b82a48435c0a11457653382b1512fd893fda45260071da58a
E1,contrast,5,partial_channel,0.01,1.0,,1,0,1.3000000000000012,2000,0.10287081339712918,0.027079303675048357,418,1034,0.08508589011430741,99fc6ef526bc821b82a48435c0a11457653382b1512fd893fda45260071da58a
E1,contrast,5,partial_channel,0.01,1.0,,1,1,-1.0500000000000065,2000,0.0645933014354067,0.05705996131528046,418,1034,-0.14558166283369064,99fc6ef526bc821b82a48435c0a11457653382b1512fd893fda45260071da58a
E1,contrast,5,partial_channel,0.01,1.0,,1,2,0.8499999999999952,2000,0.1291866028708134,0.04448742746615087,418,1034,0.09792590254545212,99fc6ef526bc821b82a48435c0a11457653382b1512fd893fda45260071da58a
E1,contrast,5,partial_channel,0.01,1.0,,1,3,-0.20000000000000018,2000,0.08851674641148326,0.05125725338491296,418,1034,-0.0891106357574463,99fc6ef526bc821b82a48435c0a11457653382b1512fd893fda45260071da58a
E1,contrast,5,partial_channel,0.01,1.0,,1,4,0.5499999999999949,2000,0.09330143540669857,0.033849129593810444,418,1034,0.031039135694503783,99fc6ef526bc821b82a48435c0a11457653382b1512fd893fda45260071da58a
E1,contrast,5,partial_channel,0.05,1.0,,1,0,0.7000000000000006,2000,0.20574162679425836,0.086073500967118,418,1034,0.11190762394666671,99fc6ef526bc821b82a48435c0a11457653382b1512fd893fda45260071da58a
E1,contrast,5,partial_channel,0.05,1.0,,1,1,-2.300000000000002,2000,0.14832535885167464,0.11992263056092843,418,1034,-0.2935476843714714,99fc6ef526bc821b82a48435c0a11457653382b1512fd893fda45260071da58a
E1,contrast,5,partial_channel,0.05,1.0,,1,2,-0.6000000000000005,2000,0.215311004784689,0.11798839458413926,418,1034,0.1633081065416336,99fc6ef526bc821b82a48435c0a11457653382b1512fd893fda45260071da58a
E1,contrast,5,partial_channel,0.05,1.0,,1,3,-2.400000000000002,2000,0.145933014354067,0.12282398452611218,418,1034,-0.27820652538537977,99fc6ef526bc821b82a48435c0a11457653382b1512fd893fda45260071da58a
E1,contrast,5,partial_channel,0.05,1.0,,1,4,-2.150000000000002,2000,0.1339712918660287,0.11605415860735009,418,1034,-0.33189854824542997,99fc6ef526bc821b82a48435c0a11457653382b1512fd893fda45260071da58a
E1,contrast,5,partial_channel,0.1,1.0,,1,0,1.200000000000001,2000,0.2751196172248804,0.109284332688588,418,1034,0.053503554701805116,99fc6ef526bc821b82a48435c0a11457653382b1512fd893fda45260071da58a
E1,contrast,5,partial_channel,0.1,1.0,,1,1,-3.150000000000003,2000,0.18660287081339713,0.1518375241779497,418,1034,-0.4530828403830528,99fc6ef526bc821b82a48435c0a11457653382b1512fd893fda45260071da58a
E1,contrast,5,partial_channel,0.1,1.0,,1,2,0.6000000000000005,2000,0.3349282296650718,0.14990328820116053,418,1034,0.10901238495111465,99fc6ef526bc821b82a48435c0a11457653382b1512fd893fda45260071da58a
E1,contrast,5,partial_channel,0.1,1.0,,1,3,-1.650000000000007,2000,0.20574162679425836,0.1402321083172147,418,1034,-0.1714200143814087,99fc6ef526bc821b82a48435c0a11457653382b1512fd893fda45260071da58a
E1,contrast,5,partial_channel,0.1,1.0,,1,4,-0.050000000000005596,2000,0.22966507177033493,0.11508704061895551,418,1034,-0.08230172669887542,99fc6ef526bc821b82a48435c0a11457653382b1512fd893fda45260071da58a
E1,contrast,5,partial_channel,0.2,1.0,,1,0,1.1499999999999955,2000,0.37559808612440193,0.1576402321083172,418,1034,0.22357526421546936,99fc6ef526bc821b82a48435c0a11457653382b1512fd893fda45260071da58a
E1,contrast,5,partial_channel,0.2,1.0,,1,1,-1.3500000000000068,2000,0.2607655502392344,0.1576402321083172,418,1034,-0.10266164779663085,99fc6ef526bc821b82a48435c0a11457653382b1512fd893fda45260071da58a
E1,contrast,5,partial_channel,0.2,1.0,,1,2,4.100000000000003,2000,0.45454545454545453,0.12669245647969052,418,1034,0.5963069314956665,99fc6ef526bc821b82a48435c0a11457653382b1512fd893fda45260071da58a
E1,contrast,5,partial_channel,0.2,1.0,,1,3,-13.65,2000,0.17942583732057416,0.3520309477756286,418,1034,-1.9193194202184678,99fc6ef526bc821b82a48435c0a11457653382b1512fd893fda45260071da58a
E1,contrast,5,partial_channel,0.2,1.0,,1,4,2.649999999999997,2000,0.40669856459330145,0.1450676982591876,418,1034,0.3795301883816719,99fc6ef526bc821b82a48435c0a11457653382b1512fd893fda45260071da58a
E1,contrast,5,partial_channel,0.01,1.0,,2,0,0.9499999999999953,2000,0.08373205741626795,0.024177949709864602,418,1034,0.07150377821922302,99fc6ef526bc821b82a48435c0a11457653382b1512fd893fda45260071da58a
E1,contrast,5,partial_channel,0.01,1.0,,2,1,-1.1500000000000066,2000,0.05502392344497608,0.05609284332688588,418,1034,-0.15315763169527055,99fc6ef526bc821b82a48435c0a11457653382b1512fd893fda45260071da58a
E1,contrast,5,partial_channel,0.01,1.0,,2,2,0.7499999999999951,2000,0.13636363636363635,0.047388781431334626,418,1034,0.11147858130931854,99fc6ef526bc821b82a48435c0a11457653382b1512fd893fda45260071da58a
E1,contrast,5,partial_channel,0.01,1.0,,2,3,-0.2500000000000058,2000,0.08373205741626795,0.05125725338491296,418,1034,-0.12133890861272811,99fc6ef526bc821b82a48435c0a11457653382b1512fd893fda45260071da58a
E1,contrast,5,partial_channel,0.01,1.0,,2,4,0.04999999999999449,2000,0.07416267942583732,0.03481624758220503,418,1034,0.03201093065738678,99fc6ef526bc821b82a48435c0a11457653382b1512fd893fda45260071da58a
E1,contrast,5,partial_channel,0.05,1.0,,2,0,-0.30000000000000027,2000,0.16985645933014354,0.08897485493230174,418,1034,0.0691549157500267,99fc6ef526bc821b82a48435c0a11457653382b1512fd893fda45260071da58a
E1,contrast,5,partial_channel,0.05,1.0,,2,1,-1.8500000000000016,2000,0.11004784688995216,0.09671179883945841,418,1034,-0.19194491571187974,99fc6ef526bc821b82a48435c0a11457653382b1512fd893fda45260071da58a
E1,contrast,5,partial_channel,0.05,1.0,,2,2,2.200000000000002,2000,0.2607655502392344,0.07736943907156674,418,1034,0.36763302093744277,99fc6ef526bc821b82a48435c0a11457653382b1512fd893fda45260071da58a
E1,contrast,5,partial_channel,0.05,1.0,,2,3,1.200000000000001,2000,0.1937799043062201,0.06963249516441006,418,1034,0.14458916008472442,99fc6ef526bc821b82a48435c0a11457653382b1512fd893fda45260071da58a
E1,contrast,5,partial_channel,0.05,1.0,,2,4,-0.7500000000000062,2000,0.15550239234449761,0.09381044487427466,418,1034,-0.19506494909524918,99fc6ef526bc821b82a48435c0a11457653382b1512fd893fda45260071da58a
E1,contrast,5,partial_channel,0.1,1.0,,2,0,1.8000000000000016,2000,0.27751196172248804,0.09477756286266925,418,1034,0.18856136590242387,99fc6ef526bc821b82a48435c0a11457653382b1512fd893fda45260071da58a
E1,contrast,5,partial_channel,0.1,1.0,,2,1,-2.450000000000002,2000,0.16028708133971292,0.12959381044487428,418,1034,-0.341030986905098,99fc6ef526bc821b82a48435c0a11457653382b1512fd893fda45260071da58a
E1,contrast,5,partial_channel,0.1,1.0,,2,2,3.1499999999999972,2000,0.38516746411483255,0.11218568665377177,418,1034,0.45546570992469787,99fc6ef526bc821b82a48435c0a11457653382b1512fd893fda45260071da58a
E1,contrast,5,partial_channel,0.1,1.0,,2,3,0.9000000000000008,2000,0.21291866028708134,0.08800773694390715,418,1034,0.23973052978515624,99fc6ef526bc821b82a48435c0a11457653382b1512fd893fda45260071da58a
E1,contrast,5,partial_channel,0.1,1.0,,2,4,1.4000000000000012,2000,0.2511961722488038,0.09477756286266925,418,1034,0.1680677428841591,99fc6ef526bc821b82a48435c0a11457653382b1512fd893fda45260071da58a
E1,contrast,5,partial_channel,0.2,1.0,,2,0,2.9000000000000026,2000,0.3803827751196172,0.1218568665377176,418,1034,0.43141736948490145,99fc6ef526bc821b82a48435c0a11457653382b1512fd893fda45260071da58a
E1,contrast,5,partial_channel,0.2,1.0,,2,1,-1.4000000000000012,2000,0.22966507177033493,0.1402321083172147,418,1034,-0.03554192280769348,99fc6ef526bc821b82a48435c0a11457653382b1512fd893fda45260071da58a
E1,contrast,5,partial_channel,0.2,1.0,,2,2,5.799999999999994,2000,0.48564593301435405,0.109284332688588,418,1034,0.8455678704977035,99fc6ef526bc821b82a48435c0a11457653382b1512fd893fda45260071da58a
E1,contrast,5,partial_channel,0.2,1.0,,2,3,-4.450000000000004,2000,0.2751196172248804,0.2205029013539652,418,1034,-0.5667969796657563,99fc6ef526bc821b82a48435c0a11457653382b1512fd893fda45260071da58a
E1,contrast,5,partial_channel,0.2,1.0,,2,4,3.849999999999998,2000,0.41866028708133973,0.11798839458413926,418,1034,0.6855970130562782,99fc6ef526bc821b82a48435c0a11457653382b1512fd893fda45260071da58a
E1,contrast,5,partial_channel,0.01,1.0,,3,0,-0.20000000000000018,2000,0.05263157894736842,0.03288201160541586,418,1034,-0.0028709463477134705,99fc6ef526bc821b82a48435c0a11457653382b1512fd893fda45260071da58a
E1,contrast,5,partial_channel,0.01,1.0,,3,1,0.24999999999999467,2000,0.0430622009569378,0.01644100580270793,418,1034,0.044067087829113005,99fc6ef526bc821b82a48435c0a11457653382b1512fd893fda45260071da58a
E1,contrast,5,partial_channel,0.01,1.0,,3,2,-0.40000000000000036,2000,0.06698564593301436,0.04642166344294004,418,1034,-0.04791757273674011,99fc6ef526bc821b82a48435c0a11457653382b1512fd893fda45260071da58a
E1,contrast,5,partial_channel,0.01,1.0,,3,3,-0.10000000000000009,2000,0.06937799043062201,0.0367504835589942,418,1034,0.02908611363172531,99fc6ef526bc821b82a48435c0a11457653382b1512fd893fda45260071da58a
E1,contrast,5,partial_channel,0.01,1.0,,3,4,1.200000000000001,2000,0.09569377990430622,0.025145067698259187,418,1034,0.13382618683576583,99fc6ef526bc821b82a48435c0a11457653382b1512fd893fda45260071da58a
E1,contrast,5,partial_channel,0.05,1.0,,3,0,-0.7500000000000062,2000,0.11004784688995216,0.0725338491295938,418,1034,-0.10664346528053284,99fc6ef526bc821b82a48435c0a11457653382b1512fd893fda45260071da58a
E1,contrast,5,partial_channel,0.05,1.0,,3,1,2.3499999999999965,2000,0.23205741626794257,0.061895551257253385,418,1034,0.34673311799764633,99fc6ef526bc821b82a48435c0a11457653382b1512fd893fda45260071da58a
E1,contrast,5,partial_channel,0.05,1.0,,3,2,-0.40000000000000036,2000,0.18660287081339713,0.09864603481624758,418,1034,0.11329049181938171,99fc6ef526bc821b82a48435c0a11457653382b1512fd893fda45260071da58a
E1,contrast,5,partial_channel,0.05,1.0,,3,3,0.9000000000000008,2000,0.18660287081339713,0.07543520309477757,418,1034,0.2295846989750862,99fc6ef526bc821b82a48435c0a11457653382b1512fd893fda45260071da58a
E1,contrast,5,partial_channel,0.05,1.0,,3,4,0.7499999999999951,2000,0.1507177033492823,0.06479690522243714,418,1034,0.11787168461084366,99fc6ef526bc821b82a48435c0a11457653382b1512fd893fda45260071da58a
E1,contrast,5,partial_channel,0.1,1.0,,3,0,-3.400000000000003,2000,0.14114832535885166,0.13829787234042554,418,1034,-0.3532791048288345,99fc6ef526bc821b82a48435c0a11457653382b1512fd893fda45260071da58a
E1,contrast,5,partial_channel,0.1,1.0,,3,1,2.749999999999997,2000,0.3062200956937799,0.08800773694390715,418,1034,0.45194886410236357,99fc6ef526bc821b82a48435c0a11457653382b1512fd893fda45260071da58a
E1,contrast,5,partial_channel,0.1,1.0,,3,2,2.200000000000002,2000,0.2942583732057416,0.09477756286266925,418,1034,0.5283006899952889,99fc6ef526bc821b82a48435c0a11457653382b1512fd893fda45260071da58a
E1,contrast,5,partial_channel,0.1,1.0,,3,3,6.699999999999995,2000,0.4043062200956938,0.0609284332688588,418,1034,1.0426206309199333,99fc6ef526bc821b82a48435c0a11457653382b1512fd893fda45260071da58a
E1,contrast,5,partial_channel,0.1,1.0,,3,4,-0.45000000000000595,2000,0.17464114832535885,0.10251450676982592,418,1034,0.030960962176322937,99fc6ef526bc821b82a48435c0a11457653382b1512fd893fda45260071da58a
E1,contrast,5,partial_channel,0.2,1.0,,3,0,-1.0000000000000009,2000,0.23444976076555024,0.1344294003868472,418,1034,-0.20012709945440293,99fc6ef526bc821b82a48435c0a11457653382b1512fd893fda45260071da58a
E1,contrast,5,partial_channel,0.2,1.0,,3,1,5.199999999999994,2000,0.41626794258373206,0.09187620889748549,418,1034,0.8508572291135788,99fc6ef526bc821b82a48435c0a11457653382b1512fd893fda45260071da58a
E1,contrast,5,partial_channel,0.2,1.0,,3,2,2.200000000000002,2000,0.3038277511961722,0.10541586073500966,418,1034,0.5153931104540825,99fc6ef526bc821b82a48435c0a11457653382b1512fd893fda45260071da58a
E1,contrast,5,partial_channel,0.2,1.0,,3,3,8.399999999999997,2000,0.5095693779904307,0.07156673114119923,418,1034,1.4977334063053132,99fc6ef526bc821b82a48435c0a11457653382b1512fd893fda45260071da58a
E1,contrast,5,partial_channel,0.2,1.0,,3,4,2.2499999999999964,2000,0.29904306220095694,0.10638297872340426,418,1034,0.3991091668009758,99fc6ef526bc821b82a48435c0a11457653382b1512fd893fda45260071da58a
E1,contrast,5,partial_channel,0.01,1.0,,4,0,0.8000000000000007,2000,0.07894736842105263,0.024177949709864602,418,1034,0.17546107852458953,99fc6ef526bc821b82a48435c0a11457653382b1512fd893fda45260071da58a
E1,contrast,5,partial_channel,0.01,1.0,,4,1,0.20000000000000018,2000,0.03827751196172249,0.014506769825918761,418,1034,0.033780507147312164,99fc6ef526bc821b82a48435c0a11457653382b1512fd893fda45260071da58a
E1,contrast,5,partial_channel,0.01,1.0,,4,2,-0.5000000000000004,2000,0.05502392344497608,0.043520309477756286,418,1034,-0.038738836050033566,99fc6ef526bc821b82a48435c0a11457653382b1512fd893fda45260071da58a
E1,contrast,5,partial_channel,0.01,1.0,,4,3,-0.35000000000000586,2000,0.045454545454545456,0.029980657640232108,418,1034,0.03486929559707642,99fc6ef526bc821b82a48435c0a11457653382b1512fd893fda45260071da58a
E1,contrast,5,partial_channel,0.01,1.0,,4,4,1.3000000000000012,2000,0.07655502392344497,0.014506769825918761,418,1034,0.175653324842453,99fc6ef526bc821b82a48435c0a11457653382b1512fd893fda45260071da58a
E1,contrast,5,partial_channel,0.05,1.0,,4,0,1.4499999999999957,2000,0.16028708133971292,0.05029013539651837,418,1034,0.27211926609277726,99fc6ef526bc821b82a48435c0a11457653382b1512fd893fda45260071da58a
E1,contrast,5,partial_channel,0.05,1.0,,4,1,2.6000000000000023,2000,0.23444976076555024,0.059961315280464215,418,1034,0.390187183380127,99fc6ef526bc821b82a48435c0a11457653382b1512fd893fda45260071da58a
E1,contrast,5,partial_channel,0.05,1.0,,4,2,1.5499999999999958,2000,0.17703349282296652,0.05609284332688588,418,1034,0.2733135799765587,99fc6ef526bc821b82a48435c0a11457653382b1512fd893fda45260071da58a
E1,contrast,5,partial_channel,0.05,1.0,,4,3,0.5499999999999949,2000,0.14832535885167464,0.06576402321083172,418,1034,0.17668631798028947,99fc6ef526bc821b82a48435c0a11457653382b1512fd893fda45260071da58a
E1,contrast,5,partial_channel,0.05,1.0,,4,4,0.8499999999999952,2000,0.11961722488038277,0.05029013539651837,418,1034,0.18502754026651383,99fc6ef526bc821b82a48435c0a11457653382b1512fd893fda45260071da58a
E1,contrast,5,partial_channel,0.1,1.0,,4,0,0.7499999999999951,2000,0.17703349282296652,0.0735009671179884,418,1034,0.16264354252815247,99fc6ef526bc821b82a48435c0a11457653382b1512fd893fda45260071da58a
E1,contrast,5,partial_channel,0.1,1.0,,4,1,3.300000000000003,2000,0.29904306220095694,0.07446808510638298,418,1034,0.5620297744870186,99fc6ef526bc821b82a48435c0a11457653382b1512fd893fda45260071da58a
E1,contrast,5,partial_channel,0.1,1.0,,4,2,3.949999999999998,2000,0.2894736842105263,0.0551257253384913,418,1034,0.7389449018836022,99fc6ef526bc821b82a48435c0a11457653382b1512fd893fda45260071da58a
E1,contrast,5,partial_channel,0.1,1.0,,4,3,6.550000000000001,2000,0.4043062200956938,0.06673114119922631,418,1034,1.1150531364679337,99fc6ef526bc821b82a48435c0a11457653382b1512fd893fda45260071da58a
E1,contrast,5,partial_channel,0.1,1.0,,4,4,1.200000000000001,2000,0.17703349282296652,0.07156673114119923,418,1034,0.17033759945631027,99fc6ef526bc821b82a48435c0a11457653382b1512fd893fda45260071da58a
E1,contrast,5,partial_channel,0.2,1.0,,4,0,1.4499999999999957,2000,0.2822966507177033,0.10058027079303675,418,1034,0.3674368858933449,99fc6ef526bc821b82a48435c0a11457653382b1512fd893fda45260071da58a
E1,contrast,5,partial_channel,0.2,1.0,,4,1,5.399999999999993,2000,0.38995215311004783,0.07736943907156674,418,1034,1.0109973737597466,99fc6ef526bc821b82a48435c0a11457653382b1512fd893fda45260071da58a
E1,contrast,5,partial_channel,0.2,1.0,,4,2,3.5499999999999976,2000,0.3062200956937799,0.08317214700193423,418,1034,0.8000058662295342,99fc6ef526bc821b82a48435c0a11457653382b1512fd893fda45260071da58a
E1,contrast,5,partial_channel,0.2,1.0,,4,3,8.899999999999997,2000,0.5167464114832536,0.06286266924564797,418,1034,1.575648103415966,99fc6ef526bc821b82a48435c0a11457653382b1512fd893fda45260071da58a
E1,contrast,5,partial_channel,0.2,1.0,,4,4,5.599999999999994,2000,0.3708133971291866,0.06576402321083172,418,1034,0.9418240560889244,99fc6ef526bc821b82a48435c0a11457653382b1512fd893fda45260071da58a
E1,contrast,5,partial_channel,0.01,1.0,,5,0,0.7499999999999951,2000,0.08373205741626795,0.02321083172147002,418,1034,0.17157577449083328,99fc6ef526bc821b82a48435c0a11457653382b1512fd893fda45260071da58a
E1,contrast,5,partial_channel,0.01,1.0,,5,1,-0.15000000000000568,2000,0.028708133971291867,0.0183752417794971,418,1034,0.023644366443157195,99fc6ef526bc821b82a48435c0a11457653382b1512fd893fda45260071da58a
E1,contrast,5,partial_channel,0.01,1.0,,5,2,-0.6000000000000005,2000,0.05980861244019139,0.043520309477756286,418,1034,-0.03351771938800812,99fc6ef526bc821b82a48435c0a11457653382b1512fd893fda45260071da58a
E1,contrast,5,partial_channel,0.01,1.0,,5,3,-0.45000000000000595,2000,0.050239234449760764,0.03481624758220503,418,1034,0.05099363887310028,99fc6ef526bc821b82a48435c0a11457653382b1512fd893fda45260071da58a
E1,contrast,5,partial_channel,0.01,1.0,,5,4,1.1499999999999955,2000,0.07655502392344497,0.013539651837524178,418,1034,0.17773191177845002,99fc6ef526bc821b82a48435c0a11457653382b1512fd893fda45260071da58a
E1,contrast,5,partial_channel,0.05,1.0,,5,0,2.2499999999999964,2000,0.1674641148325359,0.03868471953578337,418,1034,0.3085167930722237,99fc6ef526bc821b82a48435c0a11457653382b1512fd893fda45260071da58a
E1,contrast,5,partial_channel,0.05,1.0,,5,1,2.7000000000000024,2000,0.215311004784689,0.0551257253384913,418,1034,0.41442495775222776,99fc6ef526bc821b82a48435c0a11457653382b1512fd893fda45260071da58a
E1,contrast,5,partial_channel,0.05,1.0,,5,2,1.649999999999996,2000,0.18421052631578946,0.05705996131528046,418,1034,0.24385225182771683,99fc6ef526bc821b82a48435c0a11457653382b1512fd893fda45260071da58a
E1,contrast,5,partial_channel,0.05,1.0,,5,3,0.6000000000000005,2000,0.16267942583732056,0.07059961315280464,418,1034,0.16685344529151916,99fc6ef526bc821b82a48435c0a11457653382b1512fd893fda45260071da58a
E1,contrast,5,partial_channel,0.05,1.0,,5,4,0.8499999999999952,2000,0.1339712918660287,0.05415860735009671,418,1034,0.18654745262861253,99fc6ef526bc821b82a48435c0a11457653382b1512fd893fda45260071da58a
E1,contrast,5,partial_channel,0.1,1.0,,5,0,0.8000000000000007,2000,0.1722488038277512,0.06963249516441006,418,1034,0.1702989885210991,99fc6ef526bc821b82a48435c0a11457653382b1512fd893fda45260071da58a
E1,contrast,5,partial_channel,0.1,1.0,,5,1,3.9000000000000035,2000,0.3229665071770335,0.07640232108317214,418,1034,0.6181826217770576,99fc6ef526bc821b82a48435c0a11457653382b1512fd893fda45260071da58a
E1,contrast,5,partial_channel,0.1,1.0,,5,2,4.400000000000004,2000,0.284688995215311,0.05125725338491296,418,1034,0.7138333209753036,99fc6ef526bc821b82a48435c0a11457653382b1512fd893fda45260071da58a
E1,contrast,5,partial_channel,0.1,1.0,,5,3,6.65,2000,0.39473684210526316,0.059961315280464215,418,1034,1.0638965438604355,99fc6ef526bc821b82a48435c0a11457653382b1512fd893fda45260071da58a
E1,contrast,5,partial_channel,0.1,1.0,,5,4,0.9000000000000008,2000,0.16507177033492823,0.07059961315280464,418,1034,0.21547695714235307,99fc6ef526bc821b82a48435c0a11457653382b1512fd893fda45260071da58a
E1,contrast,5,partial_channel,0.2,1.0,,5,0,1.7000000000000015,2000,0.2751196172248804,0.097678916827853,418,1034,0.4311058480143547,99fc6ef526bc821b82a48435c0a11457653382b1512fd893fda45260071da58a
E1,contrast,5,partial_channel,0.2,1.0,,5,1,6.199999999999994,2000,0.4043062200956938,0.07059961315280464,418,1034,1.068331380903721,99fc6ef526bc821b82a48435c0a11457653382b1512fd893fda45260071da58a
E1,contrast,5,partial_channel,0.2,1.0,,5,2,3.600000000000003,2000,0.3062200956937799,0.08317214700193423,418,1034,0.7208076303601265,99fc6ef526bc821b82a48435c0a11457653382b1512fd893fda45260071da58a
E1,contrast,5,partial_channel,0.2,1.0,,5,3,8.499999999999996,2000,0.49282296650717705,0.061895551257253385,418,1034,1.4956497505307198,99fc6ef526bc821b82a48435c0a11457653382b1512fd893fda45260071da58a
E1,contrast,5,partial_channel,0.2,1.0,,5,4,6.499999999999995,2000,0.39712918660287083,0.05899419729206963,418,1034,1.0373869433403016,99fc6ef526bc821b82a48435c0a11457653382b1512fd893fda45260071da58a
E1,contrast,5,partial_channel,0.01,1.0,,6,0,0.8000000000000007,2000,0.07177033492822966,0.0183752417794971,418,1034,0.14028681880235672,99fc6ef526bc821b82a48435c0a11457653382b1512fd893fda45260071da58a
E1,contrast,5,partial_channel,0.01,1.0,,6,1,-0.20000000000000018,2000,0.028708133971291867,0.017408123791102514,418,1034,0.03359983617067337,99fc6ef526bc821b82a48435c0a11457653382b1512fd893fda45260071da58a
E1,contrast,5,partial_channel,0.01,1.0,,6,2,0.14999999999999458,2000,0.050239234449760764,0.025145067698259187,418,1034,-0.00888608604669571,99fc6ef526bc821b82a48435c0a11457653382b1512fd893fda45260071da58a
E1,contrast,5,partial_channel,0.01,1.0,,6,3,-0.6000000000000005,2000,0.0430622009569378,0.03481624758220503,418,1034,0.011126957595348359,99fc6ef526bc821b82a48435c0a11457653382b1512fd893fda45260071da58a
E1,contrast,5,partial_channel,0.01,1.0,,6,4,0.8000000000000007,2000,0.05741626794258373,0.013539651837524178,418,1034,0.13781189388036727,99fc6ef526bc821b82a48435c0a11457653382b1512fd893fda45260071da58a
E1,contrast,5,partial_channel,0.05,1.0,,6,0,1.6000000000000014,2000,0.14832535885167464,0.04061895551257253,418,1034,0.294286312520504,99fc6ef526bc821b82a48435c0a11457653382b1512fd893fda45260071da58a
E1,contrast,5,partial_channel,0.05,1.0,,6,1,3.3499999999999974,2000,0.23684210526315788,0.047388781431334626,418,1034,0.5450102273821831,99fc6ef526bc821b82a48435c0a11457653382b1512fd893fda45260071da58a
E1,contrast,5,partial_channel,0.05,1.0,,6,2,1.749999999999996,2000,0.16028708133971292,0.04448742746615087,418,1034,0.25797098326683043,99fc6ef526bc821b82a48435c0a11457653382b1512fd893fda45260071da58a
E1,contrast,5,partial_channel,0.05,1.0,,6,3,0.8000000000000007,2000,0.14832535885167464,0.061895551257253385,418,1034,0.1750452753305435,99fc6ef526bc821b82a48435c0a11457653382b1512fd893fda45260071da58a
E1,contrast,5,partial_channel,0.05,1.0,,6,4,1.1499999999999955,2000,0.1339712918660287,0.045454545454545456,418,1034,0.24828280514478684,99fc6ef526bc821b82a48435c0a11457653382b1512fd893fda45260071da58a
E1,contrast,5,partial_channel,0.1,1.0,,6,0,0.34999999999999476,2000,0.16985645933014354,0.07543520309477757,418,1034,0.20093512791395188,99fc6ef526bc821b82a48435c0a11457653382b1512fd893fda45260071da58a
E1,contrast,5,partial_channel,0.1,1.0,,6,1,3.949999999999998,2000,0.3038277511961722,0.06479690522243714,418,1034,0.6637692469358444,99fc6ef526bc821b82a48435c0a11457653382b1512fd893fda45260071da58a
E1,contrast,5,partial_channel,0.1,1.0,,6,2,2.749999999999997,2000,0.24641148325358853,0.05609284332688588,418,1034,0.5688103091716766,99fc6ef526bc821b82a48435c0a11457653382b1512fd893fda45260071da58a
E1,contrast,5,partial_channel,0.1,1.0,,6,3,7.299999999999995,2000,0.4043062200956938,0.05125725338491296,418,1034,1.1777295585274696,99fc6ef526bc821b82a48435c0a11457653382b1512fd893fda45260071da58a
E1,contrast,5,partial_channel,0.1,1.0,,6,4,3.1000000000000028,2000,0.22009569377990432,0.048355899419729204,418,1034,0.47947749000787737,99fc6ef526bc821b82a48435c0a11457653382b1512fd893fda45260071da58a
E1,contrast,5,partial_channel,0.2,1.0,,6,0,2.100000000000002,2000,0.2631578947368421,0.08123791102514506,418,1034,0.46768785011768343,99fc6ef526bc821b82a48435c0a11457653382b1512fd893fda45260071da58a
E1,contrast,5,partial_channel,0.2,1.0,,6,1,5.949999999999999,2000,0.4138755980861244,0.07543520309477757,418,1034,1.1105678270459176,99fc6ef526bc821b82a48435c0a11457653382b1512fd893fda45260071da58a
E1,contrast,5,partial_channel,0.2,1.0,,6,2,5.099999999999993,2000,0.35167464114832536,0.0725338491295938,418,1034,0.8492994485497475,99fc6ef526bc821b82a48435c0a11457653382b1512fd893fda45260071da58a
E1,contrast,5,partial_channel,0.2,1.0,,6,3,9.650000000000002,2000,0.5263157894736842,0.058027079303675046,418,1034,1.6691576260328294,99fc6ef526bc821b82a48435c0a11457653382b1512fd893fda45260071da58a
E1,contrast,5,partial_channel,0.2,1.0,,6,4,7.399999999999995,2000,0.423444976076555,0.05222437137330754,418,1034,1.1970980293750764,99fc6ef526bc821b82a48435c0a11457653382b1512fd893fda45260071da58a
E1,contrast,5,partial_channel,0.01,1.0,,7,0,1.7000000000000015,2000,0.10526315789473684,0.019342359767891684,418,1034,0.19492180931568145,99fc6ef526bc821b82a48435c0a11457653382b1512fd893fda45260071da58a
E1,contrast,5,partial_channel,0.01,1.0,,7,1,3.2499999999999973,2000,0.18421052631578946,0.024177949709864602,418,1034,0.4355673670172691,99fc6ef526bc821b82a48435c0a11457653382b1512fd893fda45260071da58a
E1,contrast,5,partial_channel,0.01,1.0,,7,2,2.749999999999997,2000,0.14832535885167464,0.01644100580270793,418,1034,0.39312576919794084,99fc6ef526bc821b82a48435c0a11457653382b1512fd893fda45260071da58a
E1,contrast,5,partial_channel,0.01,1.0,,7,3,0.5499999999999949,2000,0.050239234449760764,0.014506769825918761,418,1034,0.08317595583200454,99fc6ef526bc821b82a48435c0a11457653382b1512fd893fda45260071da58a
E1,contrast,5,partial_channel,0.01,1.0,,7,4,3.400000000000003,2000,0.21770334928229665,0.030947775628626693,418,1034,0.5622478286027909,99fc6ef526bc821b82a48435c0a11457653382b1512fd893fda45260071da58a
E1,contrast,5,partial_channel,0.05,1.0,,7,0,1.749999999999996,2000,0.16507177033492823,0.05029013539651837,418,1034,0.43363554126024245,99fc6ef526bc821b82a48435c0a11457653382b1512fd893fda45260071da58a
E1,contrast,5,partial_channel,0.05,1.0,,7,1,3.8000000000000034,2000,0.24401913875598086,0.039651837524177946,418,1034,0.6210739760398865,99fc6ef526bc821b82a48435c0a11457653382b1512fd893fda45260071da58a
E1,contrast,5,partial_channel,0.05,1.0,,7,2,4.100000000000003,2000,0.22966507177033493,0.029013539651837523,418,1034,0.6196757191419602,99fc6ef526bc821b82a48435c0a11457653382b1512fd893fda45260071da58a
E1,contrast,5,partial_channel,0.05,1.0,,7,3,0.04999999999999449,2000,0.08851674641148326,0.0425531914893617,418,1034,0.10123247164487839,99fc6ef526bc821b82a48435c0a11457653382b1512fd893fda45260071da58a
E1,contrast,5,partial_channel,0.05,1.0,,7,4,5.049999999999999,2000,0.291866028708134,0.037717601547388784,418,1034,0.8111408022642136,99fc6ef526bc821b82a48435c0a11457653382b1512fd893fda45260071da58a
E1,contrast,5,partial_channel,0.1,1.0,,7,0,3.7000000000000033,2000,0.2966507177033493,0.06673114119922631,418,1034,0.6385320902466775,99fc6ef526bc821b82a48435c0a11457653382b1512fd893fda45260071da58a
E1,contrast,5,partial_channel,0.1,1.0,,7,1,5.499999999999994,2000,0.32057416267942584,0.048355899419729204,418,1034,0.8902576155066491,99fc6ef526bc821b82a48435c0a11457653382b1512fd893fda45260071da58a
E1,contrast,5,partial_channel,0.1,1.0,,7,2,5.85,2000,0.32057416267942584,0.035783365570599614,418,1034,0.8833475462198257,99fc6ef526bc821b82a48435c0a11457653382b1512fd893fda45260071da58a
E1,contrast,5,partial_channel,0.1,1.0,,7,3,4.949999999999999,2000,0.2799043062200957,0.035783365570599614,418,1034,0.7397046346068382,99fc6ef526bc821b82a48435c0a11457653382b1512fd893fda45260071da58a
E1,contrast,5,partial_channel,0.1,1.0,,7,4,5.949999999999999,2000,0.3397129186602871,0.04448742746615087,418,1034,0.9532074395418167,99fc6ef526bc821b82a48435c0a11457653382b1512fd893fda45260071da58a
E1,contrast,5,partial_channel,0.2,1.0,,7,0,6.599999999999994,2000,0.423444976076555,0.06576402321083172,418,1034,1.0630097056031227,99fc6ef526bc821b82a48435c0a11457653382b1512fd893fda45260071da58a
E1,contrast,5,partial_channel,0.2,1.0,,7,1,7.650000000000001,2000,0.4449760765550239,0.0551257253384913,418,1034,1.4018993983864785,99fc6ef526bc821b82a48435c0a11457653382b1512fd893fda45260071da58a
E1,contrast,5,partial_channel,0.2,1.0,,7,2,4.400000000000004,2000,0.3397129186602871,0.07736943907156674,418,1034,0.6776284770965576,99fc6ef526bc821b82a48435c0a11457653382b1512fd893fda45260071da58a
E1,contrast,5,partial_channel,0.2,1.0,,7,3,8.699999999999996,2000,0.49282296650717705,0.05319148936170213,418,1034,1.659021551668644,99fc6ef526bc821b82a48435c0a11457653382b1512fd893fda45260071da58a
E1,contrast,5,partial_channel,0.2,1.0,,7,4,8.450000000000003,2000,0.45454545454545453,0.047388781431334626,418,1034,1.3983525421619416,99fc6ef526bc821b82a48435c0a11457653382b1512fd893fda45260071da58a
E1,contrast,5,partial_channel,0.01,1.0,,8,0,1.200000000000001,2000,0.06937799043062201,0.010638297872340425,418,1034,0.15486749410629272,99fc6ef526bc821b82a48435c0a11457653382b1512fd893fda45260071da58a
E1,contrast,5,partial_channel,0.01,1.0,,8,1,0.649999999999995,2000,0.06937799043062201,0.020309477756286266,418,1034,0.12128019338846206,99fc6ef526bc821b82a48435c0a11457653382b1512fd893fda45260071da58a
E1,contrast,5,partial_channel,0.01,1.0,,8,2,3.2499999999999973,2000,0.16985645933014354,0.017408123791102514,418,1034,0.41532512271404265,99fc6ef526bc821b82a48435c0a11457653382b1512fd893fda45260071da58a
E1,contrast,5,partial_channel,0.01,1.0,,8,3,-0.050000000000005596,2000,0.03588516746411483,0.020309477756286266,418,1034,0.019707816421985627,99fc6ef526bc821b82a48435c0a11457653382b1512fd893fda45260071da58a
E1,contrast,5,partial_channel,0.01,1.0,,8,4,3.1499999999999972,2000,0.17942583732057416,0.02127659574468085,418,1034,0.4498862901329994,99fc6ef526bc821b82a48435c0a11457653382b1512fd893fda45260071da58a
E1,contrast,5,partial_channel,0.05,1.0,,8,0,1.8000000000000016,2000,0.14832535885167464,0.033849129593810444,418,1034,0.38176443552970885,99fc6ef526bc821b82a48435c0a11457653382b1512fd893fda45260071da58a
E1,contrast,5,partial_channel,0.05,1.0,,8,1,2.2499999999999964,2000,0.14832535885167464,0.030947775628626693,418,1034,0.34159233057498933,99fc6ef526bc821b82a48435c0a11457653382b1512fd893fda45260071da58a
E1,contrast,5,partial_channel,0.05,1.0,,8,2,4.699999999999993,2000,0.2535885167464115,0.02127659574468085,418,1034,0.6602099363803864,99fc6ef526bc821b82a48435c0a11457653382b1512fd893fda45260071da58a
E1,contrast,5,partial_channel,0.05,1.0,,8,3,1.100000000000001,2000,0.11244019138755981,0.033849129593810444,418,1034,0.2052898486852646,99fc6ef526bc821b82a48435c0a11457653382b1512fd893fda45260071da58a
E1,contrast,5,partial_channel,0.05,1.0,,8,4,3.949999999999998,2000,0.22009569377990432,0.025145067698259187,418,1034,0.6686322227716446,99fc6ef526bc821b82a48435c0a11457653382b1512fd893fda45260071da58a
E1,contrast,5,partial_channel,0.1,1.0,,8,0,3.6499999999999977,2000,0.2607655502392344,0.048355899419729204,418,1034,0.6437776353359222,99fc6ef526bc821b82a48435c0a11457653382b1512fd893fda45260071da58a
E1,contrast,5,partial_channel,0.1,1.0,,8,1,4.300000000000004,2000,0.2679425837320574,0.04061895551257253,418,1034,0.6483182705044747,99fc6ef526bc821b82a48435c0a11457653382b1512fd893fda45260071da58a
E1,contrast,5,partial_channel,0.1,1.0,,8,2,6.399999999999995,2000,0.3444976076555024,0.029013539651837523,418,1034,0.947038909137249,99fc6ef526bc821b82a48435c0a11457653382b1512fd893fda45260071da58a
E1,contrast,5,partial_channel,0.1,1.0,,8,3,4.999999999999993,2000,0.27751196172248804,0.03481624758220503,418,1034,0.818159367620945,99fc6ef526bc821b82a48435c0a11457653382b1512fd893fda45260071da58a
E1,contrast,5,partial_channel,0.1,1.0,,8,4,5.549999999999999,2000,0.3253588516746411,0.047388781431334626,418,1034,0.8478844603896141,99fc6ef526bc821b82a48435c0a11457653382b1512fd893fda45260071da58a
E1,contrast,5,partial_channel,0.2,1.0,,8,0,6.75,2000,0.3923444976076555,0.05029013539651837,418,1034,1.177114536821842,99fc6ef526bc821b82a48435c0a11457653382b1512fd893fda45260071da58a
E1,contrast,5,partial_channel,0.2,1.0,,8,1,7.850000000000001,2000,0.41626794258373206,0.03868471953578337,418,1034,1.1960194934606552,99fc6ef526bc821b82a48435c0a11457653382b1512fd893fda45260071da58a
E1,contrast,5,partial_channel,0.2,1.0,,8,2,6.999999999999995,2000,0.3923444976076555,0.04448742746615087,418,1034,1.1269837507009506,99fc6ef526bc821b82a48435c0a11457653382b1512fd893fda45260071da58a
E1,contrast,5,partial_channel,0.2,1.0,,8,3,7.750000000000002,2000,0.4258373205741627,0.045454545454545456,418,1034,1.440648613333702,99fc6ef526bc821b82a48435c0a11457653382b1512fd893fda45260071da58a
E1,contrast,5,partial_channel,0.2,1.0,,8,4,8.450000000000003,2000,0.44258373205741625,0.041586073500967116,418,1034,1.3490494655370713,99fc6ef526bc821b82a48435c0a11457653382b1512fd893fda45260071da58a
E1,contrast,5,partial_channel,0.01,1.0,,9,0,1.1499999999999955,2000,0.06220095693779904,0.009671179883945842,418,1034,0.12515424448251725,99fc6ef526bc821b82a48435c0a11457653382b1512fd893fda45260071da58a
E1,contrast,5,partial_channel,0.01,1.0,,9,1,0.8000000000000007,2000,0.07177033492822966,0.01644100580270793,418,1034,0.11827438354492187,99fc6ef526bc821b82a48435c0a11457653382b1512fd893fda45260071da58a
E1,contrast,5,partial_channel,0.01,1.0,,9,2,3.500000000000003,2000,0.18181818181818182,0.017408123791102514,418,1034,0.4536588782668114,99fc6ef526bc821b82a48435c0a11457653382b1512fd893fda45260071da58a
E1,contrast,5,partial_channel,0.01,1.0,,9,3,0.20000000000000018,2000,0.03588516746411483,0.015473887814313346,418,1034,0.043344916224479675,99fc6ef526bc821b82a48435c0a11457653382b1512fd893fda45260071da58a
E1,contrast,5,partial_channel,0.01,1.0,,9,4,2.849999999999997,2000,0.17703349282296652,0.024177949709864602,418,1034,0.41058756798505786,99fc6ef526bc821b82a48435c0a11457653382b1512fd893fda45260071da58a
E1,contrast,5,partial_channel,0.05,1.0,,9,0,2.3499999999999965,2000,0.1507177033492823,0.02321083172147002,418,1034,0.37320854073762894,99fc6ef526bc821b82a48435c0a11457653382b1512fd893fda45260071da58a
E1,contrast,5,partial_channel,0.05,1.0,,9,1,1.6000000000000014,2000,0.12679425837320574,0.031914893617021274,418,1034,0.3407501555681229,99fc6ef526bc821b82a48435c0a11457653382b1512fd893fda45260071da58a
E1,contrast,5,partial_channel,0.05,1.0,,9,2,4.100000000000003,2000,0.24162679425837322,0.027079303675048357,418,1034,0.6554102339744567,99fc6ef526bc821b82a48435c0a11457653382b1512fd893fda45260071da58a
E1,contrast,5,partial_channel,0.05,1.0,,9,3,1.200000000000001,2000,0.11244019138755981,0.03288201160541586,418,1034,0.2072677274942398,99fc6ef526bc821b82a48435c0a11457653382b1512fd893fda45260071da58a
E1,contrast,5,partial_channel,0.05,1.0,,9,4,4.0000000000000036,2000,0.21052631578947367,0.022243713733075435,418,1034,0.6123847787380219,99fc6ef526bc821b82a48435c0a11457653382b1512fd893fda45260071da58a
E1,contrast,5,partial_channel,0.1,1.0,,9,0,4.249999999999998,2000,0.2607655502392344,0.03481624758220503,418,1034,0.6714465796351433,99fc6ef526bc821b82a48435c0a11457653382b1512fd893fda45260071da58a
E1,contrast,5,partial_channel,0.1,1.0,,9,1,4.149999999999999,2000,0.2607655502392344,0.041586073500967116,418,1034,0.660022857606411,99fc6ef526bc821b82a48435c0a11457653382b1512fd893fda45260071da58a
E1,contrast,5,partial_channel,0.1,1.0,,9,2,6.05,2000,0.3253588516746411,0.031914893617021274,418,1034,0.9412603246569633,99fc6ef526bc821b82a48435c0a11457653382b1512fd893fda45260071da58a
E1,contrast,5,partial_channel,0.1,1.0,,9,3,5.35,2000,0.2942583732057416,0.033849129593810444,418,1034,0.852109387755394,99fc6ef526bc821b82a48435c0a11457653382b1512fd893fda45260071da58a
E1,contrast,5,partial_channel,0.1,1.0,,9,4,5.35,2000,0.30861244019138756,0.041586073500967116,418,1034,0.8106000385880471,99fc6ef526bc821b82a48435c0a11457653382b1512fd893fda45260071da58a
E1,contrast,5,partial_channel,0.2,1.0,,9,0,6.699999999999995,2000,0.3708133971291866,0.04061895551257253,418,1034,1.160925580084324,99fc6ef526bc821b82a48435c0a11457653382b1512fd893fda45260071da58a
E1,contrast,5,partial_channel,0.2,1.0,,9,1,7.899999999999996,2000,0.4090909090909091,0.039651837524177946,418,1034,1.1813119369149208,99fc6ef526bc821b82a48435c0a11457653382b1512fd893fda45260071da58a
E1,contrast,5,partial_channel,0.2,1.0,,9,2,8.599999999999996,2000,0.4354066985645933,0.033849129593810444,418,1034,1.3097104581594468,99fc6ef526bc821b82a48435c0a11457653382b1512fd893fda45260071da58a
E1,contrast,5,partial_channel,0.2,1.0,,9,3,8.299999999999997,2000,0.44019138755980863,0.041586073500967116,418,1034,1.455253119289875,99fc6ef526bc821b82a48435c0a11457653382b1512fd893fda45260071da58a
E1,contrast,5,partial_channel,0.2,1.0,,9,4,8.550000000000002,2000,0.43301435406698563,0.037717601547388784,418,1034,1.3264278582930564,99fc6ef526bc821b82a48435c0a11457653382b1512fd893fda45260071da58a
E1,contrast,5,partial_channel,0.01,1.0,,10,0,0.9499999999999953,2000,0.05263157894736842,0.008704061895551257,418,1034,0.09840174061059952,99fc6ef526bc821b82a48435c0a11457653382b1512fd893fda45260071da58a
E1,contrast,5,partial_channel,0.01,1.0,,10,1,0.7499999999999951,2000,0.06698564593301436,0.015473887814313346,418,1034,0.11324467647075653,99fc6ef526bc821b82a48435c0a11457653382b1512fd893fda45260071da58a
E1,contrast,5,partial_channel,0.01,1.0,,10,2,3.1000000000000028,2000,0.16985645933014354,0.019342359767891684,418,1034,0.4662991707921028,99fc6ef526bc821b82a48435c0a11457653382b1512fd893fda45260071da58a
E1,contrast,5,partial_channel,0.01,1.0,,10,3,0.04999999999999449,2000,0.03349282296650718,0.015473887814313346,418,1034,0.05240164524316788,99fc6ef526bc821b82a48435c0a11457653382b1512fd893fda45260071da58a
E1,contrast,5,partial_channel,0.01,1.0,,10,4,2.7000000000000024,2000,0.16267942583732056,0.02127659574468085,418,1034,0.3769979825615883,99fc6ef526bc821b82a48435c0a11457653382b1512fd893fda45260071da58a
E1,contrast,5,partial_channel,0.05,1.0,,10,0,2.3499999999999965,2000,0.14832535885167464,0.020309477756286266,418,1034,0.3657306981086731,99fc6ef526bc821b82a48435c0a11457653382b1512fd893fda45260071da58a
E1,contrast,5,partial_channel,0.05,1.0,,10,1,1.4499999999999957,2000,0.12679425837320574,0.031914893617021274,418,1034,0.31015833860635755,99fc6ef526bc821b82a48435c0a11457653382b1512fd893fda45260071da58a
E1,contrast,5,partial_channel,0.05,1.0,,10,2,4.200000000000004,2000,0.2511961722488038,0.030947775628626693,418,1034,0.6607364546656609,99fc6ef526bc821b82a48435c0a11457653382b1512fd893fda45260071da58a
E1,contrast,5,partial_channel,0.05,1.0,,10,3,1.4000000000000012,2000,0.11722488038277512,0.030947775628626693,418,1034,0.2265198263525963,99fc6ef526bc821b82a48435c0a11457653382b1512fd893fda45260071da58a
E1,contrast,5,partial_channel,0.05,1.0,,10,4,4.049999999999998,2000,0.215311004784689,0.024177949709864602,418,1034,0.5670672391653061,99fc6ef526bc821b82a48435c0a11457653382b1512fd893fda45260071da58a
E1,contrast,5,partial_channel,0.1,1.0,,10,0,4.149999999999999,2000,0.23684210526315788,0.029980657640232108,418,1034,0.6231727437973023,99fc6ef526bc821b82a48435c0a11457653382b1512fd893fda45260071da58a
E1,contrast,5,partial_channel,0.1,1.0,,10,1,4.200000000000004,2000,0.24401913875598086,0.03481624758220503,418,1034,0.6157588719725609,99fc6ef526bc821b82a48435c0a11457653382b1512fd893fda45260071da58a
E1,contrast,5,partial_channel,0.1,1.0,,10,2,5.949999999999999,2000,0.3157894736842105,0.02804642166344294,418,1034,0.9516481072902679,99fc6ef526bc821b82a48435c0a11457653382b1512fd893fda45260071da58a
E1,contrast,5,partial_channel,0.1,1.0,,10,3,5.85,2000,0.3014354066985646,0.02804642166344294,418,1034,0.8705221669673919,99fc6ef526bc821b82a48435c0a11457653382b1512fd893fda45260071da58a
E1,contrast,5,partial_channel,0.1,1.0,,10,4,4.999999999999993,2000,0.291866028708134,0.03481624758220503,418,1034,0.7615250226855278,99fc6ef526bc821b82a48435c0a11457653382b1512fd893fda45260071da58a
E1,contrast,5,partial_channel,0.2,1.0,,10,0,6.499999999999995,2000,0.3708133971291866,0.045454545454545456,418,1034,1.1265610963702202,99fc6ef526bc821b82a48435c0a11457653382b1512fd893fda45260071da58a
E1,contrast,5,partial_channel,0.2,1.0,,10,1,7.599999999999996,2000,0.38995215311004783,0.039651837524177946,418,1034,1.1299078993201255,99fc6ef526bc821b82a48435c0a11457653382b1512fd893fda45260071da58a
E1,contrast,5,partial_channel,0.2,1.0,,10,2,8.599999999999996,2000,0.44258373205741625,0.033849129593810444,418,1034,1.3261926699876785,99fc6ef526bc821b82a48435c0a11457653382b1512fd893fda45260071da58a
E1,contrast,5,partial_channel,0.2,1.0,,10,3,8.250000000000002,2000,0.4473684210526316,0.0425531914893617,418,1034,1.475490441441536,99fc6ef526bc821b82a48435c0a11457653382b1512fd893fda45260071da58a
E1,contrast,5,partial_channel,0.2,1.0,,10,4,8.099999999999996,2000,0.4138755980861244,0.037717601547388784,418,1034,1.2460590561032294,99fc6ef526bc821b82a48435c0a11457653382b1512fd893fda45260071da58a
E1,contrast,5,partial_channel,0.01,1.0,,11,0,0.9000000000000008,2000,0.04784688995215311,0.006769825918762089,418,1034,0.08649996823072434,99fc6ef526bc821b82a48435c0a11457653382b1512fd893fda45260071da58a
E1,contrast,5,partial_channel,0.01,1.0,,11,1,0.40000000000000036,2000,0.05502392344497608,0.017408123791102514,418,1034,0.11642055988311767,99fc6ef526bc821b82a48435c0a11457653382b1512fd893fda45260071da58a
E1,contrast,5,partial_channel,0.01,1.0,,11,2,3.1499999999999972,2000,0.16267942583732056,0.015473887814313346,418,1034,0.4221127598285675,99fc6ef526bc821b82a48435c0a11457653382b1512fd893fda45260071da58a
E1,contrast,5,partial_channel,0.01,1.0,,11,3,0.04999999999999449,2000,0.03110047846889952,0.01644100580270793,418,1034,0.052860526621341705,99fc6ef526bc821b82a48435c0a11457653382b1512fd893fda45260071da58a
E1,contrast,5,partial_channel,0.01,1.0,,11,4,2.3499999999999965,2000,0.15311004784688995,0.024177949709864602,418,1034,0.3486293265223503,99fc6ef526bc821b82a48435c0a11457653382b1512fd893fda45260071da58a
E1,contrast,5,partial_channel,0.05,1.0,,11,0,2.500000000000002,2000,0.1507177033492823,0.019342359767891684,418,1034,0.35738495004177095,99fc6ef526bc821b82a48435c0a11457653382b1512fd893fda45260071da58a
E1,contrast,5,partial_channel,0.05,1.0,,11,1,1.2499999999999956,2000,0.11722488038277512,0.029013539651837523,418,1034,0.3041643408536911,99fc6ef526bc821b82a48435c0a11457653382b1512fd893fda45260071da58a
E1,contrast,5,partial_channel,0.05,1.0,,11,2,3.9000000000000035,2000,0.23444976076555024,0.02804642166344294,418,1034,0.6192072995901108,99fc6ef526bc821b82a48435c0a11457653382b1512fd893fda45260071da58a
E1,contrast,5,partial_channel,0.05,1.0,,11,3,1.5499999999999958,2000,0.1076555023923445,0.02321083172147002,418,1034,0.22342165350914,99fc6ef526bc821b82a48435c0a11457653382b1512fd893fda45260071da58a
E1,contrast,5,partial_channel,0.05,1.0,,11,4,3.7000000000000033,2000,0.19856459330143542,0.02127659574468085,418,1034,0.5557055243253708,99fc6ef526bc821b82a48435c0a11457653382b1512fd893fda45260071da58a
E1,contrast,5,partial_channel,0.1,1.0,,11,0,3.749999999999998,2000,0.23444976076555024,0.031914893617021274,418,1034,0.6272224788665771,99fc6ef526bc821b82a48435c0a11457653382b1512fd893fda45260071da58a
E1,contrast,5,partial_channel,0.1,1.0,,11,1,3.5499999999999976,2000,0.21052631578947367,0.03288201160541586,418,1034,0.5858721076846123,99fc6ef526bc821b82a48435c0a11457653382b1512fd893fda45260071da58a
E1,contrast,5,partial_channel,0.1,1.0,,11,2,5.599999999999994,2000,0.3014354066985646,0.029013539651837523,418,1034,0.9025209519267082,99fc6ef526bc821b82a48435c0a11457653382b1512fd893fda45260071da58a
E1,contrast,5,partial_channel,0.1,1.0,,11,3,5.549999999999999,2000,0.2942583732057416,0.029013539651837523,418,1034,0.8269556029438972,99fc6ef526bc821b82a48435c0a11457653382b1512fd893fda45260071da58a
E1,contrast,5,partial_channel,0.1,1.0,,11,4,5.099999999999993,2000,0.29904306220095694,0.035783365570599614,418,1034,0.7666489399075508,99fc6ef526bc821b82a48435c0a11457653382b1512fd893fda45260071da58a
E1,contrast,5,partial_channel,0.2,1.0,,11,0,6.25,2000,0.3588516746411483,0.0425531914893617,418,1034,1.127730342388153,99fc6ef526bc821b82a48435c0a11457653382b1512fd893fda45260071da58a
E1,contrast,5,partial_channel,0.2,1.0,,11,1,7.350000000000001,2000,0.3660287081339713,0.03288201160541586,418,1034,1.0692365933060646,99fc6ef526bc821b82a48435c0a11457653382b1512fd893fda45260071da58a
E1,contrast,5,partial_channel,0.2,1.0,,11,2,8.450000000000003,2000,0.4258373205741627,0.031914893617021274,418,1034,1.325330290555954,99fc6ef526bc821b82a48435c0a11457653382b1512fd893fda45260071da58a
E1,contrast,5,partial_channel,0.2,1.0,,11,3,8.499999999999996,2000,0.43301435406698563,0.033849129593810444,418,1034,1.4584091982245446,99fc6ef526bc821b82a48435c0a11457653382b1512fd893fda45260071da58a
E1,contrast,5,partial_channel,0.2,1.0,,11,4,8.099999999999996,2000,0.430622009569378,0.039651837524177946,418,1034,1.2467325556874276,99fc6ef526bc821b82a48435c0a11457653382b1512fd893fda45260071da58a
E1,contrast,5,partial_channel,0.01,1.0,,12,0,0.7000000000000006,2000,0.04066985645933014,0.007736943907156673,418,1034,0.0681102328300476,99fc6ef526bc821b82a48435c0a11457653382b1512fd893fda45260071da58a
E1,contrast,5,partial_channel,0.01,1.0,,12,1,0.10000000000000009,2000,0.04066985645933014,0.0183752417794971,418,1034,0.10530815052986145,99fc6ef526bc821b82a48435c0a11457653382b1512fd893fda45260071da58a
E1,contrast,5,partial_channel,0.01,1.0,,12,2,2.300000000000002,2000,0.14114832535885166,0.020309477756286266,418,1034,0.3399372354745865,99fc6ef526bc821b82a48435c0a11457653382b1512fd893fda45260071da58a
E1,contrast,5,partial_channel,0.01,1.0,,12,3,0.14999999999999458,2000,0.03349282296650718,0.013539651837524178,418,1034,0.0524870600104332,99fc6ef526bc821b82a48435c0a11457653382b1512fd893fda45260071da58a
E1,contrast,5,partial_channel,0.01,1.0,,12,4,1.749999999999996,2000,0.11004784688995216,0.01644100580270793,418,1034,0.2807517431974411,99fc6ef526bc821b82a48435c0a11457653382b1512fd893fda45260071da58a
E1,contrast,5,partial_channel,0.05,1.0,,12,0,2.0499999999999963,2000,0.12200956937799043,0.0183752417794971,418,1034,0.3124669401049614,99fc6ef526bc821b82a48435c0a11457653382b1512fd893fda45260071da58a
E1,contrast,5,partial_channel,0.05,1.0,,12,1,0.5499999999999949,2000,0.09808612440191387,0.035783365570599614,418,1034,0.28154079711437224,99fc6ef526bc821b82a48435c0a11457653382b1512fd893fda45260071da58a
E1,contrast,5,partial_channel,0.05,1.0,,12,2,3.4499999999999975,2000,0.20813397129186603,0.02611218568665377,418,1034,0.5615029141902924,99fc6ef526bc821b82a48435c0a11457653382b1512fd893fda45260071da58a
E1,contrast,5,partial_channel,0.05,1.0,,12,3,1.749999999999996,2000,0.1076555023923445,0.015473887814313346,418,1034,0.23188065922260284,99fc6ef526bc821b82a48435c0a11457653382b1512fd893fda45260071da58a
E1,contrast,5,partial_channel,0.05,1.0,,12,4,2.949999999999997,2000,0.17464114832535885,0.025145067698259187,418,1034,0.48416775780916216,99fc6ef526bc821b82a48435c0a11457653382b1512fd893fda45260071da58a
E1,contrast,5,partial_channel,0.1,1.0,,12,0,3.7000000000000033,2000,0.22248803827751196,0.02804642166344294,418,1034,0.5917615197896957,99fc6ef526bc821b82a48435c0a11457653382b1512fd893fda45260071da58a
E1,contrast,5,partial_channel,0.1,1.0,,12,1,3.049999999999997,2000,0.20813397129186603,0.043520309477756286,418,1034,0.5582956917881966,99fc6ef526bc821b82a48435c0a11457653382b1512fd893fda45260071da58a
E1,contrast,5,partial_channel,0.1,1.0,,12,2,4.799999999999994,2000,0.2799043062200957,0.031914893617021274,418,1034,0.8079278819561004,99fc6ef526bc821b82a48435c0a11457653382b1512fd893fda45260071da58a
E1,contrast,5,partial_channel,0.1,1.0,,12,3,5.35,2000,0.2751196172248804,0.022243713733075435,418,1034,0.7659792442917823,99fc6ef526bc821b82a48435c0a11457653382b1512fd893fda45260071da58a
E1,contrast,5,partial_channel,0.1,1.0,,12,4,4.249999999999998,2000,0.2535885167464115,0.0367504835589942,418,1034,0.7082497135400773,99fc6ef526bc821b82a48435c0a11457653382b1512fd893fda45260071da58a
E1,contrast,5,partial_channel,0.2,1.0,,12,0,6.550000000000001,2000,0.35645933014354064,0.035783365570599614,418,1034,1.124672333598137,99fc6ef526bc821b82a48435c0a11457653382b1512fd893fda45260071da58a
E1,contrast,5,partial_channel,0.2,1.0,,12,1,6.899999999999995,2000,0.3708133971291866,0.037717601547388784,418,1034,1.063703108906746,99fc6ef526bc821b82a48435c0a11457653382b1512fd893fda45260071da58a
E1,contrast,5,partial_channel,0.2,1.0,,12,2,7.850000000000001,2000,0.39952153110047844,0.029013539651837523,418,1034,1.2479260129928589,99fc6ef526bc821b82a48435c0a11457653382b1512fd893fda45260071da58a
E1,contrast,5,partial_channel,0.2,1.0,,12,3,8.099999999999996,2000,0.40669856459330145,0.03288201160541586,418,1034,1.4054074960947036,99fc6ef526bc821b82a48435c0a11457653382b1512fd893fda45260071da58a
E1,contrast,5,partial_channel,0.2,1.0,,12,4,7.699999999999996,2000,0.39952153110047844,0.033849129593810444,418,1034,1.1980680536031723,99fc6ef526bc821b82a48435c0a11457653382b1512fd893fda45260071da58a
E1,contrast,5,partial_channel,0.01,1.0,,13,0,0.30000000000000027,2000,0.023923444976076555,0.006769825918762089,418,1034,0.048576384425163266,99fc6ef526bc821b82a48435c0a11457653382b1512fd893fda45260071da58a
E1,contrast,5,partial_channel,0.01,1.0,,13,1,0.40000000000000036,2000,0.03588516746411483,0.007736943907156673,418,1034,0.07593372738361359,99fc6ef526bc821b82a48435c0a11457653382b1512fd893fda45260071da58a
E1,contrast,5,partial_channel,0.01,1.0,,13,2,-0.050000000000005596,2000,0.0215311004784689,0.010638297872340425,418,1034,0.05948592245578766,99fc6ef526bc821b82a48435c0a11457653382b1512fd893fda45260071da58a
E1,contrast,5,partial_channel,0.01,1.0,,13,3,0.10000000000000009,2000,0.02631578947368421,0.013539651837524178,418,1034,0.06341583573818207,99fc6ef526bc821b82a48435c0a11457653382b1512fd893fda45260071da58a
E1,contrast,5,partial_channel,0.01,1.0,,13,4,0.30000000000000027,2000,0.03110047846889952,0.008704061895551257,418,1034,0.05372886770963669,99fc6ef526bc821b82a48435c0a11457653382b1512fd893fda45260071da58a
E1,contrast,5,partial_channel,0.05,1.0,,13,0,1.5000000000000013,2000,0.10526315789473684,0.025145067698259187,418,1034,0.2608264926671982,99fc6ef526bc821b82a48435c0a11457653382b1512fd893fda45260071da58a
E1,contrast,5,partial_channel,0.05,1.0,,13,1,2.100000000000002,2000,0.12200956937799043,0.019342359767891684,418,1034,0.3176829150915146,99fc6ef526bc821b82a48435c0a11457653382b1512fd893fda45260071da58a
E1,contrast,5,partial_channel,0.05,1.0,,13,2,1.6000000000000014,2000,0.11004784688995216,0.0183752417794971,418,1034,0.3008979402780533,99fc6ef526bc821b82a48435c0a11457653382b1512fd893fda45260071da58a
E1,contrast,5,partial_channel,0.05,1.0,,13,3,1.7000000000000015,2000,0.11004784688995216,0.02321083172147002,418,1034,0.2932260580062866,99fc6ef526bc821b82a48435c0a11457653382b1512fd893fda45260071da58a
E1,contrast,5,partial_channel,0.05,1.0,,13,4,2.0000000000000018,2000,0.11722488038277512,0.019342359767891684,418,1034,0.2583889306783676,99fc6ef526bc821b82a48435c0a11457653382b1512fd893fda45260071da58a
E1,contrast,5,partial_channel,0.1,1.0,,13,0,3.6499999999999977,2000,0.20574162679425836,0.033849129593810444,418,1034,0.48550764775276184,99fc6ef526bc821b82a48435c0a11457653382b1512fd893fda45260071da58a
E1,contrast,5,partial_channel,0.1,1.0,,13,1,3.500000000000003,2000,0.21770334928229665,0.03288201160541586,418,1034,0.5185770030021668,99fc6ef526bc821b82a48435c0a11457653382b1512fd893fda45260071da58a
E1,contrast,5,partial_channel,0.1,1.0,,13,2,3.200000000000003,2000,0.20574162679425836,0.029980657640232108,418,1034,0.6092345106005669,99fc6ef526bc821b82a48435c0a11457653382b1512fd893fda45260071da58a
E1,contrast,5,partial_channel,0.1,1.0,,13,3,3.300000000000003,2000,0.19617224880382775,0.02804642166344294,418,1034,0.5039963430762291,99fc6ef526bc821b82a48435c0a11457653382b1512fd893fda45260071da58a
E1,contrast,5,partial_channel,0.1,1.0,,13,4,3.7000000000000033,2000,0.21770334928229665,0.029980657640232108,418,1034,0.5464441365003586,99fc6ef526bc821b82a48435c0a11457653382b1512fd893fda45260071da58a
E1,contrast,5,partial_channel,0.2,1.0,,13,0,6.099999999999994,2000,0.35645933014354064,0.04642166344294004,418,1034,1.0383051941990853,99fc6ef526bc821b82a48435c0a11457653382b1512fd893fda45260071da58a
E1,contrast,5,partial_channel,0.2,1.0,,13,1,5.499999999999994,2000,0.3277511961722488,0.047388781431334626,418,1034,0.9676248605251312,99fc6ef526bc821b82a48435c0a11457653382b1512fd893fda45260071da58a
E1,contrast,5,partial_channel,0.2,1.0,,13,2,5.75,2000,0.3349282296650718,0.043520309477756286,418,1034,1.0712541031241416,99fc6ef526bc821b82a48435c0a11457653382b1512fd893fda45260071da58a
E1,contrast,5,partial_channel,0.2,1.0,,13,3,6.099999999999994,2000,0.33014354066985646,0.039651837524177946,418,1034,1.0175812656283378,99fc6ef526bc821b82a48435c0a11457653382b1512fd893fda45260071da58a
E1,contrast,5,partial_channel,0.2,1.0,,13,4,6.599999999999994,2000,0.3684210526315789,0.039651837524177946,418,1034,1.0702990149259568,99fc6ef526bc821b82a48435c0a11457653382b1512fd893fda45260071da58a
E1,contrast,5,partial_channel,0.01,1.0,,14,0,0.20000000000000018,2000,0.019138755980861243,0.007736943907156673,418,1034,0.03727136117219925,99fc6ef526bc821b82a48435c0a11457653382b1512fd893fda45260071da58a
E1,contrast,5,partial_channel,0.01,1.0,,14,1,0.14999999999999458,2000,0.023923444976076555,0.009671179883945842,418,1034,0.08854400849342346,99fc6ef526bc821b82a48435c0a11457653382b1512fd893fda45260071da58a
E1,contrast,5,partial_channel,0.01,1.0,,14,2,0.10000000000000009,2000,0.01674641148325359,0.006769825918762089,418,1034,0.054854263484478,99fc6ef526bc821b82a48435c0a11457653382b1512fd893fda45260071da58a
E1,contrast,5,partial_channel,0.01,1.0,,14,3,0.20000000000000018,2000,0.0215311004784689,0.010638297872340425,418,1034,0.06419991022348404,99fc6ef526bc821b82a48435c0a11457653382b1512fd893fda45260071da58a
E1,contrast,5,partial_channel,0.01,1.0,,14,4,0.44999999999999485,2000,0.028708133971291867,0.005802707930367505,418,1034,0.062286149621009826,99fc6ef526bc821b82a48435c0a11457653382b1512fd893fda45260071da58a
E1,contrast,5,partial_channel,0.05,1.0,,14,0,1.4499999999999957,2000,0.11004784688995216,0.02611218568665377,418,1034,0.27428467202186585,99fc6ef526bc821b82a48435c0a11457653382b1512fd893fda45260071da58a
E1,contrast,5,partial_channel,0.05,1.0,,14,1,2.1499999999999964,2000,0.11244019138755981,0.014506769825918761,418,1034,0.31051124912500383,99fc6ef526bc821b82a48435c0a11457653382b1512fd893fda45260071da58a
E1,contrast,5,partial_channel,0.05,1.0,,14,2,1.1499999999999955,2000,0.09330143540669857,0.02127659574468085,418,1034,0.25859658163785937,99fc6ef526bc821b82a48435c0a11457653382b1512fd893fda45260071da58a
E1,contrast,5,partial_channel,0.05,1.0,,14,3,1.3000000000000012,2000,0.09569377990430622,0.020309477756286266,418,1034,0.2900853903889656,99fc6ef526bc821b82a48435c0a11457653382b1512fd893fda45260071da58a
E1,contrast,5,partial_channel,0.05,1.0,,14,4,2.200000000000002,2000,0.1291866028708134,0.0183752417794971,418,1034,0.2864610902070999,99fc6ef526bc821b82a48435c0a11457653382b1512fd893fda45260071da58a
E1,contrast,5,partial_channel,0.1,1.0,,14,0,3.2499999999999973,2000,0.20095693779904306,0.031914893617021274,418,1034,0.521035409450531,99fc6ef526bc821b82a48435c0a11457653382b1512fd893fda45260071da58a
E1,contrast,5,partial_channel,0.1,1.0,,14,1,3.5499999999999976,2000,0.18421052631578946,0.02321083172147002,418,1034,0.5392265763878822,99fc6ef526bc821b82a48435c0a11457653382b1512fd893fda45260071da58a
E1,contrast,5,partial_channel,0.1,1.0,,14,2,3.0000000000000027,2000,0.1722488038277512,0.019342359767891684,418,1034,0.49533493995666505,99fc6ef526bc821b82a48435c0a11457653382b1512fd893fda45260071da58a
E1,contrast,5,partial_channel,0.1,1.0,,14,3,3.400000000000003,2000,0.1937799043062201,0.02321083172147002,418,1034,0.5069778909683228,99fc6ef526bc821b82a48435c0a11457653382b1512fd893fda45260071da58a
E1,contrast,5,partial_channel,0.1,1.0,,14,4,3.500000000000003,2000,0.19856459330143542,0.024177949709864602,418,1034,0.5299750924110412,99fc6ef526bc821b82a48435c0a11457653382b1512fd893fda45260071da58a
E1,contrast,5,partial_channel,0.2,1.0,,14,0,6.25,2000,0.3444976076555024,0.03868471953578337,418,1034,1.0692911975383759,99fc6ef526bc821b82a48435c0a11457653382b1512fd893fda45260071da58a
E1,contrast,5,partial_channel,0.2,1.0,,14,1,6.2999999999999945,2000,0.33253588516746413,0.03481624758220503,418,1034,1.0324779870510101,99fc6ef526bc821b82a48435c0a11457653382b1512fd893fda45260071da58a
E1,contrast,5,partial_channel,0.2,1.0,,14,2,5.249999999999999,2000,0.3253588516746411,0.04061895551257253,418,1034,0.9296871061325074,99fc6ef526bc821b82a48435c0a11457653382b1512fd893fda45260071da58a
E1,contrast,5,partial_channel,0.2,1.0,,14,3,5.999999999999995,2000,0.34210526315789475,0.035783365570599614,418,1034,1.0004668692946435,99fc6ef526bc821b82a48435c0a11457653382b1512fd893fda45260071da58a
E1,contrast,5,partial_channel,0.2,1.0,,14,4,7.050000000000001,2000,0.35645933014354064,0.029013539651837523,418,1034,1.073836668074131,99fc6ef526bc821b82a48435c0a11457653382b1512fd893fda45260071da58a
E1,contrast,5,partial_channel,0.01,1.0,,15,0,0.24999999999999467,2000,0.014354066985645933,0.0038684719535783366,418,1034,0.04888754892349243,99fc6ef526bc821b82a48435c0a11457653382b1512fd893fda45260071da58a
E1,contrast,5,partial_channel,0.01,1.0,,15,1,0.34999999999999476,2000,0.019138755980861243,0.0029013539651837525,418,1034,0.06982819300889968,99fc6ef526bc821b82a48435c0a11457653382b1512fd893fda45260071da58a
E1,contrast,5,partial_channel,0.01,1.0,,15,2,0.20000000000000018,2000,0.019138755980861243,0.004835589941972921,418,1034,0.05682413446903229,99fc6ef526bc821b82a48435c0a11457653382b1512fd893fda45260071da58a
E1,contrast,5,partial_channel,0.01,1.0,,15,3,0.5499999999999949,2000,0.028708133971291867,0.004835589941972921,418,1034,0.05321107441186905,99fc6ef526bc821b82a48435c0a11457653382b1512fd893fda45260071da58a
E1,contrast,5,partial_channel,0.01,1.0,,15,4,0.20000000000000018,2000,0.014354066985645933,0.0029013539651837525,418,1034,0.04560630798339844,99fc6ef526bc821b82a48435c0a11457653382b1512fd893fda45260071da58a
E1,contrast,5,partial_channel,0.05,1.0,,15,0,1.5499999999999958,2000,0.09330143540669857,0.013539651837524178,418,1034,0.2530079826116562,99fc6ef526bc821b82a48435c0a11457653382b1512fd893fda45260071da58a
E1,contrast,5,partial_channel,0.05,1.0,,15,1,1.7000000000000015,2000,0.09808612440191387,0.012572533849129593,418,1034,0.2722085945606232,99fc6ef526bc821b82a48435c0a11457653382b1512fd893fda45260071da58a
E1,contrast,5,partial_channel,0.05,1.0,,15,2,1.5000000000000013,2000,0.09090909090909091,0.013539651837524178,418,1034,0.2378509365916252,99fc6ef526bc821b82a48435c0a11457653382b1512fd893fda45260071da58a
E1,contrast,5,partial_channel,0.05,1.0,,15,3,1.5000000000000013,2000,0.09330143540669857,0.013539651837524178,418,1034,0.2539495146870613,99fc6ef526bc821b82a48435c0a11457653382b1512fd893fda45260071da58a
E1,contrast,5,partial_channel,0.05,1.0,,15,4,1.3499999999999956,2000,0.08133971291866028,0.009671179883945842,418,1034,0.2669008005857468,99fc6ef526bc821b82a48435c0a11457653382b1512fd893fda45260071da58a
E1,contrast,5,partial_channel,0.1,1.0,,15,0,3.6499999999999977,2000,0.19617224880382775,0.017408123791102514,418,1034,0.5178444925546646,99fc6ef526bc821b82a48435c0a11457653382b1512fd893fda45260071da58a
E1,contrast,5,partial_channel,0.1,1.0,,15,1,4.0000000000000036,2000,0.19617224880382775,0.014506769825918761,418,1034,0.5228257853388786,99fc6ef526bc821b82a48435c0a11457653382b1512fd893fda45260071da58a
E1,contrast,5,partial_channel,0.1,1.0,,15,2,3.5499999999999976,2000,0.17942583732057416,0.009671179883945842,418,1034,0.4657342141866684,99fc6ef526bc821b82a48435c0a11457653382b1512fd893fda45260071da58a
E1,contrast,5,partial_channel,0.1,1.0,,15,3,3.3499999999999974,2000,0.17703349282296652,0.01160541586073501,418,1034,0.543707026541233,99fc6ef526bc821b82a48435c0a11457653382b1512fd893fda45260071da58a
E1,contrast,5,partial_channel,0.1,1.0,,15,4,3.8000000000000034,2000,0.18660287081339713,0.010638297872340425,418,1034,0.510363145828247,99fc6ef526bc821b82a48435c0a11457653382b1512fd893fda45260071da58a
E1,contrast,5,partial_channel,0.2,1.0,,15,0,7.15,2000,0.3684210526315789,0.022243713733075435,418,1034,1.0287892100811005,99fc6ef526bc821b82a48435c0a11457653382b1512fd893fda45260071da58a
E1,contrast,5,partial_channel,0.2,1.0,,15,1,6.45,2000,0.33253588516746413,0.02127659574468085,418,1034,0.9866381906867028,99fc6ef526bc821b82a48435c0a11457653382b1512fd893fda45260071da58a
E1,contrast,5,partial_channel,0.2,1.0,,15,2,6.550000000000001,2000,0.33014354066985646,0.0183752417794971,418,1034,0.9368845048546791,99fc6ef526bc821b82a48435c0a11457653382b1512fd893fda45260071da58a
E1,contrast,5,partial_channel,0.2,1.0,,15,3,7.250000000000001,2000,0.3684210526315789,0.020309477756286266,418,1034,0.9927298227548599,99fc6ef526bc821b82a48435c0a11457653382b1512fd893fda45260071da58a
E1,contrast,5,partial_channel,0.2,1.0,,15,4,7.650000000000001,2000,0.3684210526315789,0.013539651837524178,418,1034,1.0394231280088424,99fc6ef526bc821b82a48435c0a11457653382b1512fd893fda45260071da58a
E1,contrast,5,none,0.01,1.0,,0,0,0.0,2000,0.0,0.0,418,1034,0.0,99fc6ef526bc821b82a48435c0a11457653382b1512fd893fda45260071da58a
E1,contrast,5,none,0.01,1.0,,1,0,0.0,2000,0.0,0.0,418,1034,0.0,99fc6ef526bc821b82a48435c0a11457653382b1512fd893fda45260071da58a
E1,contrast,5,none,0.01,1.0,,2,0,0.0,2000,0.0,0.0,418,1034,0.0,99fc6ef526bc821b82a48435c0a11457653382b1512fd893fda45260071da58a
E1,contrast,5,none,0.01,1.0,,3,0,0.0,2000,0.0,0.0,418,1034,0.0,99fc6ef526bc821b82a48435c0a11457653382b1512fd893fda45260071da58a
E1,contrast,5,none,0.01,1.0,,4,0,0.0,2000,0.0,0.0,418,1034,0.0,99fc6ef526bc821b82a48435c0a11457653382b1512fd893fda45260071da58a
E1,contrast,5,none,0.01,1.0,,5,0,0.0,2000,0.0,0.0,418,1034,0.0,99fc6ef526bc821b82a48435c0a11457653382b1512fd893fda45260071da58a
E1,contrast,5,none,0.01,1.0,,6,0,0.0,2000,0.0,0.0,418,1034,0.0,99fc6ef526bc821b82a48435c0a11457653382b1512fd893fda45260071da58a
E1,contrast,5,none,0.01,1.0,,7,0,0.0,2000,0.0,0.0,418,1034,0.0,99fc6ef526bc821b82a48435c0a11457653382b1512fd893fda45260071da58a
E1,contrast,5,none,0.01,1.0,,8,0,0.0,2000,0.0,0.0,418,1034,0.0,99fc6ef526bc821b82a48435c0a11457653382b1512fd893fda45260071da58a
E1,contrast,5,none,0.01,1.0,,9,0,0.0,2000,0.0,0.0,418,1034,0.0,99fc6ef526bc821b82a48435c0a11457653382b1512fd893fda45260071da58a
E1,contrast,5,none,0.01,1.0,,10,0,0.0,2000,0.0,0.0,418,1034,0.0,99fc6ef526bc821b82a48435c0a11457653382b1512fd893fda45260071da58a
E1,contrast,5,none,0.01,1.0,,11,0,0.0,2000,0.0,0.0,418,1034,0.0,99fc6ef526bc821b82a48435c0a11457653382b1512fd893fda45260071da58a
E1,contrast,5,none,0.01,1.0,,12,0,0.0,2000,0.0,0.0,418,1034,0.0,99fc6ef526bc821b82a48435c0a11457653382b1512fd893fda45260071da58a
E1,contrast,5,none,0.01,1.0,,13,0,0.0,2000,0.0,0.0,418,1034,0.0,99fc6ef526bc821b82a48435c0a11457653382b1512fd893fda45260071da58a
E1,contrast,5,none,0.01,1.0,,14,0,0.0,2000,0.0,0.0,418,1034,0.0,99fc6ef526bc821b82a48435c0a11457653382b1512fd893fda45260071da58a
E1,contrast,5,none,0.01,1.0,,15,0,0.0,2000,0.0,0.0,418,1034,0.0,99fc6ef526bc821b82a48435c0a11457653382b1512fd893fda45260071da58a
E1,contrast,5,clean_to_clean,0.01,1.0,,0,0,17.849999999999998,2000,1.0,0.05899419729206963,418,1034,3.570237464785576,99fc6ef526bc821b82a48435c0a11457653382b1512fd893fda45260071da58a
E1,contrast,5,clean_to_clean,0.01,1.0,,1,0,17.849999999999998,2000,1.0,0.05899419729206963,418,1034,3.570237464785576,99fc6ef526bc821b82a48435c0a11457653382b1512fd893fda45260071da58a
E1,contrast,5,clean_to_clean,0.01,1.0,,2,0,17.849999999999998,2000,1.0,0.05899419729206963,418,1034,3.570237464785576,99fc6ef526bc821b82a48435c0a11457653382b1512fd893fda45260071da58a
E1,contrast,5,clean_to_clean,0.01,1.0,,3,0,17.849999999999998,2000,1.0,0.05899419729206963,418,1034,3.570237464785576,99fc6ef526bc821b82a48435c0a11457653382b1512fd893fda45260071da58a
E1,contrast,5,clean_to_clean,0.01,1.0,,4,0,17.849999999999998,2000,1.0,0.05899419729206963,418,1034,3.570237464785576,99fc6ef526bc821b82a48435c0a11457653382b1512fd893fda45260071da58a
E1,contrast,5,clean_to_clean,0.01,1.0,,5,0,17.849999999999998,2000,1.0,0.05899419729206963,418,1034,3.570237464785576,99fc6ef526bc821b82a48435c0a11457653382b1512fd893fda45260071da58a
E1,contrast,5,clean_to_clean,0.01,1.0,,6,0,17.849999999999998,2000,1.0,0.05899419729206963,418,1034,3.570237464785576,99fc6ef526bc821b82a48435c0a11457653382b1512fd893fda45260071da58a
E1,contrast,5,clean_to_clean,0.01,1.0,,7,0,17.849999999999998,2000,1.0,0.05899419729206963,418,1034,3.570237464785576,99fc6ef526bc821b82a48435c0a11457653382b1512fd893fda45260071da58a
E1,contrast,5,clean_to_clean,0.01,1.0,,8,0,17.849999999999998,2000,1.0,0.05899419729206963,418,1034,3.570237464785576,99fc6ef526bc821b82a48435c0a11457653382b1512fd893fda45260071da58a
E1,contrast,5,clean_to_clean,0.01,1.0,,9,0,17.849999999999998,2000,1.0,0.05899419729206963,418,1034,3.570237464785576,99fc6ef526bc821b82a48435c0a11457653382b1512fd893fda45260071da58a
E1,contrast,5,clean_to_clean,0.01,1.0,,10,0,17.849999999999998,2000,1.0,0.05899419729206963,418,1034,3.570237464785576,99fc6ef526bc821b82a48435c0a11457653382b1512fd893fda45260071da58a
E1,contrast,5,clean_to_clean,0.01,1.0,,11,0,17.849999999999998,2000,1.0,0.05899419729206963,418,1034,3.570237464785576,99fc6ef526bc821b82a48435c0a11457653382b1512fd893fda45260071da58a
E1,contrast,5,clean_to_clean,0.01,1.0,,12,0,17.849999999999998,2000,1.0,0.05899419729206963,418,1034,3.570237464785576,99fc6ef526bc821b82a48435c0a11457653382b1512fd893fda45260071da58a
E1,contrast,5,clean_to_clean,0.01,1.0,,13,0,17.849999999999998,2000,1.0,0.05899419729206963,418,1034,3.570237464785576,99fc6ef526bc821b82a48435c0a11457653382b1512fd893fda45260071da58a
E1,contrast,5,clean_to_clean,0.01,1.0,,14,0,17.849999999999998,2000,1.0,0.05899419729206963,418,1034,3.570237464785576,99fc6ef526bc821b82a48435c0a11457653382b1512fd893fda45260071da58a
E1,contrast,5,clean_to_clean,0.01,1.0,,15,0,17.849999999999998,2000,1.0,0.05899419729206963,418,1034,3.570237464785576,99fc6ef526bc821b82a48435c0a11457653382b1512fd893fda45260071da58a
E1,contrast,5,full_state,0.01,1.0,,0,0,17.849999999999998,2000,1.0,0.05899419729206963,418,1034,3.570237464785576,99fc6ef526bc821b82a48435c0a11457653382b1512fd893fda45260071da58a
E1,contrast,5,full_state,0.01,1.0,,1,0,17.849999999999998,2000,1.0,0.05899419729206963,418,1034,3.570237464785576,99fc6ef526bc821b82a48435c0a11457653382b1512fd893fda45260071da58a
E1,contrast,5,full_state,0.01,1.0,,2,0,17.849999999999998,2000,1.0,0.05899419729206963,418,1034,3.570237464785576,99fc6ef526bc821b82a48435c0a11457653382b1512fd893fda45260071da58a
E1,contrast,5,full_state,0.01,1.0,,3,0,17.849999999999998,2000,1.0,0.05899419729206963,418,1034,3.570237464785576,99fc6ef526bc821b82a48435c0a11457653382b1512fd893fda45260071da58a
E1,contrast,5,full_state,0.01,1.0,,4,0,17.849999999999998,2000,1.0,0.05899419729206963,418,1034,3.570237464785576,99fc6ef526bc821b82a48435c0a11457653382b1512fd893fda45260071da58a
E1,contrast,5,full_state,0.01,1.0,,5,0,17.849999999999998,2000,1.0,0.05899419729206963,418,1034,3.570237464785576,99fc6ef526bc821b82a48435c0a11457653382b1512fd893fda45260071da58a
E1,contrast,5,full_state,0.01,1.0,,6,0,17.849999999999998,2000,1.0,0.05899419729206963,418,1034,3.570237464785576,99fc6ef526bc821b82a48435c0a11457653382b1512fd893fda45260071da58a
E1,contrast,5,full_state,0.01,1.0,,7,0,17.849999999999998,2000,1.0,0.05899419729206963,418,1034,3.570237464785576,99fc6ef526bc821b82a48435c0a11457653382b1512fd893fda45260071da58a
E1,contrast,5,full_state,0.01,1.0,,8,0,17.849999999999998,2000,1.0,0.05899419729206963,418,1034,3.570237464785576,99fc6ef526bc821b82a48435c0a11457653382b1512fd893fda45260071da58a
E1,contrast,5,full_state,0.01,1.0,,9,0,17.849999999999998,2000,1.0,0.05899419729206963,418,1034,3.570237464785576,99fc6ef526bc821b82a48435c0a11457653382b1512fd893fda45260071da58a
E1,contrast,5,full_state,0.01,1.0,,10,0,17.849999999999998,2000,1.0,0.05899419729206963,418,1034,3.570237464785576,99fc6ef526bc821b82a48435c0a11457653382b1512fd893fda45260071da58a
E1,contrast,5,full_state,0.01,1.0,,11,0,17.849999999999998,2000,1.0,0.05899419729206963,418,1034,3.570237464785576,99fc6ef526bc821b82a48435c0a11457653382b1512fd893fda45260071da58a
E1,contrast,5,full_state,0.01,1.0,,12,0,17.849999999999998,2000,1.0,0.05899419729206963,418,1034,3.570237464785576,99fc6ef526bc821b82a48435c0a11457653382b1512fd893fda45260071da58a
E1,contrast,5,full_state,0.01,1.0,,13,0,17.849999999999998,2000,1.0,0.05899419729206963,418,1034,3.570237464785576,99fc6ef526bc821b82a48435c0a11457653382b1512fd893fda45260071da58a
E1,contrast,5,full_state,0.01,1.0,,14,0,17.849999999999998,2000,1.0,0.05899419729206963,418,1034,3.570237464785576,99fc6ef526bc821b82a48435c0a11457653382b1512fd893fda45260071da58a
E1,contrast,5,full_state,0.01,1.0,,15,0,17.849999999999998,2000,1.0,0.05899419729206963,418,1034,3.570237464785576,99fc6ef526bc821b82a48435c0a11457653382b1512fd893fda45260071da58a
E1,contrast,5,random_direction,0.01,1.0,,0,0,-4.150000000000004,2000,0.07177033492822966,0.1218568665377176,418,1034,-0.619898737847805,99fc6ef526bc821b82a48435c0a11457653382b1512fd893fda45260071da58a
E1,contrast,5,random_direction,0.01,1.0,,1,0,-0.10000000000000009,2000,0.011961722488038277,0.012572533849129593,418,1034,-0.012445715308189392,99fc6ef526bc821b82a48435c0a11457653382b1512fd893fda45260071da58a
E1,contrast,5,random_direction,0.01,1.0,,2,0,-0.050000000000005596,2000,0.011961722488038277,0.009671179883945842,418,1034,-0.005567268848419189,99fc6ef526bc821b82a48435c0a11457653382b1512fd893fda45260071da58a
E1,contrast,5,random_direction,0.01,1.0,,3,0,0.0,2000,0.02631578947368421,0.015473887814313346,418,1034,-0.00018327856063842773,99fc6ef526bc821b82a48435c0a11457653382b1512fd893fda45260071da58a
E1,contrast,5,random_direction,0.01,1.0,,4,0,0.04999999999999449,2000,0.02631578947368421,0.012572533849129593,418,1034,-0.0033363087177276612,99fc6ef526bc821b82a48435c0a11457653382b1512fd893fda45260071da58a
E1,contrast,5,random_direction,0.01,1.0,,5,0,-0.10000000000000009,2000,0.023923444976076555,0.013539651837524178,418,1034,-0.004077790796756744,99fc6ef526bc821b82a48435c0a11457653382b1512fd893fda45260071da58a
E1,contrast,5,random_direction,0.01,1.0,,6,0,0.30000000000000027,2000,0.02631578947368421,0.008704061895551257,418,1034,0.018307239294052122,99fc6ef526bc821b82a48435c0a11457653382b1512fd893fda45260071da58a
E1,contrast,5,random_direction,0.01,1.0,,7,0,0.04999999999999449,2000,0.01674641148325359,0.008704061895551257,418,1034,0.008371392548084259,99fc6ef526bc821b82a48435c0a11457653382b1512fd893fda45260071da58a
E1,contrast,5,random_direction,0.01,1.0,,8,0,-0.30000000000000027,2000,0.009569377990430622,0.01160541586073501,418,1034,0.0002267487645149231,99fc6ef526bc821b82a48435c0a11457653382b1512fd893fda45260071da58a
E1,contrast,5,random_direction,0.01,1.0,,9,0,0.14999999999999458,2000,0.011961722488038277,0.005802707930367505,418,1034,0.008075473487377166,99fc6ef526bc821b82a48435c0a11457653382b1512fd893fda45260071da58a
E1,contrast,5,random_direction,0.01,1.0,,10,0,0.04999999999999449,2000,0.011961722488038277,0.007736943907156673,418,1034,0.008528264164924622,99fc6ef526bc821b82a48435c0a11457653382b1512fd893fda45260071da58a
E1,contrast,5,random_direction,0.01,1.0,,11,0,0.04999999999999449,2000,0.009569377990430622,0.005802707930367505,418,1034,0.008112302660942077,99fc6ef526bc821b82a48435c0a11457653382b1512fd893fda45260071da58a
E1,contrast,5,random_direction,0.01,1.0,,12,0,-0.050000000000005596,2000,0.007177033492822967,0.006769825918762089,418,1034,-0.0009206988215446473,99fc6ef526bc821b82a48435c0a11457653382b1512fd893fda45260071da58a
E1,contrast,5,random_direction,0.01,1.0,,13,0,-0.10000000000000009,2000,0.004784688995215311,0.004835589941972921,418,1034,0.002647714078426361,99fc6ef526bc821b82a48435c0a11457653382b1512fd893fda45260071da58a
E1,contrast,5,random_direction,0.01,1.0,,14,0,-0.050000000000005596,2000,0.004784688995215311,0.0029013539651837525,418,1034,0.0012498513460159303,99fc6ef526bc821b82a48435c0a11457653382b1512fd893fda45260071da58a
E1,contrast,5,random_direction,0.01,1.0,,15,0,-0.10000000000000009,2000,0.004784688995215311,0.0038684719535783366,418,1034,6.091982126235962e-05,99fc6ef526bc821b82a48435c0a11457653382b1512fd893fda45260071da58a
E1,contrast,5,shuffled_donor,0.01,1.0,,0,0,-9.350000000000003,2000,0.07416267942583732,0.218568665377176,418,1034,-1.3561215623021126,99fc6ef526bc821b82a48435c0a11457653382b1512fd893fda45260071da58a
E1,contrast,5,shuffled_donor,0.01,1.0,,1,0,-0.050000000000005596,2000,0.07177033492822966,0.039651837524177946,418,1034,-0.12834321284294128,99fc6ef526bc821b82a48435c0a11457653382b1512fd893fda45260071da58a
E1,contrast,5,shuffled_donor,0.01,1.0,,2,0,-0.30000000000000027,2000,0.04784688995215311,0.03868471953578337,418,1034,-0.09991104483604431,99fc6ef526bc821b82a48435c0a11457653382b1512fd893fda45260071da58a
E1,contrast,5,shuffled_donor,0.01,1.0,,3,0,-2.150000000000002,2000,0.050239234449760764,0.07059961315280464,418,1034,-0.262094445347786,99fc6ef526bc821b82a48435c0a11457653382b1512fd893fda45260071da58a
E1,contrast,5,shuffled_donor,0.01,1.0,,4,0,0.30000000000000027,2000,0.07416267942583732,0.03288201160541586,418,1034,-0.013003375709056854,99fc6ef526bc821b82a48435c0a11457653382b1512fd893fda45260071da58a
E1,contrast,5,shuffled_donor,0.01,1.0,,5,0,-0.050000000000005596,2000,0.0645933014354067,0.03481624758220503,418,1034,-0.027632917642593385,99fc6ef526bc821b82a48435c0a11457653382b1512fd893fda45260071da58a
E1,contrast,5,shuffled_donor,0.01,1.0,,6,0,-0.10000000000000009,2000,0.06220095693779904,0.03481624758220503,418,1034,-0.015176443576812745,99fc6ef526bc821b82a48435c0a11457653382b1512fd893fda45260071da58a
E1,contrast,5,shuffled_donor,0.01,1.0,,7,0,0.34999999999999476,2000,0.07416267942583732,0.033849129593810444,418,1034,0.06504634100198746,99fc6ef526bc821b82a48435c0a11457653382b1512fd893fda45260071da58a
E1,contrast,5,shuffled_donor,0.01,1.0,,8,0,-0.40000000000000036,2000,0.05980861244019139,0.0367504835589942,418,1034,0.01593465930223465,99fc6ef526bc821b82a48435c0a11457653382b1512fd893fda45260071da58a
E1,contrast,5,shuffled_donor,0.01,1.0,,9,0,-0.35000000000000586,2000,0.04784688995215311,0.031914893617021274,418,1034,-0.007685366988182068,99fc6ef526bc821b82a48435c0a11457653382b1512fd893fda45260071da58a
E1,contrast,5,shuffled_donor,0.01,1.0,,10,0,-0.20000000000000018,2000,0.05263157894736842,0.029980657640232108,418,1034,-0.00538702917098999,99fc6ef526bc821b82a48435c0a11457653382b1512fd893fda45260071da58a
E1,contrast,5,shuffled_donor,0.01,1.0,,11,0,-0.5000000000000004,2000,0.045454545454545456,0.031914893617021274,418,1034,-0.016876781404018402,99fc6ef526bc821b82a48435c0a11457653382b1512fd893fda45260071da58a
E1,contrast,5,shuffled_donor,0.01,1.0,,12,0,-0.35000000000000586,2000,0.03827751196172249,0.029013539651837523,418,1034,-0.03125248438119888,99fc6ef526bc821b82a48435c0a11457653382b1512fd893fda45260071da58a
E1,contrast,5,shuffled_donor,0.01,1.0,,13,0,-0.550000000000006,2000,0.0215311004784689,0.025145067698259187,418,1034,-0.039674963891506196,99fc6ef526bc821b82a48435c0a11457653382b1512fd893fda45260071da58a
E1,contrast,5,shuffled_donor,0.01,1.0,,14,0,-0.050000000000005596,2000,0.02631578947368421,0.017408123791102514,418,1034,-0.03762630832195282,99fc6ef526bc821b82a48435c0a11457653382b1512fd893fda45260071da58a
E1,contrast,5,shuffled_donor,0.01,1.0,,15,0,-0.10000000000000009,2000,0.009569377990430622,0.01160541586073501,418,1034,-0.02567787426710129,99fc6ef526bc821b82a48435c0a11457653382b1512fd893fda45260071da58a
E1,jpeg_compression,1,partial_channel,0.01,1.0,,0,0,0.7000000000000006,2000,0.05228758169934641,0.005194805194805195,306,1155,0.04348258316516876,99fc6ef526bc821b82a48435c0a11457653382b1512fd893fda45260071da58a
E1,jpeg_compression,1,partial_channel,0.01,1.0,,0,1,0.30000000000000027,2000,0.026143790849673203,0.004329004329004329,306,1155,0.01459209668636322,99fc6ef526bc821b82a48435c0a11457653382b1512fd893fda45260071da58a
E1,jpeg_compression,1,partial_channel,0.01,1.0,,0,2,-0.050000000000005596,2000,0.0196078431372549,0.007792207792207792,306,1155,0.019540988981723784,99fc6ef526bc821b82a48435c0a11457653382b1512fd893fda45260071da58a
E1,jpeg_compression,1,partial_channel,0.01,1.0,,0,3,0.24999999999999467,2000,0.042483660130718956,0.008658008658008658,306,1155,0.02645836251974106,99fc6ef526bc821b82a48435c0a11457653382b1512fd893fda45260071da58a
E1,jpeg_compression,1,partial_channel,0.01,1.0,,0,4,-0.10000000000000009,2000,0.013071895424836602,0.005194805194805195,306,1155,0.02120315444469452,99fc6ef526bc821b82a48435c0a11457653382b1512fd893fda45260071da58a
E1,jpeg_compression,1,partial_channel,0.05,1.0,,0,0,0.8000000000000007,2000,0.0915032679738562,0.01645021645021645,306,1155,0.13660159230232238,99fc6ef526bc821b82a48435c0a11457653382b1512fd893fda45260071da58a
E1,jpeg_compression,1,partial_channel,0.05,1.0,,0,1,1.0499999999999954,2000,0.10457516339869281,0.012987012987012988,306,1155,0.11147892951965332,99fc6ef526bc821b82a48435c0a11457653382b1512fd893fda45260071da58a
E1,jpeg_compression,1,partial_channel,0.05,1.0,,0,2,0.9000000000000008,2000,0.10130718954248366,0.01818181818181818,306,1155,0.14896951168775557,99fc6ef526bc821b82a48435c0a11457653382b1512fd893fda45260071da58a
E1,jpeg_compression,1,partial_channel,0.05,1.0,,0,3,0.5499999999999949,2000,0.06862745098039216,0.012987012987012988,306,1155,0.09083870977163315,99fc6ef526bc821b82a48435c0a11457653382b1512fd893fda45260071da58a
E1,jpeg_compression,1,partial_channel,0.05,1.0,,0,4,0.5000000000000004,2000,0.058823529411764705,0.015584415584415584,306,1155,0.12032872670888901,99fc6ef526bc821b82a48435c0a11457653382b1512fd893fda45260071da58a
E1,jpeg_compression,1,partial_channel,0.1,1.0,,0,0,1.0000000000000009,2000,0.09803921568627451,0.017316017316017316,306,1155,0.18743799549341203,99fc6ef526bc821b82a48435c0a11457653382b1512fd893fda45260071da58a
E1,jpeg_compression,1,partial_channel,0.1,1.0,,0,1,1.5499999999999958,2000,0.16666666666666666,0.023376623376623377,306,1155,0.2046945148706436,99fc6ef526bc821b82a48435c0a11457653382b1512fd893fda45260071da58a
E1,jpeg_compression,1,partial_channel,0.1,1.0,,0,2,2.9000000000000026,2000,0.23202614379084968,0.021645021645021644,306,1155,0.3700644164085388,99fc6ef526bc821b82a48435c0a11457653382b1512fd893fda45260071da58a
E1,jpeg_compression,1,partial_channel,0.1,1.0,,0,3,1.9499999999999962,2000,0.14705882352941177,0.01471861471861472,306,1155,0.24276299518346786,99fc6ef526bc821b82a48435c0a11457653382b1512fd893fda45260071da58a
E1,jpeg_compression,1,partial_channel,0.1,1.0,,0,4,0.40000000000000036,2000,0.06535947712418301,0.01904761904761905,306,1155,0.16631937098503113,99fc6ef526bc821b82a48435c0a11457653382b1512fd893fda45260071da58a
E1,jpeg_compression,1,partial_channel,0.2,1.0,,0,0,2.1499999999999964,2000,0.1830065359477124,0.022510822510822513,306,1155,0.3571985194683075,99fc6ef526bc821b82a48435c0a11457653382b1512fd893fda45260071da58a
E1,jpeg_compression,1,partial_channel,0.2,1.0,,0,1,2.9000000000000026,2000,0.2679738562091503,0.0329004329004329,306,1155,0.4528371894955635,99fc6ef526bc821b82a48435c0a11457653382b1512fd893fda45260071da58a
E1,jpeg_compression,1,partial_channel,0.2,1.0,,0,2,4.400000000000004,2000,0.31699346405228757,0.02077922077922078,306,1155,0.5504435525536537,99fc6ef526bc821b82a48435c0a11457653382b1512fd893fda45260071da58a
E1,jpeg_compression,1,partial_channel,0.2,1.0,,0,3,4.300000000000004,2000,0.3137254901960784,0.02077922077922078,306,1155,0.48591106230020525,99fc6ef526bc821b82a48435c0a11457653382b1512fd893fda45260071da58a
E1,jpeg_compression,1,partial_channel,0.2,1.0,,0,4,3.8000000000000034,2000,0.2777777777777778,0.01904761904761905,306,1155,0.5499320287108421,99fc6ef526bc821b82a48435c0a11457653382b1512fd893fda45260071da58a
E1,jpeg_compression,1,partial_channel,0.01,1.0,,1,0,0.5499999999999949,2000,0.042483660130718956,0.003463203463203463,306,1155,0.03825228798389435,99fc6ef526bc821b82a48435c0a11457653382b1512fd893fda45260071da58a
E1,jpeg_compression,1,partial_channel,0.01,1.0,,1,1,0.44999999999999485,2000,0.0718954248366013,0.01818181818181818,306,1155,0.05066212546825409,99fc6ef526bc821b82a48435c0a11457653382b1512fd893fda45260071da58a
E1,jpeg_compression,1,partial_channel,0.01,1.0,,1,2,0.10000000000000009,2000,0.02287581699346405,0.006060606060606061,306,1155,0.016460108041763306,99fc6ef526bc821b82a48435c0a11457653382b1512fd893fda45260071da58a
E1,jpeg_compression,1,partial_channel,0.01,1.0,,1,3,0.20000000000000018,2000,0.042483660130718956,0.009523809523809525,306,1155,0.02479453343153,99fc6ef526bc821b82a48435c0a11457653382b1512fd893fda45260071da58a
E1,jpeg_compression,1,partial_channel,0.01,1.0,,1,4,0.24999999999999467,2000,0.029411764705882353,0.004329004329004329,306,1155,0.019031230211257934,99fc6ef526bc821b82a48435c0a11457653382b1512fd893fda45260071da58a
E1,jpeg_compression,1,partial_channel,0.05,1.0,,1,0,1.0000000000000009,2000,0.09477124183006536,0.012987012987012988,306,1155,0.12394840121269227,99fc6ef526bc821b82a48435c0a11457653382b1512fd893fda45260071da58a
E1,jpeg_compression,1,partial_channel,0.05,1.0,,1,1,1.649999999999996,2000,0.14705882352941177,0.01818181818181818,306,1155,0.16118261271715165,99fc6ef526bc821b82a48435c0a11457653382b1512fd893fda45260071da58a
E1,jpeg_compression,1,partial_channel,0.05,1.0,,1,2,0.7499999999999951,2000,0.08169934640522876,0.013852813852813853,306,1155,0.10416242414712906,99fc6ef526bc821b82a48435c0a11457653382b1512fd893fda45260071da58a
E1,jpeg_compression,1,partial_channel,0.05,1.0,,1,3,0.7499999999999951,2000,0.06209150326797386,0.009523809523809525,306,1155,0.1022271803021431,99fc6ef526bc821b82a48435c0a11457653382b1512fd893fda45260071da58a
E1,jpeg_compression,1,partial_channel,0.05,1.0,,1,4,0.6000000000000005,2000,0.0915032679738562,0.019913419913419914,306,1155,0.13855434423685073,99fc6ef526bc821b82a48435c0a11457653382b1512fd893fda45260071da58a
E1,jpeg_compression,1,partial_channel,0.1,1.0,,1,0,1.4000000000000012,2000,0.12091503267973856,0.017316017316017316,306,1155,0.18731867682933806,99fc6ef526bc821b82a48435c0a11457653382b1512fd893fda45260071da58a
E1,jpeg_compression,1,partial_channel,0.1,1.0,,1,1,1.9000000000000017,2000,0.16339869281045752,0.01904761904761905,306,1155,0.2438608226776123,99fc6ef526bc821b82a48435c0a11457653382b1512fd893fda45260071da58a
E1,jpeg_compression,1,partial_channel,0.1,1.0,,1,2,1.6000000000000014,2000,0.1437908496732026,0.017316017316017316,306,1155,0.26876872992515566,99fc6ef526bc821b82a48435c0a11457653382b1512fd893fda45260071da58a
E1,jpeg_compression,1,partial_channel,0.1,1.0,,1,3,1.749999999999996,2000,0.1503267973856209,0.01818181818181818,306,1155,0.24793865954875946,99fc6ef526bc821b82a48435c0a11457653382b1512fd893fda45260071da58a
E1,jpeg_compression,1,partial_channel,0.1,1.0,,1,4,0.44999999999999485,2000,0.0784313725490196,0.019913419913419914,306,1155,0.1587493854165077,99fc6ef526bc821b82a48435c0a11457653382b1512fd893fda45260071da58a
E1,jpeg_compression,1,partial_channel,0.2,1.0,,1,0,1.9000000000000017,2000,0.16666666666666666,0.021645021645021644,306,1155,0.32886505776643754,99fc6ef526bc821b82a48435c0a11457653382b1512fd893fda45260071da58a
E1,jpeg_compression,1,partial_channel,0.2,1.0,,1,1,4.049999999999998,2000,0.3137254901960784,0.02943722943722944,306,1155,0.5139570406079292,99fc6ef526bc821b82a48435c0a11457653382b1512fd893fda45260071da58a
E1,jpeg_compression,1,partial_channel,0.2,1.0,,1,2,3.600000000000003,2000,0.27450980392156865,0.022510822510822513,306,1155,0.47612631046772,99fc6ef526bc821b82a48435c0a11457653382b1512fd893fda45260071da58a
E1,jpeg_compression,1,partial_channel,0.2,1.0,,1,3,4.249999999999998,2000,0.3104575163398693,0.021645021645021644,306,1155,0.525148436665535,99fc6ef526bc821b82a48435c0a11457653382b1512fd893fda45260071da58a
E1,jpeg_compression,1,partial_channel,0.2,1.0,,1,4,3.2499999999999973,2000,0.238562091503268,0.01904761904761905,306,1155,0.4961746604442596,99fc6ef526bc821b82a48435c0a11457653382b1512fd893fda45260071da58a
E1,jpeg_compression,1,partial_channel,0.01,1.0,,2,0,0.5499999999999949,2000,0.0392156862745098,0.003463203463203463,306,1155,0.031972845673561096,99fc6ef526bc821b82a48435c0a11457653382b1512fd893fda45260071da58a
E1,jpeg_compression,1,partial_channel,0.01,1.0,,2,1,0.14999999999999458,2000,0.0457516339869281,0.01645021645021645,306,1155,0.03540578347444534,99fc6ef526bc821b82a48435c0a11457653382b1512fd893fda45260071da58a
E1,jpeg_compression,1,partial_channel,0.01,1.0,,2,2,0.0,2000,0.016339869281045753,0.006060606060606061,306,1155,0.01602990126609802,99fc6ef526bc821b82a48435c0a11457653382b1512fd893fda45260071da58a
E1,jpeg_compression,1,partial_channel,0.01,1.0,,2,3,0.20000000000000018,2000,0.032679738562091505,0.008658008658008658,306,1155,0.022780958771705627,99fc6ef526bc821b82a48435c0a11457653382b1512fd893fda45260071da58a
E1,jpeg_compression,1,partial_channel,0.01,1.0,,2,4,0.14999999999999458,2000,0.026143790849673203,0.006060606060606061,306,1155,0.019294903099536895,99fc6ef526bc821b82a48435c0a11457653382b1512fd893fda45260071da58a
E1,jpeg_compression,1,partial_channel,0.05,1.0,,2,0,0.44999999999999485,2000,0.07516339869281045,0.015584415584415584,306,1155,0.11348782742023468,99fc6ef526bc821b82a48435c0a11457653382b1512fd893fda45260071da58a
E1,jpeg_compression,1,partial_channel,0.05,1.0,,2,1,1.0499999999999954,2000,0.12418300653594772,0.019913419913419914,306,1155,0.13367444503307344,99fc6ef526bc821b82a48435c0a11457653382b1512fd893fda45260071da58a
E1,jpeg_compression,1,partial_channel,0.05,1.0,,2,2,0.7499999999999951,2000,0.08823529411764706,0.015584415584415584,306,1155,0.09980728155374527,99fc6ef526bc821b82a48435c0a11457653382b1512fd893fda45260071da58a
E1,jpeg_compression,1,partial_channel,0.05,1.0,,2,3,1.0499999999999954,2000,0.08169934640522876,0.009523809523809525,306,1155,0.10834972429275512,99fc6ef526bc821b82a48435c0a11457653382b1512fd893fda45260071da58a
E1,jpeg_compression,1,partial_channel,0.05,1.0,,2,4,0.6000000000000005,2000,0.0718954248366013,0.01471861471861472,306,1155,0.11872428470849991,99fc6ef526bc821b82a48435c0a11457653382b1512fd893fda45260071da58a
E1,jpeg_compression,1,partial_channel,0.1,1.0,,2,0,1.2499999999999956,2000,0.12091503267973856,0.01645021645021645,306,1155,0.16972557044029235,99fc6ef526bc821b82a48435c0a11457653382b1512fd893fda45260071da58a
E1,jpeg_compression,1,partial_channel,0.1,1.0,,2,1,1.849999999999996,2000,0.16993464052287582,0.02077922077922078,306,1155,0.21145331567525863,99fc6ef526bc821b82a48435c0a11457653382b1512fd893fda45260071da58a
E1,jpeg_compression,1,partial_channel,0.1,1.0,,2,2,1.5499999999999958,2000,0.1503267973856209,0.019913419913419914,306,1155,0.26634311747550965,99fc6ef526bc821b82a48435c0a11457653382b1512fd893fda45260071da58a
E1,jpeg_compression,1,partial_channel,0.1,1.0,,2,3,1.5000000000000013,2000,0.13725490196078433,0.01818181818181818,306,1155,0.23367842245101927,99fc6ef526bc821b82a48435c0a11457653382b1512fd893fda45260071da58a
E1,jpeg_compression,1,partial_channel,0.1,1.0,,2,4,0.9499999999999953,2000,0.08496732026143791,0.01645021645021645,306,1155,0.15736045455932618,99fc6ef526bc821b82a48435c0a11457653382b1512fd893fda45260071da58a
E1,jpeg_compression,1,partial_channel,0.2,1.0,,2,0,2.2499999999999964,2000,0.16993464052287582,0.019913419913419914,306,1155,0.3249955505132675,99fc6ef526bc821b82a48435c0a11457653382b1512fd893fda45260071da58a
E1,jpeg_compression,1,partial_channel,0.2,1.0,,2,1,2.849999999999997,2000,0.26143790849673204,0.033766233766233764,306,1155,0.4887817969918251,99fc6ef526bc821b82a48435c0a11457653382b1512fd893fda45260071da58a
E1,jpeg_compression,1,partial_channel,0.2,1.0,,2,2,3.5499999999999976,2000,0.27450980392156865,0.025108225108225107,306,1155,0.47587149673700335,99fc6ef526bc821b82a48435c0a11457653382b1512fd893fda45260071da58a
E1,jpeg_compression,1,partial_channel,0.2,1.0,,2,3,3.849999999999998,2000,0.29411764705882354,0.023376623376623377,306,1155,0.49577151507139205,99fc6ef526bc821b82a48435c0a11457653382b1512fd893fda45260071da58a
E1,jpeg_compression,1,partial_channel,0.2,1.0,,2,4,3.0000000000000027,2000,0.23202614379084968,0.023376623376623377,306,1155,0.4896528263092041,99fc6ef526bc821b82a48435c0a11457653382b1512fd893fda45260071da58a
E1,jpeg_compression,1,partial_channel,0.01,1.0,,3,0,0.10000000000000009,2000,0.032679738562091505,0.01038961038961039,306,1155,0.011858868658542633,99fc6ef526bc821b82a48435c0a11457653382b1512fd893fda45260071da58a
E1,jpeg_compression,1,partial_channel,0.01,1.0,,3,1,0.14999999999999458,2000,0.02287581699346405,0.003463203463203463,306,1155,0.0018898144960403443,99fc6ef526bc821b82a48435c0a11457653382b1512fd893fda45260071da58a
E1,jpeg_compression,1,partial_channel,0.01,1.0,,3,2,0.04999999999999449,2000,0.013071895424836602,0.004329004329004329,306,1155,0.018671929895877837,99fc6ef526bc821b82a48435c0a11457653382b1512fd893fda45260071da58a
E1,jpeg_compression,1,partial_channel,0.01,1.0,,3,3,0.10000000000000009,2000,0.029411764705882353,0.007792207792207792,306,1155,0.021753880858421327,99fc6ef526bc821b82a48435c0a11457653382b1512fd893fda45260071da58a
E1,jpeg_compression,1,partial_channel,0.01,1.0,,3,4,-0.10000000000000009,2000,0.016339869281045753,0.006926406926406926,306,1155,0.014142488479614258,99fc6ef526bc821b82a48435c0a11457653382b1512fd893fda45260071da58a
E1,jpeg_compression,1,partial_channel,0.05,1.0,,3,0,0.8499999999999952,2000,0.09477124183006536,0.01645021645021645,306,1155,0.12260884857177734,99fc6ef526bc821b82a48435c0a11457653382b1512fd893fda45260071da58a
E1,jpeg_compression,1,partial_channel,0.05,1.0,,3,1,0.5000000000000004,2000,0.1111111111111111,0.02683982683982684,306,1155,0.12244879007339478,99fc6ef526bc821b82a48435c0a11457653382b1512fd893fda45260071da58a
E1,jpeg_compression,1,partial_channel,0.05,1.0,,3,2,0.30000000000000027,2000,0.08823529411764706,0.023376623376623377,306,1155,0.09598373991250991,99fc6ef526bc821b82a48435c0a11457653382b1512fd893fda45260071da58a
E1,jpeg_compression,1,partial_channel,0.05,1.0,,3,3,1.3000000000000012,2000,0.12745098039215685,0.015584415584415584,306,1155,0.17216899245977402,99fc6ef526bc821b82a48435c0a11457653382b1512fd893fda45260071da58a
E1,jpeg_compression,1,partial_channel,0.05,1.0,,3,4,0.6000000000000005,2000,0.06209150326797386,0.012987012987012988,306,1155,0.07074384361505509,99fc6ef526bc821b82a48435c0a11457653382b1512fd893fda45260071da58a
E1,jpeg_compression,1,partial_channel,0.1,1.0,,3,0,1.749999999999996,2000,0.15359477124183007,0.019913419913419914,306,1155,0.1908897794485092,99fc6ef526bc821b82a48435c0a11457653382b1512fd893fda45260071da58a
E1,jpeg_compression,1,partial_channel,0.1,1.0,,3,1,1.7000000000000015,2000,0.17320261437908496,0.021645021645021644,306,1155,0.2966269519329071,99fc6ef526bc821b82a48435c0a11457653382b1512fd893fda45260071da58a
E1,jpeg_compression,1,partial_channel,0.1,1.0,,3,2,1.849999999999996,2000,0.1568627450980392,0.01818181818181818,306,1155,0.25008256965875625,99fc6ef526bc821b82a48435c0a11457653382b1512fd893fda45260071da58a
E1,jpeg_compression,1,partial_channel,0.1,1.0,,3,3,2.7000000000000024,2000,0.19934640522875818,0.017316017316017316,306,1155,0.3516484766602516,99fc6ef526bc821b82a48435c0a11457653382b1512fd893fda45260071da58a
E1,jpeg_compression,1,partial_channel,0.1,1.0,,3,4,1.3499999999999956,2000,0.10457516339869281,0.01471861471861472,306,1155,0.17769447690248488,99fc6ef526bc821b82a48435c0a11457653382b1512fd893fda45260071da58a
E1,jpeg_compression,1,partial_channel,0.2,1.0,,3,0,3.4499999999999975,2000,0.2973856209150327,0.032034632034632034,306,1155,0.5219402620196343,99fc6ef526bc821b82a48435c0a11457653382b1512fd893fda45260071da58a
E1,jpeg_compression,1,partial_channel,0.2,1.0,,3,1,3.300000000000003,2000,0.2875816993464052,0.02857142857142857,306,1155,0.5300049374699592,99fc6ef526bc821b82a48435c0a11457653382b1512fd893fda45260071da58a
E1,jpeg_compression,1,partial_channel,0.2,1.0,,3,2,4.749999999999998,2000,0.34967320261437906,0.02943722943722944,306,1155,0.6470412672162056,99fc6ef526bc821b82a48435c0a11457653382b1512fd893fda45260071da58a
E1,jpeg_compression,1,partial_channel,0.2,1.0,,3,3,4.200000000000004,2000,0.2973856209150327,0.01904761904761905,306,1155,0.5511055338382721,99fc6ef526bc821b82a48435c0a11457653382b1512fd893fda45260071da58a
E1,jpeg_compression,1,partial_channel,0.2,1.0,,3,4,3.049999999999997,2000,0.23202614379084968,0.019913419913419914,306,1155,0.41536423391103744,99fc6ef526bc821b82a48435c0a11457653382b1512fd893fda45260071da58a
E1,jpeg_compression,1,partial_channel,0.01,1.0,,4,0,-0.050000000000005596,2000,0.0392156862745098,0.013852813852813853,306,1155,0.019319221436977386,99fc6ef526bc821b82a48435c0a11457653382b1512fd893fda45260071da58a
E1,jpeg_compression,1,partial_channel,0.01,1.0,,4,1,-0.10000000000000009,2000,0.0196078431372549,0.008658008658008658,306,1155,-0.012832861304283141,99fc6ef526bc821b82a48435c0a11457653382b1512fd893fda45260071da58a
E1,jpeg_compression,1,partial_channel,0.01,1.0,,4,2,0.5499999999999949,2000,0.049019607843137254,0.006926406926406926,306,1155,0.022926885604858397,99fc6ef526bc821b82a48435c0a11457653382b1512fd893fda45260071da58a
E1,jpeg_compression,1,partial_channel,0.01,1.0,,4,3,0.34999999999999476,2000,0.032679738562091505,0.004329004329004329,306,1155,0.015980253517627715,99fc6ef526bc821b82a48435c0a11457653382b1512fd893fda45260071da58a
E1,jpeg_compression,1,partial_channel,0.01,1.0,,4,4,-0.050000000000005596,2000,0.016339869281045753,0.005194805194805195,306,1155,0.014147662520408631,99fc6ef526bc821b82a48435c0a11457653382b1512fd893fda45260071da58a
E1,jpeg_compression,1,partial_channel,0.05,1.0,,4,0,2.649999999999997,2000,0.21568627450980393,0.021645021645021644,306,1155,0.39194810658693313,99fc6ef526bc821b82a48435c0a11457653382b1512fd893fda45260071da58a
E1,jpeg_compression,1,partial_channel,0.05,1.0,,4,1,1.0499999999999954,2000,0.11764705882352941,0.021645021645021644,306,1155,0.1377146028280258,99fc6ef526bc821b82a48435c0a11457653382b1512fd893fda45260071da58a
E1,jpeg_compression,1,partial_channel,0.05,1.0,,4,2,0.8499999999999952,2000,0.1111111111111111,0.019913419913419914,306,1155,0.09488637924194336,99fc6ef526bc821b82a48435c0a11457653382b1512fd893fda45260071da58a
E1,jpeg_compression,1,partial_channel,0.05,1.0,,4,3,1.200000000000001,2000,0.11764705882352941,0.01818181818181818,306,1155,0.10445388358831406,99fc6ef526bc821b82a48435c0a11457653382b1512fd893fda45260071da58a
E1,jpeg_compression,1,partial_channel,0.05,1.0,,4,4,0.8000000000000007,2000,0.0784313725490196,0.013852813852813853,306,1155,0.08542759215831756,99fc6ef526bc821b82a48435c0a11457653382b1512fd893fda45260071da58a
E1,jpeg_compression,1,partial_channel,0.1,1.0,,4,0,3.4499999999999975,2000,0.3104575163398693,0.03636363636363636,306,1155,0.5372012501955032,99fc6ef526bc821b82a48435c0a11457653382b1512fd893fda45260071da58a
E1,jpeg_compression,1,partial_channel,0.1,1.0,,4,1,2.300000000000002,2000,0.19281045751633988,0.024242424242424242,306,1155,0.3098729137778282,99fc6ef526bc821b82a48435c0a11457653382b1512fd893fda45260071da58a
E1,jpeg_compression,1,partial_channel,0.1,1.0,,4,2,1.649999999999996,2000,0.13398692810457516,0.02077922077922078,306,1155,0.2455412393808365,99fc6ef526bc821b82a48435c0a11457653382b1512fd893fda45260071da58a
E1,jpeg_compression,1,partial_channel,0.1,1.0,,4,3,2.1499999999999964,2000,0.17647058823529413,0.019913419913419914,306,1155,0.3120710112452507,99fc6ef526bc821b82a48435c0a11457653382b1512fd893fda45260071da58a
E1,jpeg_compression,1,partial_channel,0.1,1.0,,4,4,1.849999999999996,2000,0.1437908496732026,0.015584415584415584,306,1155,0.22001438212394714,99fc6ef526bc821b82a48435c0a11457653382b1512fd893fda45260071da58a
E1,jpeg_compression,1,partial_channel,0.2,1.0,,4,0,4.649999999999999,2000,0.3954248366013072,0.04069264069264069,306,1155,0.818053345143795,99fc6ef526bc821b82a48435c0a11457653382b1512fd893fda45260071da58a
E1,jpeg_compression,1,partial_channel,0.2,1.0,,4,1,3.4499999999999975,2000,0.27450980392156865,0.02857142857142857,306,1155,0.5182016360163688,99fc6ef526bc821b82a48435c0a11457653382b1512fd893fda45260071da58a
E1,jpeg_compression,1,partial_channel,0.2,1.0,,4,2,4.300000000000004,2000,0.31699346405228757,0.02943722943722944,306,1155,0.5406370848417282,99fc6ef526bc821b82a48435c0a11457653382b1512fd893fda45260071da58a
E1,jpeg_compression,1,partial_channel,0.2,1.0,,4,3,4.349999999999998,2000,0.3006535947712418,0.019913419913419914,306,1155,0.5458249853849411,99fc6ef526bc821b82a48435c0a11457653382b1512fd893fda45260071da58a
E1,jpeg_compression,1,partial_channel,0.2,1.0,,4,4,4.249999999999998,2000,0.3235294117647059,0.022510822510822513,306,1155,0.5374528930783272,99fc6ef526bc821b82a48435c0a11457653382b1512fd893fda45260071da58a
E1,jpeg_compression,1,partial_channel,0.01,1.0,,5,0,0.10000000000000009,2000,0.032679738562091505,0.009523809523809525,306,1155,0.02131863033771515,99fc6ef526bc821b82a48435c0a11457653382b1512fd893fda45260071da58a
E1,jpeg_compression,1,partial_channel,0.01,1.0,,5,1,0.04999999999999449,2000,0.026143790849673203,0.008658008658008658,306,1155,-0.015019895911216736,99fc6ef526bc821b82a48435c0a11457653382b1512fd893fda45260071da58a
E1,jpeg_compression,1,partial_channel,0.01,1.0,,5,2,0.24999999999999467,2000,0.032679738562091505,0.006926406926406926,306,1155,0.02176152116060257,99fc6ef526bc821b82a48435c0a11457653382b1512fd893fda45260071da58a
E1,jpeg_compression,1,partial_channel,0.01,1.0,,5,3,0.24999999999999467,2000,0.02287581699346405,0.004329004329004329,306,1155,0.020429573476314546,99fc6ef526bc821b82a48435c0a11457653382b1512fd893fda45260071da58a
E1,jpeg_compression,1,partial_channel,0.01,1.0,,5,4,0.10000000000000009,2000,0.02287581699346405,0.005194805194805195,306,1155,0.010622709512710571,99fc6ef526bc821b82a48435c0a11457653382b1512fd893fda45260071da58a
E1,jpeg_compression,1,partial_channel,0.05,1.0,,5,0,2.749999999999997,2000,0.21241830065359477,0.01818181818181818,306,1155,0.4029013273715973,99fc6ef526bc821b82a48435c0a11457653382b1512fd893fda45260071da58a
E1,jpeg_compression,1,partial_channel,0.05,1.0,,5,1,1.200000000000001,2000,0.12418300653594772,0.02077922077922078,306,1155,0.1420828857421875,99fc6ef526bc821b82a48435c0a11457653382b1512fd893fda45260071da58a
E1,jpeg_compression,1,partial_channel,0.05,1.0,,5,2,0.5499999999999949,2000,0.08169934640522876,0.017316017316017316,306,1155,0.08086027652025223,99fc6ef526bc821b82a48435c0a11457653382b1512fd893fda45260071da58a
E1,jpeg_compression,1,partial_channel,0.05,1.0,,5,3,1.1499999999999955,2000,0.09803921568627451,0.015584415584415584,306,1155,0.10549069052934647,99fc6ef526bc821b82a48435c0a11457653382b1512fd893fda45260071da58a
E1,jpeg_compression,1,partial_channel,0.05,1.0,,5,4,0.649999999999995,2000,0.0784313725490196,0.017316017316017316,306,1155,0.09049894577264786,99fc6ef526bc821b82a48435c0a11457653382b1512fd893fda45260071da58a
E1,jpeg_compression,1,partial_channel,0.1,1.0,,5,0,3.4499999999999975,2000,0.29411764705882354,0.03116883116883117,306,1155,0.5632216880917549,99fc6ef526bc821b82a48435c0a11457653382b1512fd893fda45260071da58a
E1,jpeg_compression,1,partial_channel,0.1,1.0,,5,1,2.3499999999999965,2000,0.21568627450980393,0.025108225108225107,306,1155,0.3265010094642639,99fc6ef526bc821b82a48435c0a11457653382b1512fd893fda45260071da58a
E1,jpeg_compression,1,partial_channel,0.1,1.0,,5,2,1.5499999999999958,2000,0.13071895424836602,0.01818181818181818,306,1155,0.21883140254020692,99fc6ef526bc821b82a48435c0a11457653382b1512fd893fda45260071da58a
E1,jpeg_compression,1,partial_channel,0.1,1.0,,5,3,1.849999999999996,2000,0.16666666666666666,0.019913419913419914,306,1155,0.3048654310107231,99fc6ef526bc821b82a48435c0a11457653382b1512fd893fda45260071da58a
E1,jpeg_compression,1,partial_channel,0.1,1.0,,5,4,1.849999999999996,2000,0.1503267973856209,0.01818181818181818,306,1155,0.22150145101547242,99fc6ef526bc821b82a48435c0a11457653382b1512fd893fda45260071da58a
E1,jpeg_compression,1,partial_channel,0.2,1.0,,5,0,4.849999999999999,2000,0.38562091503267976,0.032034632034632034,306,1155,0.8833604026436805,99fc6ef526bc821b82a48435c0a11457653382b1512fd893fda45260071da58a
E1,jpeg_compression,1,partial_channel,0.2,1.0,,5,1,3.200000000000003,2000,0.2647058823529412,0.030303030303030304,306,1155,0.5031063499450683,99fc6ef526bc821b82a48435c0a11457653382b1512fd893fda45260071da58a
E1,jpeg_compression,1,partial_channel,0.2,1.0,,5,2,3.949999999999998,2000,0.28104575163398693,0.022510822510822513,306,1155,0.5087478615045548,99fc6ef526bc821b82a48435c0a11457653382b1512fd893fda45260071da58a
E1,jpeg_compression,1,partial_channel,0.2,1.0,,5,3,4.0000000000000036,2000,0.2875816993464052,0.023376623376623377,306,1155,0.5435258244276047,99fc6ef526bc821b82a48435c0a11457653382b1512fd893fda45260071da58a
E1,jpeg_compression,1,partial_channel,0.2,1.0,,5,4,4.149999999999999,2000,0.3006535947712418,0.02077922077922078,306,1155,0.5499641482234001,99fc6ef526bc821b82a48435c0a11457653382b1512fd893fda45260071da58a
E1,jpeg_compression,1,partial_channel,0.01,1.0,,6,0,0.04999999999999449,2000,0.032679738562091505,0.009523809523809525,306,1155,0.02728960692882538,99fc6ef526bc821b82a48435c0a11457653382b1512fd893fda45260071da58a
E1,jpeg_compression,1,partial_channel,0.01,1.0,,6,1,0.04999999999999449,2000,0.026143790849673203,0.007792207792207792,306,1155,-0.003022873044013977,99fc6ef526bc821b82a48435c0a11457653382b1512fd893fda45260071da58a
E1,jpeg_compression,1,partial_channel,0.01,1.0,,6,2,0.20000000000000018,2000,0.02287581699346405,0.003463203463203463,306,1155,0.01676126080751419,99fc6ef526bc821b82a48435c0a11457653382b1512fd893fda45260071da58a
E1,jpeg_compression,1,partial_channel,0.01,1.0,,6,3,0.44999999999999485,2000,0.032679738562091505,0.0025974025974025974,306,1155,0.02450224769115448,99fc6ef526bc821b82a48435c0a11457653382b1512fd893fda45260071da58a
E1,jpeg_compression,1,partial_channel,0.01,1.0,,6,4,-0.10000000000000009,2000,0.016339869281045753,0.006926406926406926,306,1155,0.009370483338832855,99fc6ef526bc821b82a48435c0a11457653382b1512fd893fda45260071da58a
E1,jpeg_compression,1,partial_channel,0.05,1.0,,6,0,3.200000000000003,2000,0.2222222222222222,0.01645021645021645,306,1155,0.43779013258218763,99fc6ef526bc821b82a48435c0a11457653382b1512fd893fda45260071da58a
E1,jpeg_compression,1,partial_channel,0.05,1.0,,6,1,1.4000000000000012,2000,0.13398692810457516,0.01645021645021645,306,1155,0.16835963320732117,99fc6ef526bc821b82a48435c0a11457653382b1512fd893fda45260071da58a
E1,jpeg_compression,1,partial_channel,0.05,1.0,,6,2,0.7000000000000006,2000,0.08823529411764706,0.015584415584415584,306,1155,0.0856598390340805,99fc6ef526bc821b82a48435c0a11457653382b1512fd893fda45260071da58a
E1,jpeg_compression,1,partial_channel,0.05,1.0,,6,3,0.9499999999999953,2000,0.09803921568627451,0.01471861471861472,306,1155,0.10614421683549881,99fc6ef526bc821b82a48435c0a11457653382b1512fd893fda45260071da58a
E1,jpeg_compression,1,partial_channel,0.05,1.0,,6,4,0.7000000000000006,2000,0.08169934640522876,0.015584415584415584,306,1155,0.09485509634017944,99fc6ef526bc821b82a48435c0a11457653382b1512fd893fda45260071da58a
E1,jpeg_compression,1,partial_channel,0.1,1.0,,6,0,3.400000000000003,2000,0.2875816993464052,0.02857142857142857,306,1155,0.5888483321070671,99fc6ef526bc821b82a48435c0a11457653382b1512fd893fda45260071da58a
E1,jpeg_compression,1,partial_channel,0.1,1.0,,6,1,2.4499999999999966,2000,0.1895424836601307,0.017316017316017316,306,1155,0.35000151020288467,99fc6ef526bc821b82a48435c0a11457653382b1512fd893fda45260071da58a
E1,jpeg_compression,1,partial_channel,0.1,1.0,,6,2,1.5499999999999958,2000,0.13398692810457516,0.01645021645021645,306,1155,0.2177068995833397,99fc6ef526bc821b82a48435c0a11457653382b1512fd893fda45260071da58a
E1,jpeg_compression,1,partial_channel,0.1,1.0,,6,3,1.8000000000000016,2000,0.1437908496732026,0.015584415584415584,306,1155,0.27360866677761075,99fc6ef526bc821b82a48435c0a11457653382b1512fd893fda45260071da58a
E1,jpeg_compression,1,partial_channel,0.1,1.0,,6,4,1.8000000000000016,2000,0.15359477124183007,0.01904761904761905,306,1155,0.22960193502902984,99fc6ef526bc821b82a48435c0a11457653382b1512fd893fda45260071da58a
E1,jpeg_compression,1,partial_channel,0.2,1.0,,6,0,5.199999999999994,2000,0.3954248366013072,0.030303030303030304,306,1155,0.9074009785652161,99fc6ef526bc821b82a48435c0a11457653382b1512fd893fda45260071da58a
E1,jpeg_compression,1,partial_channel,0.2,1.0,,6,1,3.400000000000003,2000,0.27450980392156865,0.025974025974025976,306,1155,0.5198949381113053,99fc6ef526bc821b82a48435c0a11457653382b1512fd893fda45260071da58a
E1,jpeg_compression,1,partial_channel,0.2,1.0,,6,2,3.849999999999998,2000,0.28104575163398693,0.022510822510822513,306,1155,0.5371345463991165,99fc6ef526bc821b82a48435c0a11457653382b1512fd893fda45260071da58a
E1,jpeg_compression,1,partial_channel,0.2,1.0,,6,3,3.749999999999998,2000,0.2679738562091503,0.025108225108225107,306,1155,0.5282241380214692,99fc6ef526bc821b82a48435c0a11457653382b1512fd893fda45260071da58a
E1,jpeg_compression,1,partial_channel,0.2,1.0,,6,4,4.049999999999998,2000,0.29411764705882354,0.019913419913419914,306,1155,0.5471294234395028,99fc6ef526bc821b82a48435c0a11457653382b1512fd893fda45260071da58a
E1,jpeg_compression,1,partial_channel,0.01,1.0,,7,0,0.44999999999999485,2000,0.032679738562091505,0.005194805194805195,306,1155,0.02033060657978058,99fc6ef526bc821b82a48435c0a11457653382b1512fd893fda45260071da58a
E1,jpeg_compression,1,partial_channel,0.01,1.0,,7,1,0.34999999999999476,2000,0.0392156862745098,0.006926406926406926,306,1155,0.04008920156955719,99fc6ef526bc821b82a48435c0a11457653382b1512fd893fda45260071da58a
E1,jpeg_compression,1,partial_channel,0.01,1.0,,7,2,0.0,2000,0.0196078431372549,0.006926406926406926,306,1155,0.009847911179065704,99fc6ef526bc821b82a48435c0a11457653382b1512fd893fda45260071da58a
E1,jpeg_compression,1,partial_channel,0.01,1.0,,7,3,0.30000000000000027,2000,0.032679738562091505,0.004329004329004329,306,1155,0.03600421786308289,99fc6ef526bc821b82a48435c0a11457653382b1512fd893fda45260071da58a
E1,jpeg_compression,1,partial_channel,0.01,1.0,,7,4,0.20000000000000018,2000,0.02287581699346405,0.007792207792207792,306,1155,0.022378115653991698,99fc6ef526bc821b82a48435c0a11457653382b1512fd893fda45260071da58a
E1,jpeg_compression,1,partial_channel,0.05,1.0,,7,0,0.649999999999995,2000,0.08496732026143791,0.01904761904761905,306,1155,0.07104560983180999,99fc6ef526bc821b82a48435c0a11457653382b1512fd893fda45260071da58a
E1,jpeg_compression,1,partial_channel,0.05,1.0,,7,1,0.9000000000000008,2000,0.10457516339869281,0.015584415584415584,306,1155,0.13871733909845352,99fc6ef526bc821b82a48435c0a11457653382b1512fd893fda45260071da58a
E1,jpeg_compression,1,partial_channel,0.05,1.0,,7,2,1.5000000000000013,2000,0.10784313725490197,0.009523809523809525,306,1155,0.19535288405418397,99fc6ef526bc821b82a48435c0a11457653382b1512fd893fda45260071da58a
E1,jpeg_compression,1,partial_channel,0.05,1.0,,7,3,1.0000000000000009,2000,0.0915032679738562,0.009523809523809525,306,1155,0.10742998039722443,99fc6ef526bc821b82a48435c0a11457653382b1512fd893fda45260071da58a
E1,jpeg_compression,1,partial_channel,0.05,1.0,,7,4,0.7499999999999951,2000,0.07516339869281045,0.012987012987012988,306,1155,0.11202726006507874,99fc6ef526bc821b82a48435c0a11457653382b1512fd893fda45260071da58a
E1,jpeg_compression,1,partial_channel,0.1,1.0,,7,0,1.3499999999999956,2000,0.13398692810457516,0.02077922077922078,306,1155,0.2127165389060974,99fc6ef526bc821b82a48435c0a11457653382b1512fd893fda45260071da58a
E1,jpeg_compression,1,partial_channel,0.1,1.0,,7,1,3.949999999999998,2000,0.3431372549019608,0.03116883116883117,306,1155,0.5310117762684822,99fc6ef526bc821b82a48435c0a11457653382b1512fd893fda45260071da58a
E1,jpeg_compression,1,partial_channel,0.1,1.0,,7,2,4.100000000000003,2000,0.3366013071895425,0.027705627705627706,306,1155,0.5845475336313247,99fc6ef526bc821b82a48435c0a11457653382b1512fd893fda45260071da58a
E1,jpeg_compression,1,partial_channel,0.1,1.0,,7,3,1.5499999999999958,2000,0.12745098039215685,0.012121212121212121,306,1155,0.20583783590793608,99fc6ef526bc821b82a48435c0a11457653382b1512fd893fda45260071da58a
E1,jpeg_compression,1,partial_channel,0.1,1.0,,7,4,1.100000000000001,2000,0.10457516339869281,0.01471861471861472,306,1155,0.18692164957523347,99fc6ef526bc821b82a48435c0a11457653382b1512fd893fda45260071da58a
E1,jpeg_compression,1,partial_channel,0.2,1.0,,7,0,6.15,2000,0.4869281045751634,0.0380952380952381,306,1155,1.2016278802156448,99fc6ef526bc821b82a48435c0a11457653382b1512fd893fda45260071da58a
E1,jpeg_compression,1,partial_channel,0.2,1.0,,7,1,5.949999999999999,2000,0.4477124183006536,0.03116883116883117,306,1155,0.8660773488283158,99fc6ef526bc821b82a48435c0a11457653382b1512fd893fda45260071da58a
E1,jpeg_compression,1,partial_channel,0.2,1.0,,7,2,5.35,2000,0.43137254901960786,0.03116883116883117,306,1155,0.8348369305729866,99fc6ef526bc821b82a48435c0a11457653382b1512fd893fda45260071da58a
E1,jpeg_compression,1,partial_channel,0.2,1.0,,7,3,2.500000000000002,2000,0.20261437908496732,0.024242424242424242,306,1155,0.42667079424858095,99fc6ef526bc821b82a48435c0a11457653382b1512fd893fda45260071da58a
E1,jpeg_compression,1,partial_channel,0.2,1.0,,7,4,2.749999999999997,2000,0.19934640522875818,0.01471861471861472,306,1155,0.3836937374472618,99fc6ef526bc821b82a48435c0a11457653382b1512fd893fda45260071da58a
E1,jpeg_compression,1,partial_channel,0.01,1.0,,8,0,0.5499999999999949,2000,0.042483660130718956,0.006060606060606061,306,1155,0.029166677832603453,99fc6ef526bc821b82a48435c0a11457653382b1512fd893fda45260071da58a
E1,jpeg_compression,1,partial_channel,0.01,1.0,,8,1,0.7499999999999951,2000,0.05555555555555555,0.003463203463203463,306,1155,0.05007332730293274,99fc6ef526bc821b82a48435c0a11457653382b1512fd893fda45260071da58a
E1,jpeg_compression,1,partial_channel,0.01,1.0,,8,2,0.10000000000000009,2000,0.026143790849673203,0.007792207792207792,306,1155,0.019955843448638915,99fc6ef526bc821b82a48435c0a11457653382b1512fd893fda45260071da58a
E1,jpeg_compression,1,partial_channel,0.01,1.0,,8,3,0.40000000000000036,2000,0.032679738562091505,0.004329004329004329,306,1155,0.02858926099538803,99fc6ef526bc821b82a48435c0a11457653382b1512fd893fda45260071da58a
E1,jpeg_compression,1,partial_channel,0.01,1.0,,8,4,0.04999999999999449,2000,0.02287581699346405,0.008658008658008658,306,1155,0.020891437470912932,99fc6ef526bc821b82a48435c0a11457653382b1512fd893fda45260071da58a
E1,jpeg_compression,1,partial_channel,0.05,1.0,,8,0,0.7000000000000006,2000,0.08496732026143791,0.01645021645021645,306,1155,0.10988214111328125,99fc6ef526bc821b82a48435c0a11457653382b1512fd893fda45260071da58a
E1,jpeg_compression,1,partial_channel,0.05,1.0,,8,1,1.3499999999999956,2000,0.12745098039215685,0.01471861471861472,306,1155,0.16025677686929704,99fc6ef526bc821b82a48435c0a11457653382b1512fd893fda45260071da58a
E1,jpeg_compression,1,partial_channel,0.05,1.0,,8,2,1.2499999999999956,2000,0.10457516339869281,0.01038961038961039,306,1155,0.17963115161657334,99fc6ef526bc821b82a48435c0a11457653382b1512fd893fda45260071da58a
E1,jpeg_compression,1,partial_channel,0.05,1.0,,8,3,0.8499999999999952,2000,0.0915032679738562,0.011255411255411256,306,1155,0.10903061372041702,99fc6ef526bc821b82a48435c0a11457653382b1512fd893fda45260071da58a
E1,jpeg_compression,1,partial_channel,0.05,1.0,,8,4,0.9499999999999953,2000,0.0718954248366013,0.009523809523809525,306,1155,0.10461564320325852,99fc6ef526bc821b82a48435c0a11457653382b1512fd893fda45260071da58a
E1,jpeg_compression,1,partial_channel,0.1,1.0,,8,0,1.749999999999996,2000,0.1503267973856209,0.019913419913419914,306,1155,0.26147516250610353,99fc6ef526bc821b82a48435c0a11457653382b1512fd893fda45260071da58a
E1,jpeg_compression,1,partial_channel,0.1,1.0,,8,1,4.949999999999999,2000,0.3758169934640523,0.023376623376623377,306,1155,0.6137240617871285,99fc6ef526bc821b82a48435c0a11457653382b1512fd893fda45260071da58a
E1,jpeg_compression,1,partial_channel,0.1,1.0,,8,2,4.849999999999999,2000,0.3758169934640523,0.023376623376623377,306,1155,0.6429956575036049,99fc6ef526bc821b82a48435c0a11457653382b1512fd893fda45260071da58a
E1,jpeg_compression,1,partial_channel,0.1,1.0,,8,3,1.2499999999999956,2000,0.12091503267973856,0.01818181818181818,306,1155,0.21724916851520537,99fc6ef526bc821b82a48435c0a11457653382b1512fd893fda45260071da58a
E1,jpeg_compression,1,partial_channel,0.1,1.0,,8,4,1.2499999999999956,2000,0.12418300653594772,0.017316017316017316,306,1155,0.21082239693403243,99fc6ef526bc821b82a48435c0a11457653382b1512fd893fda45260071da58a
E1,jpeg_compression,1,partial_channel,0.2,1.0,,8,0,7.450000000000001,2000,0.5424836601307189,0.0354978354978355,306,1155,1.4587442317008972,99fc6ef526bc821b82a48435c0a11457653382b1512fd893fda45260071da58a
E1,jpeg_compression,1,partial_channel,0.2,1.0,,8,1,6.399999999999995,2000,0.48366013071895425,0.032034632034632034,306,1155,0.9574257898926735,99fc6ef526bc821b82a48435c0a11457653382b1512fd893fda45260071da58a
E1,jpeg_compression,1,partial_channel,0.2,1.0,,8,2,5.549999999999999,2000,0.45098039215686275,0.033766233766233764,306,1155,0.8594673285484314,99fc6ef526bc821b82a48435c0a11457653382b1512fd893fda45260071da58a
E1,jpeg_compression,1,partial_channel,0.2,1.0,,8,3,2.7000000000000024,2000,0.20588235294117646,0.021645021645021644,306,1155,0.43692923349142077,99fc6ef526bc821b82a48435c0a11457653382b1512fd893fda45260071da58a
E1,jpeg_compression,1,partial_channel,0.2,1.0,,8,4,2.749999999999997,2000,0.19934640522875818,0.01645021645021645,306,1155,0.4208354360461235,99fc6ef526bc821b82a48435c0a11457653382b1512fd893fda45260071da58a
E1,jpeg_compression,1,partial_channel,0.01,1.0,,9,0,0.34999999999999476,2000,0.02287581699346405,0.004329004329004329,306,1155,0.026208750307559966,99fc6ef526bc821b82a48435c0a11457653382b1512fd893fda45260071da58a
E1,jpeg_compression,1,partial_channel,0.01,1.0,,9,1,0.34999999999999476,2000,0.03594771241830065,0.004329004329004329,306,1155,0.04841650515794754,99fc6ef526bc821b82a48435c0a11457653382b1512fd893fda45260071da58a
E1,jpeg_compression,1,partial_channel,0.01,1.0,,9,2,0.30000000000000027,2000,0.0392156862745098,0.006926406926406926,306,1155,0.024158253610134125,99fc6ef526bc821b82a48435c0a11457653382b1512fd893fda45260071da58a
E1,jpeg_compression,1,partial_channel,0.01,1.0,,9,3,0.20000000000000018,2000,0.029411764705882353,0.004329004329004329,306,1155,0.027048932015895845,99fc6ef526bc821b82a48435c0a11457653382b1512fd893fda45260071da58a
E1,jpeg_compression,1,partial_channel,0.01,1.0,,9,4,0.0,2000,0.0196078431372549,0.007792207792207792,306,1155,0.02311565351486206,99fc6ef526bc821b82a48435c0a11457653382b1512fd893fda45260071da58a
E1,jpeg_compression,1,partial_channel,0.05,1.0,,9,0,0.8000000000000007,2000,0.08823529411764706,0.017316017316017316,306,1155,0.1201140022277832,99fc6ef526bc821b82a48435c0a11457653382b1512fd893fda45260071da58a
E1,jpeg_compression,1,partial_channel,0.05,1.0,,9,1,1.4000000000000012,2000,0.12091503267973856,0.012987012987012988,306,1155,0.15775745850801468,99fc6ef526bc821b82a48435c0a11457653382b1512fd893fda45260071da58a
E1,jpeg_compression,1,partial_channel,0.05,1.0,,9,2,1.5000000000000013,2000,0.12091503267973856,0.01038961038961039,306,1155,0.17138965368270875,99fc6ef526bc821b82a48435c0a11457653382b1512fd893fda45260071da58a
E1,jpeg_compression,1,partial_channel,0.05,1.0,,9,3,1.1499999999999955,2000,0.08169934640522876,0.007792207792207792,306,1155,0.106806436419487,99fc6ef526bc821b82a48435c0a11457653382b1512fd893fda45260071da58a
E1,jpeg_compression,1,partial_channel,0.05,1.0,,9,4,0.8000000000000007,2000,0.07516339869281045,0.011255411255411256,306,1155,0.10373703825473786,99fc6ef526bc821b82a48435c0a11457653382b1512fd893fda45260071da58a
E1,jpeg_compression,1,partial_channel,0.1,1.0,,9,0,1.6000000000000014,2000,0.13071895424836602,0.02077922077922078,306,1155,0.26159079253673556,99fc6ef526bc821b82a48435c0a11457653382b1512fd893fda45260071da58a
E1,jpeg_compression,1,partial_channel,0.1,1.0,,9,1,4.700000000000005,2000,0.369281045751634,0.023376623376623377,306,1155,0.638798080444336,99fc6ef526bc821b82a48435c0a11457653382b1512fd893fda45260071da58a
E1,jpeg_compression,1,partial_channel,0.1,1.0,,9,2,4.449999999999998,2000,0.3627450980392157,0.027705627705627706,306,1155,0.6386102718114853,99fc6ef526bc821b82a48435c0a11457653382b1512fd893fda45260071da58a
E1,jpeg_compression,1,partial_channel,0.1,1.0,,9,3,1.749999999999996,2000,0.13725490196078433,0.013852813852813853,306,1155,0.2131318870782852,99fc6ef526bc821b82a48435c0a11457653382b1512fd893fda45260071da58a
E1,jpeg_compression,1,partial_channel,0.1,1.0,,9,4,1.6000000000000014,2000,0.12745098039215685,0.012121212121212121,306,1155,0.21958349120616913,99fc6ef526bc821b82a48435c0a11457653382b1512fd893fda45260071da58a
E1,jpeg_compression,1,partial_channel,0.2,1.0,,9,0,7.399999999999995,2000,0.5490196078431373,0.033766233766233764,306,1155,1.4388441342115401,99fc6ef526bc821b82a48435c0a11457653382b1512fd893fda45260071da58a
E1,jpeg_compression,1,partial_channel,0.2,1.0,,9,1,6.35,2000,0.4477124183006536,0.02683982683982684,306,1155,0.9903286289572716,99fc6ef526bc821b82a48435c0a11457653382b1512fd893fda45260071da58a
E1,jpeg_compression,1,partial_channel,0.2,1.0,,9,2,5.75,2000,0.4411764705882353,0.02857142857142857,306,1155,0.8687060000300407,99fc6ef526bc821b82a48435c0a11457653382b1512fd893fda45260071da58a
E1,jpeg_compression,1,partial_channel,0.2,1.0,,9,3,2.949999999999997,2000,0.23202614379084968,0.022510822510822513,306,1155,0.4403437887430191,99fc6ef526bc821b82a48435c0a11457653382b1512fd893fda45260071da58a
E1,jpeg_compression,1,partial_channel,0.2,1.0,,9,4,3.5499999999999976,2000,0.24183006535947713,0.012987012987012988,306,1155,0.43851175481081006,99fc6ef526bc821b82a48435c0a11457653382b1512fd893fda45260071da58a
E1,jpeg_compression,1,partial_channel,0.01,1.0,,10,0,0.14999999999999458,2000,0.0196078431372549,0.006926406926406926,306,1155,0.024418306231498717,99fc6ef526bc821b82a48435c0a11457653382b1512fd893fda45260071da58a
E1,jpeg_compression,1,partial_channel,0.01,1.0,,10,1,0.40000000000000036,2000,0.0457516339869281,0.006060606060606061,306,1155,0.04505931240320206,99fc6ef526bc821b82a48435c0a11457653382b1512fd893fda45260071da58a
E1,jpeg_compression,1,partial_channel,0.01,1.0,,10,2,0.649999999999995,2000,0.042483660130718956,0.004329004329004329,306,1155,0.03844881218671799,99fc6ef526bc821b82a48435c0a11457653382b1512fd893fda45260071da58a
E1,jpeg_compression,1,partial_channel,0.01,1.0,,10,3,0.14999999999999458,2000,0.0196078431372549,0.004329004329004329,306,1155,0.039849193811416626,99fc6ef526bc821b82a48435c0a11457653382b1512fd893fda45260071da58a
E1,jpeg_compression,1,partial_channel,0.01,1.0,,10,4,0.20000000000000018,2000,0.02287581699346405,0.006060606060606061,306,1155,0.02280920749902725,99fc6ef526bc821b82a48435c0a11457653382b1512fd893fda45260071da58a
E1,jpeg_compression,1,partial_channel,0.05,1.0,,10,0,0.6000000000000005,2000,0.0784313725490196,0.01818181818181818,306,1155,0.11697901427745819,99fc6ef526bc821b82a48435c0a11457653382b1512fd893fda45260071da58a
E1,jpeg_compression,1,partial_channel,0.05,1.0,,10,1,1.1499999999999955,2000,0.1111111111111111,0.013852813852813853,306,1155,0.14425411432981491,99fc6ef526bc821b82a48435c0a11457653382b1512fd893fda45260071da58a
E1,jpeg_compression,1,partial_channel,0.05,1.0,,10,2,1.6000000000000014,2000,0.12418300653594772,0.009523809523809525,306,1155,0.19093092900514602,99fc6ef526bc821b82a48435c0a11457653382b1512fd893fda45260071da58a
E1,jpeg_compression,1,partial_channel,0.05,1.0,,10,3,0.8499999999999952,2000,0.08169934640522876,0.01038961038961039,306,1155,0.11898548632860184,99fc6ef526bc821b82a48435c0a11457653382b1512fd893fda45260071da58a
E1,jpeg_compression,1,partial_channel,0.05,1.0,,10,4,0.9499999999999953,2000,0.08823529411764706,0.011255411255411256,306,1155,0.1118522134423256,99fc6ef526bc821b82a48435c0a11457653382b1512fd893fda45260071da58a
E1,jpeg_compression,1,partial_channel,0.1,1.0,,10,0,1.6000000000000014,2000,0.13071895424836602,0.02077922077922078,306,1155,0.269660959482193,99fc6ef526bc821b82a48435c0a11457653382b1512fd893fda45260071da58a
E1,jpeg_compression,1,partial_channel,0.1,1.0,,10,1,5.299999999999994,2000,0.369281045751634,0.01645021645021645,306,1155,0.631664909362793,99fc6ef526bc821b82a48435c0a11457653382b1512fd893fda45260071da58a
E1,jpeg_compression,1,partial_channel,0.1,1.0,,10,2,5.199999999999994,2000,0.38562091503267976,0.021645021645021644,306,1155,0.652851734161377,99fc6ef526bc821b82a48435c0a11457653382b1512fd893fda45260071da58a
E1,jpeg_compression,1,partial_channel,0.1,1.0,,10,3,1.4499999999999957,2000,0.11764705882352941,0.015584415584415584,306,1155,0.22534076327085495,99fc6ef526bc821b82a48435c0a11457653382b1512fd893fda45260071da58a
E1,jpeg_compression,1,partial_channel,0.1,1.0,,10,4,1.8000000000000016,2000,0.1437908496732026,0.013852813852813853,306,1155,0.22256730937957764,99fc6ef526bc821b82a48435c0a11457653382b1512fd893fda45260071da58a
E1,jpeg_compression,1,partial_channel,0.2,1.0,,10,0,7.350000000000001,2000,0.5490196078431373,0.03636363636363636,306,1155,1.4074411737918853,99fc6ef526bc821b82a48435c0a11457653382b1512fd893fda45260071da58a
E1,jpeg_compression,1,partial_channel,0.2,1.0,,10,1,6.699999999999995,2000,0.46078431372549017,0.024242424242424242,306,1155,0.9795730732083321,99fc6ef526bc821b82a48435c0a11457653382b1512fd893fda45260071da58a
E1,jpeg_compression,1,partial_channel,0.2,1.0,,10,2,5.999999999999995,2000,0.4542483660130719,0.02943722943722944,306,1155,0.8841166098117829,99fc6ef526bc821b82a48435c0a11457653382b1512fd893fda45260071da58a
E1,jpeg_compression,1,partial_channel,0.2,1.0,,10,3,2.9000000000000026,2000,0.22875816993464052,0.021645021645021644,306,1155,0.4611106645464897,99fc6ef526bc821b82a48435c0a11457653382b1512fd893fda45260071da58a
E1,jpeg_compression,1,partial_channel,0.2,1.0,,10,4,3.5499999999999976,2000,0.238562091503268,0.015584415584415584,306,1155,0.42281578975915907,99fc6ef526bc821b82a48435c0a11457653382b1512fd893fda45260071da58a
E1,jpeg_compression,1,partial_channel,0.01,1.0,,11,0,0.34999999999999476,2000,0.026143790849673203,0.006060606060606061,306,1155,0.01966619747877121,99fc6ef526bc821b82a48435c0a11457653382b1512fd893fda45260071da58a
E1,jpeg_compression,1,partial_channel,0.01,1.0,,11,1,0.24999999999999467,2000,0.0392156862745098,0.006926406926406926,306,1155,0.04151756900548935,99fc6ef526bc821b82a48435c0a11457653382b1512fd893fda45260071da58a
E1,jpeg_compression,1,partial_channel,0.01,1.0,,11,2,0.24999999999999467,2000,0.029411764705882353,0.006060606060606061,306,1155,0.032873731315135955,99fc6ef526bc821b82a48435c0a11457653382b1512fd893fda45260071da58a
E1,jpeg_compression,1,partial_channel,0.01,1.0,,11,3,0.24999999999999467,2000,0.026143790849673203,0.004329004329004329,306,1155,0.04595456522703171,99fc6ef526bc821b82a48435c0a11457653382b1512fd893fda45260071da58a
E1,jpeg_compression,1,partial_channel,0.01,1.0,,11,4,0.10000000000000009,2000,0.02287581699346405,0.006060606060606061,306,1155,0.02811361974477768,99fc6ef526bc821b82a48435c0a11457653382b1512fd893fda45260071da58a
E1,jpeg_compression,1,partial_channel,0.05,1.0,,11,0,0.7499999999999951,2000,0.0784313725490196,0.01471861471861472,306,1155,0.10634946596622467,99fc6ef526bc821b82a48435c0a11457653382b1512fd893fda45260071da58a
E1,jpeg_compression,1,partial_channel,0.05,1.0,,11,1,1.2499999999999956,2000,0.1111111111111111,0.012987012987012988,306,1155,0.13442477399110794,99fc6ef526bc821b82a48435c0a11457653382b1512fd893fda45260071da58a
E1,jpeg_compression,1,partial_channel,0.05,1.0,,11,2,1.8000000000000016,2000,0.13398692810457516,0.009523809523809525,306,1155,0.19086214065551757,99fc6ef526bc821b82a48435c0a11457653382b1512fd893fda45260071da58a
E1,jpeg_compression,1,partial_channel,0.05,1.0,,11,3,0.9499999999999953,2000,0.08169934640522876,0.007792207792207792,306,1155,0.10993201959133148,99fc6ef526bc821b82a48435c0a11457653382b1512fd893fda45260071da58a
E1,jpeg_compression,1,partial_channel,0.05,1.0,,11,4,1.0499999999999954,2000,0.10130718954248366,0.012121212121212121,306,1155,0.1308696625828743,99fc6ef526bc821b82a48435c0a11457653382b1512fd893fda45260071da58a
E1,jpeg_compression,1,partial_channel,0.1,1.0,,11,0,2.0499999999999963,2000,0.1437908496732026,0.015584415584415584,306,1155,0.2540509096384048,99fc6ef526bc821b82a48435c0a11457653382b1512fd893fda45260071da58a
E1,jpeg_compression,1,partial_channel,0.1,1.0,,11,1,4.600000000000004,2000,0.3333333333333333,0.01904761904761905,306,1155,0.6172784715294838,99fc6ef526bc821b82a48435c0a11457653382b1512fd893fda45260071da58a
E1,jpeg_compression,1,partial_channel,0.1,1.0,,11,2,5.199999999999994,2000,0.38562091503267976,0.021645021645021644,306,1155,0.6483171253204346,99fc6ef526bc821b82a48435c0a11457653382b1512fd893fda45260071da58a
E1,jpeg_compression,1,partial_channel,0.1,1.0,,11,3,1.2499999999999956,2000,0.13398692810457516,0.01904761904761905,306,1155,0.20806427747011186,99fc6ef526bc821b82a48435c0a11457653382b1512fd893fda45260071da58a
E1,jpeg_compression,1,partial_channel,0.1,1.0,,11,4,2.200000000000002,2000,0.15359477124183007,0.011255411255411256,306,1155,0.25390198528766633,99fc6ef526bc821b82a48435c0a11457653382b1512fd893fda45260071da58a
E1,jpeg_compression,1,partial_channel,0.2,1.0,,11,0,6.699999999999995,2000,0.5261437908496732,0.03636363636363636,306,1155,1.3716932092905045,99fc6ef526bc821b82a48435c0a11457653382b1512fd893fda45260071da58a
E1,jpeg_compression,1,partial_channel,0.2,1.0,,11,1,6.65,2000,0.45751633986928103,0.019913419913419914,306,1155,0.9738296161293983,99fc6ef526bc821b82a48435c0a11457653382b1512fd893fda45260071da58a
E1,jpeg_compression,1,partial_channel,0.2,1.0,,11,2,6.45,2000,0.46405228758169936,0.023376623376623377,306,1155,0.8868875942826271,99fc6ef526bc821b82a48435c0a11457653382b1512fd893fda45260071da58a
E1,jpeg_compression,1,partial_channel,0.2,1.0,,11,3,2.7000000000000024,2000,0.2222222222222222,0.024242424242424242,306,1155,0.4558665717244148,99fc6ef526bc821b82a48435c0a11457653382b1512fd893fda45260071da58a
E1,jpeg_compression,1,partial_channel,0.2,1.0,,11,4,3.300000000000003,2000,0.238562091503268,0.01818181818181818,306,1155,0.4461617605090141,99fc6ef526bc821b82a48435c0a11457653382b1512fd893fda45260071da58a
E1,jpeg_compression,1,partial_channel,0.01,1.0,,12,0,0.24999999999999467,2000,0.029411764705882353,0.006926406926406926,306,1155,0.02296681123971939,99fc6ef526bc821b82a48435c0a11457653382b1512fd893fda45260071da58a
E1,jpeg_compression,1,partial_channel,0.01,1.0,,12,1,0.649999999999995,2000,0.042483660130718956,0.0017316017316017316,306,1155,0.03883234804868698,99fc6ef526bc821b82a48435c0a11457653382b1512fd893fda45260071da58a
E1,jpeg_compression,1,partial_channel,0.01,1.0,,12,2,0.30000000000000027,2000,0.032679738562091505,0.006926406926406926,306,1155,0.030394207894802093,99fc6ef526bc821b82a48435c0a11457653382b1512fd893fda45260071da58a
E1,jpeg_compression,1,partial_channel,0.01,1.0,,12,3,0.14999999999999458,2000,0.029411764705882353,0.006060606060606061,306,1155,0.03585296934843064,99fc6ef526bc821b82a48435c0a11457653382b1512fd893fda45260071da58a
E1,jpeg_compression,1,partial_channel,0.01,1.0,,12,4,0.04999999999999449,2000,0.026143790849673203,0.006926406926406926,306,1155,0.025494799196720125,99fc6ef526bc821b82a48435c0a11457653382b1512fd893fda45260071da58a
E1,jpeg_compression,1,partial_channel,0.05,1.0,,12,0,0.8499999999999952,2000,0.0718954248366013,0.012987012987012988,306,1155,0.11503121334314347,99fc6ef526bc821b82a48435c0a11457653382b1512fd893fda45260071da58a
E1,jpeg_compression,1,partial_channel,0.05,1.0,,12,1,1.4000000000000012,2000,0.10784313725490197,0.006926406926406926,306,1155,0.12133716768026352,99fc6ef526bc821b82a48435c0a11457653382b1512fd893fda45260071da58a
E1,jpeg_compression,1,partial_channel,0.05,1.0,,12,2,1.8000000000000016,2000,0.13071895424836602,0.01038961038961039,306,1155,0.19230381548404693,99fc6ef526bc821b82a48435c0a11457653382b1512fd893fda45260071da58a
E1,jpeg_compression,1,partial_channel,0.05,1.0,,12,3,0.8000000000000007,2000,0.08169934640522876,0.01038961038961039,306,1155,0.09613910853862763,99fc6ef526bc821b82a48435c0a11457653382b1512fd893fda45260071da58a
E1,jpeg_compression,1,partial_channel,0.05,1.0,,12,4,0.8499999999999952,2000,0.07516339869281045,0.011255411255411256,306,1155,0.137548594892025,99fc6ef526bc821b82a48435c0a11457653382b1512fd893fda45260071da58a
E1,jpeg_compression,1,partial_channel,0.1,1.0,,12,0,2.0000000000000018,2000,0.13725490196078433,0.012987012987012988,306,1155,0.25411396539211273,99fc6ef526bc821b82a48435c0a11457653382b1512fd893fda45260071da58a
E1,jpeg_compression,1,partial_channel,0.1,1.0,,12,1,4.300000000000004,2000,0.3202614379084967,0.019913419913419914,306,1155,0.590072993338108,99fc6ef526bc821b82a48435c0a11457653382b1512fd893fda45260071da58a
E1,jpeg_compression,1,partial_channel,0.1,1.0,,12,2,4.849999999999999,2000,0.369281045751634,0.022510822510822513,306,1155,0.618173703789711,99fc6ef526bc821b82a48435c0a11457653382b1512fd893fda45260071da58a
E1,jpeg_compression,1,partial_channel,0.1,1.0,,12,3,1.6000000000000014,2000,0.12091503267973856,0.012121212121212121,306,1155,0.20757809537649155,99fc6ef526bc821b82a48435c0a11457653382b1512fd893fda45260071da58a
E1,jpeg_compression,1,partial_channel,0.1,1.0,,12,4,2.100000000000002,2000,0.14705882352941177,0.012987012987012988,306,1155,0.2582383667230606,99fc6ef526bc821b82a48435c0a11457653382b1512fd893fda45260071da58a
E1,jpeg_compression,1,partial_channel,0.2,1.0,,12,0,6.899999999999995,2000,0.5196078431372549,0.033766233766233764,306,1155,1.349885012626648,99fc6ef526bc821b82a48435c0a11457653382b1512fd893fda45260071da58a
E1,jpeg_compression,1,partial_channel,0.2,1.0,,12,1,6.199999999999994,2000,0.43137254901960786,0.021645021645021644,306,1155,0.9563363562822342,99fc6ef526bc821b82a48435c0a11457653382b1512fd893fda45260071da58a
E1,jpeg_compression,1,partial_channel,0.2,1.0,,12,2,5.85,2000,0.4411764705882353,0.025108225108225107,306,1155,0.8551131663322449,99fc6ef526bc821b82a48435c0a11457653382b1512fd893fda45260071da58a
E1,jpeg_compression,1,partial_channel,0.2,1.0,,12,3,2.9000000000000026,2000,0.22549019607843138,0.019913419913419914,306,1155,0.44274937254190444,99fc6ef526bc821b82a48435c0a11457653382b1512fd893fda45260071da58a
E1,jpeg_compression,1,partial_channel,0.2,1.0,,12,4,3.049999999999997,2000,0.21895424836601307,0.017316017316017316,306,1155,0.452534595489502,99fc6ef526bc821b82a48435c0a11457653382b1512fd893fda45260071da58a
E1,jpeg_compression,1,partial_channel,0.01,1.0,,13,0,0.40000000000000036,2000,0.03594771241830065,0.003463203463203463,306,1155,0.022290235698223113,99fc6ef526bc821b82a48435c0a11457653382b1512fd893fda45260071da58a
E1,jpeg_compression,1,partial_channel,0.01,1.0,,13,1,0.5000000000000004,2000,0.03594771241830065,0.004329004329004329,306,1155,0.03854380255937576,99fc6ef526bc821b82a48435c0a11457653382b1512fd893fda45260071da58a
E1,jpeg_compression,1,partial_channel,0.01,1.0,,13,2,0.44999999999999485,2000,0.0457516339869281,0.006060606060606061,306,1155,0.026658003687858582,99fc6ef526bc821b82a48435c0a11457653382b1512fd893fda45260071da58a
E1,jpeg_compression,1,partial_channel,0.01,1.0,,13,3,0.40000000000000036,2000,0.03594771241830065,0.004329004329004329,306,1155,0.020670563995838165,99fc6ef526bc821b82a48435c0a11457653382b1512fd893fda45260071da58a
E1,jpeg_compression,1,partial_channel,0.01,1.0,,13,4,0.5000000000000004,2000,0.042483660130718956,0.004329004329004329,306,1155,0.026223061323165892,99fc6ef526bc821b82a48435c0a11457653382b1512fd893fda45260071da58a
E1,jpeg_compression,1,partial_channel,0.05,1.0,,13,0,0.9499999999999953,2000,0.10457516339869281,0.015584415584415584,306,1155,0.13449334472417832,99fc6ef526bc821b82a48435c0a11457653382b1512fd893fda45260071da58a
E1,jpeg_compression,1,partial_channel,0.05,1.0,,13,1,0.7499999999999951,2000,0.09477124183006536,0.015584415584415584,306,1155,0.1796904047727585,99fc6ef526bc821b82a48435c0a11457653382b1512fd893fda45260071da58a
E1,jpeg_compression,1,partial_channel,0.05,1.0,,13,2,1.8000000000000016,2000,0.1503267973856209,0.01471861471861472,306,1155,0.2580754864811897,99fc6ef526bc821b82a48435c0a11457653382b1512fd893fda45260071da58a
E1,jpeg_compression,1,partial_channel,0.05,1.0,,13,3,0.649999999999995,2000,0.08496732026143791,0.012987012987012988,306,1155,0.10316743570566177,99fc6ef526bc821b82a48435c0a11457653382b1512fd893fda45260071da58a
E1,jpeg_compression,1,partial_channel,0.05,1.0,,13,4,0.8499999999999952,2000,0.08823529411764706,0.01645021645021645,306,1155,0.12135183620452882,99fc6ef526bc821b82a48435c0a11457653382b1512fd893fda45260071da58a
E1,jpeg_compression,1,partial_channel,0.1,1.0,,13,0,1.200000000000001,2000,0.13398692810457516,0.02077922077922078,306,1155,0.2242000184059143,99fc6ef526bc821b82a48435c0a11457653382b1512fd893fda45260071da58a
E1,jpeg_compression,1,partial_channel,0.1,1.0,,13,1,3.0000000000000027,2000,0.23529411764705882,0.01818181818181818,306,1155,0.6567909889221192,99fc6ef526bc821b82a48435c0a11457653382b1512fd893fda45260071da58a
E1,jpeg_compression,1,partial_channel,0.1,1.0,,13,2,2.7000000000000024,2000,0.23202614379084968,0.01904761904761905,306,1155,0.4112711157798767,99fc6ef526bc821b82a48435c0a11457653382b1512fd893fda45260071da58a
E1,jpeg_compression,1,partial_channel,0.1,1.0,,13,3,1.4499999999999957,2000,0.14052287581699346,0.017316017316017316,306,1155,0.17292686063051224,99fc6ef526bc821b82a48435c0a11457653382b1512fd893fda45260071da58a
E1,jpeg_compression,1,partial_channel,0.1,1.0,,13,4,1.849999999999996,2000,0.16013071895424835,0.017316017316017316,306,1155,0.2861966992020607,99fc6ef526bc821b82a48435c0a11457653382b1512fd893fda45260071da58a
E1,jpeg_compression,1,partial_channel,0.2,1.0,,13,0,3.3499999999999974,2000,0.2777777777777778,0.027705627705627706,306,1155,0.4673429884910584,99fc6ef526bc821b82a48435c0a11457653382b1512fd893fda45260071da58a
E1,jpeg_compression,1,partial_channel,0.2,1.0,,13,1,4.100000000000003,2000,0.32679738562091504,0.025974025974025976,306,1155,0.9065793709754943,99fc6ef526bc821b82a48435c0a11457653382b1512fd893fda45260071da58a
E1,jpeg_compression,1,partial_channel,0.2,1.0,,13,2,4.300000000000004,2000,0.31699346405228757,0.019913419913419914,306,1155,0.661049864768982,99fc6ef526bc821b82a48435c0a11457653382b1512fd893fda45260071da58a
E1,jpeg_compression,1,partial_channel,0.2,1.0,,13,3,3.7000000000000033,2000,0.2875816993464052,0.025108225108225107,306,1155,0.4406049889326096,99fc6ef526bc821b82a48435c0a11457653382b1512fd893fda45260071da58a
E1,jpeg_compression,1,partial_channel,0.2,1.0,,13,4,3.949999999999998,2000,0.27450980392156865,0.019913419913419914,306,1155,0.5916396983265877,99fc6ef526bc821b82a48435c0a11457653382b1512fd893fda45260071da58a
E1,jpeg_compression,1,partial_channel,0.01,1.0,,14,0,0.5000000000000004,2000,0.03594771241830065,0.0025974025974025974,306,1155,0.022820176362991332,99fc6ef526bc821b82a48435c0a11457653382b1512fd893fda45260071da58a
E1,jpeg_compression,1,partial_channel,0.01,1.0,,14,1,0.34999999999999476,2000,0.03594771241830065,0.004329004329004329,306,1155,0.035371427655220035,99fc6ef526bc821b82a48435c0a11457653382b1512fd893fda45260071da58a
E1,jpeg_compression,1,partial_channel,0.01,1.0,,14,2,0.20000000000000018,2000,0.032679738562091505,0.006060606060606061,306,1155,0.0258637273311615,99fc6ef526bc821b82a48435c0a11457653382b1512fd893fda45260071da58a
E1,jpeg_compression,1,partial_channel,0.01,1.0,,14,3,0.40000000000000036,2000,0.026143790849673203,0.0025974025974025974,306,1155,0.025444725096225737,99fc6ef526bc821b82a48435c0a11457653382b1512fd893fda45260071da58a
E1,jpeg_compression,1,partial_channel,0.01,1.0,,14,4,0.30000000000000027,2000,0.02287581699346405,0.0025974025974025974,306,1155,0.03241129541397095,99fc6ef526bc821b82a48435c0a11457653382b1512fd893fda45260071da58a
E1,jpeg_compression,1,partial_channel,0.05,1.0,,14,0,1.2499999999999956,2000,0.09803921568627451,0.012121212121212121,306,1155,0.12366311705112457,99fc6ef526bc821b82a48435c0a11457653382b1512fd893fda45260071da58a
E1,jpeg_compression,1,partial_channel,0.05,1.0,,14,1,1.0000000000000009,2000,0.08823529411764706,0.011255411255411256,306,1155,0.1747666867375374,99fc6ef526bc821b82a48435c0a11457653382b1512fd893fda45260071da58a
E1,jpeg_compression,1,partial_channel,0.05,1.0,,14,2,1.1499999999999955,2000,0.12091503267973856,0.01471861471861472,306,1155,0.21554915064573288,99fc6ef526bc821b82a48435c0a11457653382b1512fd893fda45260071da58a
E1,jpeg_compression,1,partial_channel,0.05,1.0,,14,3,0.649999999999995,2000,0.06862745098039216,0.012987012987012988,306,1155,0.11315069144964218,99fc6ef526bc821b82a48435c0a11457653382b1512fd893fda45260071da58a
E1,jpeg_compression,1,partial_channel,0.05,1.0,,14,4,1.3499999999999956,2000,0.12418300653594772,0.013852813852813853,306,1155,0.1375053334236145,99fc6ef526bc821b82a48435c0a11457653382b1512fd893fda45260071da58a
E1,jpeg_compression,1,partial_channel,0.1,1.0,,14,0,1.8000000000000016,2000,0.1568627450980392,0.017316017316017316,306,1155,0.26618232375383377,99fc6ef526bc821b82a48435c0a11457653382b1512fd893fda45260071da58a
E1,jpeg_compression,1,partial_channel,0.1,1.0,,14,1,2.7000000000000024,2000,0.21568627450980393,0.015584415584415584,306,1155,0.6026564666032791,99fc6ef526bc821b82a48435c0a11457653382b1512fd893fda45260071da58a
E1,jpeg_compression,1,partial_channel,0.1,1.0,,14,2,1.749999999999996,2000,0.16339869281045752,0.021645021645021644,306,1155,0.34163422471284866,99fc6ef526bc821b82a48435c0a11457653382b1512fd893fda45260071da58a
E1,jpeg_compression,1,partial_channel,0.1,1.0,,14,3,1.5499999999999958,2000,0.13398692810457516,0.01818181818181818,306,1155,0.23733197671175002,99fc6ef526bc821b82a48435c0a11457653382b1512fd893fda45260071da58a
E1,jpeg_compression,1,partial_channel,0.1,1.0,,14,4,2.0000000000000018,2000,0.19607843137254902,0.02077922077922078,306,1155,0.27555992102622984,99fc6ef526bc821b82a48435c0a11457653382b1512fd893fda45260071da58a
E1,jpeg_compression,1,partial_channel,0.2,1.0,,14,0,3.4499999999999975,2000,0.2777777777777778,0.024242424242424242,306,1155,0.569832199215889,99fc6ef526bc821b82a48435c0a11457653382b1512fd893fda45260071da58a
E1,jpeg_compression,1,partial_channel,0.2,1.0,,14,1,3.6499999999999977,2000,0.2875816993464052,0.022510822510822513,306,1155,0.8618139826655388,99fc6ef526bc821b82a48435c0a11457653382b1512fd893fda45260071da58a
E1,jpeg_compression,1,partial_channel,0.2,1.0,,14,2,4.149999999999999,2000,0.3137254901960784,0.021645021645021644,306,1155,0.5852415427565575,99fc6ef526bc821b82a48435c0a11457653382b1512fd893fda45260071da58a
E1,jpeg_compression,1,partial_channel,0.2,1.0,,14,3,3.9000000000000035,2000,0.29411764705882354,0.024242424242424242,306,1155,0.4999236786365509,99fc6ef526bc821b82a48435c0a11457653382b1512fd893fda45260071da58a
E1,jpeg_compression,1,partial_channel,0.2,1.0,,14,4,4.0000000000000036,2000,0.29411764705882354,0.025108225108225107,306,1155,0.5769106089472771,99fc6ef526bc821b82a48435c0a11457653382b1512fd893fda45260071da58a
E1,jpeg_compression,1,partial_channel,0.01,1.0,,15,0,0.5499999999999949,2000,0.03594771241830065,0.0008658008658008658,306,1155,0.03797827923297882,99fc6ef526bc821b82a48435c0a11457653382b1512fd893fda45260071da58a
E1,jpeg_compression,1,partial_channel,0.01,1.0,,15,1,0.30000000000000027,2000,0.026143790849673203,0.0017316017316017316,306,1155,0.0381026081442833,99fc6ef526bc821b82a48435c0a11457653382b1512fd893fda45260071da58a
E1,jpeg_compression,1,partial_channel,0.01,1.0,,15,2,0.30000000000000027,2000,0.029411764705882353,0.003463203463203463,306,1155,0.03128396910429001,99fc6ef526bc821b82a48435c0a11457653382b1512fd893fda45260071da58a
E1,jpeg_compression,1,partial_channel,0.01,1.0,,15,3,0.34999999999999476,2000,0.0196078431372549,0.0017316017316017316,306,1155,0.02439202493429184,99fc6ef526bc821b82a48435c0a11457653382b1512fd893fda45260071da58a
E1,jpeg_compression,1,partial_channel,0.01,1.0,,15,4,0.40000000000000036,2000,0.026143790849673203,0.0017316017316017316,306,1155,0.02976536285877228,99fc6ef526bc821b82a48435c0a11457653382b1512fd893fda45260071da58a
E1,jpeg_compression,1,partial_channel,0.05,1.0,,15,0,1.0499999999999954,2000,0.09803921568627451,0.008658008658008658,306,1155,0.14629244339466094,99fc6ef526bc821b82a48435c0a11457653382b1512fd893fda45260071da58a
E1,jpeg_compression,1,partial_channel,0.05,1.0,,15,1,1.200000000000001,2000,0.0915032679738562,0.005194805194805195,306,1155,0.1637004719376564,99fc6ef526bc821b82a48435c0a11457653382b1512fd893fda45260071da58a
E1,jpeg_compression,1,partial_channel,0.05,1.0,,15,2,1.4000000000000012,2000,0.10784313725490197,0.006060606060606061,306,1155,0.17756279522180557,99fc6ef526bc821b82a48435c0a11457653382b1512fd893fda45260071da58a
E1,jpeg_compression,1,partial_channel,0.05,1.0,,15,3,1.100000000000001,2000,0.08169934640522876,0.007792207792207792,306,1155,0.13314719754457474,99fc6ef526bc821b82a48435c0a11457653382b1512fd893fda45260071da58a
E1,jpeg_compression,1,partial_channel,0.05,1.0,,15,4,1.8000000000000016,2000,0.12091503267973856,0.006060606060606061,306,1155,0.15370981258153915,99fc6ef526bc821b82a48435c0a11457653382b1512fd893fda45260071da58a
E1,jpeg_compression,1,partial_channel,0.1,1.0,,15,0,2.1499999999999964,2000,0.16993464052287582,0.012121212121212121,306,1155,0.2974950973391533,99fc6ef526bc821b82a48435c0a11457653382b1512fd893fda45260071da58a
E1,jpeg_compression,1,partial_channel,0.1,1.0,,15,1,3.2499999999999973,2000,0.20915032679738563,0.005194805194805195,306,1155,0.4122931615114212,99fc6ef526bc821b82a48435c0a11457653382b1512fd893fda45260071da58a
E1,jpeg_compression,1,partial_channel,0.1,1.0,,15,2,2.6000000000000023,2000,0.20261437908496732,0.011255411255411256,306,1155,0.3211206691265106,99fc6ef526bc821b82a48435c0a11457653382b1512fd893fda45260071da58a
E1,jpeg_compression,1,partial_channel,0.1,1.0,,15,3,2.4499999999999966,2000,0.16993464052287582,0.008658008658008658,306,1155,0.3107820036411285,99fc6ef526bc821b82a48435c0a11457653382b1512fd893fda45260071da58a
E1,jpeg_compression,1,partial_channel,0.1,1.0,,15,4,2.849999999999997,2000,0.1830065359477124,0.007792207792207792,306,1155,0.3119493631720543,99fc6ef526bc821b82a48435c0a11457653382b1512fd893fda45260071da58a
E1,jpeg_compression,1,partial_channel,0.2,1.0,,15,0,4.049999999999998,2000,0.30718954248366015,0.019913419913419914,306,1155,0.6477618604898453,99fc6ef526bc821b82a48435c0a11457653382b1512fd893fda45260071da58a
E1,jpeg_compression,1,partial_channel,0.2,1.0,,15,1,5.199999999999994,2000,0.3562091503267974,0.013852813852813853,306,1155,0.7131218276619912,99fc6ef526bc821b82a48435c0a11457653382b1512fd893fda45260071da58a
E1,jpeg_compression,1,partial_channel,0.2,1.0,,15,2,4.300000000000004,2000,0.3202614379084967,0.01818181818181818,306,1155,0.6154784843921661,99fc6ef526bc821b82a48435c0a11457653382b1512fd893fda45260071da58a
E1,jpeg_compression,1,partial_channel,0.2,1.0,,15,3,4.999999999999993,2000,0.3562091503267974,0.01645021645021645,306,1155,0.6358291585445404,99fc6ef526bc821b82a48435c0a11457653382b1512fd893fda45260071da58a
E1,jpeg_compression,1,partial_channel,0.2,1.0,,15,4,4.899999999999993,2000,0.31699346405228757,0.013852813852813853,306,1155,0.6289653881192208,99fc6ef526bc821b82a48435c0a11457653382b1512fd893fda45260071da58a
E1,jpeg_compression,1,none,0.01,1.0,,0,0,0.0,2000,0.0,0.0,306,1155,0.0,99fc6ef526bc821b82a48435c0a11457653382b1512fd893fda45260071da58a
E1,jpeg_compression,1,none,0.01,1.0,,1,0,0.0,2000,0.0,0.0,306,1155,0.0,99fc6ef526bc821b82a48435c0a11457653382b1512fd893fda45260071da58a
E1,jpeg_compression,1,none,0.01,1.0,,2,0,0.0,2000,0.0,0.0,306,1155,0.0,99fc6ef526bc821b82a48435c0a11457653382b1512fd893fda45260071da58a
E1,jpeg_compression,1,none,0.01,1.0,,3,0,0.0,2000,0.0,0.0,306,1155,0.0,99fc6ef526bc821b82a48435c0a11457653382b1512fd893fda45260071da58a
E1,jpeg_compression,1,none,0.01,1.0,,4,0,0.0,2000,0.0,0.0,306,1155,0.0,99fc6ef526bc821b82a48435c0a11457653382b1512fd893fda45260071da58a
E1,jpeg_compression,1,none,0.01,1.0,,5,0,0.0,2000,0.0,0.0,306,1155,0.0,99fc6ef526bc821b82a48435c0a11457653382b1512fd893fda45260071da58a
E1,jpeg_compression,1,none,0.01,1.0,,6,0,0.0,2000,0.0,0.0,306,1155,0.0,99fc6ef526bc821b82a48435c0a11457653382b1512fd893fda45260071da58a
E1,jpeg_compression,1,none,0.01,1.0,,7,0,0.0,2000,0.0,0.0,306,1155,0.0,99fc6ef526bc821b82a48435c0a11457653382b1512fd893fda45260071da58a
E1,jpeg_compression,1,none,0.01,1.0,,8,0,0.0,2000,0.0,0.0,306,1155,0.0,99fc6ef526bc821b82a48435c0a11457653382b1512fd893fda45260071da58a
E1,jpeg_compression,1,none,0.01,1.0,,9,0,0.0,2000,0.0,0.0,306,1155,0.0,99fc6ef526bc821b82a48435c0a11457653382b1512fd893fda45260071da58a
E1,jpeg_compression,1,none,0.01,1.0,,10,0,0.0,2000,0.0,0.0,306,1155,0.0,99fc6ef526bc821b82a48435c0a11457653382b1512fd893fda45260071da58a
E1,jpeg_compression,1,none,0.01,1.0,,11,0,0.0,2000,0.0,0.0,306,1155,0.0,99fc6ef526bc821b82a48435c0a11457653382b1512fd893fda45260071da58a
E1,jpeg_compression,1,none,0.01,1.0,,12,0,0.0,2000,0.0,0.0,306,1155,0.0,99fc6ef526bc821b82a48435c0a11457653382b1512fd893fda45260071da58a
E1,jpeg_compression,1,none,0.01,1.0,,13,0,0.0,2000,0.0,0.0,306,1155,0.0,99fc6ef526bc821b82a48435c0a11457653382b1512fd893fda45260071da58a
E1,jpeg_compression,1,none,0.01,1.0,,14,0,0.0,2000,0.0,0.0,306,1155,0.0,99fc6ef526bc821b82a48435c0a11457653382b1512fd893fda45260071da58a
E1,jpeg_compression,1,none,0.01,1.0,,15,0,0.0,2000,0.0,0.0,306,1155,0.0,99fc6ef526bc821b82a48435c0a11457653382b1512fd893fda45260071da58a
E1,jpeg_compression,1,clean_to_clean,0.01,1.0,,0,0,11.799999999999999,2000,1.0,0.06060606060606061,306,1155,2.428421858906746,99fc6ef526bc821b82a48435c0a11457653382b1512fd893fda45260071da58a
E1,jpeg_compression,1,clean_to_clean,0.01,1.0,,1,0,11.799999999999999,2000,1.0,0.06060606060606061,306,1155,2.428421858906746,99fc6ef526bc821b82a48435c0a11457653382b1512fd893fda45260071da58a
E1,jpeg_compression,1,clean_to_clean,0.01,1.0,,2,0,11.799999999999999,2000,1.0,0.06060606060606061,306,1155,2.428421858906746,99fc6ef526bc821b82a48435c0a11457653382b1512fd893fda45260071da58a
E1,jpeg_compression,1,clean_to_clean,0.01,1.0,,3,0,11.799999999999999,2000,1.0,0.06060606060606061,306,1155,2.428421858906746,99fc6ef526bc821b82a48435c0a11457653382b1512fd893fda45260071da58a
E1,jpeg_compression,1,clean_to_clean,0.01,1.0,,4,0,11.799999999999999,2000,1.0,0.06060606060606061,306,1155,2.428421858906746,99fc6ef526bc821b82a48435c0a11457653382b1512fd893fda45260071da58a
E1,jpeg_compression,1,clean_to_clean,0.01,1.0,,5,0,11.799999999999999,2000,1.0,0.06060606060606061,306,1155,2.428421858906746,99fc6ef526bc821b82a48435c0a11457653382b1512fd893fda45260071da58a
E1,jpeg_compression,1,clean_to_clean,0.01,1.0,,6,0,11.799999999999999,2000,1.0,0.06060606060606061,306,1155,2.428421858906746,99fc6ef526bc821b82a48435c0a11457653382b1512fd893fda45260071da58a
E1,jpeg_compression,1,clean_to_clean,0.01,1.0,,7,0,11.799999999999999,2000,1.0,0.06060606060606061,306,1155,2.428421858906746,99fc6ef526bc821b82a48435c0a11457653382b1512fd893fda45260071da58a
E1,jpeg_compression,1,clean_to_clean,0.01,1.0,,8,0,11.799999999999999,2000,1.0,0.06060606060606061,306,1155,2.428421858906746,99fc6ef526bc821b82a48435c0a11457653382b1512fd893fda45260071da58a
E1,jpeg_compression,1,clean_to_clean,0.01,1.0,,9,0,11.799999999999999,2000,1.0,0.06060606060606061,306,1155,2.428421858906746,99fc6ef526bc821b82a48435c0a11457653382b1512fd893fda45260071da58a
E1,jpeg_compression,1,clean_to_clean,0.01,1.0,,10,0,11.799999999999999,2000,1.0,0.06060606060606061,306,1155,2.428421858906746,99fc6ef526bc821b82a48435c0a11457653382b1512fd893fda45260071da58a
E1,jpeg_compression,1,clean_to_clean,0.01,1.0,,11,0,11.799999999999999,2000,1.0,0.06060606060606061,306,1155,2.428421858906746,99fc6ef526bc821b82a48435c0a11457653382b1512fd893fda45260071da58a
E1,jpeg_compression,1,clean_to_clean,0.01,1.0,,12,0,11.799999999999999,2000,1.0,0.06060606060606061,306,1155,2.428421858906746,99fc6ef526bc821b82a48435c0a11457653382b1512fd893fda45260071da58a
E1,jpeg_compression,1,clean_to_clean,0.01,1.0,,13,0,11.799999999999999,2000,1.0,0.06060606060606061,306,1155,2.428421858906746,99fc6ef526bc821b82a48435c0a11457653382b1512fd893fda45260071da58a
E1,jpeg_compression,1,clean_to_clean,0.01,1.0,,14,0,11.799999999999999,2000,1.0,0.06060606060606061,306,1155,2.428421858906746,99fc6ef526bc821b82a48435c0a11457653382b1512fd893fda45260071da58a
E1,jpeg_compression,1,clean_to_clean,0.01,1.0,,15,0,11.799999999999999,2000,1.0,0.06060606060606061,306,1155,2.428421858906746,99fc6ef526bc821b82a48435c0a11457653382b1512fd893fda45260071da58a
E1,jpeg_compression,1,full_state,0.01,1.0,,0,0,11.799999999999999,2000,1.0,0.06060606060606061,306,1155,2.428421858906746,99fc6ef526bc821b82a48435c0a11457653382b1512fd893fda45260071da58a
E1,jpeg_compression,1,full_state,0.01,1.0,,1,0,11.799999999999999,2000,1.0,0.06060606060606061,306,1155,2.428421858906746,99fc6ef526bc821b82a48435c0a11457653382b1512fd893fda45260071da58a
E1,jpeg_compression,1,full_state,0.01,1.0,,2,0,11.799999999999999,2000,1.0,0.06060606060606061,306,1155,2.428421858906746,99fc6ef526bc821b82a48435c0a11457653382b1512fd893fda45260071da58a
E1,jpeg_compression,1,full_state,0.01,1.0,,3,0,11.799999999999999,2000,1.0,0.06060606060606061,306,1155,2.428421858906746,99fc6ef526bc821b82a48435c0a11457653382b1512fd893fda45260071da58a
E1,jpeg_compression,1,full_state,0.01,1.0,,4,0,11.799999999999999,2000,1.0,0.06060606060606061,306,1155,2.428421858906746,99fc6ef526bc821b82a48435c0a11457653382b1512fd893fda45260071da58a
E1,jpeg_compression,1,full_state,0.01,1.0,,5,0,11.799999999999999,2000,1.0,0.06060606060606061,306,1155,2.428421858906746,99fc6ef526bc821b82a48435c0a11457653382b1512fd893fda45260071da58a
E1,jpeg_compression,1,full_state,0.01,1.0,,6,0,11.799999999999999,2000,1.0,0.06060606060606061,306,1155,2.428421858906746,99fc6ef526bc821b82a48435c0a11457653382b1512fd893fda45260071da58a
E1,jpeg_compression,1,full_state,0.01,1.0,,7,0,11.799999999999999,2000,1.0,0.06060606060606061,306,1155,2.428421858906746,99fc6ef526bc821b82a48435c0a11457653382b1512fd893fda45260071da58a
E1,jpeg_compression,1,full_state,0.01,1.0,,8,0,11.799999999999999,2000,1.0,0.06060606060606061,306,1155,2.428421858906746,99fc6ef526bc821b82a48435c0a11457653382b1512fd893fda45260071da58a
E1,jpeg_compression,1,full_state,0.01,1.0,,9,0,11.799999999999999,2000,1.0,0.06060606060606061,306,1155,2.428421858906746,99fc6ef526bc821b82a48435c0a11457653382b1512fd893fda45260071da58a
E1,jpeg_compression,1,full_state,0.01,1.0,,10,0,11.799999999999999,2000,1.0,0.06060606060606061,306,1155,2.428421858906746,99fc6ef526bc821b82a48435c0a11457653382b1512fd893fda45260071da58a
E1,jpeg_compression,1,full_state,0.01,1.0,,11,0,11.799999999999999,2000,1.0,0.06060606060606061,306,1155,2.428421858906746,99fc6ef526bc821b82a48435c0a11457653382b1512fd893fda45260071da58a
E1,jpeg_compression,1,full_state,0.01,1.0,,12,0,11.799999999999999,2000,1.0,0.06060606060606061,306,1155,2.428421858906746,99fc6ef526bc821b82a48435c0a11457653382b1512fd893fda45260071da58a
E1,jpeg_compression,1,full_state,0.01,1.0,,13,0,11.799999999999999,2000,1.0,0.06060606060606061,306,1155,2.428421858906746,99fc6ef526bc821b82a48435c0a11457653382b1512fd893fda45260071da58a
E1,jpeg_compression,1,full_state,0.01,1.0,,14,0,11.799999999999999,2000,1.0,0.06060606060606061,306,1155,2.428421858906746,99fc6ef526bc821b82a48435c0a11457653382b1512fd893fda45260071da58a
E1,jpeg_compression,1,full_state,0.01,1.0,,15,0,11.799999999999999,2000,1.0,0.06060606060606061,306,1155,2.428421858906746,99fc6ef526bc821b82a48435c0a11457653382b1512fd893fda45260071da58a
E1,jpeg_compression,1,random_direction,0.01,1.0,,0,0,0.04999999999999449,2000,0.006535947712418301,0.003463203463203463,306,1155,-0.002149301886558533,99fc6ef526bc821b82a48435c0a11457653382b1512fd893fda45260071da58a
E1,jpeg_compression,1,random_direction,0.01,1.0,,1,0,-0.050000000000005596,2000,0.00980392156862745,0.004329004329004329,306,1155,-0.0013843275904655457,99fc6ef526bc821b82a48435c0a11457653382b1512fd893fda45260071da58a
E1,jpeg_compression,1,random_direction,0.01,1.0,,2,0,0.04999999999999449,2000,0.00980392156862745,0.003463203463203463,306,1155,-0.0020089359879493715,99fc6ef526bc821b82a48435c0a11457653382b1512fd893fda45260071da58a
E1,jpeg_compression,1,random_direction,0.01,1.0,,3,0,0.0,2000,0.016339869281045753,0.006926406926406926,306,1155,-0.000593575119972229,99fc6ef526bc821b82a48435c0a11457653382b1512fd893fda45260071da58a
E1,jpeg_compression,1,random_direction,0.01,1.0,,4,0,-0.050000000000005596,2000,0.0196078431372549,0.007792207792207792,306,1155,-0.006354965150356293,99fc6ef526bc821b82a48435c0a11457653382b1512fd893fda45260071da58a
E1,jpeg_compression,1,random_direction,0.01,1.0,,5,0,-0.15000000000000568,2000,0.016339869281045753,0.009523809523809525,306,1155,-0.005022521495819092,99fc6ef526bc821b82a48435c0a11457653382b1512fd893fda45260071da58a
E1,jpeg_compression,1,random_direction,0.01,1.0,,6,0,0.0,2000,0.0196078431372549,0.007792207792207792,306,1155,-0.000577963650226593,99fc6ef526bc821b82a48435c0a11457653382b1512fd893fda45260071da58a
E1,jpeg_compression,1,random_direction,0.01,1.0,,7,0,-0.20000000000000018,2000,0.0032679738562091504,0.005194805194805195,306,1155,-0.003465449810028076,99fc6ef526bc821b82a48435c0a11457653382b1512fd893fda45260071da58a
E1,jpeg_compression,1,random_direction,0.01,1.0,,8,0,0.14999999999999458,2000,0.0196078431372549,0.004329004329004329,306,1155,-0.0016926231384277344,99fc6ef526bc821b82a48435c0a11457653382b1512fd893fda45260071da58a
E1,jpeg_compression,1,random_direction,0.01,1.0,,9,0,-0.050000000000005596,2000,0.006535947712418301,0.004329004329004329,306,1155,-0.00228996878862381,99fc6ef526bc821b82a48435c0a11457653382b1512fd893fda45260071da58a
E1,jpeg_compression,1,random_direction,0.01,1.0,,10,0,-0.050000000000005596,2000,0.006535947712418301,0.003463203463203463,306,1155,-0.0003088150024414062,99fc6ef526bc821b82a48435c0a11457653382b1512fd893fda45260071da58a
E1,jpeg_compression,1,random_direction,0.01,1.0,,11,0,0.0,2000,0.00980392156862745,0.003463203463203463,306,1155,0.0031541560888290405,99fc6ef526bc821b82a48435c0a11457653382b1512fd893fda45260071da58a
E1,jpeg_compression,1,random_direction,0.01,1.0,,12,0,-0.050000000000005596,2000,0.013071895424836602,0.005194805194805195,306,1155,6.187987327575684e-05,99fc6ef526bc821b82a48435c0a11457653382b1512fd893fda45260071da58a
E1,jpeg_compression,1,random_direction,0.01,1.0,,13,0,-0.050000000000005596,2000,0.006535947712418301,0.004329004329004329,306,1155,-0.0021231489777565004,99fc6ef526bc821b82a48435c0a11457653382b1512fd893fda45260071da58a
E1,jpeg_compression,1,random_direction,0.01,1.0,,14,0,0.10000000000000009,2000,0.013071895424836602,0.0017316017316017316,306,1155,-0.0014794427156448364,99fc6ef526bc821b82a48435c0a11457653382b1512fd893fda45260071da58a
E1,jpeg_compression,1,random_direction,0.01,1.0,,15,0,0.10000000000000009,2000,0.00980392156862745,0.0008658008658008658,306,1155,-0.00019400805234909057,99fc6ef526bc821b82a48435c0a11457653382b1512fd893fda45260071da58a
E1,jpeg_compression,1,shuffled_donor,0.01,1.0,,0,0,-0.40000000000000036,2000,0.06209150326797386,0.025108225108225107,306,1155,-0.0653153606057167,99fc6ef526bc821b82a48435c0a11457653382b1512fd893fda45260071da58a
E1,jpeg_compression,1,shuffled_donor,0.01,1.0,,1,0,-0.2500000000000058,2000,0.049019607843137254,0.019913419913419914,306,1155,-0.03669953167438507,99fc6ef526bc821b82a48435c0a11457653382b1512fd893fda45260071da58a
E1,jpeg_compression,1,shuffled_donor,0.01,1.0,,2,0,-0.050000000000005596,2000,0.042483660130718956,0.01645021645021645,306,1155,-0.02700584203004837,99fc6ef526bc821b82a48435c0a11457653382b1512fd893fda45260071da58a
E1,jpeg_compression,1,shuffled_donor,0.01,1.0,,3,0,0.30000000000000027,2000,0.05555555555555555,0.01471861471861472,306,1155,-0.017559761226177216,99fc6ef526bc821b82a48435c0a11457653382b1512fd893fda45260071da58a
E1,jpeg_compression,1,shuffled_donor,0.01,1.0,,4,0,0.24999999999999467,2000,0.058823529411764705,0.017316017316017316,306,1155,-0.007456114172935486,99fc6ef526bc821b82a48435c0a11457653382b1512fd893fda45260071da58a
E1,jpeg_compression,1,shuffled_donor,0.01,1.0,,5,0,-0.050000000000005596,2000,0.042483660130718956,0.01645021645021645,306,1155,-0.0031232024431228638,99fc6ef526bc821b82a48435c0a11457653382b1512fd893fda45260071da58a
E1,jpeg_compression,1,shuffled_donor,0.01,1.0,,6,0,0.14999999999999458,2000,0.0457516339869281,0.017316017316017316,306,1155,0.006871917068958283,99fc6ef526bc821b82a48435c0a11457653382b1512fd893fda45260071da58a
E1,jpeg_compression,1,shuffled_donor,0.01,1.0,,7,0,-0.050000000000005596,2000,0.05228758169934641,0.021645021645021644,306,1155,-0.018020456612110138,99fc6ef526bc821b82a48435c0a11457653382b1512fd893fda45260071da58a
E1,jpeg_compression,1,shuffled_donor,0.01,1.0,,8,0,0.04999999999999449,2000,0.042483660130718956,0.017316017316017316,306,1155,-0.03016880065202713,99fc6ef526bc821b82a48435c0a11457653382b1512fd893fda45260071da58a
E1,jpeg_compression,1,shuffled_donor,0.01,1.0,,9,0,-0.10000000000000009,2000,0.029411764705882353,0.017316017316017316,306,1155,-0.027881134033203126,99fc6ef526bc821b82a48435c0a11457653382b1512fd893fda45260071da58a
E1,jpeg_compression,1,shuffled_donor,0.01,1.0,,10,0,0.14999999999999458,2000,0.042483660130718956,0.017316017316017316,306,1155,-0.028379295885562896,99fc6ef526bc821b82a48435c0a11457653382b1512fd893fda45260071da58a
E1,jpeg_compression,1,shuffled_donor,0.01,1.0,,11,0,0.14999999999999458,2000,0.049019607843137254,0.01645021645021645,306,1155,-0.03163007116317749,99fc6ef526bc821b82a48435c0a11457653382b1512fd893fda45260071da58a
E1,jpeg_compression,1,shuffled_donor,0.01,1.0,,12,0,-0.050000000000005596,2000,0.0392156862745098,0.017316017316017316,306,1155,-0.04368735295534134,99fc6ef526bc821b82a48435c0a11457653382b1512fd893fda45260071da58a
E1,jpeg_compression,1,shuffled_donor,0.01,1.0,,13,0,0.10000000000000009,2000,0.05555555555555555,0.021645021645021644,306,1155,-0.023666288793087006,99fc6ef526bc821b82a48435c0a11457653382b1512fd893fda45260071da58a
E1,jpeg_compression,1,shuffled_donor,0.01,1.0,,14,0,0.5000000000000004,2000,0.0392156862745098,0.007792207792207792,306,1155,-0.02964361619949341,99fc6ef526bc821b82a48435c0a11457653382b1512fd893fda45260071da58a
E1,jpeg_compression,1,shuffled_donor,0.01,1.0,,15,0,0.20000000000000018,2000,0.02287581699346405,0.006926406926406926,306,1155,-0.032012748181819914,99fc6ef526bc821b82a48435c0a11457653382b1512fd893fda45260071da58a
E1,jpeg_compression,3,partial_channel,0.01,1.0,,0,0,0.5000000000000004,2000,0.031496062992125984,0.005519779208831647,381,1087,0.05577911674976349,99fc6ef526bc821b82a48435c0a11457653382b1512fd893fda45260071da58a
E1,jpeg_compression,3,partial_channel,0.01,1.0,,0,1,-0.14999999999999458,2000,0.005249343832020997,0.005519779208831647,381,1087,0.012823155343532563,99fc6ef526bc821b82a48435c0a11457653382b1512fd893fda45260071da58a
E1,jpeg_compression,3,partial_channel,0.01,1.0,,0,2,0.35000000000000586,2000,0.031496062992125984,0.00827966881324747,381,1087,0.038179673314094546,99fc6ef526bc821b82a48435c0a11457653382b1512fd893fda45260071da58a
E1,jpeg_compression,3,partial_channel,0.01,1.0,,0,3,0.35000000000000586,2000,0.03674540682414698,0.00827966881324747,381,1087,0.03460961323976517,99fc6ef526bc821b82a48435c0a11457653382b1512fd893fda45260071da58a
E1,jpeg_compression,3,partial_channel,0.01,1.0,,0,4,0.15000000000000568,2000,0.023622047244094488,0.007359705611775529,381,1087,0.034611899733543394,99fc6ef526bc821b82a48435c0a11457653382b1512fd893fda45260071da58a
E1,jpeg_compression,3,partial_channel,0.05,1.0,,0,0,0.30000000000000027,2000,0.06299212598425197,0.022999080036798528,381,1087,0.16859648460149765,99fc6ef526bc821b82a48435c0a11457653382b1512fd893fda45260071da58a
E1,jpeg_compression,3,partial_channel,0.05,1.0,,0,1,0.30000000000000027,2000,0.06561679790026247,0.022999080036798528,381,1087,0.145845537006855,99fc6ef526bc821b82a48435c0a11457653382b1512fd893fda45260071da58a
E1,jpeg_compression,3,partial_channel,0.05,1.0,,0,2,0.9000000000000008,2000,0.09186351706036745,0.021159153633854646,381,1087,0.1838794170022011,99fc6ef526bc821b82a48435c0a11457653382b1512fd893fda45260071da58a
E1,jpeg_compression,3,partial_channel,0.05,1.0,,0,3,0.2500000000000058,2000,0.05774278215223097,0.017479300827966882,381,1087,0.14704125332832335,99fc6ef526bc821b82a48435c0a11457653382b1512fd893fda45260071da58a
E1,jpeg_compression,3,partial_channel,0.05,1.0,,0,4,0.8000000000000007,2000,0.07086614173228346,0.015639374425023,381,1087,0.1635527383685112,99fc6ef526bc821b82a48435c0a11457653382b1512fd893fda45260071da58a
E1,jpeg_compression,3,partial_channel,0.1,1.0,,0,0,1.0000000000000009,2000,0.08923884514435695,0.020239190432382703,381,1087,0.2730648539066315,99fc6ef526bc821b82a48435c0a11457653382b1512fd893fda45260071da58a
E1,jpeg_compression,3,partial_channel,0.1,1.0,,0,1,0.7500000000000062,2000,0.10498687664041995,0.03403863845446182,381,1087,0.23379959213733673,99fc6ef526bc821b82a48435c0a11457653382b1512fd893fda45260071da58a
E1,jpeg_compression,3,partial_channel,0.1,1.0,,0,2,1.7000000000000015,2000,0.14960629921259844,0.031278748850046,381,1087,0.46342086637020113,99fc6ef526bc821b82a48435c0a11457653382b1512fd893fda45260071da58a
E1,jpeg_compression,3,partial_channel,0.1,1.0,,0,3,1.3000000000000012,2000,0.12073490813648294,0.027598896044158234,381,1087,0.3200419583320618,99fc6ef526bc821b82a48435c0a11457653382b1512fd893fda45260071da58a
E1,jpeg_compression,3,partial_channel,0.1,1.0,,0,4,0.6500000000000061,2000,0.07874015748031496,0.022999080036798528,381,1087,0.245637730717659,99fc6ef526bc821b82a48435c0a11457653382b1512fd893fda45260071da58a
E1,jpeg_compression,3,partial_channel,0.2,1.0,,0,0,2.1499999999999964,2000,0.16010498687664043,0.028518859245630176,381,1087,0.5061434257030487,99fc6ef526bc821b82a48435c0a11457653382b1512fd893fda45260071da58a
E1,jpeg_compression,3,partial_channel,0.2,1.0,,0,1,2.4499999999999966,2000,0.1968503937007874,0.03771849126034959,381,1087,0.5558721215128899,99fc6ef526bc821b82a48435c0a11457653382b1512fd893fda45260071da58a
E1,jpeg_compression,3,partial_channel,0.2,1.0,,0,2,3.400000000000003,2000,0.2204724409448819,0.027598896044158234,381,1087,0.750430862903595,99fc6ef526bc821b82a48435c0a11457653382b1512fd893fda45260071da58a
E1,jpeg_compression,3,partial_channel,0.2,1.0,,0,3,3.200000000000003,2000,0.2283464566929134,0.03679852805887764,381,1087,0.6978970167040824,99fc6ef526bc821b82a48435c0a11457653382b1512fd893fda45260071da58a
E1,jpeg_compression,3,partial_channel,0.2,1.0,,0,4,3.200000000000003,2000,0.2152230971128609,0.031278748850046,381,1087,0.6826366903185844,99fc6ef526bc821b82a48435c0a11457653382b1512fd893fda45260071da58a
E1,jpeg_compression,3,partial_channel,0.01,1.0,,1,0,0.40000000000000036,2000,0.026246719160104987,0.005519779208831647,381,1087,0.04829398053884506,99fc6ef526bc821b82a48435c0a11457653382b1512fd893fda45260071da58a
E1,jpeg_compression,3,partial_channel,0.01,1.0,,1,1,0.15000000000000568,2000,0.03937007874015748,0.015639374425023,381,1087,0.056711664497852324,99fc6ef526bc821b82a48435c0a11457653382b1512fd893fda45260071da58a
E1,jpeg_compression,3,partial_channel,0.01,1.0,,1,2,0.30000000000000027,2000,0.028871391076115485,0.00827966881324747,381,1087,0.034607909202575685,99fc6ef526bc821b82a48435c0a11457653382b1512fd893fda45260071da58a
E1,jpeg_compression,3,partial_channel,0.01,1.0,,1,3,0.20000000000000018,2000,0.031496062992125984,0.00919963201471941,381,1087,0.03408695906400681,99fc6ef526bc821b82a48435c0a11457653382b1512fd893fda45260071da58a
E1,jpeg_compression,3,partial_channel,0.01,1.0,,1,4,0.30000000000000027,2000,0.026246719160104987,0.00827966881324747,381,1087,0.036593748271465304,99fc6ef526bc821b82a48435c0a11457653382b1512fd893fda45260071da58a
E1,jpeg_compression,3,partial_channel,0.05,1.0,,1,0,0.8500000000000063,2000,0.07611548556430446,0.01655933762649494,381,1087,0.17176252603530884,99fc6ef526bc821b82a48435c0a11457653382b1512fd893fda45260071da58a
E1,jpeg_compression,3,partial_channel,0.05,1.0,,1,1,1.6000000000000014,2000,0.11023622047244094,0.020239190432382703,381,1087,0.2223314163684845,99fc6ef526bc821b82a48435c0a11457653382b1512fd893fda45260071da58a
E1,jpeg_compression,3,partial_channel,0.05,1.0,,1,2,0.550000000000006,2000,0.06299212598425197,0.01655933762649494,381,1087,0.1524974622130394,99fc6ef526bc821b82a48435c0a11457653382b1512fd893fda45260071da58a
E1,jpeg_compression,3,partial_channel,0.05,1.0,,1,3,0.7000000000000006,2000,0.07086614173228346,0.015639374425023,381,1087,0.1770760338306427,99fc6ef526bc821b82a48435c0a11457653382b1512fd893fda45260071da58a
E1,jpeg_compression,3,partial_channel,0.05,1.0,,1,4,0.6000000000000005,2000,0.07349081364829396,0.02207911683532659,381,1087,0.1811531122326851,99fc6ef526bc821b82a48435c0a11457653382b1512fd893fda45260071da58a
E1,jpeg_compression,3,partial_channel,0.1,1.0,,1,0,1.4500000000000068,2000,0.10761154855643044,0.021159153633854646,381,1087,0.30487438398599626,99fc6ef526bc821b82a48435c0a11457653382b1512fd893fda45260071da58a
E1,jpeg_compression,3,partial_channel,0.1,1.0,,1,1,1.8000000000000016,2000,0.12860892388451445,0.025758969641214352,381,1087,0.32858724117279053,99fc6ef526bc821b82a48435c0a11457653382b1512fd893fda45260071da58a
E1,jpeg_compression,3,partial_channel,0.1,1.0,,1,2,1.4500000000000068,2000,0.14435695538057744,0.031278748850046,381,1087,0.3925571553707123,99fc6ef526bc821b82a48435c0a11457653382b1512fd893fda45260071da58a
E1,jpeg_compression,3,partial_channel,0.1,1.0,,1,3,1.6000000000000014,2000,0.12598425196850394,0.029438822447102116,381,1087,0.3784541755914688,99fc6ef526bc821b82a48435c0a11457653382b1512fd893fda45260071da58a
E1,jpeg_compression,3,partial_channel,0.1,1.0,,1,4,0.7000000000000006,2000,0.07874015748031496,0.021159153633854646,381,1087,0.24138031047582625,99fc6ef526bc821b82a48435c0a11457653382b1512fd893fda45260071da58a
E1,jpeg_compression,3,partial_channel,0.2,1.0,,1,0,2.749999999999997,2000,0.17060367454068243,0.02483900643974241,381,1087,0.5425953828096389,99fc6ef526bc821b82a48435c0a11457653382b1512fd893fda45260071da58a
E1,jpeg_compression,3,partial_channel,0.2,1.0,,1,1,2.9000000000000026,2000,0.2047244094488189,0.04231830726770929,381,1087,0.6686747631430626,99fc6ef526bc821b82a48435c0a11457653382b1512fd893fda45260071da58a
E1,jpeg_compression,3,partial_channel,0.2,1.0,,1,2,2.4499999999999966,2000,0.1889763779527559,0.029438822447102116,381,1087,0.6819392591714859,99fc6ef526bc821b82a48435c0a11457653382b1512fd893fda45260071da58a
E1,jpeg_compression,3,partial_channel,0.2,1.0,,1,3,3.949999999999998,2000,0.23622047244094488,0.02667893284268629,381,1087,0.7863675376176834,99fc6ef526bc821b82a48435c0a11457653382b1512fd893fda45260071da58a
E1,jpeg_compression,3,partial_channel,0.2,1.0,,1,4,3.3499999999999974,2000,0.2073490813648294,0.02667893284268629,381,1087,0.6410120704770088,99fc6ef526bc821b82a48435c0a11457653382b1512fd893fda45260071da58a
E1,jpeg_compression,3,partial_channel,0.01,1.0,,2,0,0.2500000000000058,2000,0.02099737532808399,0.006439742410303588,381,1087,0.0427614409327507,99fc6ef526bc821b82a48435c0a11457653382b1512fd893fda45260071da58a
E1,jpeg_compression,3,partial_channel,0.01,1.0,,2,1,0.0,2000,0.03412073490813648,0.014719411223551058,381,1087,0.03128084099292755,99fc6ef526bc821b82a48435c0a11457653382b1512fd893fda45260071da58a
E1,jpeg_compression,3,partial_channel,0.01,1.0,,2,2,0.10000000000000009,2000,0.023622047244094488,0.007359705611775529,381,1087,0.031258772671222686,99fc6ef526bc821b82a48435c0a11457653382b1512fd893fda45260071da58a
E1,jpeg_compression,3,partial_channel,0.01,1.0,,2,3,0.20000000000000018,2000,0.026246719160104987,0.00827966881324747,381,1087,0.03477781254053116,99fc6ef526bc821b82a48435c0a11457653382b1512fd893fda45260071da58a
E1,jpeg_compression,3,partial_channel,0.01,1.0,,2,4,0.2500000000000058,2000,0.023622047244094488,0.006439742410303588,381,1087,0.033904875934123994,99fc6ef526bc821b82a48435c0a11457653382b1512fd893fda45260071da58a
E1,jpeg_compression,3,partial_channel,0.05,1.0,,2,0,1.100000000000001,2000,0.08661417322834646,0.017479300827966882,381,1087,0.17660066509246827,99fc6ef526bc821b82a48435c0a11457653382b1512fd893fda45260071da58a
E1,jpeg_compression,3,partial_channel,0.05,1.0,,2,1,0.7000000000000006,2000,0.08661417322834646,0.02667893284268629,381,1087,0.16776244676113128,99fc6ef526bc821b82a48435c0a11457653382b1512fd893fda45260071da58a
E1,jpeg_compression,3,partial_channel,0.05,1.0,,2,2,0.7000000000000006,2000,0.07874015748031496,0.017479300827966882,381,1087,0.15068055498600005,99fc6ef526bc821b82a48435c0a11457653382b1512fd893fda45260071da58a
E1,jpeg_compression,3,partial_channel,0.05,1.0,,2,3,0.8500000000000063,2000,0.07611548556430446,0.015639374425023,381,1087,0.16544766932725907,99fc6ef526bc821b82a48435c0a11457653382b1512fd893fda45260071da58a
E1,jpeg_compression,3,partial_channel,0.05,1.0,,2,4,0.6000000000000005,2000,0.07349081364829396,0.019319227230910764,381,1087,0.15744500279426574,99fc6ef526bc821b82a48435c0a11457653382b1512fd893fda45260071da58a
E1,jpeg_compression,3,partial_channel,0.1,1.0,,2,0,1.650000000000007,2000,0.11548556430446194,0.020239190432382703,381,1087,0.2994295234680176,99fc6ef526bc821b82a48435c0a11457653382b1512fd893fda45260071da58a
E1,jpeg_compression,3,partial_channel,0.1,1.0,,2,1,1.1500000000000066,2000,0.11548556430446194,0.03219871205151794,381,1087,0.2573264144062996,99fc6ef526bc821b82a48435c0a11457653382b1512fd893fda45260071da58a
E1,jpeg_compression,3,partial_channel,0.1,1.0,,2,2,1.3000000000000012,2000,0.12860892388451445,0.02667893284268629,381,1087,0.38635386103391645,99fc6ef526bc821b82a48435c0a11457653382b1512fd893fda45260071da58a
E1,jpeg_compression,3,partial_channel,0.1,1.0,,2,3,1.4000000000000012,2000,0.11286089238845144,0.022999080036798528,381,1087,0.32905363190174103,99fc6ef526bc821b82a48435c0a11457653382b1512fd893fda45260071da58a
E1,jpeg_compression,3,partial_channel,0.1,1.0,,2,4,1.0000000000000009,2000,0.09448818897637795,0.021159153633854646,381,1087,0.2512945834994316,99fc6ef526bc821b82a48435c0a11457653382b1512fd893fda45260071da58a
E1,jpeg_compression,3,partial_channel,0.2,1.0,,2,0,2.0000000000000018,2000,0.16272965879265092,0.034958601655933765,381,1087,0.5487211205363274,99fc6ef526bc821b82a48435c0a11457653382b1512fd893fda45260071da58a
E1,jpeg_compression,3,partial_channel,0.2,1.0,,2,1,2.300000000000002,2000,0.1942257217847769,0.045998160073597055,381,1087,0.5827991991043091,99fc6ef526bc821b82a48435c0a11457653382b1512fd893fda45260071da58a
E1,jpeg_compression,3,partial_channel,0.2,1.0,,2,2,3.1499999999999972,2000,0.2020997375328084,0.02667893284268629,381,1087,0.6691719559431076,99fc6ef526bc821b82a48435c0a11457653382b1512fd893fda45260071da58a
E1,jpeg_compression,3,partial_channel,0.2,1.0,,2,3,3.300000000000003,2000,0.2152230971128609,0.027598896044158234,381,1087,0.681624428331852,99fc6ef526bc821b82a48435c0a11457653382b1512fd893fda45260071da58a
E1,jpeg_compression,3,partial_channel,0.2,1.0,,2,4,2.949999999999997,2000,0.2099737532808399,0.029438822447102116,381,1087,0.6320785185694695,99fc6ef526bc821b82a48435c0a11457653382b1512fd893fda45260071da58a
E1,jpeg_compression,3,partial_channel,0.01,1.0,,3,0,-0.20000000000000018,2000,0.01837270341207349,0.012879484820607176,381,1087,0.02110052156448364,99fc6ef526bc821b82a48435c0a11457653382b1512fd893fda45260071da58a
E1,jpeg_compression,3,partial_channel,0.01,1.0,,3,1,0.10000000000000009,2000,0.023622047244094488,0.007359705611775529,381,1087,0.009806957364082337,99fc6ef526bc821b82a48435c0a11457653382b1512fd893fda45260071da58a
E1,jpeg_compression,3,partial_channel,0.01,1.0,,3,2,-0.14999999999999458,2000,0.013123359580052493,0.010119595216191352,381,1087,0.03001694846153259,99fc6ef526bc821b82a48435c0a11457653382b1512fd893fda45260071da58a
E1,jpeg_compression,3,partial_channel,0.01,1.0,,3,3,0.0,2000,0.01837270341207349,0.00919963201471941,381,1087,0.024083890557289125,99fc6ef526bc821b82a48435c0a11457653382b1512fd893fda45260071da58a
E1,jpeg_compression,3,partial_channel,0.01,1.0,,3,4,0.2500000000000058,2000,0.023622047244094488,0.007359705611775529,381,1087,0.028973561108112337,99fc6ef526bc821b82a48435c0a11457653382b1512fd893fda45260071da58a
E1,jpeg_compression,3,partial_channel,0.05,1.0,,3,0,0.7000000000000006,2000,0.07349081364829396,0.01839926402943882,381,1087,0.1576274272799492,99fc6ef526bc821b82a48435c0a11457653382b1512fd893fda45260071da58a
E1,jpeg_compression,3,partial_channel,0.05,1.0,,3,1,0.6500000000000061,2000,0.09711286089238845,0.031278748850046,381,1087,0.1634098066687584,99fc6ef526bc821b82a48435c0a11457653382b1512fd893fda45260071da58a
E1,jpeg_compression,3,partial_channel,0.05,1.0,,3,2,0.7000000000000006,2000,0.07611548556430446,0.02207911683532659,381,1087,0.16937300401926042,99fc6ef526bc821b82a48435c0a11457653382b1512fd893fda45260071da58a
E1,jpeg_compression,3,partial_channel,0.05,1.0,,3,3,1.3500000000000068,2000,0.11023622047244094,0.019319227230910764,381,1087,0.2150067502260208,99fc6ef526bc821b82a48435c0a11457653382b1512fd893fda45260071da58a
E1,jpeg_compression,3,partial_channel,0.05,1.0,,3,4,1.100000000000001,2000,0.09186351706036745,0.020239190432382703,381,1087,0.1098607059121132,99fc6ef526bc821b82a48435c0a11457653382b1512fd893fda45260071da58a
E1,jpeg_compression,3,partial_channel,0.1,1.0,,3,0,0.550000000000006,2000,0.11286089238845144,0.035878564857405704,381,1087,0.2320121841430664,99fc6ef526bc821b82a48435c0a11457653382b1512fd893fda45260071da58a
E1,jpeg_compression,3,partial_channel,0.1,1.0,,3,1,1.8500000000000072,2000,0.15223097112860892,0.03219871205151794,381,1087,0.3978661575913429,99fc6ef526bc821b82a48435c0a11457653382b1512fd893fda45260071da58a
E1,jpeg_compression,3,partial_channel,0.1,1.0,,3,2,1.750000000000007,2000,0.14173228346456693,0.025758969641214352,381,1087,0.3946794577240944,99fc6ef526bc821b82a48435c0a11457653382b1512fd893fda45260071da58a
E1,jpeg_compression,3,partial_channel,0.1,1.0,,3,3,2.3499999999999965,2000,0.18635170603674542,0.03035878564857406,381,1087,0.47075952821969985,99fc6ef526bc821b82a48435c0a11457653382b1512fd893fda45260071da58a
E1,jpeg_compression,3,partial_channel,0.1,1.0,,3,4,1.7000000000000015,2000,0.11548556430446194,0.01839926402943882,381,1087,0.24281249272823333,99fc6ef526bc821b82a48435c0a11457653382b1512fd893fda45260071da58a
E1,jpeg_compression,3,partial_channel,0.2,1.0,,3,0,2.3499999999999965,2000,0.2178477690288714,0.045078196872125116,381,1087,0.5730037299990653,99fc6ef526bc821b82a48435c0a11457653382b1512fd893fda45260071da58a
E1,jpeg_compression,3,partial_channel,0.2,1.0,,3,1,3.2499999999999973,2000,0.23622047244094488,0.034958601655933765,381,1087,0.7191783508658409,99fc6ef526bc821b82a48435c0a11457653382b1512fd893fda45260071da58a
E1,jpeg_compression,3,partial_channel,0.2,1.0,,3,2,3.749999999999998,2000,0.2572178477690289,0.03403863845446182,381,1087,0.7962118231654167,99fc6ef526bc821b82a48435c0a11457653382b1512fd893fda45260071da58a
E1,jpeg_compression,3,partial_channel,0.2,1.0,,3,3,3.4499999999999975,2000,0.24934383202099739,0.035878564857405704,381,1087,0.7068333252072334,99fc6ef526bc821b82a48435c0a11457653382b1512fd893fda45260071da58a
E1,jpeg_compression,3,partial_channel,0.2,1.0,,3,4,3.1499999999999972,2000,0.1994750656167979,0.028518859245630176,381,1087,0.6012500968575477,99fc6ef526bc821b82a48435c0a11457653382b1512fd893fda45260071da58a
E1,jpeg_compression,3,partial_channel,0.01,1.0,,4,0,0.15000000000000568,2000,0.03412073490813648,0.013799448022079117,381,1087,0.032907225370407106,99fc6ef526bc821b82a48435c0a11457653382b1512fd893fda45260071da58a
E1,jpeg_compression,3,partial_channel,0.01,1.0,,4,1,-0.10000000000000009,2000,0.015748031496062992,0.010119595216191352,381,1087,-0.013026737689971923,99fc6ef526bc821b82a48435c0a11457653382b1512fd893fda45260071da58a
E1,jpeg_compression,3,partial_channel,0.01,1.0,,4,2,0.20000000000000018,2000,0.03937007874015748,0.012879484820607176,381,1087,0.03789838969707489,99fc6ef526bc821b82a48435c0a11457653382b1512fd893fda45260071da58a
E1,jpeg_compression,3,partial_channel,0.01,1.0,,4,3,-0.20000000000000018,2000,0.007874015748031496,0.011039558417663294,381,1087,0.014346691191196442,99fc6ef526bc821b82a48435c0a11457653382b1512fd893fda45260071da58a
E1,jpeg_compression,3,partial_channel,0.01,1.0,,4,4,-0.04999999999999449,2000,0.015748031496062992,0.010119595216191352,381,1087,0.027231874346733093,99fc6ef526bc821b82a48435c0a11457653382b1512fd893fda45260071da58a
E1,jpeg_compression,3,partial_channel,0.05,1.0,,4,0,1.9499999999999962,2000,0.15223097112860892,0.02667893284268629,381,1087,0.44603989434242247,99fc6ef526bc821b82a48435c0a11457653382b1512fd893fda45260071da58a
E1,jpeg_compression,3,partial_channel,0.05,1.0,,4,1,0.6500000000000061,2000,0.10498687664041995,0.03035878564857406,381,1087,0.19188810789585115,99fc6ef526bc821b82a48435c0a11457653382b1512fd893fda45260071da58a
E1,jpeg_compression,3,partial_channel,0.05,1.0,,4,2,0.35000000000000586,2000,0.08398950131233596,0.031278748850046,381,1087,0.17395900005102158,99fc6ef526bc821b82a48435c0a11457653382b1512fd893fda45260071da58a
E1,jpeg_compression,3,partial_channel,0.05,1.0,,4,3,-0.04999999999999449,2000,0.06299212598425197,0.03035878564857406,381,1087,0.1432471292614937,99fc6ef526bc821b82a48435c0a11457653382b1512fd893fda45260071da58a
E1,jpeg_compression,3,partial_channel,0.05,1.0,,4,4,0.9000000000000008,2000,0.08923884514435695,0.020239190432382703,381,1087,0.14443173062801362,99fc6ef526bc821b82a48435c0a11457653382b1512fd893fda45260071da58a
E1,jpeg_compression,3,partial_channel,0.1,1.0,,4,0,2.749999999999997,2000,0.2283464566929134,0.03863845446182153,381,1087,0.657671756029129,99fc6ef526bc821b82a48435c0a11457653382b1512fd893fda45260071da58a
E1,jpeg_compression,3,partial_channel,0.1,1.0,,4,1,1.5000000000000013,2000,0.1679790026246719,0.03955841766329347,381,1087,0.4019547672271728,99fc6ef526bc821b82a48435c0a11457653382b1512fd893fda45260071da58a
E1,jpeg_compression,3,partial_channel,0.1,1.0,,4,2,2.400000000000002,2000,0.1679790026246719,0.028518859245630176,381,1087,0.39480697160959244,99fc6ef526bc821b82a48435c0a11457653382b1512fd893fda45260071da58a
E1,jpeg_compression,3,partial_channel,0.1,1.0,,4,3,1.4500000000000068,2000,0.14698162729658792,0.034958601655933765,381,1087,0.4353763175010681,99fc6ef526bc821b82a48435c0a11457653382b1512fd893fda45260071da58a
E1,jpeg_compression,3,partial_channel,0.1,1.0,,4,4,2.100000000000002,2000,0.13648293963254593,0.017479300827966882,381,1087,0.3293499368429184,99fc6ef526bc821b82a48435c0a11457653382b1512fd893fda45260071da58a
E1,jpeg_compression,3,partial_channel,0.2,1.0,,4,0,4.949999999999999,2000,0.34120734908136485,0.04231830726770929,381,1087,0.9917187169194221,99fc6ef526bc821b82a48435c0a11457653382b1512fd893fda45260071da58a
E1,jpeg_compression,3,partial_channel,0.2,1.0,,4,1,3.500000000000003,2000,0.23097112860892388,0.027598896044158234,381,1087,0.6941183152794838,99fc6ef526bc821b82a48435c0a11457653382b1512fd893fda45260071da58a
E1,jpeg_compression,3,partial_channel,0.2,1.0,,4,2,4.300000000000004,2000,0.28083989501312334,0.034958601655933765,381,1087,0.7659095827341079,99fc6ef526bc821b82a48435c0a11457653382b1512fd893fda45260071da58a
E1,jpeg_compression,3,partial_channel,0.2,1.0,,4,3,3.949999999999998,2000,0.2440944881889764,0.031278748850046,381,1087,0.732393677353859,99fc6ef526bc821b82a48435c0a11457653382b1512fd893fda45260071da58a
E1,jpeg_compression,3,partial_channel,0.2,1.0,,4,4,3.400000000000003,2000,0.23622047244094488,0.031278748850046,381,1087,0.7886004725694656,99fc6ef526bc821b82a48435c0a11457653382b1512fd893fda45260071da58a
E1,jpeg_compression,3,partial_channel,0.01,1.0,,5,0,0.2500000000000058,2000,0.03674540682414698,0.011959521619135235,381,1087,0.03727036935091019,99fc6ef526bc821b82a48435c0a11457653382b1512fd893fda45260071da58a
E1,jpeg_compression,3,partial_channel,0.01,1.0,,5,1,-0.20000000000000018,2000,0.015748031496062992,0.011039558417663294,381,1087,-0.0142997927069664,99fc6ef526bc821b82a48435c0a11457653382b1512fd893fda45260071da58a
E1,jpeg_compression,3,partial_channel,0.01,1.0,,5,2,0.050000000000005596,2000,0.03937007874015748,0.014719411223551058,381,1087,0.030026684641838074,99fc6ef526bc821b82a48435c0a11457653382b1512fd893fda45260071da58a
E1,jpeg_compression,3,partial_channel,0.01,1.0,,5,3,-0.20000000000000018,2000,0.010498687664041995,0.011039558417663294,381,1087,0.018499560356140136,99fc6ef526bc821b82a48435c0a11457653382b1512fd893fda45260071da58a
E1,jpeg_compression,3,partial_channel,0.01,1.0,,5,4,-0.20000000000000018,2000,0.007874015748031496,0.00827966881324747,381,1087,0.008301417171955108,99fc6ef526bc821b82a48435c0a11457653382b1512fd893fda45260071da58a
E1,jpeg_compression,3,partial_channel,0.05,1.0,,5,0,2.0499999999999963,2000,0.14173228346456693,0.020239190432382703,381,1087,0.448154726266861,99fc6ef526bc821b82a48435c0a11457653382b1512fd893fda45260071da58a
E1,jpeg_compression,3,partial_channel,0.05,1.0,,5,1,1.0500000000000065,2000,0.12073490813648294,0.029438822447102116,381,1087,0.1978171244263649,99fc6ef526bc821b82a48435c0a11457653382b1512fd893fda45260071da58a
E1,jpeg_compression,3,partial_channel,0.05,1.0,,5,2,0.40000000000000036,2000,0.08398950131233596,0.028518859245630176,381,1087,0.12383818852901458,99fc6ef526bc821b82a48435c0a11457653382b1512fd893fda45260071da58a
E1,jpeg_compression,3,partial_channel,0.05,1.0,,5,3,0.40000000000000036,2000,0.05511811023622047,0.021159153633854646,381,1087,0.13793362176418306,99fc6ef526bc821b82a48435c0a11457653382b1512fd893fda45260071da58a
E1,jpeg_compression,3,partial_channel,0.05,1.0,,5,4,0.7000000000000006,2000,0.06824146981627296,0.017479300827966882,381,1087,0.11870706272125243,99fc6ef526bc821b82a48435c0a11457653382b1512fd893fda45260071da58a
E1,jpeg_compression,3,partial_channel,0.1,1.0,,5,0,2.8000000000000025,2000,0.2178477690288714,0.03403863845446182,381,1087,0.7096489163637161,99fc6ef526bc821b82a48435c0a11457653382b1512fd893fda45260071da58a
E1,jpeg_compression,3,partial_channel,0.1,1.0,,5,1,1.750000000000007,2000,0.16010498687664043,0.031278748850046,381,1087,0.42370455569028853,99fc6ef526bc821b82a48435c0a11457653382b1512fd893fda45260071da58a
E1,jpeg_compression,3,partial_channel,0.1,1.0,,5,2,1.750000000000007,2000,0.15748031496062992,0.03219871205151794,381,1087,0.3405638859272003,99fc6ef526bc821b82a48435c0a11457653382b1512fd893fda45260071da58a
E1,jpeg_compression,3,partial_channel,0.1,1.0,,5,3,1.550000000000007,2000,0.13385826771653545,0.027598896044158234,381,1087,0.4128863453269005,99fc6ef526bc821b82a48435c0a11457653382b1512fd893fda45260071da58a
E1,jpeg_compression,3,partial_channel,0.1,1.0,,5,4,2.0000000000000018,2000,0.13123359580052493,0.019319227230910764,381,1087,0.316210430085659,99fc6ef526bc821b82a48435c0a11457653382b1512fd893fda45260071da58a
E1,jpeg_compression,3,partial_channel,0.2,1.0,,5,0,4.849999999999999,2000,0.3359580052493438,0.040478380864765406,381,1087,1.1010340161323546,99fc6ef526bc821b82a48435c0a11457653382b1512fd893fda45260071da58a
E1,jpeg_compression,3,partial_channel,0.2,1.0,,5,1,3.2499999999999973,2000,0.2335958005249344,0.034958601655933765,381,1087,0.6954474084973336,99fc6ef526bc821b82a48435c0a11457653382b1512fd893fda45260071da58a
E1,jpeg_compression,3,partial_channel,0.2,1.0,,5,2,3.7000000000000033,2000,0.25984251968503935,0.03771849126034959,381,1087,0.6825976586341858,99fc6ef526bc821b82a48435c0a11457653382b1512fd893fda45260071da58a
E1,jpeg_compression,3,partial_channel,0.2,1.0,,5,3,3.500000000000003,2000,0.2204724409448819,0.027598896044158234,381,1087,0.7043689888715744,99fc6ef526bc821b82a48435c0a11457653382b1512fd893fda45260071da58a
E1,jpeg_compression,3,partial_channel,0.2,1.0,,5,4,3.949999999999998,2000,0.25196850393700787,0.03035878564857406,381,1087,0.7765587159395217,99fc6ef526bc821b82a48435c0a11457653382b1512fd893fda45260071da58a
E1,jpeg_compression,3,partial_channel,0.01,1.0,,6,0,0.45000000000000595,2000,0.03937007874015748,0.010119595216191352,381,1087,0.04135916548967362,99fc6ef526bc821b82a48435c0a11457653382b1512fd893fda45260071da58a
E1,jpeg_compression,3,partial_channel,0.01,1.0,,6,1,0.0,2000,0.01837270341207349,0.010119595216191352,381,1087,-0.0001357600688934326,99fc6ef526bc821b82a48435c0a11457653382b1512fd893fda45260071da58a
E1,jpeg_compression,3,partial_channel,0.01,1.0,,6,2,0.20000000000000018,2000,0.03412073490813648,0.010119595216191352,381,1087,0.028425066590309144,99fc6ef526bc821b82a48435c0a11457653382b1512fd893fda45260071da58a
E1,jpeg_compression,3,partial_channel,0.01,1.0,,6,3,0.0,2000,0.023622047244094488,0.011959521619135235,381,1087,0.0329289214015007,99fc6ef526bc821b82a48435c0a11457653382b1512fd893fda45260071da58a
E1,jpeg_compression,3,partial_channel,0.01,1.0,,6,4,0.20000000000000018,2000,0.015748031496062992,0.005519779208831647,381,1087,0.01320513653755188,99fc6ef526bc821b82a48435c0a11457653382b1512fd893fda45260071da58a
E1,jpeg_compression,3,partial_channel,0.05,1.0,,6,0,2.1499999999999964,2000,0.13910761154855644,0.02207911683532659,381,1087,0.49170988500118257,99fc6ef526bc821b82a48435c0a11457653382b1512fd893fda45260071da58a
E1,jpeg_compression,3,partial_channel,0.05,1.0,,6,1,0.8500000000000063,2000,0.11023622047244094,0.029438822447102116,381,1087,0.2183617162704468,99fc6ef526bc821b82a48435c0a11457653382b1512fd893fda45260071da58a
E1,jpeg_compression,3,partial_channel,0.05,1.0,,6,2,0.15000000000000568,2000,0.07611548556430446,0.03035878564857406,381,1087,0.12633074408769607,99fc6ef526bc821b82a48435c0a11457653382b1512fd893fda45260071da58a
E1,jpeg_compression,3,partial_channel,0.05,1.0,,6,3,0.550000000000006,2000,0.08136482939632546,0.02667893284268629,381,1087,0.13627473306655885,99fc6ef526bc821b82a48435c0a11457653382b1512fd893fda45260071da58a
E1,jpeg_compression,3,partial_channel,0.05,1.0,,6,4,0.9000000000000008,2000,0.07874015748031496,0.01655933762649494,381,1087,0.12281577432155609,99fc6ef526bc821b82a48435c0a11457653382b1512fd893fda45260071da58a
E1,jpeg_compression,3,partial_channel,0.1,1.0,,6,0,3.2499999999999973,2000,0.2440944881889764,0.03679852805887764,381,1087,0.7345773074030876,99fc6ef526bc821b82a48435c0a11457653382b1512fd893fda45260071da58a
E1,jpeg_compression,3,partial_channel,0.1,1.0,,6,1,2.200000000000002,2000,0.1784776902887139,0.03403863845446182,381,1087,0.46090997868776323,99fc6ef526bc821b82a48435c0a11457653382b1512fd893fda45260071da58a
E1,jpeg_compression,3,partial_channel,0.1,1.0,,6,2,1.550000000000007,2000,0.14435695538057744,0.03035878564857406,381,1087,0.3407433086633682,99fc6ef526bc821b82a48435c0a11457653382b1512fd893fda45260071da58a
E1,jpeg_compression,3,partial_channel,0.1,1.0,,6,3,1.0000000000000009,2000,0.12335958005249344,0.03403863845446182,381,1087,0.3895357145667076,99fc6ef526bc821b82a48435c0a11457653382b1512fd893fda45260071da58a
E1,jpeg_compression,3,partial_channel,0.1,1.0,,6,4,1.7000000000000015,2000,0.11286089238845144,0.01655933762649494,381,1087,0.3259732311964035,99fc6ef526bc821b82a48435c0a11457653382b1512fd893fda45260071da58a
E1,jpeg_compression,3,partial_channel,0.2,1.0,,6,0,5.149999999999999,2000,0.3359580052493438,0.03771849126034959,381,1087,1.1431281732320786,99fc6ef526bc821b82a48435c0a11457653382b1512fd893fda45260071da58a
E1,jpeg_compression,3,partial_channel,0.2,1.0,,6,1,3.4499999999999975,2000,0.2440944881889764,0.035878564857405704,381,1087,0.731938739001751,99fc6ef526bc821b82a48435c0a11457653382b1512fd893fda45260071da58a
E1,jpeg_compression,3,partial_channel,0.2,1.0,,6,2,3.500000000000003,2000,0.2440944881889764,0.034958601655933765,381,1087,0.6921066154241562,99fc6ef526bc821b82a48435c0a11457653382b1512fd893fda45260071da58a
E1,jpeg_compression,3,partial_channel,0.2,1.0,,6,3,3.500000000000003,2000,0.22572178477690288,0.027598896044158234,381,1087,0.7184360491633415,99fc6ef526bc821b82a48435c0a11457653382b1512fd893fda45260071da58a
E1,jpeg_compression,3,partial_channel,0.2,1.0,,6,4,4.449999999999998,2000,0.2677165354330709,0.02667893284268629,381,1087,0.7840825828909874,99fc6ef526bc821b82a48435c0a11457653382b1512fd893fda45260071da58a
E1,jpeg_compression,3,partial_channel,0.01,1.0,,7,0,0.050000000000005596,2000,0.02099737532808399,0.00827966881324747,381,1087,0.0322138586640358,99fc6ef526bc821b82a48435c0a11457653382b1512fd893fda45260071da58a
E1,jpeg_compression,3,partial_channel,0.01,1.0,,7,1,0.35000000000000586,2000,0.049868766404199474,0.013799448022079117,381,1087,0.06769185936450958,99fc6ef526bc821b82a48435c0a11457653382b1512fd893fda45260071da58a
E1,jpeg_compression,3,partial_channel,0.01,1.0,,7,2,0.050000000000005596,2000,0.02099737532808399,0.006439742410303588,381,1087,0.014788317859172822,99fc6ef526bc821b82a48435c0a11457653382b1512fd893fda45260071da58a
E1,jpeg_compression,3,partial_channel,0.01,1.0,,7,3,-0.34999999999999476,2000,0.028871391076115485,0.01655933762649494,381,1087,0.03924373489618301,99fc6ef526bc821b82a48435c0a11457653382b1512fd893fda45260071da58a
E1,jpeg_compression,3,partial_channel,0.01,1.0,,7,4,0.10000000000000009,2000,0.02099737532808399,0.00827966881324747,381,1087,0.027645049452781678,99fc6ef526bc821b82a48435c0a11457653382b1512fd893fda45260071da58a
E1,jpeg_compression,3,partial_channel,0.05,1.0,,7,0,0.35000000000000586,2000,0.07874015748031496,0.025758969641214352,381,1087,0.11444515264034272,99fc6ef526bc821b82a48435c0a11457653382b1512fd893fda45260071da58a
E1,jpeg_compression,3,partial_channel,0.05,1.0,,7,1,0.550000000000006,2000,0.08661417322834646,0.025758969641214352,381,1087,0.21892921602725982,99fc6ef526bc821b82a48435c0a11457653382b1512fd893fda45260071da58a
E1,jpeg_compression,3,partial_channel,0.05,1.0,,7,2,0.8500000000000063,2000,0.10236220472440945,0.025758969641214352,381,1087,0.299187616109848,99fc6ef526bc821b82a48435c0a11457653382b1512fd893fda45260071da58a
E1,jpeg_compression,3,partial_channel,0.05,1.0,,7,3,0.45000000000000595,2000,0.06824146981627296,0.019319227230910764,381,1087,0.14981386351585388,99fc6ef526bc821b82a48435c0a11457653382b1512fd893fda45260071da58a
E1,jpeg_compression,3,partial_channel,0.05,1.0,,7,4,0.6000000000000005,2000,0.06036745406824147,0.01655933762649494,381,1087,0.16362283104658126,99fc6ef526bc821b82a48435c0a11457653382b1512fd893fda45260071da58a
E1,jpeg_compression,3,partial_channel,0.1,1.0,,7,0,1.200000000000001,2000,0.11811023622047244,0.029438822447102116,381,1087,0.34624591863155363,99fc6ef526bc821b82a48435c0a11457653382b1512fd893fda45260071da58a
E1,jpeg_compression,3,partial_channel,0.1,1.0,,7,1,3.849999999999998,2000,0.28083989501312334,0.035878564857405704,381,1087,0.7240215747952461,99fc6ef526bc821b82a48435c0a11457653382b1512fd893fda45260071da58a
E1,jpeg_compression,3,partial_channel,0.1,1.0,,7,2,3.6499999999999977,2000,0.28083989501312334,0.03955841766329347,381,1087,0.7755569344162941,99fc6ef526bc821b82a48435c0a11457653382b1512fd893fda45260071da58a
E1,jpeg_compression,3,partial_channel,0.1,1.0,,7,3,1.4000000000000012,2000,0.13385826771653545,0.02667893284268629,381,1087,0.33694025564193725,99fc6ef526bc821b82a48435c0a11457653382b1512fd893fda45260071da58a
E1,jpeg_compression,3,partial_channel,0.1,1.0,,7,4,1.550000000000007,2000,0.13385826771653545,0.025758969641214352,381,1087,0.29295835047960284,99fc6ef526bc821b82a48435c0a11457653382b1512fd893fda45260071da58a
E1,jpeg_compression,3,partial_channel,0.2,1.0,,7,0,6.600000000000006,2000,0.4199475065616798,0.04783808647654094,381,1087,1.444785593688488,99fc6ef526bc821b82a48435c0a11457653382b1512fd893fda45260071da58a
E1,jpeg_compression,3,partial_channel,0.2,1.0,,7,1,6.800000000000006,2000,0.4120734908136483,0.03863845446182153,381,1087,1.1955608107447624,99fc6ef526bc821b82a48435c0a11457653382b1512fd893fda45260071da58a
E1,jpeg_compression,3,partial_channel,0.2,1.0,,7,2,4.749999999999998,2000,0.36220472440944884,0.04783808647654094,381,1087,1.1108098359704017,99fc6ef526bc821b82a48435c0a11457653382b1512fd893fda45260071da58a
E1,jpeg_compression,3,partial_channel,0.2,1.0,,7,3,2.4499999999999966,2000,0.2204724409448819,0.04139834406623735,381,1087,0.6436792666912079,99fc6ef526bc821b82a48435c0a11457653382b1512fd893fda45260071da58a
E1,jpeg_compression,3,partial_channel,0.2,1.0,,7,4,2.100000000000002,2000,0.1837270341207349,0.03679852805887764,381,1087,0.6100016856193542,99fc6ef526bc821b82a48435c0a11457653382b1512fd893fda45260071da58a
E1,jpeg_compression,3,partial_channel,0.01,1.0,,8,0,0.0,2000,0.023622047244094488,0.00919963201471941,381,1087,0.043735351502895356,99fc6ef526bc821b82a48435c0a11457653382b1512fd893fda45260071da58a
E1,jpeg_compression,3,partial_channel,0.01,1.0,,8,1,0.550000000000006,2000,0.05511811023622047,0.011959521619135235,381,1087,0.07454504531621933,99fc6ef526bc821b82a48435c0a11457653382b1512fd893fda45260071da58a
E1,jpeg_compression,3,partial_channel,0.01,1.0,,8,2,0.2500000000000058,2000,0.028871391076115485,0.006439742410303588,381,1087,0.02284340888261795,99fc6ef526bc821b82a48435c0a11457653382b1512fd893fda45260071da58a
E1,jpeg_compression,3,partial_channel,0.01,1.0,,8,3,-0.5499999999999949,2000,0.02099737532808399,0.01839926402943882,381,1087,0.03314837050437927,99fc6ef526bc821b82a48435c0a11457653382b1512fd893fda45260071da58a
E1,jpeg_compression,3,partial_channel,0.01,1.0,,8,4,-0.04999999999999449,2000,0.026246719160104987,0.010119595216191352,381,1087,0.02506500256061554,99fc6ef526bc821b82a48435c0a11457653382b1512fd893fda45260071da58a
E1,jpeg_compression,3,partial_channel,0.05,1.0,,8,0,0.550000000000006,2000,0.07349081364829396,0.020239190432382703,381,1087,0.1583274382352829,99fc6ef526bc821b82a48435c0a11457653382b1512fd893fda45260071da58a
E1,jpeg_compression,3,partial_channel,0.05,1.0,,8,1,1.4500000000000068,2000,0.11023622047244094,0.020239190432382703,381,1087,0.23502580213546753,99fc6ef526bc821b82a48435c0a11457653382b1512fd893fda45260071da58a
E1,jpeg_compression,3,partial_channel,0.05,1.0,,8,2,1.0000000000000009,2000,0.10498687664041995,0.022999080036798528,381,1087,0.26337320268154146,99fc6ef526bc821b82a48435c0a11457653382b1512fd893fda45260071da58a
E1,jpeg_compression,3,partial_channel,0.05,1.0,,8,3,0.40000000000000036,2000,0.07611548556430446,0.02391904323827047,381,1087,0.14889703887701033,99fc6ef526bc821b82a48435c0a11457653382b1512fd893fda45260071da58a
E1,jpeg_compression,3,partial_channel,0.05,1.0,,8,4,0.40000000000000036,2000,0.05511811023622047,0.01655933762649494,381,1087,0.14186525487899782,99fc6ef526bc821b82a48435c0a11457653382b1512fd893fda45260071da58a
E1,jpeg_compression,3,partial_channel,0.1,1.0,,8,0,1.5000000000000013,2000,0.13123359580052493,0.029438822447102116,381,1087,0.37353948217630384,99fc6ef526bc821b82a48435c0a11457653382b1512fd893fda45260071da58a
E1,jpeg_compression,3,partial_channel,0.1,1.0,,8,1,4.649999999999999,2000,0.29658792650918636,0.028518859245630176,381,1087,0.8260183802843094,99fc6ef526bc821b82a48435c0a11457653382b1512fd893fda45260071da58a
E1,jpeg_compression,3,partial_channel,0.1,1.0,,8,2,4.049999999999998,2000,0.2782152230971129,0.03311867525298988,381,1087,0.8340014017224312,99fc6ef526bc821b82a48435c0a11457653382b1512fd893fda45260071da58a
E1,jpeg_compression,3,partial_channel,0.1,1.0,,8,3,1.550000000000007,2000,0.13648293963254593,0.02667893284268629,381,1087,0.336940336227417,99fc6ef526bc821b82a48435c0a11457653382b1512fd893fda45260071da58a
E1,jpeg_compression,3,partial_channel,0.1,1.0,,8,4,0.9000000000000008,2000,0.11023622047244094,0.028518859245630176,381,1087,0.2864186595082283,99fc6ef526bc821b82a48435c0a11457653382b1512fd893fda45260071da58a
E1,jpeg_compression,3,partial_channel,0.2,1.0,,8,0,7.750000000000002,2000,0.4776902887139108,0.04875804967801288,381,1087,1.7313407098054885,99fc6ef526bc821b82a48435c0a11457653382b1512fd893fda45260071da58a
E1,jpeg_compression,3,partial_channel,0.2,1.0,,8,1,7.050000000000001,2000,0.4251968503937008,0.035878564857405704,381,1087,1.3191330268979073,99fc6ef526bc821b82a48435c0a11457653382b1512fd893fda45260071da58a
E1,jpeg_compression,3,partial_channel,0.2,1.0,,8,2,6.000000000000005,2000,0.3858267716535433,0.034958601655933765,381,1087,1.1485366327762603,99fc6ef526bc821b82a48435c0a11457653382b1512fd893fda45260071da58a
E1,jpeg_compression,3,partial_channel,0.2,1.0,,8,3,2.2499999999999964,2000,0.1994750656167979,0.03679852805887764,381,1087,0.6448001055121422,99fc6ef526bc821b82a48435c0a11457653382b1512fd893fda45260071da58a
E1,jpeg_compression,3,partial_channel,0.2,1.0,,8,4,1.9000000000000017,2000,0.18110236220472442,0.03955841766329347,381,1087,0.6210402567982674,99fc6ef526bc821b82a48435c0a11457653382b1512fd893fda45260071da58a
E1,jpeg_compression,3,partial_channel,0.01,1.0,,9,0,0.2500000000000058,2000,0.026246719160104987,0.007359705611775529,381,1087,0.03729197293519974,99fc6ef526bc821b82a48435c0a11457653382b1512fd893fda45260071da58a
E1,jpeg_compression,3,partial_channel,0.01,1.0,,9,1,0.40000000000000036,2000,0.049868766404199474,0.011959521619135235,381,1087,0.07294674241542816,99fc6ef526bc821b82a48435c0a11457653382b1512fd893fda45260071da58a
E1,jpeg_compression,3,partial_channel,0.01,1.0,,9,2,0.0,2000,0.015748031496062992,0.007359705611775529,381,1087,0.03349719774723053,99fc6ef526bc821b82a48435c0a11457653382b1512fd893fda45260071da58a
E1,jpeg_compression,3,partial_channel,0.01,1.0,,9,3,-0.5499999999999949,2000,0.02099737532808399,0.017479300827966882,381,1087,0.03135491091012955,99fc6ef526bc821b82a48435c0a11457653382b1512fd893fda45260071da58a
E1,jpeg_compression,3,partial_channel,0.01,1.0,,9,4,0.2500000000000058,2000,0.028871391076115485,0.005519779208831647,381,1087,0.027817569136619567,99fc6ef526bc821b82a48435c0a11457653382b1512fd893fda45260071da58a
E1,jpeg_compression,3,partial_channel,0.05,1.0,,9,0,0.9500000000000064,2000,0.07874015748031496,0.01655933762649494,381,1087,0.16707490414381027,99fc6ef526bc821b82a48435c0a11457653382b1512fd893fda45260071da58a
E1,jpeg_compression,3,partial_channel,0.05,1.0,,9,1,1.550000000000007,2000,0.10498687664041995,0.019319227230910764,381,1087,0.23373207002878188,99fc6ef526bc821b82a48435c0a11457653382b1512fd893fda45260071da58a
E1,jpeg_compression,3,partial_channel,0.05,1.0,,9,2,1.4500000000000068,2000,0.11023622047244094,0.01839926402943882,381,1087,0.2583066259622574,99fc6ef526bc821b82a48435c0a11457653382b1512fd893fda45260071da58a
E1,jpeg_compression,3,partial_channel,0.05,1.0,,9,3,0.20000000000000018,2000,0.06299212598425197,0.022999080036798528,381,1087,0.12938804894685746,99fc6ef526bc821b82a48435c0a11457653382b1512fd893fda45260071da58a
E1,jpeg_compression,3,partial_channel,0.05,1.0,,9,4,0.6500000000000061,2000,0.07086614173228346,0.015639374425023,381,1087,0.14749275922775268,99fc6ef526bc821b82a48435c0a11457653382b1512fd893fda45260071da58a
E1,jpeg_compression,3,partial_channel,0.1,1.0,,9,0,1.550000000000007,2000,0.13648293963254593,0.028518859245630176,381,1087,0.37072161614894866,99fc6ef526bc821b82a48435c0a11457653382b1512fd893fda45260071da58a
E1,jpeg_compression,3,partial_channel,0.1,1.0,,9,1,3.8000000000000034,2000,0.2572178477690289,0.029438822447102116,381,1087,0.8278322765231132,99fc6ef526bc821b82a48435c0a11457653382b1512fd893fda45260071da58a
E1,jpeg_compression,3,partial_channel,0.1,1.0,,9,2,4.249999999999998,2000,0.2887139107611549,0.031278748850046,381,1087,0.8278076946735382,99fc6ef526bc821b82a48435c0a11457653382b1512fd893fda45260071da58a
E1,jpeg_compression,3,partial_channel,0.1,1.0,,9,3,1.200000000000001,2000,0.11811023622047244,0.028518859245630176,381,1087,0.3193430853486061,99fc6ef526bc821b82a48435c0a11457653382b1512fd893fda45260071da58a
E1,jpeg_compression,3,partial_channel,0.1,1.0,,9,4,1.100000000000001,2000,0.11286089238845144,0.025758969641214352,381,1087,0.3057067952156067,99fc6ef526bc821b82a48435c0a11457653382b1512fd893fda45260071da58a
E1,jpeg_compression,3,partial_channel,0.2,1.0,,9,0,8.199999999999996,2000,0.5013123359580053,0.04967801287948482,381,1087,1.701528993487358,99fc6ef526bc821b82a48435c0a11457653382b1512fd893fda45260071da58a
E1,jpeg_compression,3,partial_channel,0.2,1.0,,9,1,7.200000000000006,2000,0.4199475065616798,0.03035878564857406,381,1087,1.351306769669056,99fc6ef526bc821b82a48435c0a11457653382b1512fd893fda45260071da58a
E1,jpeg_compression,3,partial_channel,0.2,1.0,,9,2,6.500000000000005,2000,0.3963254593175853,0.03311867525298988,381,1087,1.1423192648887635,99fc6ef526bc821b82a48435c0a11457653382b1512fd893fda45260071da58a
E1,jpeg_compression,3,partial_channel,0.2,1.0,,9,3,2.2499999999999964,2000,0.1968503937007874,0.03771849126034959,381,1087,0.6408847674131394,99fc6ef526bc821b82a48435c0a11457653382b1512fd893fda45260071da58a
E1,jpeg_compression,3,partial_channel,0.2,1.0,,9,4,2.3499999999999965,2000,0.1837270341207349,0.03219871205151794,381,1087,0.6512761877775193,99fc6ef526bc821b82a48435c0a11457653382b1512fd893fda45260071da58a
E1,jpeg_compression,3,partial_channel,0.01,1.0,,10,0,0.5000000000000004,2000,0.03412073490813648,0.006439742410303588,381,1087,0.03385073161125183,99fc6ef526bc821b82a48435c0a11457653382b1512fd893fda45260071da58a
E1,jpeg_compression,3,partial_channel,0.01,1.0,,10,1,0.5000000000000004,2000,0.047244094488188976,0.011039558417663294,381,1087,0.06628554105758667,99fc6ef526bc821b82a48435c0a11457653382b1512fd893fda45260071da58a
E1,jpeg_compression,3,partial_channel,0.01,1.0,,10,2,0.30000000000000027,2000,0.03412073490813648,0.010119595216191352,381,1087,0.04378205305337906,99fc6ef526bc821b82a48435c0a11457653382b1512fd893fda45260071da58a
E1,jpeg_compression,3,partial_channel,0.01,1.0,,10,3,-0.44999999999999485,2000,0.01837270341207349,0.015639374425023,381,1087,0.041783302903175355,99fc6ef526bc821b82a48435c0a11457653382b1512fd893fda45260071da58a
E1,jpeg_compression,3,partial_channel,0.01,1.0,,10,4,0.10000000000000009,2000,0.013123359580052493,0.0036798528058877645,381,1087,0.02782682180404663,99fc6ef526bc821b82a48435c0a11457653382b1512fd893fda45260071da58a
E1,jpeg_compression,3,partial_channel,0.05,1.0,,10,0,1.1500000000000066,2000,0.08398950131233596,0.015639374425023,381,1087,0.17169442534446716,99fc6ef526bc821b82a48435c0a11457653382b1512fd893fda45260071da58a
E1,jpeg_compression,3,partial_channel,0.05,1.0,,10,1,1.2500000000000067,2000,0.10236220472440945,0.020239190432382703,381,1087,0.21006711274385453,99fc6ef526bc821b82a48435c0a11457653382b1512fd893fda45260071da58a
E1,jpeg_compression,3,partial_channel,0.05,1.0,,10,2,1.5000000000000013,2000,0.11811023622047244,0.01839926402943882,381,1087,0.26417169231176374,99fc6ef526bc821b82a48435c0a11457653382b1512fd893fda45260071da58a
E1,jpeg_compression,3,partial_channel,0.05,1.0,,10,3,0.30000000000000027,2000,0.05774278215223097,0.019319227230910764,381,1087,0.13545720493793487,99fc6ef526bc821b82a48435c0a11457653382b1512fd893fda45260071da58a
E1,jpeg_compression,3,partial_channel,0.05,1.0,,10,4,0.7500000000000062,2000,0.06824146981627296,0.014719411223551058,381,1087,0.15795903730392455,99fc6ef526bc821b82a48435c0a11457653382b1512fd893fda45260071da58a
E1,jpeg_compression,3,partial_channel,0.1,1.0,,10,0,1.8500000000000072,2000,0.14173228346456693,0.022999080036798528,381,1087,0.3788071449995041,99fc6ef526bc821b82a48435c0a11457653382b1512fd893fda45260071da58a
E1,jpeg_compression,3,partial_channel,0.1,1.0,,10,1,4.149999999999999,2000,0.2572178477690289,0.02483900643974241,381,1087,0.8107902667522431,99fc6ef526bc821b82a48435c0a11457653382b1512fd893fda45260071da58a
E1,jpeg_compression,3,partial_channel,0.1,1.0,,10,2,4.300000000000004,2000,0.28346456692913385,0.029438822447102116,381,1087,0.8343907433748246,99fc6ef526bc821b82a48435c0a11457653382b1512fd893fda45260071da58a
E1,jpeg_compression,3,partial_channel,0.1,1.0,,10,3,1.550000000000007,2000,0.12598425196850394,0.02391904323827047,381,1087,0.3250093698501587,99fc6ef526bc821b82a48435c0a11457653382b1512fd893fda45260071da58a
E1,jpeg_compression,3,partial_channel,0.1,1.0,,10,4,1.3500000000000068,2000,0.11023622047244094,0.022999080036798528,381,1087,0.326855139374733,99fc6ef526bc821b82a48435c0a11457653382b1512fd893fda45260071da58a
E1,jpeg_compression,3,partial_channel,0.2,1.0,,10,0,8.150000000000002,2000,0.49343832020997375,0.04415823367065318,381,1087,1.6794335858225822,99fc6ef526bc821b82a48435c0a11457653382b1512fd893fda45260071da58a
E1,jpeg_compression,3,partial_channel,0.2,1.0,,10,1,7.300000000000006,2000,0.4199475065616798,0.028518859245630176,381,1087,1.3351805764436722,99fc6ef526bc821b82a48435c0a11457653382b1512fd893fda45260071da58a
E1,jpeg_compression,3,partial_channel,0.2,1.0,,10,2,6.400000000000006,2000,0.3910761154855643,0.034958601655933765,381,1087,1.147907203435898,99fc6ef526bc821b82a48435c0a11457653382b1512fd893fda45260071da58a
E1,jpeg_compression,3,partial_channel,0.2,1.0,,10,3,2.1499999999999964,2000,0.18110236220472442,0.03311867525298988,381,1087,0.6595733756422997,99fc6ef526bc821b82a48435c0a11457653382b1512fd893fda45260071da58a
E1,jpeg_compression,3,partial_channel,0.2,1.0,,10,4,2.3499999999999965,2000,0.17585301837270342,0.029438822447102116,381,1087,0.6368937721252441,99fc6ef526bc821b82a48435c0a11457653382b1512fd893fda45260071da58a
E1,jpeg_compression,3,partial_channel,0.01,1.0,,11,0,0.15000000000000568,2000,0.023622047244094488,0.00827966881324747,381,1087,0.03159477400779724,99fc6ef526bc821b82a48435c0a11457653382b1512fd893fda45260071da58a
E1,jpeg_compression,3,partial_channel,0.01,1.0,,11,1,0.7000000000000006,2000,0.05774278215223097,0.00919963201471941,381,1087,0.06691457599401474,99fc6ef526bc821b82a48435c0a11457653382b1512fd893fda45260071da58a
E1,jpeg_compression,3,partial_channel,0.01,1.0,,11,2,0.10000000000000009,2000,0.023622047244094488,0.00827966881324747,381,1087,0.04206155902147293,99fc6ef526bc821b82a48435c0a11457653382b1512fd893fda45260071da58a
E1,jpeg_compression,3,partial_channel,0.01,1.0,,11,3,-0.30000000000000027,2000,0.023622047244094488,0.014719411223551058,381,1087,0.045827903807163235,99fc6ef526bc821b82a48435c0a11457653382b1512fd893fda45260071da58a
E1,jpeg_compression,3,partial_channel,0.01,1.0,,11,4,0.10000000000000009,2000,0.01837270341207349,0.006439742410303588,381,1087,0.035972878873348234,99fc6ef526bc821b82a48435c0a11457653382b1512fd893fda45260071da58a
E1,jpeg_compression,3,partial_channel,0.05,1.0,,11,0,1.3500000000000068,2000,0.08661417322834646,0.011039558417663294,381,1087,0.15531876075267792,99fc6ef526bc821b82a48435c0a11457653382b1512fd893fda45260071da58a
E1,jpeg_compression,3,partial_channel,0.05,1.0,,11,1,1.0500000000000065,2000,0.08661417322834646,0.015639374425023,381,1087,0.1940294241309166,99fc6ef526bc821b82a48435c0a11457653382b1512fd893fda45260071da58a
E1,jpeg_compression,3,partial_channel,0.05,1.0,,11,2,1.2500000000000067,2000,0.10236220472440945,0.019319227230910764,381,1087,0.2547240930199623,99fc6ef526bc821b82a48435c0a11457653382b1512fd893fda45260071da58a
E1,jpeg_compression,3,partial_channel,0.05,1.0,,11,3,0.7000000000000006,2000,0.06036745406824147,0.015639374425023,381,1087,0.13295230597257615,99fc6ef526bc821b82a48435c0a11457653382b1512fd893fda45260071da58a
E1,jpeg_compression,3,partial_channel,0.05,1.0,,11,4,0.8000000000000007,2000,0.07086614173228346,0.014719411223551058,381,1087,0.18237490475177764,99fc6ef526bc821b82a48435c0a11457653382b1512fd893fda45260071da58a
E1,jpeg_compression,3,partial_channel,0.1,1.0,,11,0,2.0499999999999963,2000,0.14960629921259844,0.02391904323827047,381,1087,0.3676945329904556,99fc6ef526bc821b82a48435c0a11457653382b1512fd893fda45260071da58a
E1,jpeg_compression,3,partial_channel,0.1,1.0,,11,1,3.9000000000000035,2000,0.2440944881889764,0.021159153633854646,381,1087,0.7848424644470214,99fc6ef526bc821b82a48435c0a11457653382b1512fd893fda45260071da58a
E1,jpeg_compression,3,partial_channel,0.1,1.0,,11,2,3.9000000000000035,2000,0.2650918635170604,0.031278748850046,381,1087,0.8207843856811523,99fc6ef526bc821b82a48435c0a11457653382b1512fd893fda45260071da58a
E1,jpeg_compression,3,partial_channel,0.1,1.0,,11,3,1.100000000000001,2000,0.10498687664041995,0.02391904323827047,381,1087,0.3168641735315323,99fc6ef526bc821b82a48435c0a11457653382b1512fd893fda45260071da58a
E1,jpeg_compression,3,partial_channel,0.1,1.0,,11,4,1.550000000000007,2000,0.12073490813648294,0.021159153633854646,381,1087,0.35753439682722093,99fc6ef526bc821b82a48435c0a11457653382b1512fd893fda45260071da58a
E1,jpeg_compression,3,partial_channel,0.2,1.0,,11,0,8.100000000000007,2000,0.48293963254593175,0.04415823367065318,381,1087,1.6432324966788292,99fc6ef526bc821b82a48435c0a11457653382b1512fd893fda45260071da58a
E1,jpeg_compression,3,partial_channel,0.2,1.0,,11,1,6.75,2000,0.3910761154855643,0.02667893284268629,381,1087,1.2951224204301834,99fc6ef526bc821b82a48435c0a11457653382b1512fd893fda45260071da58a
E1,jpeg_compression,3,partial_channel,0.2,1.0,,11,2,6.000000000000005,2000,0.3700787401574803,0.031278748850046,381,1087,1.1383930917382241,99fc6ef526bc821b82a48435c0a11457653382b1512fd893fda45260071da58a
E1,jpeg_compression,3,partial_channel,0.2,1.0,,11,3,2.5499999999999967,2000,0.1968503937007874,0.034958601655933765,381,1087,0.6560327329039574,99fc6ef526bc821b82a48435c0a11457653382b1512fd893fda45260071da58a
E1,jpeg_compression,3,partial_channel,0.2,1.0,,11,4,3.1000000000000028,2000,0.2047244094488189,0.03035878564857406,381,1087,0.6560500239133835,99fc6ef526bc821b82a48435c0a11457653382b1512fd893fda45260071da58a
E1,jpeg_compression,3,partial_channel,0.01,1.0,,12,0,0.050000000000005596,2000,0.02099737532808399,0.00919963201471941,381,1087,0.03182423508167267,99fc6ef526bc821b82a48435c0a11457653382b1512fd893fda45260071da58a
E1,jpeg_compression,3,partial_channel,0.01,1.0,,12,1,0.6500000000000061,2000,0.049868766404199474,0.00827966881324747,381,1087,0.056343889117240906,99fc6ef526bc821b82a48435c0a11457653382b1512fd893fda45260071da58a
E1,jpeg_compression,3,partial_channel,0.01,1.0,,12,2,0.15000000000000568,2000,0.023622047244094488,0.007359705611775529,381,1087,0.04068852764368057,99fc6ef526bc821b82a48435c0a11457653382b1512fd893fda45260071da58a
E1,jpeg_compression,3,partial_channel,0.01,1.0,,12,3,-0.20000000000000018,2000,0.023622047244094488,0.012879484820607176,381,1087,0.036949006974697114,99fc6ef526bc821b82a48435c0a11457653382b1512fd893fda45260071da58a
E1,jpeg_compression,3,partial_channel,0.01,1.0,,12,4,0.20000000000000018,2000,0.023622047244094488,0.005519779208831647,381,1087,0.03989346957206726,99fc6ef526bc821b82a48435c0a11457653382b1512fd893fda45260071da58a
E1,jpeg_compression,3,partial_channel,0.05,1.0,,12,0,1.4500000000000068,2000,0.09186351706036745,0.014719411223551058,381,1087,0.16627948915958404,99fc6ef526bc821b82a48435c0a11457653382b1512fd893fda45260071da58a
E1,jpeg_compression,3,partial_channel,0.05,1.0,,12,1,0.35000000000000586,2000,0.06036745406824147,0.01839926402943882,381,1087,0.16637516289949417,99fc6ef526bc821b82a48435c0a11457653382b1512fd893fda45260071da58a
E1,jpeg_compression,3,partial_channel,0.05,1.0,,12,2,1.2500000000000067,2000,0.08923884514435695,0.01655933762649494,381,1087,0.2581129477620125,99fc6ef526bc821b82a48435c0a11457653382b1512fd893fda45260071da58a
E1,jpeg_compression,3,partial_channel,0.05,1.0,,12,3,0.6000000000000005,2000,0.05511811023622047,0.014719411223551058,381,1087,0.12370199322700501,99fc6ef526bc821b82a48435c0a11457653382b1512fd893fda45260071da58a
E1,jpeg_compression,3,partial_channel,0.05,1.0,,12,4,1.100000000000001,2000,0.08136482939632546,0.013799448022079117,381,1087,0.1918883935213089,99fc6ef526bc821b82a48435c0a11457653382b1512fd893fda45260071da58a
E1,jpeg_compression,3,partial_channel,0.1,1.0,,12,0,1.6000000000000014,2000,0.12860892388451445,0.025758969641214352,381,1087,0.36758088374137876,99fc6ef526bc821b82a48435c0a11457653382b1512fd893fda45260071da58a
E1,jpeg_compression,3,partial_channel,0.1,1.0,,12,1,3.400000000000003,2000,0.22572178477690288,0.02483900643974241,381,1087,0.7222416954040527,99fc6ef526bc821b82a48435c0a11457653382b1512fd893fda45260071da58a
E1,jpeg_compression,3,partial_channel,0.1,1.0,,12,2,4.0000000000000036,2000,0.25984251968503935,0.03035878564857406,381,1087,0.7573193184733391,99fc6ef526bc821b82a48435c0a11457653382b1512fd893fda45260071da58a
E1,jpeg_compression,3,partial_channel,0.1,1.0,,12,3,0.7000000000000006,2000,0.09448818897637795,0.025758969641214352,381,1087,0.30146410590410233,99fc6ef526bc821b82a48435c0a11457653382b1512fd893fda45260071da58a
E1,jpeg_compression,3,partial_channel,0.1,1.0,,12,4,1.6000000000000014,2000,0.12335958005249344,0.021159153633854646,381,1087,0.35823424154520034,99fc6ef526bc821b82a48435c0a11457653382b1512fd893fda45260071da58a
E1,jpeg_compression,3,partial_channel,0.2,1.0,,12,0,8.000000000000007,2000,0.48031496062992124,0.04323827046918123,381,1087,1.6203629024624824,99fc6ef526bc821b82a48435c0a11457653382b1512fd893fda45260071da58a
E1,jpeg_compression,3,partial_channel,0.2,1.0,,12,1,6.800000000000006,2000,0.3989501312335958,0.027598896044158234,381,1087,1.2338662304878234,99fc6ef526bc821b82a48435c0a11457653382b1512fd893fda45260071da58a
E1,jpeg_compression,3,partial_channel,0.2,1.0,,12,2,6.05,2000,0.3674540682414698,0.029438822447102116,381,1087,1.0742579156160355,99fc6ef526bc821b82a48435c0a11457653382b1512fd893fda45260071da58a
E1,jpeg_compression,3,partial_channel,0.2,1.0,,12,3,2.300000000000002,2000,0.18635170603674542,0.03403863845446182,381,1087,0.6549669016003609,99fc6ef526bc821b82a48435c0a11457653382b1512fd893fda45260071da58a
E1,jpeg_compression,3,partial_channel,0.2,1.0,,12,4,3.749999999999998,2000,0.2230971128608924,0.02483900643974241,381,1087,0.6464003701806068,99fc6ef526bc821b82a48435c0a11457653382b1512fd893fda45260071da58a
E1,jpeg_compression,3,partial_channel,0.01,1.0,,13,0,0.10000000000000009,2000,0.026246719160104987,0.00827966881324747,381,1087,0.033468915224075316,99fc6ef526bc821b82a48435c0a11457653382b1512fd893fda45260071da58a
E1,jpeg_compression,3,partial_channel,0.01,1.0,,13,1,0.10000000000000009,2000,0.031496062992125984,0.00919963201471941,381,1087,0.0497838676571846,99fc6ef526bc821b82a48435c0a11457653382b1512fd893fda45260071da58a
E1,jpeg_compression,3,partial_channel,0.01,1.0,,13,2,-0.04999999999999449,2000,0.015748031496062992,0.007359705611775529,381,1087,0.038858249962329866,99fc6ef526bc821b82a48435c0a11457653382b1512fd893fda45260071da58a
E1,jpeg_compression,3,partial_channel,0.01,1.0,,13,3,-0.10000000000000009,2000,0.015748031496062992,0.011959521619135235,381,1087,0.02510547858476639,99fc6ef526bc821b82a48435c0a11457653382b1512fd893fda45260071da58a
E1,jpeg_compression,3,partial_channel,0.01,1.0,,13,4,0.35000000000000586,2000,0.031496062992125984,0.007359705611775529,381,1087,0.04472387778759003,99fc6ef526bc821b82a48435c0a11457653382b1512fd893fda45260071da58a
E1,jpeg_compression,3,partial_channel,0.05,1.0,,13,0,0.20000000000000018,2000,0.06299212598425197,0.022999080036798528,381,1087,0.1792372379899025,99fc6ef526bc821b82a48435c0a11457653382b1512fd893fda45260071da58a
E1,jpeg_compression,3,partial_channel,0.05,1.0,,13,1,0.6500000000000061,2000,0.07611548556430446,0.01655933762649494,381,1087,0.23046426796913147,99fc6ef526bc821b82a48435c0a11457653382b1512fd893fda45260071da58a
E1,jpeg_compression,3,partial_channel,0.05,1.0,,13,2,1.8000000000000016,2000,0.11286089238845144,0.014719411223551058,381,1087,0.316304004907608,99fc6ef526bc821b82a48435c0a11457653382b1512fd893fda45260071da58a
E1,jpeg_compression,3,partial_channel,0.05,1.0,,13,3,-0.30000000000000027,2000,0.06299212598425197,0.03035878564857406,381,1087,0.15609352391958237,99fc6ef526bc821b82a48435c0a11457653382b1512fd893fda45260071da58a
E1,jpeg_compression,3,partial_channel,0.05,1.0,,13,4,0.8000000000000007,2000,0.09711286089238845,0.02483900643974241,381,1087,0.19612478512525558,99fc6ef526bc821b82a48435c0a11457653382b1512fd893fda45260071da58a
E1,jpeg_compression,3,partial_channel,0.1,1.0,,13,0,1.2500000000000067,2000,0.13123359580052493,0.03035878564857406,381,1087,0.3312736188769341,99fc6ef526bc821b82a48435c0a11457653382b1512fd893fda45260071da58a
E1,jpeg_compression,3,partial_channel,0.1,1.0,,13,1,2.749999999999997,2000,0.19160104986876642,0.022999080036798528,381,1087,0.7302783538103104,99fc6ef526bc821b82a48435c0a11457653382b1512fd893fda45260071da58a
E1,jpeg_compression,3,partial_channel,0.1,1.0,,13,2,2.8000000000000025,2000,0.1784776902887139,0.02207911683532659,381,1087,0.5114349428415298,99fc6ef526bc821b82a48435c0a11457653382b1512fd893fda45260071da58a
E1,jpeg_compression,3,partial_channel,0.1,1.0,,13,3,1.1500000000000066,2000,0.13123359580052493,0.029438822447102116,381,1087,0.27629990178346636,99fc6ef526bc821b82a48435c0a11457653382b1512fd893fda45260071da58a
E1,jpeg_compression,3,partial_channel,0.1,1.0,,13,4,2.1499999999999964,2000,0.16272965879265092,0.027598896044158234,381,1087,0.4011069595813751,99fc6ef526bc821b82a48435c0a11457653382b1512fd893fda45260071da58a
E1,jpeg_compression,3,partial_channel,0.2,1.0,,13,0,2.849999999999997,2000,0.2178477690288714,0.03679852805887764,381,1087,0.6957395338416099,99fc6ef526bc821b82a48435c0a11457653382b1512fd893fda45260071da58a
E1,jpeg_compression,3,partial_channel,0.2,1.0,,13,1,4.549999999999999,2000,0.29396325459317585,0.028518859245630176,381,1087,1.082572450697422,99fc6ef526bc821b82a48435c0a11457653382b1512fd893fda45260071da58a
E1,jpeg_compression,3,partial_channel,0.2,1.0,,13,2,4.400000000000004,2000,0.28346456692913385,0.031278748850046,381,1087,0.8780833876729012,99fc6ef526bc821b82a48435c0a11457653382b1512fd893fda45260071da58a
E1,jpeg_compression,3,partial_channel,0.2,1.0,,13,3,3.2499999999999973,2000,0.24934383202099739,0.03955841766329347,381,1087,0.6745240737199784,99fc6ef526bc821b82a48435c0a11457653382b1512fd893fda45260071da58a
E1,jpeg_compression,3,partial_channel,0.2,1.0,,13,4,4.049999999999998,2000,0.2545931758530184,0.034958601655933765,381,1087,0.7809881617426873,99fc6ef526bc821b82a48435c0a11457653382b1512fd893fda45260071da58a
E1,jpeg_compression,3,partial_channel,0.01,1.0,,14,0,0.45000000000000595,2000,0.02099737532808399,0.0018399264029438822,381,1087,0.032414966225624085,99fc6ef526bc821b82a48435c0a11457653382b1512fd893fda45260071da58a
E1,jpeg_compression,3,partial_channel,0.01,1.0,,14,1,0.2500000000000058,2000,0.023622047244094488,0.005519779208831647,381,1087,0.04937894368171692,99fc6ef526bc821b82a48435c0a11457653382b1512fd893fda45260071da58a
E1,jpeg_compression,3,partial_channel,0.01,1.0,,14,2,0.0,2000,0.015748031496062992,0.006439742410303588,381,1087,0.03304150068759918,99fc6ef526bc821b82a48435c0a11457653382b1512fd893fda45260071da58a
E1,jpeg_compression,3,partial_channel,0.01,1.0,,14,3,0.050000000000005596,2000,0.007874015748031496,0.0036798528058877645,381,1087,0.034454280853271485,99fc6ef526bc821b82a48435c0a11457653382b1512fd893fda45260071da58a
E1,jpeg_compression,3,partial_channel,0.01,1.0,,14,4,0.35000000000000586,2000,0.028871391076115485,0.007359705611775529,381,1087,0.05352773827314377,99fc6ef526bc821b82a48435c0a11457653382b1512fd893fda45260071da58a
E1,jpeg_compression,3,partial_channel,0.05,1.0,,14,0,0.6000000000000005,2000,0.07349081364829396,0.019319227230910764,381,1087,0.1908947273492813,99fc6ef526bc821b82a48435c0a11457653382b1512fd893fda45260071da58a
E1,jpeg_compression,3,partial_channel,0.05,1.0,,14,1,0.8500000000000063,2000,0.07611548556430446,0.014719411223551058,381,1087,0.2239431419968605,99fc6ef526bc821b82a48435c0a11457653382b1512fd893fda45260071da58a
E1,jpeg_compression,3,partial_channel,0.05,1.0,,14,2,1.3000000000000012,2000,0.10761154855643044,0.019319227230910764,381,1087,0.2554298121929169,99fc6ef526bc821b82a48435c0a11457653382b1512fd893fda45260071da58a
E1,jpeg_compression,3,partial_channel,0.05,1.0,,14,3,0.5000000000000004,2000,0.05774278215223097,0.015639374425023,381,1087,0.17394746845960618,99fc6ef526bc821b82a48435c0a11457653382b1512fd893fda45260071da58a
E1,jpeg_compression,3,partial_channel,0.05,1.0,,14,4,0.9500000000000064,2000,0.08661417322834646,0.01839926402943882,381,1087,0.21339951342344285,99fc6ef526bc821b82a48435c0a11457653382b1512fd893fda45260071da58a
E1,jpeg_compression,3,partial_channel,0.1,1.0,,14,0,1.3500000000000068,2000,0.13385826771653545,0.025758969641214352,381,1087,0.40086965411901476,99fc6ef526bc821b82a48435c0a11457653382b1512fd893fda45260071da58a
E1,jpeg_compression,3,partial_channel,0.1,1.0,,14,1,2.300000000000002,2000,0.17585301837270342,0.022999080036798528,381,1087,0.6745896327495575,99fc6ef526bc821b82a48435c0a11457653382b1512fd893fda45260071da58a
E1,jpeg_compression,3,partial_channel,0.1,1.0,,14,2,2.2499999999999964,2000,0.14960629921259844,0.02207911683532659,381,1087,0.4142374472022057,99fc6ef526bc821b82a48435c0a11457653382b1512fd893fda45260071da58a
E1,jpeg_compression,3,partial_channel,0.1,1.0,,14,3,1.2500000000000067,2000,0.11023622047244094,0.021159153633854646,381,1087,0.36283064287900924,99fc6ef526bc821b82a48435c0a11457653382b1512fd893fda45260071da58a
E1,jpeg_compression,3,partial_channel,0.1,1.0,,14,4,1.8000000000000016,2000,0.12860892388451445,0.02207911683532659,381,1087,0.40415153777599333,99fc6ef526bc821b82a48435c0a11457653382b1512fd893fda45260071da58a
E1,jpeg_compression,3,partial_channel,0.2,1.0,,14,0,3.5499999999999976,2000,0.2388451443569554,0.027598896044158234,381,1087,0.8166718852519989,99fc6ef526bc821b82a48435c0a11457653382b1512fd893fda45260071da58a
E1,jpeg_compression,3,partial_channel,0.2,1.0,,14,1,4.200000000000004,2000,0.28346456692913385,0.03403863845446182,381,1087,1.057114117026329,99fc6ef526bc821b82a48435c0a11457653382b1512fd893fda45260071da58a
E1,jpeg_compression,3,partial_channel,0.2,1.0,,14,2,4.749999999999998,2000,0.2887139107611549,0.02667893284268629,381,1087,0.7598082879781723,99fc6ef526bc821b82a48435c0a11457653382b1512fd893fda45260071da58a
E1,jpeg_compression,3,partial_channel,0.2,1.0,,14,3,3.4499999999999975,2000,0.24146981627296588,0.03219871205151794,381,1087,0.7453321666121483,99fc6ef526bc821b82a48435c0a11457653382b1512fd893fda45260071da58a
E1,jpeg_compression,3,partial_channel,0.2,1.0,,14,4,4.5000000000000036,2000,0.2650918635170604,0.028518859245630176,381,1087,0.7978204369544983,99fc6ef526bc821b82a48435c0a11457653382b1512fd893fda45260071da58a
E1,jpeg_compression,3,partial_channel,0.01,1.0,,15,0,0.30000000000000027,2000,0.026246719160104987,0.004599816007359705,381,1087,0.045546089112758634,99fc6ef526bc821b82a48435c0a11457653382b1512fd893fda45260071da58a
E1,jpeg_compression,3,partial_channel,0.01,1.0,,15,1,0.10000000000000009,2000,0.01837270341207349,0.005519779208831647,381,1087,0.049189351201057434,99fc6ef526bc821b82a48435c0a11457653382b1512fd893fda45260071da58a
E1,jpeg_compression,3,partial_channel,0.01,1.0,,15,2,0.35000000000000586,2000,0.02099737532808399,0.0018399264029438822,381,1087,0.03933291721343994,99fc6ef526bc821b82a48435c0a11457653382b1512fd893fda45260071da58a
E1,jpeg_compression,3,partial_channel,0.01,1.0,,15,3,0.050000000000005596,2000,0.013123359580052493,0.004599816007359705,381,1087,0.03322768115997315,99fc6ef526bc821b82a48435c0a11457653382b1512fd893fda45260071da58a
E1,jpeg_compression,3,partial_channel,0.01,1.0,,15,4,0.30000000000000027,2000,0.02099737532808399,0.0036798528058877645,381,1087,0.046233537912368776,99fc6ef526bc821b82a48435c0a11457653382b1512fd893fda45260071da58a
E1,jpeg_compression,3,partial_channel,0.05,1.0,,15,0,1.100000000000001,2000,0.07874015748031496,0.011039558417663294,381,1087,0.2033526869416237,99fc6ef526bc821b82a48435c0a11457653382b1512fd893fda45260071da58a
E1,jpeg_compression,3,partial_channel,0.05,1.0,,15,1,1.200000000000001,2000,0.08136482939632546,0.00827966881324747,381,1087,0.2264475148320198,99fc6ef526bc821b82a48435c0a11457653382b1512fd893fda45260071da58a
E1,jpeg_compression,3,partial_channel,0.05,1.0,,15,2,1.4000000000000012,2000,0.09186351706036745,0.010119595216191352,381,1087,0.23216904151439666,99fc6ef526bc821b82a48435c0a11457653382b1512fd893fda45260071da58a
E1,jpeg_compression,3,partial_channel,0.05,1.0,,15,3,0.35000000000000586,2000,0.05249343832020997,0.014719411223551058,381,1087,0.19335356348752974,99fc6ef526bc821b82a48435c0a11457653382b1512fd893fda45260071da58a
E1,jpeg_compression,3,partial_channel,0.05,1.0,,15,4,1.200000000000001,2000,0.07874015748031496,0.011039558417663294,381,1087,0.22939272445440292,99fc6ef526bc821b82a48435c0a11457653382b1512fd893fda45260071da58a
E1,jpeg_compression,3,partial_channel,0.1,1.0,,15,0,2.0499999999999963,2000,0.14173228346456693,0.01655933762649494,381,1087,0.42592694008350374,99fc6ef526bc821b82a48435c0a11457653382b1512fd893fda45260071da58a
E1,jpeg_compression,3,partial_channel,0.1,1.0,,15,1,3.1499999999999972,2000,0.19160104986876642,0.014719411223551058,381,1087,0.5390753994584083,99fc6ef526bc821b82a48435c0a11457653382b1512fd893fda45260071da58a
E1,jpeg_compression,3,partial_channel,0.1,1.0,,15,2,2.649999999999997,2000,0.16535433070866143,0.014719411223551058,381,1087,0.42366658997535706,99fc6ef526bc821b82a48435c0a11457653382b1512fd893fda45260071da58a
E1,jpeg_compression,3,partial_channel,0.1,1.0,,15,3,2.400000000000002,2000,0.12860892388451445,0.00827966881324747,381,1087,0.446487793803215,99fc6ef526bc821b82a48435c0a11457653382b1512fd893fda45260071da58a
E1,jpeg_compression,3,partial_channel,0.1,1.0,,15,4,2.4499999999999966,2000,0.14698162729658792,0.011039558417663294,381,1087,0.44319083279371263,99fc6ef526bc821b82a48435c0a11457653382b1512fd893fda45260071da58a
E1,jpeg_compression,3,partial_channel,0.2,1.0,,15,0,4.600000000000004,2000,0.27296587926509186,0.020239190432382703,381,1087,0.891839919924736,99fc6ef526bc821b82a48435c0a11457653382b1512fd893fda45260071da58a
E1,jpeg_compression,3,partial_channel,0.2,1.0,,15,1,5.6499999999999995,2000,0.3228346456692913,0.021159153633854646,381,1087,0.9469542034268379,99fc6ef526bc821b82a48435c0a11457653382b1512fd893fda45260071da58a
E1,jpeg_compression,3,partial_channel,0.2,1.0,,15,2,5.400000000000005,2000,0.30708661417322836,0.01839926402943882,381,1087,0.8262993056178093,99fc6ef526bc821b82a48435c0a11457653382b1512fd893fda45260071da58a
E1,jpeg_compression,3,partial_channel,0.2,1.0,,15,3,5.100000000000005,2000,0.2887139107611549,0.019319227230910764,381,1087,0.894857935488224,99fc6ef526bc821b82a48435c0a11457653382b1512fd893fda45260071da58a
E1,jpeg_compression,3,partial_channel,0.2,1.0,,15,4,5.700000000000005,2000,0.29133858267716534,0.015639374425023,381,1087,0.8699266012310982,99fc6ef526bc821b82a48435c0a11457653382b1512fd893fda45260071da58a
E1,jpeg_compression,3,none,0.01,1.0,,0,0,0.0,2000,0.0,0.0,381,1087,0.0,99fc6ef526bc821b82a48435c0a11457653382b1512fd893fda45260071da58a
E1,jpeg_compression,3,none,0.01,1.0,,1,0,0.0,2000,0.0,0.0,381,1087,0.0,99fc6ef526bc821b82a48435c0a11457653382b1512fd893fda45260071da58a
E1,jpeg_compression,3,none,0.01,1.0,,2,0,0.0,2000,0.0,0.0,381,1087,0.0,99fc6ef526bc821b82a48435c0a11457653382b1512fd893fda45260071da58a
E1,jpeg_compression,3,none,0.01,1.0,,3,0,0.0,2000,0.0,0.0,381,1087,0.0,99fc6ef526bc821b82a48435c0a11457653382b1512fd893fda45260071da58a
E1,jpeg_compression,3,none,0.01,1.0,,4,0,0.0,2000,0.0,0.0,381,1087,0.0,99fc6ef526bc821b82a48435c0a11457653382b1512fd893fda45260071da58a
E1,jpeg_compression,3,none,0.01,1.0,,5,0,0.0,2000,0.0,0.0,381,1087,0.0,99fc6ef526bc821b82a48435c0a11457653382b1512fd893fda45260071da58a
E1,jpeg_compression,3,none,0.01,1.0,,6,0,0.0,2000,0.0,0.0,381,1087,0.0,99fc6ef526bc821b82a48435c0a11457653382b1512fd893fda45260071da58a
E1,jpeg_compression,3,none,0.01,1.0,,7,0,0.0,2000,0.0,0.0,381,1087,0.0,99fc6ef526bc821b82a48435c0a11457653382b1512fd893fda45260071da58a
E1,jpeg_compression,3,none,0.01,1.0,,8,0,0.0,2000,0.0,0.0,381,1087,0.0,99fc6ef526bc821b82a48435c0a11457653382b1512fd893fda45260071da58a
E1,jpeg_compression,3,none,0.01,1.0,,9,0,0.0,2000,0.0,0.0,381,1087,0.0,99fc6ef526bc821b82a48435c0a11457653382b1512fd893fda45260071da58a
E1,jpeg_compression,3,none,0.01,1.0,,10,0,0.0,2000,0.0,0.0,381,1087,0.0,99fc6ef526bc821b82a48435c0a11457653382b1512fd893fda45260071da58a
E1,jpeg_compression,3,none,0.01,1.0,,11,0,0.0,2000,0.0,0.0,381,1087,0.0,99fc6ef526bc821b82a48435c0a11457653382b1512fd893fda45260071da58a
E1,jpeg_compression,3,none,0.01,1.0,,12,0,0.0,2000,0.0,0.0,381,1087,0.0,99fc6ef526bc821b82a48435c0a11457653382b1512fd893fda45260071da58a
E1,jpeg_compression,3,none,0.01,1.0,,13,0,0.0,2000,0.0,0.0,381,1087,0.0,99fc6ef526bc821b82a48435c0a11457653382b1512fd893fda45260071da58a
E1,jpeg_compression,3,none,0.01,1.0,,14,0,0.0,2000,0.0,0.0,381,1087,0.0,99fc6ef526bc821b82a48435c0a11457653382b1512fd893fda45260071da58a
E1,jpeg_compression,3,none,0.01,1.0,,15,0,0.0,2000,0.0,0.0,381,1087,0.0,99fc6ef526bc821b82a48435c0a11457653382b1512fd893fda45260071da58a
E1,jpeg_compression,3,clean_to_clean,0.01,1.0,,0,0,15.200000000000003,2000,1.0,0.07083716651333946,381,1087,3.3084671946763993,99fc6ef526bc821b82a48435c0a11457653382b1512fd893fda45260071da58a
E1,jpeg_compression,3,clean_to_clean,0.01,1.0,,1,0,15.200000000000003,2000,1.0,0.07083716651333946,381,1087,3.3084671946763993,99fc6ef526bc821b82a48435c0a11457653382b1512fd893fda45260071da58a
E1,jpeg_compression,3,clean_to_clean,0.01,1.0,,2,0,15.200000000000003,2000,1.0,0.07083716651333946,381,1087,3.3084671946763993,99fc6ef526bc821b82a48435c0a11457653382b1512fd893fda45260071da58a
E1,jpeg_compression,3,clean_to_clean,0.01,1.0,,3,0,15.200000000000003,2000,1.0,0.07083716651333946,381,1087,3.3084671946763993,99fc6ef526bc821b82a48435c0a11457653382b1512fd893fda45260071da58a
E1,jpeg_compression,3,clean_to_clean,0.01,1.0,,4,0,15.200000000000003,2000,1.0,0.07083716651333946,381,1087,3.3084671946763993,99fc6ef526bc821b82a48435c0a11457653382b1512fd893fda45260071da58a
E1,jpeg_compression,3,clean_to_clean,0.01,1.0,,5,0,15.200000000000003,2000,1.0,0.07083716651333946,381,1087,3.3084671946763993,99fc6ef526bc821b82a48435c0a11457653382b1512fd893fda45260071da58a
E1,jpeg_compression,3,clean_to_clean,0.01,1.0,,6,0,15.200000000000003,2000,1.0,0.07083716651333946,381,1087,3.3084671946763993,99fc6ef526bc821b82a48435c0a11457653382b1512fd893fda45260071da58a
E1,jpeg_compression,3,clean_to_clean,0.01,1.0,,7,0,15.200000000000003,2000,1.0,0.07083716651333946,381,1087,3.3084671946763993,99fc6ef526bc821b82a48435c0a11457653382b1512fd893fda45260071da58a
E1,jpeg_compression,3,clean_to_clean,0.01,1.0,,8,0,15.200000000000003,2000,1.0,0.07083716651333946,381,1087,3.3084671946763993,99fc6ef526bc821b82a48435c0a11457653382b1512fd893fda45260071da58a
E1,jpeg_compression,3,clean_to_clean,0.01,1.0,,9,0,15.200000000000003,2000,1.0,0.07083716651333946,381,1087,3.3084671946763993,99fc6ef526bc821b82a48435c0a11457653382b1512fd893fda45260071da58a
E1,jpeg_compression,3,clean_to_clean,0.01,1.0,,10,0,15.200000000000003,2000,1.0,0.07083716651333946,381,1087,3.3084671946763993,99fc6ef526bc821b82a48435c0a11457653382b1512fd893fda45260071da58a
E1,jpeg_compression,3,clean_to_clean,0.01,1.0,,11,0,15.200000000000003,2000,1.0,0.07083716651333946,381,1087,3.3084671946763993,99fc6ef526bc821b82a48435c0a11457653382b1512fd893fda45260071da58a
E1,jpeg_compression,3,clean_to_clean,0.01,1.0,,12,0,15.200000000000003,2000,1.0,0.07083716651333946,381,1087,3.3084671946763993,99fc6ef526bc821b82a48435c0a11457653382b1512fd893fda45260071da58a
E1,jpeg_compression,3,clean_to_clean,0.01,1.0,,13,0,15.200000000000003,2000,1.0,0.07083716651333946,381,1087,3.3084671946763993,99fc6ef526bc821b82a48435c0a11457653382b1512fd893fda45260071da58a
E1,jpeg_compression,3,clean_to_clean,0.01,1.0,,14,0,15.200000000000003,2000,1.0,0.07083716651333946,381,1087,3.3084671946763993,99fc6ef526bc821b82a48435c0a11457653382b1512fd893fda45260071da58a
E1,jpeg_compression,3,clean_to_clean,0.01,1.0,,15,0,15.200000000000003,2000,1.0,0.07083716651333946,381,1087,3.3084671946763993,99fc6ef526bc821b82a48435c0a11457653382b1512fd893fda45260071da58a
E1,jpeg_compression,3,full_state,0.01,1.0,,0,0,15.200000000000003,2000,1.0,0.07083716651333946,381,1087,3.3084671946763993,99fc6ef526bc821b82a48435c0a11457653382b1512fd893fda45260071da58a
E1,jpeg_compression,3,full_state,0.01,1.0,,1,0,15.200000000000003,2000,1.0,0.07083716651333946,381,1087,3.3084671946763993,99fc6ef526bc821b82a48435c0a11457653382b1512fd893fda45260071da58a
E1,jpeg_compression,3,full_state,0.01,1.0,,2,0,15.200000000000003,2000,1.0,0.07083716651333946,381,1087,3.3084671946763993,99fc6ef526bc821b82a48435c0a11457653382b1512fd893fda45260071da58a
E1,jpeg_compression,3,full_state,0.01,1.0,,3,0,15.200000000000003,2000,1.0,0.07083716651333946,381,1087,3.3084671946763993,99fc6ef526bc821b82a48435c0a11457653382b1512fd893fda45260071da58a
E1,jpeg_compression,3,full_state,0.01,1.0,,4,0,15.200000000000003,2000,1.0,0.07083716651333946,381,1087,3.3084671946763993,99fc6ef526bc821b82a48435c0a11457653382b1512fd893fda45260071da58a
E1,jpeg_compression,3,full_state,0.01,1.0,,5,0,15.200000000000003,2000,1.0,0.07083716651333946,381,1087,3.3084671946763993,99fc6ef526bc821b82a48435c0a11457653382b1512fd893fda45260071da58a
E1,jpeg_compression,3,full_state,0.01,1.0,,6,0,15.200000000000003,2000,1.0,0.07083716651333946,381,1087,3.3084671946763993,99fc6ef526bc821b82a48435c0a11457653382b1512fd893fda45260071da58a
E1,jpeg_compression,3,full_state,0.01,1.0,,7,0,15.200000000000003,2000,1.0,0.07083716651333946,381,1087,3.3084671946763993,99fc6ef526bc821b82a48435c0a11457653382b1512fd893fda45260071da58a
E1,jpeg_compression,3,full_state,0.01,1.0,,8,0,15.200000000000003,2000,1.0,0.07083716651333946,381,1087,3.3084671946763993,99fc6ef526bc821b82a48435c0a11457653382b1512fd893fda45260071da58a
E1,jpeg_compression,3,full_state,0.01,1.0,,9,0,15.200000000000003,2000,1.0,0.07083716651333946,381,1087,3.3084671946763993,99fc6ef526bc821b82a48435c0a11457653382b1512fd893fda45260071da58a
E1,jpeg_compression,3,full_state,0.01,1.0,,10,0,15.200000000000003,2000,1.0,0.07083716651333946,381,1087,3.3084671946763993,99fc6ef526bc821b82a48435c0a11457653382b1512fd893fda45260071da58a
E1,jpeg_compression,3,full_state,0.01,1.0,,11,0,15.200000000000003,2000,1.0,0.07083716651333946,381,1087,3.3084671946763993,99fc6ef526bc821b82a48435c0a11457653382b1512fd893fda45260071da58a
E1,jpeg_compression,3,full_state,0.01,1.0,,12,0,15.200000000000003,2000,1.0,0.07083716651333946,381,1087,3.3084671946763993,99fc6ef526bc821b82a48435c0a11457653382b1512fd893fda45260071da58a
E1,jpeg_compression,3,full_state,0.01,1.0,,13,0,15.200000000000003,2000,1.0,0.07083716651333946,381,1087,3.3084671946763993,99fc6ef526bc821b82a48435c0a11457653382b1512fd893fda45260071da58a
E1,jpeg_compression,3,full_state,0.01,1.0,,14,0,15.200000000000003,2000,1.0,0.07083716651333946,381,1087,3.3084671946763993,99fc6ef526bc821b82a48435c0a11457653382b1512fd893fda45260071da58a
E1,jpeg_compression,3,full_state,0.01,1.0,,15,0,15.200000000000003,2000,1.0,0.07083716651333946,381,1087,3.3084671946763993,99fc6ef526bc821b82a48435c0a11457653382b1512fd893fda45260071da58a
E1,jpeg_compression,3,random_direction,0.01,1.0,,0,0,0.0,2000,0.007874015748031496,0.0027598896044158236,381,1087,0.0019585893750190737,99fc6ef526bc821b82a48435c0a11457653382b1512fd893fda45260071da58a
E1,jpeg_compression,3,random_direction,0.01,1.0,,1,0,0.10000000000000009,2000,0.010498687664041995,0.0027598896044158236,381,1087,-0.0001785111427307129,99fc6ef526bc821b82a48435c0a11457653382b1512fd893fda45260071da58a
E1,jpeg_compression,3,random_direction,0.01,1.0,,2,0,0.15000000000000568,2000,0.015748031496062992,0.0036798528058877645,381,1087,-0.0010326977968215943,99fc6ef526bc821b82a48435c0a11457653382b1512fd893fda45260071da58a
E1,jpeg_compression,3,random_direction,0.01,1.0,,3,0,-0.20000000000000018,2000,0.013123359580052493,0.00919963201471941,381,1087,-0.0018085230588912964,99fc6ef526bc821b82a48435c0a11457653382b1512fd893fda45260071da58a
E1,jpeg_compression,3,random_direction,0.01,1.0,,4,0,0.10000000000000009,2000,0.023622047244094488,0.007359705611775529,381,1087,-0.007348602414131164,99fc6ef526bc821b82a48435c0a11457653382b1512fd893fda45260071da58a
E1,jpeg_compression,3,random_direction,0.01,1.0,,5,0,0.10000000000000009,2000,0.01837270341207349,0.005519779208831647,381,1087,-0.010309913575649261,99fc6ef526bc821b82a48435c0a11457653382b1512fd893fda45260071da58a
E1,jpeg_compression,3,random_direction,0.01,1.0,,6,0,-0.04999999999999449,2000,0.015748031496062992,0.007359705611775529,381,1087,-0.0022867454290390016,99fc6ef526bc821b82a48435c0a11457653382b1512fd893fda45260071da58a
E1,jpeg_compression,3,random_direction,0.01,1.0,,7,0,-0.20000000000000018,2000,0.005249343832020997,0.006439742410303588,381,1087,-0.005788684010505676,99fc6ef526bc821b82a48435c0a11457653382b1512fd893fda45260071da58a
E1,jpeg_compression,3,random_direction,0.01,1.0,,8,0,-0.14999999999999458,2000,0.010498687664041995,0.006439742410303588,381,1087,-0.005753038883209228,99fc6ef526bc821b82a48435c0a11457653382b1512fd893fda45260071da58a
E1,jpeg_compression,3,random_direction,0.01,1.0,,9,0,-0.10000000000000009,2000,0.013123359580052493,0.007359705611775529,381,1087,-0.004120717406272888,99fc6ef526bc821b82a48435c0a11457653382b1512fd893fda45260071da58a
E1,jpeg_compression,3,random_direction,0.01,1.0,,10,0,-0.20000000000000018,2000,0.007874015748031496,0.006439742410303588,381,1087,-0.0009024263024330139,99fc6ef526bc821b82a48435c0a11457653382b1512fd893fda45260071da58a
E1,jpeg_compression,3,random_direction,0.01,1.0,,11,0,0.15000000000000568,2000,0.010498687664041995,0.0018399264029438822,381,1087,-0.0010752502083778382,99fc6ef526bc821b82a48435c0a11457653382b1512fd893fda45260071da58a
E1,jpeg_compression,3,random_direction,0.01,1.0,,12,0,0.050000000000005596,2000,0.005249343832020997,0.0027598896044158236,381,1087,-0.00013414478302001953,99fc6ef526bc821b82a48435c0a11457653382b1512fd893fda45260071da58a
E1,jpeg_compression,3,random_direction,0.01,1.0,,13,0,0.20000000000000018,2000,0.015748031496062992,0.0018399264029438822,381,1087,-0.00399364584684372,99fc6ef526bc821b82a48435c0a11457653382b1512fd893fda45260071da58a
E1,jpeg_compression,3,random_direction,0.01,1.0,,14,0,0.20000000000000018,2000,0.013123359580052493,0.0009199632014719411,381,1087,-0.0009258125424385071,99fc6ef526bc821b82a48435c0a11457653382b1512fd893fda45260071da58a
E1,jpeg_compression,3,random_direction,0.01,1.0,,15,0,0.15000000000000568,2000,0.007874015748031496,0.0,381,1087,0.0006023101210594177,99fc6ef526bc821b82a48435c0a11457653382b1512fd893fda45260071da58a
E1,jpeg_compression,3,shuffled_donor,0.01,1.0,,0,0,-0.20000000000000018,2000,0.05511811023622047,0.028518859245630176,381,1087,-0.059988513469696046,99fc6ef526bc821b82a48435c0a11457653382b1512fd893fda45260071da58a
E1,jpeg_compression,3,shuffled_donor,0.01,1.0,,1,0,-0.34999999999999476,2000,0.031496062992125984,0.02483900643974241,381,1087,-0.025707028090953828,99fc6ef526bc821b82a48435c0a11457653382b1512fd893fda45260071da58a
E1,jpeg_compression,3,shuffled_donor,0.01,1.0,,2,0,0.0,2000,0.03412073490813648,0.019319227230910764,381,1087,-0.022758399963378906,99fc6ef526bc821b82a48435c0a11457653382b1512fd893fda45260071da58a
E1,jpeg_compression,3,shuffled_donor,0.01,1.0,,3,0,-0.34999999999999476,2000,0.026246719160104987,0.02207911683532659,381,1087,-0.01600032180547714,99fc6ef526bc821b82a48435c0a11457653382b1512fd893fda45260071da58a
E1,jpeg_compression,3,shuffled_donor,0.01,1.0,,4,0,-0.04999999999999449,2000,0.031496062992125984,0.01839926402943882,381,1087,0.004353883028030395,99fc6ef526bc821b82a48435c0a11457653382b1512fd893fda45260071da58a
E1,jpeg_compression,3,shuffled_donor,0.01,1.0,,5,0,-0.44999999999999485,2000,0.028871391076115485,0.02483900643974241,381,1087,0.005153314292430878,99fc6ef526bc821b82a48435c0a11457653382b1512fd893fda45260071da58a
E1,jpeg_compression,3,shuffled_donor,0.01,1.0,,6,0,-0.04999999999999449,2000,0.03412073490813648,0.020239190432382703,381,1087,0.013637547314167022,99fc6ef526bc821b82a48435c0a11457653382b1512fd893fda45260071da58a
E1,jpeg_compression,3,shuffled_donor,0.01,1.0,,7,0,-0.24999999999999467,2000,0.03674540682414698,0.022999080036798528,381,1087,-0.025044751346111296,99fc6ef526bc821b82a48435c0a11457653382b1512fd893fda45260071da58a
E1,jpeg_compression,3,shuffled_donor,0.01,1.0,,8,0,-0.44999999999999485,2000,0.028871391076115485,0.022999080036798528,381,1087,-0.014432072579860688,99fc6ef526bc821b82a48435c0a11457653382b1512fd893fda45260071da58a
E1,jpeg_compression,3,shuffled_donor,0.01,1.0,,9,0,-0.24999999999999467,2000,0.01837270341207349,0.01839926402943882,381,1087,-0.017638181269168853,99fc6ef526bc821b82a48435c0a11457653382b1512fd893fda45260071da58a
E1,jpeg_compression,3,shuffled_donor,0.01,1.0,,10,0,-0.14999999999999458,2000,0.026246719160104987,0.019319227230910764,381,1087,-0.014099127113819122,99fc6ef526bc821b82a48435c0a11457653382b1512fd893fda45260071da58a
E1,jpeg_compression,3,shuffled_donor,0.01,1.0,,11,0,-0.20000000000000018,2000,0.031496062992125984,0.021159153633854646,381,1087,-0.024861414849758148,99fc6ef526bc821b82a48435c0a11457653382b1512fd893fda45260071da58a
E1,jpeg_compression,3,shuffled_donor,0.01,1.0,,12,0,-0.30000000000000027,2000,0.031496062992125984,0.02391904323827047,381,1087,-0.042052553176879885,99fc6ef526bc821b82a48435c0a11457653382b1512fd893fda45260071da58a
E1,jpeg_compression,3,shuffled_donor,0.01,1.0,,13,0,0.0,2000,0.03412073490813648,0.01655933762649494,381,1087,-0.01901094788312912,99fc6ef526bc821b82a48435c0a11457653382b1512fd893fda45260071da58a
E1,jpeg_compression,3,shuffled_donor,0.01,1.0,,14,0,0.0,2000,0.03412073490813648,0.015639374425023,381,1087,-0.026687174439430236,99fc6ef526bc821b82a48435c0a11457653382b1512fd893fda45260071da58a
E1,jpeg_compression,3,shuffled_donor,0.01,1.0,,15,0,-0.10000000000000009,2000,0.023622047244094488,0.012879484820607176,381,1087,-0.03026665711402893,99fc6ef526bc821b82a48435c0a11457653382b1512fd893fda45260071da58a
E1,jpeg_compression,5,partial_channel,0.01,1.0,,0,0,0.20000000000000018,2000,0.02478134110787172,0.021220159151193633,686,754,0.08908617424964904,99fc6ef526bc821b82a48435c0a11457653382b1512fd893fda45260071da58a
E1,jpeg_compression,5,partial_channel,0.01,1.0,,0,1,-0.8000000000000007,2000,0.007288629737609329,0.027851458885941646,686,754,-0.022096050381660463,99fc6ef526bc821b82a48435c0a11457653382b1512fd893fda45260071da58a
E1,jpeg_compression,5,partial_channel,0.01,1.0,,0,2,0.2500000000000002,2000,0.023323615160349854,0.01856763925729443,686,754,0.062600292801857,99fc6ef526bc821b82a48435c0a11457653382b1512fd893fda45260071da58a
E1,jpeg_compression,5,partial_channel,0.01,1.0,,0,3,0.3500000000000003,2000,0.023323615160349854,0.01989389920424403,686,754,0.06250684261322022,99fc6ef526bc821b82a48435c0a11457653382b1512fd893fda45260071da58a
E1,jpeg_compression,5,partial_channel,0.01,1.0,,0,4,0.3500000000000003,2000,0.01749271137026239,0.009283819628647215,686,754,0.042215851247310636,99fc6ef526bc821b82a48435c0a11457653382b1512fd893fda45260071da58a
E1,jpeg_compression,5,partial_channel,0.05,1.0,,0,0,1.6000000000000014,2000,0.08017492711370262,0.042440318302387266,686,754,0.2590931636095047,99fc6ef526bc821b82a48435c0a11457653382b1512fd893fda45260071da58a
E1,jpeg_compression,5,partial_channel,0.05,1.0,,0,1,0.6500000000000006,2000,0.061224489795918366,0.04509283819628647,686,754,0.15343408906459807,99fc6ef526bc821b82a48435c0a11457653382b1512fd893fda45260071da58a
E1,jpeg_compression,5,partial_channel,0.05,1.0,,0,2,1.050000000000001,2000,0.07725947521865889,0.05172413793103448,686,754,0.19650628834962844,99fc6ef526bc821b82a48435c0a11457653382b1512fd893fda45260071da58a
E1,jpeg_compression,5,partial_channel,0.05,1.0,,0,3,1.6000000000000014,2000,0.06268221574344024,0.023872679045092837,686,754,0.25971968996524813,99fc6ef526bc821b82a48435c0a11457653382b1512fd893fda45260071da58a
E1,jpeg_compression,5,partial_channel,0.05,1.0,,0,4,1.5000000000000013,2000,0.06559766763848396,0.026525198938992044,686,754,0.22749331402778625,99fc6ef526bc821b82a48435c0a11457653382b1512fd893fda45260071da58a
E1,jpeg_compression,5,partial_channel,0.1,1.0,,0,0,3.5499999999999976,2000,0.11661807580174927,0.027851458885941646,686,754,0.4678759506344795,99fc6ef526bc821b82a48435c0a11457653382b1512fd893fda45260071da58a
E1,jpeg_compression,5,partial_channel,0.1,1.0,,0,1,2.150000000000002,2000,0.10495626822157435,0.05172413793103448,686,754,0.32768925714492797,99fc6ef526bc821b82a48435c0a11457653382b1512fd893fda45260071da58a
E1,jpeg_compression,5,partial_channel,0.1,1.0,,0,2,3.6999999999999975,2000,0.14285714285714285,0.054376657824933686,686,754,0.5456073029041291,99fc6ef526bc821b82a48435c0a11457653382b1512fd893fda45260071da58a
E1,jpeg_compression,5,partial_channel,0.1,1.0,,0,3,2.650000000000002,2000,0.10787172011661808,0.04509283819628647,686,754,0.4624891557693481,99fc6ef526bc821b82a48435c0a11457653382b1512fd893fda45260071da58a
E1,jpeg_compression,5,partial_channel,0.1,1.0,,0,4,2.500000000000002,2000,0.09475218658892129,0.033156498673740056,686,754,0.30047300684452055,99fc6ef526bc821b82a48435c0a11457653382b1512fd893fda45260071da58a
E1,jpeg_compression,5,partial_channel,0.2,1.0,,0,0,6.3,2000,0.20845481049562684,0.04509283819628647,686,754,0.8326831554174423,99fc6ef526bc821b82a48435c0a11457653382b1512fd893fda45260071da58a
E1,jpeg_compression,5,partial_channel,0.2,1.0,,0,1,5.249999999999999,2000,0.20699708454810495,0.07692307692307693,686,754,0.8433400717377663,99fc6ef526bc821b82a48435c0a11457653382b1512fd893fda45260071da58a
E1,jpeg_compression,5,partial_channel,0.2,1.0,,0,2,7.15,2000,0.2259475218658892,0.042440318302387266,686,754,1.0935330701470376,99fc6ef526bc821b82a48435c0a11457653382b1512fd893fda45260071da58a
E1,jpeg_compression,5,partial_channel,0.2,1.0,,0,3,6.75,2000,0.23469387755102042,0.054376657824933686,686,754,1.0267899066209794,99fc6ef526bc821b82a48435c0a11457653382b1512fd893fda45260071da58a
E1,jpeg_compression,5,partial_channel,0.2,1.0,,0,4,6.25,2000,0.20262390670553937,0.04774535809018567,686,754,0.9674432024359703,99fc6ef526bc821b82a48435c0a11457653382b1512fd893fda45260071da58a
E1,jpeg_compression,5,partial_channel,0.01,1.0,,1,0,0.40000000000000036,2000,0.02040816326530612,0.011936339522546418,686,754,0.07133168488740921,99fc6ef526bc821b82a48435c0a11457653382b1512fd893fda45260071da58a
E1,jpeg_compression,5,partial_channel,0.01,1.0,,1,1,-0.4500000000000004,2000,0.021865889212827987,0.033156498673740056,686,754,-0.0016423556804656982,99fc6ef526bc821b82a48435c0a11457653382b1512fd893fda45260071da58a
E1,jpeg_compression,5,partial_channel,0.01,1.0,,1,2,0.2500000000000002,2000,0.021865889212827987,0.014588859416445624,686,754,0.06793759626150131,99fc6ef526bc821b82a48435c0a11457653382b1512fd893fda45260071da58a
E1,jpeg_compression,5,partial_channel,0.01,1.0,,1,3,-0.10000000000000009,2000,0.021865889212827987,0.025198938992042442,686,754,0.05752842777967453,99fc6ef526bc821b82a48435c0a11457653382b1512fd893fda45260071da58a
E1,jpeg_compression,5,partial_channel,0.01,1.0,,1,4,0.5000000000000004,2000,0.01749271137026239,0.009283819628647215,686,754,0.06959289211034775,99fc6ef526bc821b82a48435c0a11457653382b1512fd893fda45260071da58a
E1,jpeg_compression,5,partial_channel,0.05,1.0,,1,0,1.5000000000000013,2000,0.07434402332361516,0.03580901856763926,686,754,0.2662852014899254,99fc6ef526bc821b82a48435c0a11457653382b1512fd893fda45260071da58a
E1,jpeg_compression,5,partial_channel,0.05,1.0,,1,1,2.0500000000000016,2000,0.09183673469387756,0.03978779840848806,686,754,0.3026982202529907,99fc6ef526bc821b82a48435c0a11457653382b1512fd893fda45260071da58a
E1,jpeg_compression,5,partial_channel,0.05,1.0,,1,2,1.0000000000000009,2000,0.06268221574344024,0.03713527851458886,686,754,0.17556154477596284,99fc6ef526bc821b82a48435c0a11457653382b1512fd893fda45260071da58a
E1,jpeg_compression,5,partial_channel,0.05,1.0,,1,3,1.9000000000000017,2000,0.0728862973760933,0.029177718832891247,686,754,0.28202981251478193,99fc6ef526bc821b82a48435c0a11457653382b1512fd893fda45260071da58a
E1,jpeg_compression,5,partial_channel,0.05,1.0,,1,4,2.200000000000002,2000,0.08309037900874636,0.023872679045092837,686,754,0.3034735830426216,99fc6ef526bc821b82a48435c0a11457653382b1512fd893fda45260071da58a
E1,jpeg_compression,5,partial_channel,0.1,1.0,,1,0,3.5499999999999976,2000,0.119533527696793,0.03183023872679045,686,754,0.5201137841939926,99fc6ef526bc821b82a48435c0a11457653382b1512fd893fda45260071da58a
E1,jpeg_compression,5,partial_channel,0.1,1.0,,1,1,2.949999999999997,2000,0.12244897959183673,0.05172413793103448,686,754,0.4805804629921913,99fc6ef526bc821b82a48435c0a11457653382b1512fd893fda45260071da58a
E1,jpeg_compression,5,partial_channel,0.1,1.0,,1,2,3.4999999999999973,2000,0.1239067055393586,0.038461538461538464,686,754,0.537484708249569,99fc6ef526bc821b82a48435c0a11457653382b1512fd893fda45260071da58a
E1,jpeg_compression,5,partial_channel,0.1,1.0,,1,3,4.349999999999998,2000,0.14868804664723032,0.03978779840848806,686,754,0.650604152739048,99fc6ef526bc821b82a48435c0a11457653382b1512fd893fda45260071da58a
E1,jpeg_compression,5,partial_channel,0.1,1.0,,1,4,2.5500000000000025,2000,0.10204081632653061,0.038461538461538464,686,754,0.35909991478919984,99fc6ef526bc821b82a48435c0a11457653382b1512fd893fda45260071da58a
E1,jpeg_compression,5,partial_channel,0.2,1.0,,1,0,7.15,2000,0.21720116618075802,0.03713527851458886,686,754,0.9628725031614304,99fc6ef526bc821b82a48435c0a11457653382b1512fd893fda45260071da58a
E1,jpeg_compression,5,partial_channel,0.2,1.0,,1,1,6.15,2000,0.22448979591836735,0.06896551724137931,686,754,0.933123254954815,99fc6ef526bc821b82a48435c0a11457653382b1512fd893fda45260071da58a
E1,jpeg_compression,5,partial_channel,0.2,1.0,,1,2,6.9,2000,0.22157434402332363,0.042440318302387266,686,754,1.0073252227902412,99fc6ef526bc821b82a48435c0a11457653382b1512fd893fda45260071da58a
E1,jpeg_compression,5,partial_channel,0.2,1.0,,1,3,9.199999999999998,2000,0.29008746355685133,0.04774535809018567,686,754,1.2568889746665954,99fc6ef526bc821b82a48435c0a11457653382b1512fd893fda45260071da58a
E1,jpeg_compression,5,partial_channel,0.2,1.0,,1,4,6.800000000000001,2000,0.21282798833819241,0.04111405835543767,686,754,0.9820571485757827,99fc6ef526bc821b82a48435c0a11457653382b1512fd893fda45260071da58a
E1,jpeg_compression,5,partial_channel,0.01,1.0,,2,0,0.0,2000,0.013119533527696793,0.014588859416445624,686,754,0.06471938717365265,99fc6ef526bc821b82a48435c0a11457653382b1512fd893fda45260071da58a
E1,jpeg_compression,5,partial_channel,0.01,1.0,,2,1,-1.250000000000001,2000,0.023323615160349854,0.05570291777188329,686,754,-0.05107293230295181,99fc6ef526bc821b82a48435c0a11457653382b1512fd893fda45260071da58a
E1,jpeg_compression,5,partial_channel,0.01,1.0,,2,2,0.3500000000000003,2000,0.018950437317784258,0.010610079575596816,686,754,0.05750109857320786,99fc6ef526bc821b82a48435c0a11457653382b1512fd893fda45260071da58a
E1,jpeg_compression,5,partial_channel,0.01,1.0,,2,3,-0.050000000000000044,2000,0.018950437317784258,0.021220159151193633,686,754,0.05530567306280136,99fc6ef526bc821b82a48435c0a11457653382b1512fd893fda45260071da58a
E1,jpeg_compression,5,partial_channel,0.01,1.0,,2,4,0.7500000000000007,2000,0.021865889212827987,0.007957559681697613,686,754,0.07413872009515762,99fc6ef526bc821b82a48435c0a11457653382b1512fd893fda45260071da58a
E1,jpeg_compression,5,partial_channel,0.05,1.0,,2,0,1.250000000000001,2000,0.07434402332361516,0.04111405835543767,686,754,0.2827944955229759,99fc6ef526bc821b82a48435c0a11457653382b1512fd893fda45260071da58a
E1,jpeg_compression,5,partial_channel,0.05,1.0,,2,1,1.250000000000001,2000,0.07580174927113703,0.04774535809018567,686,754,0.2125702354311943,99fc6ef526bc821b82a48435c0a11457653382b1512fd893fda45260071da58a
E1,jpeg_compression,5,partial_channel,0.05,1.0,,2,2,1.250000000000001,2000,0.061224489795918366,0.034482758620689655,686,754,0.16476335513591767,99fc6ef526bc821b82a48435c0a11457653382b1512fd893fda45260071da58a
E1,jpeg_compression,5,partial_channel,0.05,1.0,,2,3,1.6500000000000015,2000,0.07142857142857142,0.03050397877984085,686,754,0.27111177176237106,99fc6ef526bc821b82a48435c0a11457653382b1512fd893fda45260071da58a
E1,jpeg_compression,5,partial_channel,0.05,1.0,,2,4,1.5500000000000014,2000,0.07434402332361516,0.033156498673740056,686,754,0.24418733459711076,99fc6ef526bc821b82a48435c0a11457653382b1512fd893fda45260071da58a
E1,jpeg_compression,5,partial_channel,0.1,1.0,,2,0,2.9000000000000026,2000,0.12099125364431487,0.04376657824933687,686,754,0.5182172887921334,99fc6ef526bc821b82a48435c0a11457653382b1512fd893fda45260071da58a
E1,jpeg_compression,5,partial_channel,0.1,1.0,,2,1,2.7000000000000024,2000,0.12099125364431487,0.05702917771883289,686,754,0.36916195380687716,99fc6ef526bc821b82a48435c0a11457653382b1512fd893fda45260071da58a
E1,jpeg_compression,5,partial_channel,0.1,1.0,,2,2,2.949999999999997,2000,0.11661807580174927,0.04376657824933687,686,754,0.4719022545814514,99fc6ef526bc821b82a48435c0a11457653382b1512fd893fda45260071da58a
E1,jpeg_compression,5,partial_channel,0.1,1.0,,2,3,3.799999999999998,2000,0.1282798833819242,0.034482758620689655,686,754,0.5575224784016609,99fc6ef526bc821b82a48435c0a11457653382b1512fd893fda45260071da58a
E1,jpeg_compression,5,partial_channel,0.1,1.0,,2,4,2.450000000000002,2000,0.10058309037900874,0.03978779840848806,686,754,0.3442314051985741,99fc6ef526bc821b82a48435c0a11457653382b1512fd893fda45260071da58a
E1,jpeg_compression,5,partial_channel,0.2,1.0,,2,0,6.75,2000,0.20699708454810495,0.03713527851458886,686,754,0.9910971759557724,99fc6ef526bc821b82a48435c0a11457653382b1512fd893fda45260071da58a
E1,jpeg_compression,5,partial_channel,0.2,1.0,,2,1,5.549999999999999,2000,0.20845481049562684,0.07161803713527852,686,754,0.7739879746437073,99fc6ef526bc821b82a48435c0a11457653382b1512fd893fda45260071da58a
E1,jpeg_compression,5,partial_channel,0.2,1.0,,2,2,6.2,2000,0.20845481049562684,0.04509283819628647,686,754,0.8909684489965439,99fc6ef526bc821b82a48435c0a11457653382b1512fd893fda45260071da58a
E1,jpeg_compression,5,partial_channel,0.2,1.0,,2,3,7.250000000000001,2000,0.22886297376093295,0.03978779840848806,686,754,1.0976082342863083,99fc6ef526bc821b82a48435c0a11457653382b1512fd893fda45260071da58a
E1,jpeg_compression,5,partial_channel,0.2,1.0,,2,4,6.950000000000001,2000,0.2230320699708455,0.038461538461538464,686,754,0.9924255885481834,99fc6ef526bc821b82a48435c0a11457653382b1512fd893fda45260071da58a
E1,jpeg_compression,5,partial_channel,0.01,1.0,,3,0,0.0,2000,0.030612244897959183,0.033156498673740056,686,754,0.05857484406232834,99fc6ef526bc821b82a48435c0a11457653382b1512fd893fda45260071da58a
E1,jpeg_compression,5,partial_channel,0.01,1.0,,3,1,-0.15000000000000013,2000,0.013119533527696793,0.021220159151193633,686,754,0.0020266078114509582,99fc6ef526bc821b82a48435c0a11457653382b1512fd893fda45260071da58a
E1,jpeg_compression,5,partial_channel,0.01,1.0,,3,2,0.20000000000000018,2000,0.021865889212827987,0.01856763925729443,686,754,0.03486628597974777,99fc6ef526bc821b82a48435c0a11457653382b1512fd893fda45260071da58a
E1,jpeg_compression,5,partial_channel,0.01,1.0,,3,3,-0.10000000000000009,2000,0.013119533527696793,0.021220159151193633,686,754,-0.009210392773151398,99fc6ef526bc821b82a48435c0a11457653382b1512fd893fda45260071da58a
E1,jpeg_compression,5,partial_channel,0.01,1.0,,3,4,0.5000000000000004,2000,0.030612244897959183,0.017241379310344827,686,754,0.04821230006217957,99fc6ef526bc821b82a48435c0a11457653382b1512fd893fda45260071da58a
E1,jpeg_compression,5,partial_channel,0.05,1.0,,3,0,1.5000000000000013,2000,0.0728862973760933,0.038461538461538464,686,754,0.22260414767265319,99fc6ef526bc821b82a48435c0a11457653382b1512fd893fda45260071da58a
E1,jpeg_compression,5,partial_channel,0.05,1.0,,3,1,0.20000000000000018,2000,0.06705539358600583,0.06631299734748011,686,754,0.1155123992562294,99fc6ef526bc821b82a48435c0a11457653382b1512fd893fda45260071da58a
E1,jpeg_compression,5,partial_channel,0.05,1.0,,3,2,1.200000000000001,2000,0.06851311953352769,0.038461538461538464,686,754,0.21620908987522125,99fc6ef526bc821b82a48435c0a11457653382b1512fd893fda45260071da58a
E1,jpeg_compression,5,partial_channel,0.05,1.0,,3,3,2.2500000000000018,2000,0.09037900874635568,0.03713527851458886,686,754,0.27813036453723905,99fc6ef526bc821b82a48435c0a11457653382b1512fd893fda45260071da58a
E1,jpeg_compression,5,partial_channel,0.05,1.0,,3,4,1.7000000000000015,2000,0.07871720116618076,0.03183023872679045,686,754,0.18349276542663573,99fc6ef526bc821b82a48435c0a11457653382b1512fd893fda45260071da58a
E1,jpeg_compression,5,partial_channel,0.1,1.0,,3,0,1.9500000000000017,2000,0.09766763848396501,0.04907161803713528,686,754,0.31872655898332597,99fc6ef526bc821b82a48435c0a11457653382b1512fd893fda45260071da58a
E1,jpeg_compression,5,partial_channel,0.1,1.0,,3,1,3.4999999999999973,2000,0.1282798833819242,0.03713527851458886,686,754,0.48746921062469484,99fc6ef526bc821b82a48435c0a11457653382b1512fd893fda45260071da58a
E1,jpeg_compression,5,partial_channel,0.1,1.0,,3,2,3.6999999999999975,2000,0.13556851311953352,0.04509283819628647,686,754,0.552665234386921,99fc6ef526bc821b82a48435c0a11457653382b1512fd893fda45260071da58a
E1,jpeg_compression,5,partial_channel,0.1,1.0,,3,3,4.649999999999999,2000,0.1618075801749271,0.042440318302387266,686,754,0.7329384698271751,99fc6ef526bc821b82a48435c0a11457653382b1512fd893fda45260071da58a
E1,jpeg_compression,5,partial_channel,0.1,1.0,,3,4,3.049999999999997,2000,0.09912536443148688,0.022546419098143235,686,754,0.4044914166331291,99fc6ef526bc821b82a48435c0a11457653382b1512fd893fda45260071da58a
E1,jpeg_compression,5,partial_channel,0.2,1.0,,3,0,0.8500000000000008,2000,0.13848396501457727,0.1259946949602122,686,754,0.285728240609169,99fc6ef526bc821b82a48435c0a11457653382b1512fd893fda45260071da58a
E1,jpeg_compression,5,partial_channel,0.2,1.0,,3,1,5.35,2000,0.1967930029154519,0.054376657824933686,686,754,0.8181755965352059,99fc6ef526bc821b82a48435c0a11457653382b1512fd893fda45260071da58a
E1,jpeg_compression,5,partial_channel,0.2,1.0,,3,2,6.7,2000,0.23469387755102042,0.0610079575596817,686,754,0.9712708274126053,99fc6ef526bc821b82a48435c0a11457653382b1512fd893fda45260071da58a
E1,jpeg_compression,5,partial_channel,0.2,1.0,,3,3,7.000000000000001,2000,0.23615160349854228,0.05305039787798409,686,754,1.0772717409729957,99fc6ef526bc821b82a48435c0a11457653382b1512fd893fda45260071da58a
E1,jpeg_compression,5,partial_channel,0.2,1.0,,3,4,6.2,2000,0.21137026239067055,0.05305039787798409,686,754,0.9563869563937187,99fc6ef526bc821b82a48435c0a11457653382b1512fd893fda45260071da58a
E1,jpeg_compression,5,partial_channel,0.01,1.0,,4,0,0.40000000000000036,2000,0.029154518950437316,0.022546419098143235,686,754,0.0982811227440834,99fc6ef526bc821b82a48435c0a11457653382b1512fd893fda45260071da58a
E1,jpeg_compression,5,partial_channel,0.01,1.0,,4,1,-0.6000000000000005,2000,0.016034985422740525,0.03183023872679045,686,754,-0.015592265129089355,99fc6ef526bc821b82a48435c0a11457653382b1512fd893fda45260071da58a
E1,jpeg_compression,5,partial_channel,0.01,1.0,,4,2,0.4500000000000004,2000,0.026239067055393587,0.017241379310344827,686,754,0.0636210776567459,99fc6ef526bc821b82a48435c0a11457653382b1512fd893fda45260071da58a
E1,jpeg_compression,5,partial_channel,0.01,1.0,,4,3,-0.10000000000000009,2000,0.011661807580174927,0.017241379310344827,686,754,0.031035154819488524,99fc6ef526bc821b82a48435c0a11457653382b1512fd893fda45260071da58a
E1,jpeg_compression,5,partial_channel,0.01,1.0,,4,4,0.3500000000000003,2000,0.02040816326530612,0.011936339522546418,686,754,0.052708066761493685,99fc6ef526bc821b82a48435c0a11457653382b1512fd893fda45260071da58a
E1,jpeg_compression,5,partial_channel,0.05,1.0,,4,0,4.249999999999998,2000,0.14285714285714285,0.034482758620689655,686,754,0.5658528593182564,99fc6ef526bc821b82a48435c0a11457653382b1512fd893fda45260071da58a
E1,jpeg_compression,5,partial_channel,0.05,1.0,,4,1,2.450000000000002,2000,0.09037900874635568,0.029177718832891247,686,754,0.368214629650116,99fc6ef526bc821b82a48435c0a11457653382b1512fd893fda45260071da58a
E1,jpeg_compression,5,partial_channel,0.05,1.0,,4,2,2.300000000000002,2000,0.08163265306122448,0.026525198938992044,686,754,0.34043806946277616,99fc6ef526bc821b82a48435c0a11457653382b1512fd893fda45260071da58a
E1,jpeg_compression,5,partial_channel,0.05,1.0,,4,3,2.2500000000000018,2000,0.09183673469387756,0.03183023872679045,686,754,0.3008689675927162,99fc6ef526bc821b82a48435c0a11457653382b1512fd893fda45260071da58a
E1,jpeg_compression,5,partial_channel,0.05,1.0,,4,4,1.7500000000000016,2000,0.07580174927113703,0.03050397877984085,686,754,0.2207727118730545,99fc6ef526bc821b82a48435c0a11457653382b1512fd893fda45260071da58a
E1,jpeg_compression,5,partial_channel,0.1,1.0,,4,0,6.25,2000,0.20262390670553937,0.03978779840848806,686,754,0.9421031709313392,99fc6ef526bc821b82a48435c0a11457653382b1512fd893fda45260071da58a
E1,jpeg_compression,5,partial_channel,0.1,1.0,,4,1,3.749999999999998,2000,0.13994169096209913,0.042440318302387266,686,754,0.6087154141664505,99fc6ef526bc821b82a48435c0a11457653382b1512fd893fda45260071da58a
E1,jpeg_compression,5,partial_channel,0.1,1.0,,4,2,4.549999999999999,2000,0.13994169096209913,0.029177718832891247,686,754,0.6994364922046661,99fc6ef526bc821b82a48435c0a11457653382b1512fd893fda45260071da58a
E1,jpeg_compression,5,partial_channel,0.1,1.0,,4,3,5.949999999999999,2000,0.18075801749271136,0.027851458885941646,686,754,0.8391531679034233,99fc6ef526bc821b82a48435c0a11457653382b1512fd893fda45260071da58a
E1,jpeg_compression,5,partial_channel,0.1,1.0,,4,4,4.349999999999998,2000,0.14868804664723032,0.03978779840848806,686,754,0.5779410007596016,99fc6ef526bc821b82a48435c0a11457653382b1512fd893fda45260071da58a
E1,jpeg_compression,5,partial_channel,0.2,1.0,,4,0,7.650000000000001,2000,0.26822157434402333,0.0649867374005305,686,754,1.1275993690490722,99fc6ef526bc821b82a48435c0a11457653382b1512fd893fda45260071da58a
E1,jpeg_compression,5,partial_channel,0.2,1.0,,4,1,6.2,2000,0.21720116618075802,0.054376657824933686,686,754,0.8245857023000717,99fc6ef526bc821b82a48435c0a11457653382b1512fd893fda45260071da58a
E1,jpeg_compression,5,partial_channel,0.2,1.0,,4,2,9.749999999999998,2000,0.28717201166180756,0.033156498673740056,686,754,1.302887206375599,99fc6ef526bc821b82a48435c0a11457653382b1512fd893fda45260071da58a
E1,jpeg_compression,5,partial_channel,0.2,1.0,,4,3,9.349999999999998,2000,0.27988338192419826,0.03713527851458886,686,754,1.3154805408716201,99fc6ef526bc821b82a48435c0a11457653382b1512fd893fda45260071da58a
E1,jpeg_compression,5,partial_channel,0.2,1.0,,4,4,8.100000000000001,2000,0.26676384839650147,0.04907161803713528,686,754,1.2826199597716332,99fc6ef526bc821b82a48435c0a11457653382b1512fd893fda45260071da58a
E1,jpeg_compression,5,partial_channel,0.01,1.0,,5,0,0.5000000000000004,2000,0.026239067055393587,0.01856763925729443,686,754,0.09993190354108811,99fc6ef526bc821b82a48435c0a11457653382b1512fd893fda45260071da58a
E1,jpeg_compression,5,partial_channel,0.01,1.0,,5,1,-0.4500000000000004,2000,0.013119533527696793,0.026525198938992044,686,754,0.0010527161955833436,99fc6ef526bc821b82a48435c0a11457653382b1512fd893fda45260071da58a
E1,jpeg_compression,5,partial_channel,0.01,1.0,,5,2,0.5500000000000005,2000,0.026239067055393587,0.015915119363395226,686,754,0.044965768694877624,99fc6ef526bc821b82a48435c0a11457653382b1512fd893fda45260071da58a
E1,jpeg_compression,5,partial_channel,0.01,1.0,,5,3,0.30000000000000027,2000,0.01749271137026239,0.011936339522546418,686,754,0.03455430006980896,99fc6ef526bc821b82a48435c0a11457653382b1512fd893fda45260071da58a
E1,jpeg_compression,5,partial_channel,0.01,1.0,,5,4,-0.20000000000000018,2000,0.016034985422740525,0.022546419098143235,686,754,0.021178508818149568,99fc6ef526bc821b82a48435c0a11457653382b1512fd893fda45260071da58a
E1,jpeg_compression,5,partial_channel,0.05,1.0,,5,0,3.6999999999999975,2000,0.1282798833819242,0.033156498673740056,686,754,0.555386757671833,99fc6ef526bc821b82a48435c0a11457653382b1512fd893fda45260071da58a
E1,jpeg_compression,5,partial_channel,0.05,1.0,,5,1,2.9000000000000026,2000,0.09912536443148688,0.026525198938992044,686,754,0.3860043467283249,99fc6ef526bc821b82a48435c0a11457653382b1512fd893fda45260071da58a
E1,jpeg_compression,5,partial_channel,0.05,1.0,,5,2,1.9000000000000017,2000,0.06997084548104957,0.026525198938992044,686,754,0.24382291209697723,99fc6ef526bc821b82a48435c0a11457653382b1512fd893fda45260071da58a
E1,jpeg_compression,5,partial_channel,0.05,1.0,,5,3,2.300000000000002,2000,0.08600583090379009,0.027851458885941646,686,754,0.3026292902231216,99fc6ef526bc821b82a48435c0a11457653382b1512fd893fda45260071da58a
E1,jpeg_compression,5,partial_channel,0.05,1.0,,5,4,1.150000000000001,2000,0.05830903790087463,0.033156498673740056,686,754,0.18730444210767747,99fc6ef526bc821b82a48435c0a11457653382b1512fd893fda45260071da58a
E1,jpeg_compression,5,partial_channel,0.1,1.0,,5,0,6.950000000000001,2000,0.20845481049562684,0.033156498673740056,686,754,1.028981651365757,99fc6ef526bc821b82a48435c0a11457653382b1512fd893fda45260071da58a
E1,jpeg_compression,5,partial_channel,0.1,1.0,,5,1,4.299999999999998,2000,0.15160349854227406,0.033156498673740056,686,754,0.687527378499508,99fc6ef526bc821b82a48435c0a11457653382b1512fd893fda45260071da58a
E1,jpeg_compression,5,partial_channel,0.1,1.0,,5,2,3.5499999999999976,2000,0.1239067055393586,0.03580901856763926,686,754,0.5662547353506088,99fc6ef526bc821b82a48435c0a11457653382b1512fd893fda45260071da58a
E1,jpeg_compression,5,partial_channel,0.1,1.0,,5,3,5.75,2000,0.17201166180758018,0.01989389920424403,686,754,0.7824367475509644,99fc6ef526bc821b82a48435c0a11457653382b1512fd893fda45260071da58a
E1,jpeg_compression,5,partial_channel,0.1,1.0,,5,4,3.5499999999999976,2000,0.119533527696793,0.03183023872679045,686,754,0.5252776863574982,99fc6ef526bc821b82a48435c0a11457653382b1512fd893fda45260071da58a
E1,jpeg_compression,5,partial_channel,0.2,1.0,,5,0,9.399999999999997,2000,0.2915451895043732,0.04907161803713528,686,754,1.3463245681524276,99fc6ef526bc821b82a48435c0a11457653382b1512fd893fda45260071da58a
E1,jpeg_compression,5,partial_channel,0.2,1.0,,5,1,6.35,2000,0.21282798833819241,0.04774535809018567,686,754,0.9082388286590576,99fc6ef526bc821b82a48435c0a11457653382b1512fd893fda45260071da58a
E1,jpeg_compression,5,partial_channel,0.2,1.0,,5,2,8.700000000000003,2000,0.2696793002915452,0.04111405835543767,686,754,1.1401489421129227,99fc6ef526bc821b82a48435c0a11457653382b1512fd893fda45260071da58a
E1,jpeg_compression,5,partial_channel,0.2,1.0,,5,3,9.100000000000003,2000,0.27696793002915454,0.03713527851458886,686,754,1.2905237883925438,99fc6ef526bc821b82a48435c0a11457653382b1512fd893fda45260071da58a
E1,jpeg_compression,5,partial_channel,0.2,1.0,,5,4,8.200000000000001,2000,0.2653061224489796,0.042440318302387266,686,754,1.2392902015447615,99fc6ef526bc821b82a48435c0a11457653382b1512fd893fda45260071da58a
E1,jpeg_compression,5,partial_channel,0.01,1.0,,6,0,0.9500000000000008,2000,0.03498542274052478,0.014588859416445624,686,754,0.10412368804216385,99fc6ef526bc821b82a48435c0a11457653382b1512fd893fda45260071da58a
E1,jpeg_compression,5,partial_channel,0.01,1.0,,6,1,-0.10000000000000009,2000,0.02478134110787172,0.029177718832891247,686,754,0.02409688001871109,99fc6ef526bc821b82a48435c0a11457653382b1512fd893fda45260071da58a
E1,jpeg_compression,5,partial_channel,0.01,1.0,,6,2,-0.050000000000000044,2000,0.016034985422740525,0.01989389920424403,686,754,0.04260087472200394,99fc6ef526bc821b82a48435c0a11457653382b1512fd893fda45260071da58a
E1,jpeg_compression,5,partial_channel,0.01,1.0,,6,3,0.20000000000000018,2000,0.014577259475218658,0.011936339522546418,686,754,0.04199629402160644,99fc6ef526bc821b82a48435c0a11457653382b1512fd893fda45260071da58a
E1,jpeg_compression,5,partial_channel,0.01,1.0,,6,4,-0.2500000000000002,2000,0.007288629737609329,0.015915119363395226,686,754,0.030262449681758882,99fc6ef526bc821b82a48435c0a11457653382b1512fd893fda45260071da58a
E1,jpeg_compression,5,partial_channel,0.05,1.0,,6,0,3.799999999999998,2000,0.1282798833819242,0.03050397877984085,686,754,0.575913442492485,99fc6ef526bc821b82a48435c0a11457653382b1512fd893fda45260071da58a
E1,jpeg_compression,5,partial_channel,0.05,1.0,,6,1,2.400000000000002,2000,0.09183673469387756,0.033156498673740056,686,754,0.3663645476698875,99fc6ef526bc821b82a48435c0a11457653382b1512fd893fda45260071da58a
E1,jpeg_compression,5,partial_channel,0.05,1.0,,6,2,1.8500000000000016,2000,0.06997084548104957,0.025198938992042442,686,754,0.2063382489681244,99fc6ef526bc821b82a48435c0a11457653382b1512fd893fda45260071da58a
E1,jpeg_compression,5,partial_channel,0.05,1.0,,6,3,1.3000000000000012,2000,0.06851311953352769,0.03713527851458886,686,754,0.24871643829345702,99fc6ef526bc821b82a48435c0a11457653382b1512fd893fda45260071da58a
E1,jpeg_compression,5,partial_channel,0.05,1.0,,6,4,1.0000000000000009,2000,0.05539358600583091,0.03050397877984085,686,754,0.19313428777456285,99fc6ef526bc821b82a48435c0a11457653382b1512fd893fda45260071da58a
E1,jpeg_compression,5,partial_channel,0.1,1.0,,6,0,7.15,2000,0.2230320699708455,0.034482758620689655,686,754,1.040910824239254,99fc6ef526bc821b82a48435c0a11457653382b1512fd893fda45260071da58a
E1,jpeg_compression,5,partial_channel,0.1,1.0,,6,1,5.549999999999999,2000,0.18075801749271136,0.029177718832891247,686,754,0.7311604052186013,99fc6ef526bc821b82a48435c0a11457653382b1512fd893fda45260071da58a
E1,jpeg_compression,5,partial_channel,0.1,1.0,,6,2,2.9000000000000026,2000,0.11807580174927114,0.042440318302387266,686,754,0.5171607104539871,99fc6ef526bc821b82a48435c0a11457653382b1512fd893fda45260071da58a
E1,jpeg_compression,5,partial_channel,0.1,1.0,,6,3,4.149999999999999,2000,0.14868804664723032,0.04111405835543767,686,754,0.6595462593436241,99fc6ef526bc821b82a48435c0a11457653382b1512fd893fda45260071da58a
E1,jpeg_compression,5,partial_channel,0.1,1.0,,6,4,3.9999999999999982,2000,0.13119533527696792,0.03050397877984085,686,754,0.5630232530236244,99fc6ef526bc821b82a48435c0a11457653382b1512fd893fda45260071da58a
E1,jpeg_compression,5,partial_channel,0.2,1.0,,6,0,9.949999999999998,2000,0.3075801749271137,0.04376657824933687,686,754,1.5169644221663474,99fc6ef526bc821b82a48435c0a11457653382b1512fd893fda45260071da58a
E1,jpeg_compression,5,partial_channel,0.2,1.0,,6,1,7.400000000000001,2000,0.2303206997084548,0.029177718832891247,686,754,1.0396140321493148,99fc6ef526bc821b82a48435c0a11457653382b1512fd893fda45260071da58a
E1,jpeg_compression,5,partial_channel,0.2,1.0,,6,2,7.800000000000002,2000,0.2478134110787172,0.04376657824933687,686,754,1.1040458438396454,99fc6ef526bc821b82a48435c0a11457653382b1512fd893fda45260071da58a
E1,jpeg_compression,5,partial_channel,0.2,1.0,,6,3,8.250000000000002,2000,0.24927113702623907,0.03183023872679045,686,754,1.221860544025898,99fc6ef526bc821b82a48435c0a11457653382b1512fd893fda45260071da58a
E1,jpeg_compression,5,partial_channel,0.2,1.0,,6,4,8.400000000000002,2000,0.27405247813411077,0.046419098143236075,686,754,1.2862629942893982,99fc6ef526bc821b82a48435c0a11457653382b1512fd893fda45260071da58a
E1,jpeg_compression,5,partial_channel,0.01,1.0,,7,0,0.3500000000000003,2000,0.02478134110787172,0.015915119363395226,686,754,0.08267998027801514,99fc6ef526bc821b82a48435c0a11457653382b1512fd893fda45260071da58a
E1,jpeg_compression,5,partial_channel,0.01,1.0,,7,1,1.0000000000000009,2000,0.033527696793002916,0.013262599469496022,686,754,0.1547224262356758,99fc6ef526bc821b82a48435c0a11457653382b1512fd893fda45260071da58a
E1,jpeg_compression,5,partial_channel,0.01,1.0,,7,2,0.5000000000000004,2000,0.023323615160349854,0.013262599469496022,686,754,0.05963226562738418,99fc6ef526bc821b82a48435c0a11457653382b1512fd893fda45260071da58a
E1,jpeg_compression,5,partial_channel,0.01,1.0,,7,3,0.15000000000000013,2000,0.033527696793002916,0.026525198938992044,686,754,0.09719069784879684,99fc6ef526bc821b82a48435c0a11457653382b1512fd893fda45260071da58a
E1,jpeg_compression,5,partial_channel,0.01,1.0,,7,4,0.050000000000000044,2000,0.026239067055393587,0.022546419098143235,686,754,0.07464824742078781,99fc6ef526bc821b82a48435c0a11457653382b1512fd893fda45260071da58a
E1,jpeg_compression,5,partial_channel,0.05,1.0,,7,0,1.9000000000000017,2000,0.07580174927113703,0.025198938992042442,686,754,0.2979079604148865,99fc6ef526bc821b82a48435c0a11457653382b1512fd893fda45260071da58a
E1,jpeg_compression,5,partial_channel,0.05,1.0,,7,1,3.5499999999999976,2000,0.10204081632653061,0.017241379310344827,686,754,0.49487952768802645,99fc6ef526bc821b82a48435c0a11457653382b1512fd893fda45260071da58a
E1,jpeg_compression,5,partial_channel,0.05,1.0,,7,2,3.4999999999999973,2000,0.11661807580174927,0.029177718832891247,686,754,0.531086890220642,99fc6ef526bc821b82a48435c0a11457653382b1512fd893fda45260071da58a
E1,jpeg_compression,5,partial_channel,0.05,1.0,,7,3,1.9000000000000017,2000,0.07871720116618076,0.026525198938992044,686,754,0.3051843672990799,99fc6ef526bc821b82a48435c0a11457653382b1512fd893fda45260071da58a
E1,jpeg_compression,5,partial_channel,0.05,1.0,,7,4,2.0000000000000018,2000,0.07580174927113703,0.023872679045092837,686,754,0.3147207135558128,99fc6ef526bc821b82a48435c0a11457653382b1512fd893fda45260071da58a
E1,jpeg_compression,5,partial_channel,0.1,1.0,,7,0,6.550000000000001,2000,0.20408163265306123,0.038461538461538464,686,754,0.8284826961159706,99fc6ef526bc821b82a48435c0a11457653382b1512fd893fda45260071da58a
E1,jpeg_compression,5,partial_channel,0.1,1.0,,7,1,7.15,2000,0.23615160349854228,0.04907161803713528,686,754,1.0763165296912194,99fc6ef526bc821b82a48435c0a11457653382b1512fd893fda45260071da58a
E1,jpeg_compression,5,partial_channel,0.1,1.0,,7,2,6.800000000000001,2000,0.22011661807580174,0.03978779840848806,686,754,1.0852529979348182,99fc6ef526bc821b82a48435c0a11457653382b1512fd893fda45260071da58a
E1,jpeg_compression,5,partial_channel,0.1,1.0,,7,3,4.499999999999998,2000,0.15306122448979592,0.03978779840848806,686,754,0.713824807703495,99fc6ef526bc821b82a48435c0a11457653382b1512fd893fda45260071da58a
E1,jpeg_compression,5,partial_channel,0.1,1.0,,7,4,5.249999999999999,2000,0.1661807580174927,0.029177718832891247,686,754,0.7006427651047706,99fc6ef526bc821b82a48435c0a11457653382b1512fd893fda45260071da58a
E1,jpeg_compression,5,partial_channel,0.2,1.0,,7,0,15.000000000000002,2000,0.45626822157434405,0.05702917771883289,686,754,2.121330860495567,99fc6ef526bc821b82a48435c0a11457653382b1512fd893fda45260071da58a
E1,jpeg_compression,5,partial_channel,0.2,1.0,,7,1,14.249999999999996,2000,0.42419825072886297,0.03978779840848806,686,754,1.9933287657499312,99fc6ef526bc821b82a48435c0a11457653382b1512fd893fda45260071da58a
E1,jpeg_compression,5,partial_channel,0.2,1.0,,7,2,11.399999999999999,2000,0.35276967930029157,0.042440318302387266,686,754,1.7143709465265273,99fc6ef526bc821b82a48435c0a11457653382b1512fd893fda45260071da58a
E1,jpeg_compression,5,partial_channel,0.2,1.0,,7,3,9.249999999999996,2000,0.29008746355685133,0.04111405835543767,686,754,1.4124882901906968,99fc6ef526bc821b82a48435c0a11457653382b1512fd893fda45260071da58a
E1,jpeg_compression,5,partial_channel,0.2,1.0,,7,4,9.899999999999999,2000,0.28717201166180756,0.027851458885941646,686,754,1.441085299730301,99fc6ef526bc821b82a48435c0a11457653382b1512fd893fda45260071da58a
E1,jpeg_compression,5,partial_channel,0.01,1.0,,8,0,0.20000000000000018,2000,0.018950437317784258,0.015915119363395226,686,754,0.07446700865030288,99fc6ef526bc821b82a48435c0a11457653382b1512fd893fda45260071da58a
E1,jpeg_compression,5,partial_channel,0.01,1.0,,8,1,1.250000000000001,2000,0.04664723032069971,0.01856763925729443,686,754,0.16503844565153122,99fc6ef526bc821b82a48435c0a11457653382b1512fd893fda45260071da58a
E1,jpeg_compression,5,partial_channel,0.01,1.0,,8,2,0.20000000000000018,2000,0.026239067055393587,0.021220159151193633,686,754,0.06960782074928283,99fc6ef526bc821b82a48435c0a11457653382b1512fd893fda45260071da58a
E1,jpeg_compression,5,partial_channel,0.01,1.0,,8,3,-0.2500000000000002,2000,0.021865889212827987,0.029177718832891247,686,754,0.08620051842927932,99fc6ef526bc821b82a48435c0a11457653382b1512fd893fda45260071da58a
E1,jpeg_compression,5,partial_channel,0.01,1.0,,8,4,-0.40000000000000036,2000,0.011661807580174927,0.021220159151193633,686,754,0.03586893057823181,99fc6ef526bc821b82a48435c0a11457653382b1512fd893fda45260071da58a
E1,jpeg_compression,5,partial_channel,0.05,1.0,,8,0,1.4500000000000013,2000,0.06268221574344024,0.029177718832891247,686,754,0.29881267607212064,99fc6ef526bc821b82a48435c0a11457653382b1512fd893fda45260071da58a
E1,jpeg_compression,5,partial_channel,0.05,1.0,,8,1,2.9999999999999973,2000,0.09329446064139942,0.01989389920424403,686,754,0.48549588614702227,99fc6ef526bc821b82a48435c0a11457653382b1512fd893fda45260071da58a
E1,jpeg_compression,5,partial_channel,0.05,1.0,,8,2,2.8500000000000023,2000,0.10058309037900874,0.03183023872679045,686,754,0.5101150656938553,99fc6ef526bc821b82a48435c0a11457653382b1512fd893fda45260071da58a
E1,jpeg_compression,5,partial_channel,0.05,1.0,,8,3,1.7000000000000015,2000,0.0728862973760933,0.026525198938992044,686,754,0.31340543377399444,99fc6ef526bc821b82a48435c0a11457653382b1512fd893fda45260071da58a
E1,jpeg_compression,5,partial_channel,0.05,1.0,,8,4,1.8000000000000016,2000,0.06851311953352769,0.021220159151193633,686,754,0.27966732150316237,99fc6ef526bc821b82a48435c0a11457653382b1512fd893fda45260071da58a
E1,jpeg_compression,5,partial_channel,0.1,1.0,,8,0,4.699999999999998,2000,0.15451895043731778,0.03713527851458886,686,754,0.7208149411678314,99fc6ef526bc821b82a48435c0a11457653382b1512fd893fda45260071da58a
E1,jpeg_compression,5,partial_channel,0.1,1.0,,8,1,8.750000000000002,2000,0.26822157434402333,0.033156498673740056,686,754,1.2127112848162651,99fc6ef526bc821b82a48435c0a11457653382b1512fd893fda45260071da58a
E1,jpeg_compression,5,partial_channel,0.1,1.0,,8,2,8.150000000000002,2000,0.2565597667638484,0.042440318302387266,686,754,1.2563405137062074,99fc6ef526bc821b82a48435c0a11457653382b1512fd893fda45260071da58a
E1,jpeg_compression,5,partial_channel,0.1,1.0,,8,3,4.649999999999999,2000,0.15597667638483964,0.027851458885941646,686,754,0.6861237492561341,99fc6ef526bc821b82a48435c0a11457653382b1512fd893fda45260071da58a
E1,jpeg_compression,5,partial_channel,0.1,1.0,,8,4,3.949999999999998,2000,0.141399416909621,0.03580901856763926,686,754,0.5802377327084541,99fc6ef526bc821b82a48435c0a11457653382b1512fd893fda45260071da58a
E1,jpeg_compression,5,partial_channel,0.2,1.0,,8,0,14.800000000000002,2000,0.46355685131195334,0.05968169761273209,686,754,2.282807332456112,99fc6ef526bc821b82a48435c0a11457653382b1512fd893fda45260071da58a
E1,jpeg_compression,5,partial_channel,0.2,1.0,,8,1,14.349999999999996,2000,0.4329446064139942,0.046419098143236075,686,754,2.062436496138573,99fc6ef526bc821b82a48435c0a11457653382b1512fd893fda45260071da58a
E1,jpeg_compression,5,partial_channel,0.2,1.0,,8,2,13.200000000000001,2000,0.4096209912536443,0.046419098143236075,686,754,1.7886400855183602,99fc6ef526bc821b82a48435c0a11457653382b1512fd893fda45260071da58a
E1,jpeg_compression,5,partial_channel,0.2,1.0,,8,3,8.600000000000001,2000,0.26822157434402333,0.03713527851458886,686,754,1.4054696224927903,99fc6ef526bc821b82a48435c0a11457653382b1512fd893fda45260071da58a
E1,jpeg_compression,5,partial_channel,0.2,1.0,,8,4,9.249999999999996,2000,0.28425655976676384,0.03580901856763926,686,754,1.340990697145462,99fc6ef526bc821b82a48435c0a11457653382b1512fd893fda45260071da58a
E1,jpeg_compression,5,partial_channel,0.01,1.0,,9,0,0.15000000000000013,2000,0.01749271137026239,0.017241379310344827,686,754,0.059585899114608765,99fc6ef526bc821b82a48435c0a11457653382b1512fd893fda45260071da58a
E1,jpeg_compression,5,partial_channel,0.01,1.0,,9,1,1.150000000000001,2000,0.04081632653061224,0.015915119363395226,686,754,0.16402270740270614,99fc6ef526bc821b82a48435c0a11457653382b1512fd893fda45260071da58a
E1,jpeg_compression,5,partial_channel,0.01,1.0,,9,2,0.10000000000000009,2000,0.02040816326530612,0.01856763925729443,686,754,0.07865009212493897,99fc6ef526bc821b82a48435c0a11457653382b1512fd893fda45260071da58a
E1,jpeg_compression,5,partial_channel,0.01,1.0,,9,3,0.050000000000000044,2000,0.023323615160349854,0.022546419098143235,686,754,0.07847964435815812,99fc6ef526bc821b82a48435c0a11457653382b1512fd893fda45260071da58a
E1,jpeg_compression,5,partial_channel,0.01,1.0,,9,4,-0.2500000000000002,2000,0.01749271137026239,0.023872679045092837,686,754,0.029604373157024383,99fc6ef526bc821b82a48435c0a11457653382b1512fd893fda45260071da58a
E1,jpeg_compression,5,partial_channel,0.05,1.0,,9,0,1.100000000000001,2000,0.04956268221574344,0.029177718832891247,686,754,0.2801781799197197,99fc6ef526bc821b82a48435c0a11457653382b1512fd893fda45260071da58a
E1,jpeg_compression,5,partial_channel,0.05,1.0,,9,1,3.1499999999999972,2000,0.09620991253644315,0.017241379310344827,686,754,0.4635547730922699,99fc6ef526bc821b82a48435c0a11457653382b1512fd893fda45260071da58a
E1,jpeg_compression,5,partial_channel,0.05,1.0,,9,2,3.1499999999999972,2000,0.10204081632653061,0.025198938992042442,686,754,0.5043990824222565,99fc6ef526bc821b82a48435c0a11457653382b1512fd893fda45260071da58a
E1,jpeg_compression,5,partial_channel,0.05,1.0,,9,3,1.4500000000000013,2000,0.06559766763848396,0.029177718832891247,686,754,0.26492750823497774,99fc6ef526bc821b82a48435c0a11457653382b1512fd893fda45260071da58a
E1,jpeg_compression,5,partial_channel,0.05,1.0,,9,4,1.7500000000000016,2000,0.07580174927113703,0.03183023872679045,686,754,0.28174043536186216,99fc6ef526bc821b82a48435c0a11457653382b1512fd893fda45260071da58a
E1,jpeg_compression,5,partial_channel,0.1,1.0,,9,0,4.249999999999998,2000,0.1457725947521866,0.03978779840848806,686,754,0.650966943860054,99fc6ef526bc821b82a48435c0a11457653382b1512fd893fda45260071da58a
E1,jpeg_compression,5,partial_channel,0.1,1.0,,9,1,7.550000000000001,2000,0.24052478134110788,0.033156498673740056,686,754,1.2118283545970916,99fc6ef526bc821b82a48435c0a11457653382b1512fd893fda45260071da58a
E1,jpeg_compression,5,partial_channel,0.1,1.0,,9,2,7.350000000000001,2000,0.23760932944606414,0.042440318302387266,686,754,1.2449731761813163,99fc6ef526bc821b82a48435c0a11457653382b1512fd893fda45260071da58a
E1,jpeg_compression,5,partial_channel,0.1,1.0,,9,3,4.499999999999998,2000,0.14723032069970846,0.027851458885941646,686,754,0.6363993905186653,99fc6ef526bc821b82a48435c0a11457653382b1512fd893fda45260071da58a
E1,jpeg_compression,5,partial_channel,0.1,1.0,,9,4,3.749999999999998,2000,0.13556851311953352,0.03580901856763926,686,754,0.6246020123362541,99fc6ef526bc821b82a48435c0a11457653382b1512fd893fda45260071da58a
E1,jpeg_compression,5,partial_channel,0.2,1.0,,9,0,14.149999999999995,2000,0.43731778425655976,0.054376657824933686,686,754,2.2242754122018815,99fc6ef526bc821b82a48435c0a11457653382b1512fd893fda45260071da58a
E1,jpeg_compression,5,partial_channel,0.2,1.0,,9,1,13.949999999999996,2000,0.41690962099125367,0.04111405835543767,686,754,2.0849617495536803,99fc6ef526bc821b82a48435c0a11457653382b1512fd893fda45260071da58a
E1,jpeg_compression,5,partial_channel,0.2,1.0,,9,2,13.049999999999995,2000,0.39941690962099125,0.042440318302387266,686,754,1.8156193091273307,99fc6ef526bc821b82a48435c0a11457653382b1512fd893fda45260071da58a
E1,jpeg_compression,5,partial_channel,0.2,1.0,,9,3,8.950000000000003,2000,0.2755102040816326,0.034482758620689655,686,754,1.362949469923973,99fc6ef526bc821b82a48435c0a11457653382b1512fd893fda45260071da58a
E1,jpeg_compression,5,partial_channel,0.2,1.0,,9,4,9.449999999999998,2000,0.2886297376093295,0.03580901856763926,686,754,1.369437397480011,99fc6ef526bc821b82a48435c0a11457653382b1512fd893fda45260071da58a
E1,jpeg_compression,5,partial_channel,0.01,1.0,,10,0,0.0,2000,0.016034985422740525,0.017241379310344827,686,754,0.05069963550567627,99fc6ef526bc821b82a48435c0a11457653382b1512fd893fda45260071da58a
E1,jpeg_compression,5,partial_channel,0.01,1.0,,10,1,1.0000000000000009,2000,0.037900874635568516,0.015915119363395226,686,754,0.1480916404724121,99fc6ef526bc821b82a48435c0a11457653382b1512fd893fda45260071da58a
E1,jpeg_compression,5,partial_channel,0.01,1.0,,10,2,0.15000000000000013,2000,0.021865889212827987,0.017241379310344827,686,754,0.08541032493114471,99fc6ef526bc821b82a48435c0a11457653382b1512fd893fda45260071da58a
E1,jpeg_compression,5,partial_channel,0.01,1.0,,10,3,0.20000000000000018,2000,0.027696793002915453,0.021220159151193633,686,754,0.08130219513177872,99fc6ef526bc821b82a48435c0a11457653382b1512fd893fda45260071da58a
E1,jpeg_compression,5,partial_channel,0.01,1.0,,10,4,0.050000000000000044,2000,0.02040816326530612,0.01989389920424403,686,754,0.03121536338329315,99fc6ef526bc821b82a48435c0a11457653382b1512fd893fda45260071da58a
E1,jpeg_compression,5,partial_channel,0.05,1.0,,10,0,1.100000000000001,2000,0.05539358600583091,0.03580901856763926,686,754,0.2528015530705452,99fc6ef526bc821b82a48435c0a11457653382b1512fd893fda45260071da58a
E1,jpeg_compression,5,partial_channel,0.05,1.0,,10,1,2.8000000000000025,2000,0.08746355685131195,0.01856763925729443,686,754,0.4173633224368095,99fc6ef526bc821b82a48435c0a11457653382b1512fd893fda45260071da58a
E1,jpeg_compression,5,partial_channel,0.05,1.0,,10,2,3.2499999999999973,2000,0.10349854227405247,0.023872679045092837,686,754,0.5060975980162621,99fc6ef526bc821b82a48435c0a11457653382b1512fd893fda45260071da58a
E1,jpeg_compression,5,partial_channel,0.05,1.0,,10,3,1.4000000000000012,2000,0.06705539358600583,0.027851458885941646,686,754,0.2665719513297081,99fc6ef526bc821b82a48435c0a11457653382b1512fd893fda45260071da58a
E1,jpeg_compression,5,partial_channel,0.05,1.0,,10,4,1.6000000000000014,2000,0.06997084548104957,0.033156498673740056,686,754,0.28579702496528625,99fc6ef526bc821b82a48435c0a11457653382b1512fd893fda45260071da58a
E1,jpeg_compression,5,partial_channel,0.1,1.0,,10,0,4.599999999999999,2000,0.1457725947521866,0.03050397877984085,686,754,0.6141737421751022,99fc6ef526bc821b82a48435c0a11457653382b1512fd893fda45260071da58a
E1,jpeg_compression,5,partial_channel,0.1,1.0,,10,1,7.800000000000002,2000,0.24052478134110788,0.025198938992042442,686,754,1.1445416504740715,99fc6ef526bc821b82a48435c0a11457653382b1512fd893fda45260071da58a
E1,jpeg_compression,5,partial_channel,0.1,1.0,,10,2,7.15,2000,0.23323615160349853,0.04509283819628647,686,754,1.2222760632634162,99fc6ef526bc821b82a48435c0a11457653382b1512fd893fda45260071da58a
E1,jpeg_compression,5,partial_channel,0.1,1.0,,10,3,4.099999999999998,2000,0.1326530612244898,0.026525198938992044,686,754,0.6030054493546486,99fc6ef526bc821b82a48435c0a11457653382b1512fd893fda45260071da58a
E1,jpeg_compression,5,partial_channel,0.1,1.0,,10,4,4.349999999999998,2000,0.14285714285714285,0.034482758620689655,686,754,0.6352025490403176,99fc6ef526bc821b82a48435c0a11457653382b1512fd893fda45260071da58a
E1,jpeg_compression,5,partial_channel,0.2,1.0,,10,0,14.000000000000002,2000,0.4314868804664723,0.054376657824933686,686,754,2.115770925164223,99fc6ef526bc821b82a48435c0a11457653382b1512fd893fda45260071da58a
E1,jpeg_compression,5,partial_channel,0.2,1.0,,10,1,13.100000000000001,2000,0.3965014577259475,0.03978779840848806,686,754,1.9927527142167092,99fc6ef526bc821b82a48435c0a11457653382b1512fd893fda45260071da58a
E1,jpeg_compression,5,partial_channel,0.2,1.0,,10,2,12.549999999999994,2000,0.38629737609329445,0.042440318302387266,686,754,1.7842900618314743,99fc6ef526bc821b82a48435c0a11457653382b1512fd893fda45260071da58a
E1,jpeg_compression,5,partial_channel,0.2,1.0,,10,3,8.000000000000002,2000,0.2434402332361516,0.03050397877984085,686,754,1.316927094578743,99fc6ef526bc821b82a48435c0a11457653382b1512fd893fda45260071da58a
E1,jpeg_compression,5,partial_channel,0.2,1.0,,10,4,8.750000000000002,2000,0.2594752186588921,0.033156498673740056,686,754,1.3090988978147506,99fc6ef526bc821b82a48435c0a11457653382b1512fd893fda45260071da58a
E1,jpeg_compression,5,partial_channel,0.01,1.0,,11,0,-0.050000000000000044,2000,0.014577259475218658,0.01856763925729443,686,754,0.0521761018037796,99fc6ef526bc821b82a48435c0a11457653382b1512fd893fda45260071da58a
E1,jpeg_compression,5,partial_channel,0.01,1.0,,11,1,1.200000000000001,2000,0.04227405247813411,0.014588859416445624,686,754,0.1484197638630867,99fc6ef526bc821b82a48435c0a11457653382b1512fd893fda45260071da58a
E1,jpeg_compression,5,partial_channel,0.01,1.0,,11,2,0.30000000000000027,2000,0.02478134110787172,0.015915119363395226,686,754,0.08098641580343247,99fc6ef526bc821b82a48435c0a11457653382b1512fd893fda45260071da58a
E1,jpeg_compression,5,partial_channel,0.01,1.0,,11,3,0.15000000000000013,2000,0.027696793002915453,0.022546419098143235,686,754,0.08235692793130875,99fc6ef526bc821b82a48435c0a11457653382b1512fd893fda45260071da58a
E1,jpeg_compression,5,partial_channel,0.01,1.0,,11,4,-0.20000000000000018,2000,0.014577259475218658,0.023872679045092837,686,754,0.040930287063121795,99fc6ef526bc821b82a48435c0a11457653382b1512fd893fda45260071da58a
E1,jpeg_compression,5,partial_channel,0.05,1.0,,11,0,1.6000000000000014,2000,0.0641399416909621,0.029177718832891247,686,754,0.26651469016075136,99fc6ef526bc821b82a48435c0a11457653382b1512fd893fda45260071da58a
E1,jpeg_compression,5,partial_channel,0.05,1.0,,11,1,2.949999999999997,2000,0.10058309037900874,0.022546419098143235,686,754,0.4049252490401268,99fc6ef526bc821b82a48435c0a11457653382b1512fd893fda45260071da58a
E1,jpeg_compression,5,partial_channel,0.05,1.0,,11,2,2.9999999999999973,2000,0.10204081632653061,0.025198938992042442,686,754,0.47981335830688476,99fc6ef526bc821b82a48435c0a11457653382b1512fd893fda45260071da58a
E1,jpeg_compression,5,partial_channel,0.05,1.0,,11,3,1.4500000000000013,2000,0.06268221574344024,0.025198938992042442,686,754,0.2554379563331604,99fc6ef526bc821b82a48435c0a11457653382b1512fd893fda45260071da58a
E1,jpeg_compression,5,partial_channel,0.05,1.0,,11,4,1.8500000000000016,2000,0.07434402332361516,0.027851458885941646,686,754,0.33416810309886935,99fc6ef526bc821b82a48435c0a11457653382b1512fd893fda45260071da58a
E1,jpeg_compression,5,partial_channel,0.1,1.0,,11,0,4.049999999999998,2000,0.1326530612244898,0.03183023872679045,686,754,0.6271776456832886,99fc6ef526bc821b82a48435c0a11457653382b1512fd893fda45260071da58a
E1,jpeg_compression,5,partial_channel,0.1,1.0,,11,1,7.15,2000,0.2259475218658892,0.03183023872679045,686,754,1.1059057933092118,99fc6ef526bc821b82a48435c0a11457653382b1512fd893fda45260071da58a
E1,jpeg_compression,5,partial_channel,0.1,1.0,,11,2,6.8500000000000005,2000,0.22886297376093295,0.04376657824933687,686,754,1.177218263745308,99fc6ef526bc821b82a48435c0a11457653382b1512fd893fda45260071da58a
E1,jpeg_compression,5,partial_channel,0.1,1.0,,11,3,3.6499999999999977,2000,0.12682215743440234,0.03183023872679045,686,754,0.5824702656269074,99fc6ef526bc821b82a48435c0a11457653382b1512fd893fda45260071da58a
E1,jpeg_compression,5,partial_channel,0.1,1.0,,11,4,5.199999999999999,2000,0.16034985422740525,0.025198938992042442,686,754,0.6823404273986816,99fc6ef526bc821b82a48435c0a11457653382b1512fd893fda45260071da58a
E1,jpeg_compression,5,partial_channel,0.2,1.0,,11,0,14.249999999999996,2000,0.4358600583090379,0.05702917771883289,686,754,2.0988553555607794,99fc6ef526bc821b82a48435c0a11457653382b1512fd893fda45260071da58a
E1,jpeg_compression,5,partial_channel,0.2,1.0,,11,1,13.149999999999995,2000,0.38629737609329445,0.03183023872679045,686,754,1.9157885646820068,99fc6ef526bc821b82a48435c0a11457653382b1512fd893fda45260071da58a
E1,jpeg_compression,5,partial_channel,0.2,1.0,,11,2,12.049999999999999,2000,0.3746355685131195,0.046419098143236075,686,754,1.7211436153054238,99fc6ef526bc821b82a48435c0a11457653382b1512fd893fda45260071da58a
E1,jpeg_compression,5,partial_channel,0.2,1.0,,11,3,8.950000000000003,2000,0.27405247813411077,0.033156498673740056,686,754,1.319798843741417,99fc6ef526bc821b82a48435c0a11457653382b1512fd893fda45260071da58a
E1,jpeg_compression,5,partial_channel,0.2,1.0,,11,4,8.850000000000001,2000,0.260932944606414,0.029177718832891247,686,754,1.3070755097270013,99fc6ef526bc821b82a48435c0a11457653382b1512fd893fda45260071da58a
E1,jpeg_compression,5,partial_channel,0.01,1.0,,12,0,0.6000000000000005,2000,0.02040816326530612,0.009283819628647215,686,754,0.05449228942394257,99fc6ef526bc821b82a48435c0a11457653382b1512fd893fda45260071da58a
E1,jpeg_compression,5,partial_channel,0.01,1.0,,12,1,0.9500000000000008,2000,0.033527696793002916,0.014588859416445624,686,754,0.12619799011945723,99fc6ef526bc821b82a48435c0a11457653382b1512fd893fda45260071da58a
E1,jpeg_compression,5,partial_channel,0.01,1.0,,12,2,-0.050000000000000044,2000,0.018950437317784258,0.021220159151193633,686,754,0.077013278901577,99fc6ef526bc821b82a48435c0a11457653382b1512fd893fda45260071da58a
E1,jpeg_compression,5,partial_channel,0.01,1.0,,12,3,-0.050000000000000044,2000,0.026239067055393587,0.026525198938992044,686,754,0.06839226996898651,99fc6ef526bc821b82a48435c0a11457653382b1512fd893fda45260071da58a
E1,jpeg_compression,5,partial_channel,0.01,1.0,,12,4,-0.050000000000000044,2000,0.016034985422740525,0.01989389920424403,686,754,0.04608713644742966,99fc6ef526bc821b82a48435c0a11457653382b1512fd893fda45260071da58a
E1,jpeg_compression,5,partial_channel,0.05,1.0,,12,0,1.7500000000000016,2000,0.05830903790087463,0.01989389920424403,686,754,0.2785098279118538,99fc6ef526bc821b82a48435c0a11457653382b1512fd893fda45260071da58a
E1,jpeg_compression,5,partial_channel,0.05,1.0,,12,1,2.5500000000000025,2000,0.08746355685131195,0.021220159151193633,686,754,0.3426495885848999,99fc6ef526bc821b82a48435c0a11457653382b1512fd893fda45260071da58a
E1,jpeg_compression,5,partial_channel,0.05,1.0,,12,2,2.9000000000000026,2000,0.09766763848396501,0.01989389920424403,686,754,0.4392971103191376,99fc6ef526bc821b82a48435c0a11457653382b1512fd893fda45260071da58a
E1,jpeg_compression,5,partial_channel,0.05,1.0,,12,3,1.3000000000000012,2000,0.056851311953352766,0.022546419098143235,686,754,0.23599112433195113,99fc6ef526bc821b82a48435c0a11457653382b1512fd893fda45260071da58a
E1,jpeg_compression,5,partial_channel,0.05,1.0,,12,4,1.4500000000000013,2000,0.06997084548104957,0.034482758620689655,686,754,0.33086674809455874,99fc6ef526bc821b82a48435c0a11457653382b1512fd893fda45260071da58a
E1,jpeg_compression,5,partial_channel,0.1,1.0,,12,0,3.6499999999999977,2000,0.11807580174927114,0.027851458885941646,686,754,0.6083572691082955,99fc6ef526bc821b82a48435c0a11457653382b1512fd893fda45260071da58a
E1,jpeg_compression,5,partial_channel,0.1,1.0,,12,1,6.8500000000000005,2000,0.21574344023323616,0.026525198938992044,686,754,0.9739113590121269,99fc6ef526bc821b82a48435c0a11457653382b1512fd893fda45260071da58a
E1,jpeg_compression,5,partial_channel,0.1,1.0,,12,2,7.200000000000001,2000,0.22011661807580174,0.025198938992042442,686,754,1.0723796355128288,99fc6ef526bc821b82a48435c0a11457653382b1512fd893fda45260071da58a
E1,jpeg_compression,5,partial_channel,0.1,1.0,,12,3,3.1999999999999975,2000,0.11807580174927114,0.03050397877984085,686,754,0.550378072142601,99fc6ef526bc821b82a48435c0a11457653382b1512fd893fda45260071da58a
E1,jpeg_compression,5,partial_channel,0.1,1.0,,12,4,4.849999999999999,2000,0.15014577259475217,0.029177718832891247,686,754,0.6659066805243492,99fc6ef526bc821b82a48435c0a11457653382b1512fd893fda45260071da58a
E1,jpeg_compression,5,partial_channel,0.2,1.0,,12,0,13.649999999999995,2000,0.41253644314868804,0.05172413793103448,686,754,2.0907202833294867,99fc6ef526bc821b82a48435c0a11457653382b1512fd893fda45260071da58a
E1,jpeg_compression,5,partial_channel,0.2,1.0,,12,1,12.2,2000,0.36005830903790087,0.03183023872679045,686,754,1.804185748577118,99fc6ef526bc821b82a48435c0a11457653382b1512fd893fda45260071da58a
E1,jpeg_compression,5,partial_channel,0.2,1.0,,12,2,12.15,2000,0.3556851311953353,0.03050397877984085,686,754,1.6430551756620406,99fc6ef526bc821b82a48435c0a11457653382b1512fd893fda45260071da58a
E1,jpeg_compression,5,partial_channel,0.2,1.0,,12,3,8.250000000000002,2000,0.24489795918367346,0.022546419098143235,686,754,1.2479936106204987,99fc6ef526bc821b82a48435c0a11457653382b1512fd893fda45260071da58a
E1,jpeg_compression,5,partial_channel,0.2,1.0,,12,4,8.900000000000002,2000,0.26384839650145775,0.03050397877984085,686,754,1.2602336974143982,99fc6ef526bc821b82a48435c0a11457653382b1512fd893fda45260071da58a
E1,jpeg_compression,5,partial_channel,0.01,1.0,,13,0,0.30000000000000027,2000,0.026239067055393587,0.017241379310344827,686,754,0.0667959514260292,99fc6ef526bc821b82a48435c0a11457653382b1512fd893fda45260071da58a
E1,jpeg_compression,5,partial_channel,0.01,1.0,,13,1,0.5500000000000005,2000,0.027696793002915453,0.01856763925729443,686,754,0.09648339927196503,99fc6ef526bc821b82a48435c0a11457653382b1512fd893fda45260071da58a
E1,jpeg_compression,5,partial_channel,0.01,1.0,,13,2,0.40000000000000036,2000,0.02478134110787172,0.014588859416445624,686,754,0.06381940299272537,99fc6ef526bc821b82a48435c0a11457653382b1512fd893fda45260071da58a
E1,jpeg_compression,5,partial_channel,0.01,1.0,,13,3,0.0,2000,0.016034985422740525,0.017241379310344827,686,754,0.06313709777593612,99fc6ef526bc821b82a48435c0a11457653382b1512fd893fda45260071da58a
E1,jpeg_compression,5,partial_channel,0.01,1.0,,13,4,0.5000000000000004,2000,0.027696793002915453,0.015915119363395226,686,754,0.08133703196048736,99fc6ef526bc821b82a48435c0a11457653382b1512fd893fda45260071da58a
E1,jpeg_compression,5,partial_channel,0.05,1.0,,13,0,1.8500000000000016,2000,0.08309037900874636,0.033156498673740056,686,754,0.33472870486974715,99fc6ef526bc821b82a48435c0a11457653382b1512fd893fda45260071da58a
E1,jpeg_compression,5,partial_channel,0.05,1.0,,13,1,2.3500000000000023,2000,0.09912536443148688,0.034482758620689655,686,754,0.36729050022363663,99fc6ef526bc821b82a48435c0a11457653382b1512fd893fda45260071da58a
E1,jpeg_compression,5,partial_channel,0.05,1.0,,13,2,2.949999999999997,2000,0.09766763848396501,0.01856763925729443,686,754,0.39715184789896013,99fc6ef526bc821b82a48435c0a11457653382b1512fd893fda45260071da58a
E1,jpeg_compression,5,partial_channel,0.05,1.0,,13,3,2.650000000000002,2000,0.08746355685131195,0.023872679045092837,686,754,0.34556396865844724,99fc6ef526bc821b82a48435c0a11457653382b1512fd893fda45260071da58a
E1,jpeg_compression,5,partial_channel,0.05,1.0,,13,4,2.8000000000000025,2000,0.09620991253644315,0.022546419098143235,686,754,0.37116704922914506,99fc6ef526bc821b82a48435c0a11457653382b1512fd893fda45260071da58a
E1,jpeg_compression,5,partial_channel,0.1,1.0,,13,0,3.849999999999998,2000,0.141399416909621,0.046419098143236075,686,754,0.6004514063000679,99fc6ef526bc821b82a48435c0a11457653382b1512fd893fda45260071da58a
E1,jpeg_compression,5,partial_channel,0.1,1.0,,13,1,6.2,2000,0.19533527696793002,0.034482758620689655,686,754,0.8953679740428925,99fc6ef526bc821b82a48435c0a11457653382b1512fd893fda45260071da58a
E1,jpeg_compression,5,partial_channel,0.1,1.0,,13,2,5.199999999999999,2000,0.17055393586005832,0.03183023872679045,686,754,0.7642136642336845,99fc6ef526bc821b82a48435c0a11457653382b1512fd893fda45260071da58a
E1,jpeg_compression,5,partial_channel,0.1,1.0,,13,3,5.049999999999999,2000,0.16472303206997085,0.034482758620689655,686,754,0.5985587692260742,99fc6ef526bc821b82a48435c0a11457653382b1512fd893fda45260071da58a
E1,jpeg_compression,5,partial_channel,0.1,1.0,,13,4,5.149999999999999,2000,0.16763848396501457,0.03183023872679045,686,754,0.7152015089988708,99fc6ef526bc821b82a48435c0a11457653382b1512fd893fda45260071da58a
E1,jpeg_compression,5,partial_channel,0.2,1.0,,13,0,9.150000000000002,2000,0.27696793002915454,0.042440318302387266,686,754,1.3025821163654328,99fc6ef526bc821b82a48435c0a11457653382b1512fd893fda45260071da58a
E1,jpeg_compression,5,partial_channel,0.2,1.0,,13,1,9.499999999999996,2000,0.2915451895043732,0.04509283819628647,686,754,1.5810725851655005,99fc6ef526bc821b82a48435c0a11457653382b1512fd893fda45260071da58a
E1,jpeg_compression,5,partial_channel,0.2,1.0,,13,2,10.099999999999998,2000,0.3075801749271137,0.04509283819628647,686,754,1.4904207079410552,99fc6ef526bc821b82a48435c0a11457653382b1512fd893fda45260071da58a
E1,jpeg_compression,5,partial_channel,0.2,1.0,,13,3,9.449999999999998,2000,0.282798833819242,0.04907161803713528,686,754,1.3054701896905898,99fc6ef526bc821b82a48435c0a11457653382b1512fd893fda45260071da58a
E1,jpeg_compression,5,partial_channel,0.2,1.0,,13,4,9.849999999999998,2000,0.29008746355685133,0.03713527851458886,686,754,1.396858778476715,99fc6ef526bc821b82a48435c0a11457653382b1512fd893fda45260071da58a
E1,jpeg_compression,5,partial_channel,0.01,1.0,,14,0,-0.15000000000000013,2000,0.011661807580174927,0.015915119363395226,686,754,0.0637112283706665,99fc6ef526bc821b82a48435c0a11457653382b1512fd893fda45260071da58a
E1,jpeg_compression,5,partial_channel,0.01,1.0,,14,1,1.0000000000000009,2000,0.029154518950437316,0.006631299734748011,686,754,0.09582394057512283,99fc6ef526bc821b82a48435c0a11457653382b1512fd893fda45260071da58a
E1,jpeg_compression,5,partial_channel,0.01,1.0,,14,2,0.0,2000,0.01749271137026239,0.01856763925729443,686,754,0.06744902402162552,99fc6ef526bc821b82a48435c0a11457653382b1512fd893fda45260071da58a
E1,jpeg_compression,5,partial_channel,0.01,1.0,,14,3,0.40000000000000036,2000,0.016034985422740525,0.009283819628647215,686,754,0.07189050728082656,99fc6ef526bc821b82a48435c0a11457653382b1512fd893fda45260071da58a
E1,jpeg_compression,5,partial_channel,0.01,1.0,,14,4,0.2500000000000002,2000,0.02478134110787172,0.01856763925729443,686,754,0.08390726929903031,99fc6ef526bc821b82a48435c0a11457653382b1512fd893fda45260071da58a
E1,jpeg_compression,5,partial_channel,0.05,1.0,,14,0,1.4500000000000013,2000,0.06997084548104957,0.03183023872679045,686,754,0.3389301689863205,99fc6ef526bc821b82a48435c0a11457653382b1512fd893fda45260071da58a
E1,jpeg_compression,5,partial_channel,0.05,1.0,,14,1,2.100000000000002,2000,0.08600583090379009,0.03050397877984085,686,754,0.3388953772187233,99fc6ef526bc821b82a48435c0a11457653382b1512fd893fda45260071da58a
E1,jpeg_compression,5,partial_channel,0.05,1.0,,14,2,2.200000000000002,2000,0.09037900874635568,0.026525198938992044,686,754,0.35449733728170396,99fc6ef526bc821b82a48435c0a11457653382b1512fd893fda45260071da58a
E1,jpeg_compression,5,partial_channel,0.05,1.0,,14,3,2.450000000000002,2000,0.07871720116618076,0.01989389920424403,686,754,0.35322755652666094,99fc6ef526bc821b82a48435c0a11457653382b1512fd893fda45260071da58a
E1,jpeg_compression,5,partial_channel,0.05,1.0,,14,4,1.9500000000000017,2000,0.08309037900874636,0.034482758620689655,686,754,0.38159608554840085,99fc6ef526bc821b82a48435c0a11457653382b1512fd893fda45260071da58a
E1,jpeg_compression,5,partial_channel,0.1,1.0,,14,0,4.599999999999999,2000,0.1618075801749271,0.03978779840848806,686,754,0.6794896918535233,99fc6ef526bc821b82a48435c0a11457653382b1512fd893fda45260071da58a
E1,jpeg_compression,5,partial_channel,0.1,1.0,,14,1,5.35,2000,0.1749271137026239,0.03713527851458886,686,754,0.8349173632264137,99fc6ef526bc821b82a48435c0a11457653382b1512fd893fda45260071da58a
E1,jpeg_compression,5,partial_channel,0.1,1.0,,14,2,4.349999999999998,2000,0.16034985422740525,0.038461538461538464,686,754,0.6786453948020935,99fc6ef526bc821b82a48435c0a11457653382b1512fd893fda45260071da58a
E1,jpeg_compression,5,partial_channel,0.1,1.0,,14,3,5.35,2000,0.16472303206997085,0.027851458885941646,686,754,0.6821166594624519,99fc6ef526bc821b82a48435c0a11457653382b1512fd893fda45260071da58a
E1,jpeg_compression,5,partial_channel,0.1,1.0,,14,4,4.749999999999998,2000,0.1618075801749271,0.03580901856763926,686,754,0.7180098618865013,99fc6ef526bc821b82a48435c0a11457653382b1512fd893fda45260071da58a
E1,jpeg_compression,5,partial_channel,0.2,1.0,,14,0,9.849999999999998,2000,0.2988338192419825,0.034482758620689655,686,754,1.4084368242621421,99fc6ef526bc821b82a48435c0a11457653382b1512fd893fda45260071da58a
E1,jpeg_compression,5,partial_channel,0.2,1.0,,14,1,10.849999999999998,2000,0.3163265306122449,0.033156498673740056,686,754,1.5768421603441238,99fc6ef526bc821b82a48435c0a11457653382b1512fd893fda45260071da58a
E1,jpeg_compression,5,partial_channel,0.2,1.0,,14,2,9.849999999999998,2000,0.3075801749271137,0.038461538461538464,686,754,1.348858814060688,99fc6ef526bc821b82a48435c0a11457653382b1512fd893fda45260071da58a
E1,jpeg_compression,5,partial_channel,0.2,1.0,,14,3,9.799999999999997,2000,0.3032069970845481,0.04376657824933687,686,754,1.3899252705574037,99fc6ef526bc821b82a48435c0a11457653382b1512fd893fda45260071da58a
E1,jpeg_compression,5,partial_channel,0.2,1.0,,14,4,10.449999999999998,2000,0.3032069970845481,0.026525198938992044,686,754,1.416750921368599,99fc6ef526bc821b82a48435c0a11457653382b1512fd893fda45260071da58a
E1,jpeg_compression,5,partial_channel,0.01,1.0,,15,0,0.10000000000000009,2000,0.013119533527696793,0.009283819628647215,686,754,0.06765013802051544,99fc6ef526bc821b82a48435c0a11457653382b1512fd893fda45260071da58a
E1,jpeg_compression,5,partial_channel,0.01,1.0,,15,1,0.7500000000000007,2000,0.02040816326530612,0.003978779840848806,686,754,0.08278829401731491,99fc6ef526bc821b82a48435c0a11457653382b1512fd893fda45260071da58a
E1,jpeg_compression,5,partial_channel,0.01,1.0,,15,2,0.2500000000000002,2000,0.014577259475218658,0.009283819628647215,686,754,0.07891526031494141,99fc6ef526bc821b82a48435c0a11457653382b1512fd893fda45260071da58a
E1,jpeg_compression,5,partial_channel,0.01,1.0,,15,3,0.6500000000000006,2000,0.02040816326530612,0.005305039787798408,686,754,0.06362228739261627,99fc6ef526bc821b82a48435c0a11457653382b1512fd893fda45260071da58a
E1,jpeg_compression,5,partial_channel,0.01,1.0,,15,4,0.10000000000000009,2000,0.02040816326530612,0.017241379310344827,686,754,0.0768623857498169,99fc6ef526bc821b82a48435c0a11457653382b1512fd893fda45260071da58a
E1,jpeg_compression,5,partial_channel,0.05,1.0,,15,0,2.0500000000000016,2000,0.0728862973760933,0.01989389920424403,686,754,0.347214058637619,99fc6ef526bc821b82a48435c0a11457653382b1512fd893fda45260071da58a
E1,jpeg_compression,5,partial_channel,0.05,1.0,,15,1,2.6000000000000023,2000,0.08309037900874636,0.015915119363395226,686,754,0.3821051994562149,99fc6ef526bc821b82a48435c0a11457653382b1512fd893fda45260071da58a
E1,jpeg_compression,5,partial_channel,0.05,1.0,,15,2,2.650000000000002,2000,0.09620991253644315,0.01989389920424403,686,754,0.3865513481497765,99fc6ef526bc821b82a48435c0a11457653382b1512fd893fda45260071da58a
E1,jpeg_compression,5,partial_channel,0.05,1.0,,15,3,2.5500000000000025,2000,0.08017492711370262,0.014588859416445624,686,754,0.3501630170941353,99fc6ef526bc821b82a48435c0a11457653382b1512fd893fda45260071da58a
E1,jpeg_compression,5,partial_channel,0.05,1.0,,15,4,2.8000000000000025,2000,0.09037900874635568,0.014588859416445624,686,754,0.3972679336667061,99fc6ef526bc821b82a48435c0a11457653382b1512fd893fda45260071da58a
E1,jpeg_compression,5,partial_channel,0.1,1.0,,15,0,5.6,2000,0.17201166180758018,0.021220159151193633,686,754,0.7639389160871506,99fc6ef526bc821b82a48435c0a11457653382b1512fd893fda45260071da58a
E1,jpeg_compression,5,partial_channel,0.1,1.0,,15,1,6.3,2000,0.18950437317784258,0.01989389920424403,686,754,0.845850734114647,99fc6ef526bc821b82a48435c0a11457653382b1512fd893fda45260071da58a
E1,jpeg_compression,5,partial_channel,0.1,1.0,,15,2,5.199999999999999,2000,0.15743440233236153,0.013262599469496022,686,754,0.7373094182014466,99fc6ef526bc821b82a48435c0a11457653382b1512fd893fda45260071da58a
E1,jpeg_compression,5,partial_channel,0.1,1.0,,15,3,6.25,2000,0.1749271137026239,0.009283819628647215,686,754,0.7887469666600228,99fc6ef526bc821b82a48435c0a11457653382b1512fd893fda45260071da58a
E1,jpeg_compression,5,partial_channel,0.1,1.0,,15,4,6.15,2000,0.1836734693877551,0.017241379310344827,686,754,0.780240816116333,99fc6ef526bc821b82a48435c0a11457653382b1512fd893fda45260071da58a
E1,jpeg_compression,5,partial_channel,0.2,1.0,,15,0,12.3,2000,0.35422740524781343,0.015915119363395226,686,754,1.4939775943160056,99fc6ef526bc821b82a48435c0a11457653382b1512fd893fda45260071da58a
E1,jpeg_compression,5,partial_channel,0.2,1.0,,15,1,12.4,2000,0.34402332361516036,0.013262599469496022,686,754,1.5679482739567756,99fc6ef526bc821b82a48435c0a11457653382b1512fd893fda45260071da58a
E1,jpeg_compression,5,partial_channel,0.2,1.0,,15,2,11.85,2000,0.336734693877551,0.015915119363395226,686,754,1.4791036763787269,99fc6ef526bc821b82a48435c0a11457653382b1512fd893fda45260071da58a
E1,jpeg_compression,5,partial_channel,0.2,1.0,,15,3,12.2,2000,0.3556851311953353,0.029177718832891247,686,754,1.5484519825577736,99fc6ef526bc821b82a48435c0a11457653382b1512fd893fda45260071da58a
E1,jpeg_compression,5,partial_channel,0.2,1.0,,15,4,12.25,2000,0.3469387755102041,0.015915119363395226,686,754,1.5182770301103592,99fc6ef526bc821b82a48435c0a11457653382b1512fd893fda45260071da58a
E1,jpeg_compression,5,none,0.01,1.0,,0,0,0.0,2000,0.0,0.0,686,754,0.0,99fc6ef526bc821b82a48435c0a11457653382b1512fd893fda45260071da58a
E1,jpeg_compression,5,none,0.01,1.0,,1,0,0.0,2000,0.0,0.0,686,754,0.0,99fc6ef526bc821b82a48435c0a11457653382b1512fd893fda45260071da58a
E1,jpeg_compression,5,none,0.01,1.0,,2,0,0.0,2000,0.0,0.0,686,754,0.0,99fc6ef526bc821b82a48435c0a11457653382b1512fd893fda45260071da58a
E1,jpeg_compression,5,none,0.01,1.0,,3,0,0.0,2000,0.0,0.0,686,754,0.0,99fc6ef526bc821b82a48435c0a11457653382b1512fd893fda45260071da58a
E1,jpeg_compression,5,none,0.01,1.0,,4,0,0.0,2000,0.0,0.0,686,754,0.0,99fc6ef526bc821b82a48435c0a11457653382b1512fd893fda45260071da58a
E1,jpeg_compression,5,none,0.01,1.0,,5,0,0.0,2000,0.0,0.0,686,754,0.0,99fc6ef526bc821b82a48435c0a11457653382b1512fd893fda45260071da58a
E1,jpeg_compression,5,none,0.01,1.0,,6,0,0.0,2000,0.0,0.0,686,754,0.0,99fc6ef526bc821b82a48435c0a11457653382b1512fd893fda45260071da58a
E1,jpeg_compression,5,none,0.01,1.0,,7,0,0.0,2000,0.0,0.0,686,754,0.0,99fc6ef526bc821b82a48435c0a11457653382b1512fd893fda45260071da58a
E1,jpeg_compression,5,none,0.01,1.0,,8,0,0.0,2000,0.0,0.0,686,754,0.0,99fc6ef526bc821b82a48435c0a11457653382b1512fd893fda45260071da58a
E1,jpeg_compression,5,none,0.01,1.0,,9,0,0.0,2000,0.0,0.0,686,754,0.0,99fc6ef526bc821b82a48435c0a11457653382b1512fd893fda45260071da58a
E1,jpeg_compression,5,none,0.01,1.0,,10,0,0.0,2000,0.0,0.0,686,754,0.0,99fc6ef526bc821b82a48435c0a11457653382b1512fd893fda45260071da58a
E1,jpeg_compression,5,none,0.01,1.0,,11,0,0.0,2000,0.0,0.0,686,754,0.0,99fc6ef526bc821b82a48435c0a11457653382b1512fd893fda45260071da58a
E1,jpeg_compression,5,none,0.01,1.0,,12,0,0.0,2000,0.0,0.0,686,754,0.0,99fc6ef526bc821b82a48435c0a11457653382b1512fd893fda45260071da58a
E1,jpeg_compression,5,none,0.01,1.0,,13,0,0.0,2000,0.0,0.0,686,754,0.0,99fc6ef526bc821b82a48435c0a11457653382b1512fd893fda45260071da58a
E1,jpeg_compression,5,none,0.01,1.0,,14,0,0.0,2000,0.0,0.0,686,754,0.0,99fc6ef526bc821b82a48435c0a11457653382b1512fd893fda45260071da58a
E1,jpeg_compression,5,none,0.01,1.0,,15,0,0.0,2000,0.0,0.0,686,754,0.0,99fc6ef526bc821b82a48435c0a11457653382b1512fd893fda45260071da58a
E1,jpeg_compression,5,clean_to_clean,0.01,1.0,,0,0,31.85,2000,1.0,0.0649867374005305,686,754,5.565891687214375,99fc6ef526bc821b82a48435c0a11457653382b1512fd893fda45260071da58a
E1,jpeg_compression,5,clean_to_clean,0.01,1.0,,1,0,31.85,2000,1.0,0.0649867374005305,686,754,5.565891687214375,99fc6ef526bc821b82a48435c0a11457653382b1512fd893fda45260071da58a
E1,jpeg_compression,5,clean_to_clean,0.01,1.0,,2,0,31.85,2000,1.0,0.0649867374005305,686,754,5.565891687214375,99fc6ef526bc821b82a48435c0a11457653382b1512fd893fda45260071da58a
E1,jpeg_compression,5,clean_to_clean,0.01,1.0,,3,0,31.85,2000,1.0,0.0649867374005305,686,754,5.565891687214375,99fc6ef526bc821b82a48435c0a11457653382b1512fd893fda45260071da58a
E1,jpeg_compression,5,clean_to_clean,0.01,1.0,,4,0,31.85,2000,1.0,0.0649867374005305,686,754,5.565891687214375,99fc6ef526bc821b82a48435c0a11457653382b1512fd893fda45260071da58a
E1,jpeg_compression,5,clean_to_clean,0.01,1.0,,5,0,31.85,2000,1.0,0.0649867374005305,686,754,5.565891687214375,99fc6ef526bc821b82a48435c0a11457653382b1512fd893fda45260071da58a
E1,jpeg_compression,5,clean_to_clean,0.01,1.0,,6,0,31.85,2000,1.0,0.0649867374005305,686,754,5.565891687214375,99fc6ef526bc821b82a48435c0a11457653382b1512fd893fda45260071da58a
E1,jpeg_compression,5,clean_to_clean,0.01,1.0,,7,0,31.85,2000,1.0,0.0649867374005305,686,754,5.565891687214375,99fc6ef526bc821b82a48435c0a11457653382b1512fd893fda45260071da58a
E1,jpeg_compression,5,clean_to_clean,0.01,1.0,,8,0,31.85,2000,1.0,0.0649867374005305,686,754,5.565891687214375,99fc6ef526bc821b82a48435c0a11457653382b1512fd893fda45260071da58a
E1,jpeg_compression,5,clean_to_clean,0.01,1.0,,9,0,31.85,2000,1.0,0.0649867374005305,686,754,5.565891687214375,99fc6ef526bc821b82a48435c0a11457653382b1512fd893fda45260071da58a
E1,jpeg_compression,5,clean_to_clean,0.01,1.0,,10,0,31.85,2000,1.0,0.0649867374005305,686,754,5.565891687214375,99fc6ef526bc821b82a48435c0a11457653382b1512fd893fda45260071da58a
E1,jpeg_compression,5,clean_to_clean,0.01,1.0,,11,0,31.85,2000,1.0,0.0649867374005305,686,754,5.565891687214375,99fc6ef526bc821b82a48435c0a11457653382b1512fd893fda45260071da58a
E1,jpeg_compression,5,clean_to_clean,0.01,1.0,,12,0,31.85,2000,1.0,0.0649867374005305,686,754,5.565891687214375,99fc6ef526bc821b82a48435c0a11457653382b1512fd893fda45260071da58a
E1,jpeg_compression,5,clean_to_clean,0.01,1.0,,13,0,31.85,2000,1.0,0.0649867374005305,686,754,5.565891687214375,99fc6ef526bc821b82a48435c0a11457653382b1512fd893fda45260071da58a
E1,jpeg_compression,5,clean_to_clean,0.01,1.0,,14,0,31.85,2000,1.0,0.0649867374005305,686,754,5.565891687214375,99fc6ef526bc821b82a48435c0a11457653382b1512fd893fda45260071da58a
E1,jpeg_compression,5,clean_to_clean,0.01,1.0,,15,0,31.85,2000,1.0,0.0649867374005305,686,754,5.565891687214375,99fc6ef526bc821b82a48435c0a11457653382b1512fd893fda45260071da58a
E1,jpeg_compression,5,full_state,0.01,1.0,,0,0,31.85,2000,1.0,0.0649867374005305,686,754,5.565891687214375,99fc6ef526bc821b82a48435c0a11457653382b1512fd893fda45260071da58a
E1,jpeg_compression,5,full_state,0.01,1.0,,1,0,31.85,2000,1.0,0.0649867374005305,686,754,5.565891687214375,99fc6ef526bc821b82a48435c0a11457653382b1512fd893fda45260071da58a
E1,jpeg_compression,5,full_state,0.01,1.0,,2,0,31.85,2000,1.0,0.0649867374005305,686,754,5.565891687214375,99fc6ef526bc821b82a48435c0a11457653382b1512fd893fda45260071da58a
E1,jpeg_compression,5,full_state,0.01,1.0,,3,0,31.85,2000,1.0,0.0649867374005305,686,754,5.565891687214375,99fc6ef526bc821b82a48435c0a11457653382b1512fd893fda45260071da58a
E1,jpeg_compression,5,full_state,0.01,1.0,,4,0,31.85,2000,1.0,0.0649867374005305,686,754,5.565891687214375,99fc6ef526bc821b82a48435c0a11457653382b1512fd893fda45260071da58a
E1,jpeg_compression,5,full_state,0.01,1.0,,5,0,31.85,2000,1.0,0.0649867374005305,686,754,5.565891687214375,99fc6ef526bc821b82a48435c0a11457653382b1512fd893fda45260071da58a
E1,jpeg_compression,5,full_state,0.01,1.0,,6,0,31.85,2000,1.0,0.0649867374005305,686,754,5.565891687214375,99fc6ef526bc821b82a48435c0a11457653382b1512fd893fda45260071da58a
E1,jpeg_compression,5,full_state,0.01,1.0,,7,0,31.85,2000,1.0,0.0649867374005305,686,754,5.565891687214375,99fc6ef526bc821b82a48435c0a11457653382b1512fd893fda45260071da58a
E1,jpeg_compression,5,full_state,0.01,1.0,,8,0,31.85,2000,1.0,0.0649867374005305,686,754,5.565891687214375,99fc6ef526bc821b82a48435c0a11457653382b1512fd893fda45260071da58a
E1,jpeg_compression,5,full_state,0.01,1.0,,9,0,31.85,2000,1.0,0.0649867374005305,686,754,5.565891687214375,99fc6ef526bc821b82a48435c0a11457653382b1512fd893fda45260071da58a
E1,jpeg_compression,5,full_state,0.01,1.0,,10,0,31.85,2000,1.0,0.0649867374005305,686,754,5.565891687214375,99fc6ef526bc821b82a48435c0a11457653382b1512fd893fda45260071da58a
E1,jpeg_compression,5,full_state,0.01,1.0,,11,0,31.85,2000,1.0,0.0649867374005305,686,754,5.565891687214375,99fc6ef526bc821b82a48435c0a11457653382b1512fd893fda45260071da58a
E1,jpeg_compression,5,full_state,0.01,1.0,,12,0,31.85,2000,1.0,0.0649867374005305,686,754,5.565891687214375,99fc6ef526bc821b82a48435c0a11457653382b1512fd893fda45260071da58a
E1,jpeg_compression,5,full_state,0.01,1.0,,13,0,31.85,2000,1.0,0.0649867374005305,686,754,5.565891687214375,99fc6ef526bc821b82a48435c0a11457653382b1512fd893fda45260071da58a
E1,jpeg_compression,5,full_state,0.01,1.0,,14,0,31.85,2000,1.0,0.0649867374005305,686,754,5.565891687214375,99fc6ef526bc821b82a48435c0a11457653382b1512fd893fda45260071da58a
E1,jpeg_compression,5,full_state,0.01,1.0,,15,0,31.85,2000,1.0,0.0649867374005305,686,754,5.565891687214375,99fc6ef526bc821b82a48435c0a11457653382b1512fd893fda45260071da58a
E1,jpeg_compression,5,random_direction,0.01,1.0,,0,0,-0.2500000000000002,2000,0.011661807580174927,0.01989389920424403,686,754,0.003468685746192932,99fc6ef526bc821b82a48435c0a11457653382b1512fd893fda45260071da58a
E1,jpeg_compression,5,random_direction,0.01,1.0,,1,0,0.0,2000,0.008746355685131196,0.011936339522546418,686,754,0.0021402119994163513,99fc6ef526bc821b82a48435c0a11457653382b1512fd893fda45260071da58a
E1,jpeg_compression,5,random_direction,0.01,1.0,,2,0,-0.30000000000000027,2000,0.007288629737609329,0.01989389920424403,686,754,-6.966567039489746e-05,99fc6ef526bc821b82a48435c0a11457653382b1512fd893fda45260071da58a
E1,jpeg_compression,5,random_direction,0.01,1.0,,3,0,0.2500000000000002,2000,0.023323615160349854,0.01989389920424403,686,754,0.020552513122558593,99fc6ef526bc821b82a48435c0a11457653382b1512fd893fda45260071da58a
E1,jpeg_compression,5,random_direction,0.01,1.0,,4,0,-0.050000000000000044,2000,0.016034985422740525,0.01856763925729443,686,754,0.022386826395988463,99fc6ef526bc821b82a48435c0a11457653382b1512fd893fda45260071da58a
E1,jpeg_compression,5,random_direction,0.01,1.0,,5,0,-0.050000000000000044,2000,0.013119533527696793,0.015915119363395226,686,754,0.0030466426014900206,99fc6ef526bc821b82a48435c0a11457653382b1512fd893fda45260071da58a
E1,jpeg_compression,5,random_direction,0.01,1.0,,6,0,-0.2500000000000002,2000,0.0058309037900874635,0.014588859416445624,686,754,-0.005428679406642913,99fc6ef526bc821b82a48435c0a11457653382b1512fd893fda45260071da58a
E1,jpeg_compression,5,random_direction,0.01,1.0,,7,0,-0.15000000000000013,2000,0.008746355685131196,0.011936339522546418,686,754,-0.008170675933361054,99fc6ef526bc821b82a48435c0a11457653382b1512fd893fda45260071da58a
E1,jpeg_compression,5,random_direction,0.01,1.0,,8,0,-0.15000000000000013,2000,0.01020408163265306,0.013262599469496022,686,754,-0.006600830912590027,99fc6ef526bc821b82a48435c0a11457653382b1512fd893fda45260071da58a
E1,jpeg_compression,5,random_direction,0.01,1.0,,9,0,0.10000000000000009,2000,0.011661807580174927,0.009283819628647215,686,754,3.353714942932129e-06,99fc6ef526bc821b82a48435c0a11457653382b1512fd893fda45260071da58a
E1,jpeg_compression,5,random_direction,0.01,1.0,,10,0,0.15000000000000013,2000,0.008746355685131196,0.005305039787798408,686,754,-0.002474608838558197,99fc6ef526bc821b82a48435c0a11457653382b1512fd893fda45260071da58a
E1,jpeg_compression,5,random_direction,0.01,1.0,,11,0,-0.050000000000000044,2000,0.0058309037900874635,0.007957559681697613,686,754,-0.002043442785739899,99fc6ef526bc821b82a48435c0a11457653382b1512fd893fda45260071da58a
E1,jpeg_compression,5,random_direction,0.01,1.0,,12,0,-0.15000000000000013,2000,0.008746355685131196,0.014588859416445624,686,754,0.006148533940315247,99fc6ef526bc821b82a48435c0a11457653382b1512fd893fda45260071da58a
E1,jpeg_compression,5,random_direction,0.01,1.0,,13,0,-0.10000000000000009,2000,0.0058309037900874635,0.009283819628647215,686,754,-0.0045735806226730345,99fc6ef526bc821b82a48435c0a11457653382b1512fd893fda45260071da58a
E1,jpeg_compression,5,random_direction,0.01,1.0,,14,0,-0.15000000000000013,2000,0.0,0.006631299734748011,686,754,-0.00011669516563415527,99fc6ef526bc821b82a48435c0a11457653382b1512fd893fda45260071da58a
E1,jpeg_compression,5,random_direction,0.01,1.0,,15,0,0.050000000000000044,2000,0.0029154518950437317,0.002652519893899204,686,754,0.0008708223700523377,99fc6ef526bc821b82a48435c0a11457653382b1512fd893fda45260071da58a
E1,jpeg_compression,5,shuffled_donor,0.01,1.0,,0,0,-1.0000000000000009,2000,0.026239067055393587,0.05172413793103448,686,754,-0.05198122185468674,99fc6ef526bc821b82a48435c0a11457653382b1512fd893fda45260071da58a
E1,jpeg_compression,5,shuffled_donor,0.01,1.0,,1,0,-0.2500000000000002,2000,0.030612244897959183,0.03580901856763926,686,754,-0.025921033084392548,99fc6ef526bc821b82a48435c0a11457653382b1512fd893fda45260071da58a
E1,jpeg_compression,5,shuffled_donor,0.01,1.0,,2,0,-0.30000000000000027,2000,0.027696793002915453,0.03580901856763926,686,754,-0.030529808402061463,99fc6ef526bc821b82a48435c0a11457653382b1512fd893fda45260071da58a
E1,jpeg_compression,5,shuffled_donor,0.01,1.0,,3,0,-0.7500000000000007,2000,0.018950437317784258,0.042440318302387266,686,754,-0.015143965899944305,99fc6ef526bc821b82a48435c0a11457653382b1512fd893fda45260071da58a
E1,jpeg_compression,5,shuffled_donor,0.01,1.0,,4,0,-0.2500000000000002,2000,0.023323615160349854,0.03580901856763926,686,754,0.04278533309698105,99fc6ef526bc821b82a48435c0a11457653382b1512fd893fda45260071da58a
E1,jpeg_compression,5,shuffled_donor,0.01,1.0,,5,0,-0.5000000000000004,2000,0.018950437317784258,0.03713527851458886,686,754,0.0301036234498024,99fc6ef526bc821b82a48435c0a11457653382b1512fd893fda45260071da58a
E1,jpeg_compression,5,shuffled_donor,0.01,1.0,,6,0,-0.20000000000000018,2000,0.021865889212827987,0.034482758620689655,686,754,0.03989216697216034,99fc6ef526bc821b82a48435c0a11457653382b1512fd893fda45260071da58a
E1,jpeg_compression,5,shuffled_donor,0.01,1.0,,7,0,-0.30000000000000027,2000,0.03206997084548105,0.04376657824933687,686,754,-0.026813943862915038,99fc6ef526bc821b82a48435c0a11457653382b1512fd893fda45260071da58a
E1,jpeg_compression,5,shuffled_donor,0.01,1.0,,8,0,-0.3500000000000003,2000,0.02478134110787172,0.038461538461538464,686,754,-0.029652519226074217,99fc6ef526bc821b82a48435c0a11457653382b1512fd893fda45260071da58a
E1,jpeg_compression,5,shuffled_donor,0.01,1.0,,9,0,-0.4500000000000004,2000,0.023323615160349854,0.038461538461538464,686,754,-0.03100375998020172,99fc6ef526bc821b82a48435c0a11457653382b1512fd893fda45260071da58a
E1,jpeg_compression,5,shuffled_donor,0.01,1.0,,10,0,-0.6500000000000006,2000,0.02040816326530612,0.04111405835543767,686,754,-0.026338098168373108,99fc6ef526bc821b82a48435c0a11457653382b1512fd893fda45260071da58a
E1,jpeg_compression,5,shuffled_donor,0.01,1.0,,11,0,-0.6000000000000005,2000,0.023323615160349854,0.042440318302387266,686,754,-0.024589625656604767,99fc6ef526bc821b82a48435c0a11457653382b1512fd893fda45260071da58a
E1,jpeg_compression,5,shuffled_donor,0.01,1.0,,12,0,-0.8500000000000008,2000,0.01749271137026239,0.04111405835543767,686,754,-0.028149303555488586,99fc6ef526bc821b82a48435c0a11457653382b1512fd893fda45260071da58a
E1,jpeg_compression,5,shuffled_donor,0.01,1.0,,13,0,-0.3500000000000003,2000,0.021865889212827987,0.033156498673740056,686,754,-0.030468401908874513,99fc6ef526bc821b82a48435c0a11457653382b1512fd893fda45260071da58a
E1,jpeg_compression,5,shuffled_donor,0.01,1.0,,14,0,-0.30000000000000027,2000,0.013119533527696793,0.021220159151193633,686,754,-0.015647799253463743,99fc6ef526bc821b82a48435c0a11457653382b1512fd893fda45260071da58a
E1,jpeg_compression,5,shuffled_donor,0.01,1.0,,15,0,-0.15000000000000013,2000,0.013119533527696793,0.017241379310344827,686,754,-0.015662911176681518,99fc6ef526bc821b82a48435c0a11457653382b1512fd893fda45260071da58a
