experiment,corruption,severity,intervention_type,fraction,alpha,norm_cap,layer_id,n_seeds,U_mean,U_std,U_min,U_max,n_images_mean,n_images_std,n_images_min,n_images_max,recovery_rate_mean,recovery_rate_std,recovery_rate_min,recovery_rate_max,new_error_rate_mean,new_error_rate_std,new_error_rate_min,new_error_rate_max,corruption_failure_set_size_mean,corruption_failure_set_size_std,corruption_failure_set_size_min,corruption_failure_set_size_max,still_correct_set_size_mean,still_correct_set_size_std,still_correct_set_size_min,still_correct_set_size_max,margin_change_mean,margin_change_std,margin_change_min,margin_change_max,model_fingerprint
E1,gaussian_noise,1,partial_channel,0.01,1.0,,0,5,0.10000000000000231,0.24238399287081724,-0.14999999999999458,0.45000000000000595,2000.0,0.0,2000,2000,0.05,0.02938190849508951,0.014150943396226415,0.09433962264150944,0.01096774193548387,0.0034498789735818453,0.008064516129032258,0.016935483870967744,212.0,0.0,212,212,1240.0,0.0,1240,1240,0.03058523029088974,0.0151107721298972,0.012356976091861725,0.04875793170928955,99fc6ef526bc821b82a48435c0a11457653382b1512fd893fda45260071da58a
E1,gaussian_noise,1,partial_channel,0.05,1.0,,0,5,0.40999999999999925,0.34168699126539503,0.0,0.8499999999999952,2000.0,0.0,2000,2000,0.09999999999999999,0.03583043210345838,0.06132075471698113,0.14622641509433962,0.020645161290322584,0.00995241017353218,0.01129032258064516,0.036290322580645164,212.0,0.0,212,212,1240.0,0.0,1240,1240,0.08126211049556734,0.029061967026924696,0.0485148823261261,0.1154780768752098,99fc6ef526bc821b82a48435c0a11457653382b1512fd893fda45260071da58a
E1,gaussian_noise,1,partial_channel,0.1,1.0,,0,5,0.2299999999999991,0.5007494383421672,-0.44999999999999485,0.8499999999999952,2000.0,0.0,2000,2000,0.15188679245283018,0.0421107813597465,0.11320754716981132,0.21226415094339623,0.03612903225806451,0.01604210445997291,0.020161290322580645,0.054838709677419356,212.0,0.0,212,212,1240.0,0.0,1240,1240,0.06940564442873001,0.12553228105205283,-0.14871587300300598,0.15160465091466904,99fc6ef526bc821b82a48435c0a11457653382b1512fd893fda45260071da58a
E1,gaussian_noise,1,partial_channel,0.2,1.0,,0,5,0.8699999999999996,0.5263078946776302,0.10000000000000009,1.4000000000000012,2000.0,0.0,2000,2000,0.2518867924528302,0.027014756723162926,0.2169811320754717,0.29245283018867924,0.04806451612903226,0.01021045453904284,0.03387096774193549,0.06129032258064516,212.0,0.0,212,212,1240.0,0.0,1240,1240,0.10603949621915817,0.13565836132613407,-0.11783921831846238,0.22108062237501144,99fc6ef526bc821b82a48435c0a11457653382b1512fd893fda45260071da58a
E1,gaussian_noise,1,partial_channel,0.01,1.0,,1,5,0.01000000000000334,0.16355427233796327,-0.20000000000000018,0.2500000000000058,2000.0,0.0,2000,2000,0.046226415094339626,0.012209602929759231,0.02830188679245283,0.06132075471698113,0.010483870967741934,0.0028512370209134983,0.007258064516129033,0.014516129032258065,212.0,0.0,212,212,1240.0,0.0,1240,1240,0.012297736191749573,0.018923703295873395,-0.019841407597064972,0.028474701404571534,99fc6ef526bc821b82a48435c0a11457653382b1512fd893fda45260071da58a
E1,gaussian_noise,1,partial_channel,0.05,1.0,,1,5,0.4300000000000037,0.256417628099159,0.15000000000000568,0.7000000000000006,2000.0,0.0,2000,2000,0.10566037735849057,0.02994447216623373,0.07547169811320754,0.14622641509433962,0.021774193548387097,0.00859164344865424,0.01129032258064516,0.03064516129032258,212.0,0.0,212,212,1240.0,0.0,1240,1240,0.09926731345653535,0.01900087262689847,0.0801011712551117,0.12817367458343507,99fc6ef526bc821b82a48435c0a11457653382b1512fd893fda45260071da58a
E1,gaussian_noise,1,partial_channel,0.1,1.0,,1,5,0.28999999999999915,0.5759774301133662,-0.6000000000000005,0.9499999999999953,2000.0,0.0,2000,2000,0.14245283018867924,0.04674335525221697,0.08962264150943396,0.20754716981132076,0.03129032258064516,0.008730560388854426,0.020161290322580645,0.041935483870967745,212.0,0.0,212,212,1240.0,0.0,1240,1240,0.09502283549308775,0.06207062789155253,0.03189035153388977,0.18071635282039641,99fc6ef526bc821b82a48435c0a11457653382b1512fd893fda45260071da58a
E1,gaussian_noise,1,partial_channel,0.2,1.0,,1,5,1.1699999999999977,0.32519225083018166,0.7000000000000006,1.5000000000000013,2000.0,0.0,2000,2000,0.25849056603773585,0.016809933661514582,0.23113207547169812,0.27358490566037735,0.044516129032258066,0.008072576616930453,0.03467741935483871,0.055645161290322584,212.0,0.0,212,212,1240.0,0.0,1240,1240,0.17916315737962724,0.09380437937891456,0.017115814447402955,0.2536423078775406,99fc6ef526bc821b82a48435c0a11457653382b1512fd893fda45260071da58a
E1,gaussian_noise,1,partial_channel,0.01,1.0,,2,5,0.050000000000001155,0.21213203435596642,-0.20000000000000018,0.35000000000000586,2000.0,0.0,2000,2000,0.0349056603773585,0.007153656079293917,0.02830188679245283,0.04716981132075472,0.007903225806451612,0.002984960568277701,0.004838709677419355,0.012096774193548387,212.0,0.0,212,212,1240.0,0.0,1240,1240,0.01405889068841934,0.01088108492600021,-0.0016583722233772277,0.027348627984523772,99fc6ef526bc821b82a48435c0a11457653382b1512fd893fda45260071da58a
E1,gaussian_noise,1,partial_channel,0.05,1.0,,2,5,0.49000000000000155,0.15572411502397057,0.2500000000000058,0.649999999999995,2000.0,0.0,2000,2000,0.11132075471698114,0.022768902615372018,0.08490566037735849,0.13679245283018868,0.021129032258064513,0.006923282590753145,0.012903225806451613,0.03064516129032258,212.0,0.0,212,212,1240.0,0.0,1240,1240,0.11361867687702179,0.02897432427164144,0.07657217383384704,0.14571213150024415,99fc6ef526bc821b82a48435c0a11457653382b1512fd893fda45260071da58a
E1,gaussian_noise,1,partial_channel,0.1,1.0,,2,5,0.5900000000000016,0.3664014192112239,0.30000000000000027,1.200000000000001,2000.0,0.0,2000,2000,0.15377358490566037,0.0395495732382162,0.11320754716981132,0.2028301886792453,0.030000000000000006,0.0071315132159464984,0.021774193548387097,0.03790322580645161,212.0,0.0,212,212,1240.0,0.0,1240,1240,0.11483513797521591,0.04962725692553958,0.07057693356275559,0.1949965071082115,99fc6ef526bc821b82a48435c0a11457653382b1512fd893fda45260071da58a
E1,gaussian_noise,1,partial_channel,0.2,1.0,,2,5,1.359999999999999,0.43214580872663716,0.6000000000000005,1.649999999999996,2000.0,0.0,2000,2000,0.269811320754717,0.023204479011790263,0.25,0.2971698113207547,0.04338709677419354,0.006360240049396887,0.035483870967741936,0.0532258064516129,212.0,0.0,212,212,1240.0,0.0,1240,1240,0.2184356957912445,0.10263815709060661,0.05079592674970627,0.30002257466316223,99fc6ef526bc821b82a48435c0a11457653382b1512fd893fda45260071da58a
E1,gaussian_noise,1,partial_channel,0.01,1.0,,3,5,-0.029999999999996696,0.09082951062292544,-0.14999999999999458,0.050000000000005596,2000.0,0.0,2000,2000,0.04433962264150944,0.009781340261003642,0.02830188679245283,0.05188679245283019,0.010806451612903226,0.0010819683762095752,0.00967741935483871,0.012096774193548387,212.0,0.0,212,212,1240.0,0.0,1240,1240,0.010162784481048584,0.02568746331733634,-0.030223924577236175,0.040797381162643434,99fc6ef526bc821b82a48435c0a11457653382b1512fd893fda45260071da58a
E1,gaussian_noise,1,partial_channel,0.05,1.0,,3,5,0.16000000000000014,0.8770689824637506,-1.200000000000001,1.2499999999999956,2000.0,0.0,2000,2000,0.12547169811320755,0.044947657545553195,0.07075471698113207,0.19339622641509435,0.030967741935483867,0.012436100984645959,0.016935483870967744,0.050806451612903224,212.0,0.0,212,212,1240.0,0.0,1240,1240,0.003009531533718113,0.08651663152187475,-0.14362666141986846,0.0671251727938652,99fc6ef526bc821b82a48435c0a11457653382b1512fd893fda45260071da58a
E1,gaussian_noise,1,partial_channel,0.1,1.0,,3,5,0.7399999999999984,0.7039176088151197,0.050000000000005596,1.849999999999996,2000.0,0.0,2000,2000,0.1820754716981132,0.053324840607783315,0.13679245283018868,0.27358490566037735,0.035806451612903224,0.00852705799218471,0.02338709677419355,0.04596774193548387,212.0,0.0,212,212,1240.0,0.0,1240,1240,0.12417449533939362,0.09796755230838818,0.003690204918384552,0.22215584218502044,99fc6ef526bc821b82a48435c0a11457653382b1512fd893fda45260071da58a
E1,gaussian_noise,1,partial_channel,0.2,1.0,,3,5,1.4399999999999968,0.7503332592921658,0.7499999999999951,2.7000000000000024,2000.0,0.0,2000,2000,0.2990566037735849,0.03311979185196595,0.2688679245283019,0.33490566037735847,0.04790322580645161,0.008275466795074389,0.03467741935483871,0.056451612903225805,212.0,0.0,212,212,1240.0,0.0,1240,1240,0.24062326637506484,0.11695998517264056,0.11863664990663528,0.4222113753557205,99fc6ef526bc821b82a48435c0a11457653382b1512fd893fda45260071da58a
E1,gaussian_noise,1,partial_channel,0.01,1.0,,4,5,-0.09999999999999787,0.1369306393762886,-0.24999999999999467,0.0,2000.0,0.0,2000,2000,0.043396226415094344,0.017774946869261104,0.02358490566037736,0.07075471698113207,0.011774193548387097,0.003677985242255284,0.008064516129032258,0.017741935483870968,212.0,0.0,212,212,1240.0,0.0,1240,1240,0.002602248585224152,0.022470077427248453,-0.03477895230054855,0.020029167532920836,99fc6ef526bc821b82a48435c0a11457653382b1512fd893fda45260071da58a
E1,gaussian_noise,1,partial_channel,0.05,1.0,,4,5,0.07000000000000117,0.5392123885817128,-0.7499999999999951,0.649999999999995,2000.0,0.0,2000,2000,0.1188679245283019,0.04250520877761816,0.08018867924528301,0.18867924528301888,0.032419354838709676,0.01050556068998843,0.02258064516129032,0.0467741935483871,212.0,0.0,212,212,1240.0,0.0,1240,1240,0.0027651036381721493,0.09172709560069231,-0.14963672226667404,0.06713901770114898,99fc6ef526bc821b82a48435c0a11457653382b1512fd893fda45260071da58a
E1,gaussian_noise,1,partial_channel,0.1,1.0,,4,5,0.40999999999999925,0.7610847521794124,-0.5000000000000004,1.5499999999999958,2000.0,0.0,2000,2000,0.16792452830188678,0.050869093262426085,0.1179245283018868,0.25,0.038387096774193545,0.007090356335591375,0.02903225806451613,0.04838709677419355,212.0,0.0,212,212,1240.0,0.0,1240,1240,0.09252851490974426,0.1340447252903872,-0.05879015588760376,0.2294545354247093,99fc6ef526bc821b82a48435c0a11457653382b1512fd893fda45260071da58a
E1,gaussian_noise,1,partial_channel,0.2,1.0,,4,5,1.299999999999999,0.73654599313281,0.45000000000000595,2.3499999999999965,2000.0,0.0,2000,2000,0.2830188679245283,0.03318690396101482,0.25943396226415094,0.33962264150943394,0.045,0.007465668910343948,0.03790322580645161,0.055645161290322584,212.0,0.0,212,212,1240.0,0.0,1240,1240,0.22575299975872037,0.14537232006750897,0.02807095468044281,0.4059586475491524,99fc6ef526bc821b82a48435c0a11457653382b1512fd893fda45260071da58a
E1,gaussian_noise,1,partial_channel,0.01,1.0,,5,5,-0.18999999999999462,0.2073644135332774,-0.44999999999999485,0.050000000000005596,2000.0,0.0,2000,2000,0.041509433962264156,0.0186902007133575,0.02358490566037736,0.07075471698113207,0.012419354838709677,0.0014649921068213669,0.010483870967741936,0.013709677419354839,212.0,0.0,212,212,1240.0,0.0,1240,1240,0.004827833366394044,0.018813355609057104,-0.02458075398206711,0.027897630035877228,99fc6ef526bc821b82a48435c0a11457653382b1512fd893fda45260071da58a
E1,gaussian_noise,1,partial_channel,0.05,1.0,,5,5,0.23000000000000131,0.4117037770047788,-0.40000000000000036,0.7000000000000006,2000.0,0.0,2000,2000,0.11886792452830189,0.04698075319995749,0.08018867924528301,0.19339622641509435,0.028870967741935483,0.009582871469363194,0.018548387096774192,0.04112903225806452,212.0,0.0,212,212,1240.0,0.0,1240,1240,0.014577451980113981,0.07540840510864229,-0.10670429027080536,0.06698395496606827,99fc6ef526bc821b82a48435c0a11457653382b1512fd893fda45260071da58a
E1,gaussian_noise,1,partial_channel,0.1,1.0,,5,5,0.7100000000000017,0.7092249290598805,-0.04999999999999449,1.649999999999996,2000.0,0.0,2000,2000,0.17452830188679244,0.05242007257286054,0.1320754716981132,0.25943396226415094,0.034193548387096775,0.006833458117520922,0.02661290322580645,0.042741935483870966,212.0,0.0,212,212,1240.0,0.0,1240,1240,0.11767589348554612,0.12273534165361967,-0.013911693751811982,0.25869017481803896,99fc6ef526bc821b82a48435c0a11457653382b1512fd893fda45260071da58a
E1,gaussian_noise,1,partial_channel,0.2,1.0,,5,5,1.419999999999999,0.8650144507463462,0.5000000000000004,2.8000000000000025,2000.0,0.0,2000,2000,0.27735849056603773,0.03504561437925793,0.24056603773584906,0.33490566037735847,0.04290322580645161,0.008599209846816985,0.035483870967741936,0.054838709677419356,212.0,0.0,212,212,1240.0,0.0,1240,1240,0.2551756788015366,0.12015290301193496,0.10896868693828583,0.3962067581415176,99fc6ef526bc821b82a48435c0a11457653382b1512fd893fda45260071da58a
E1,gaussian_noise,1,partial_channel,0.01,1.0,,6,5,-0.029999999999996696,0.2196588263648884,-0.34999999999999476,0.2500000000000058,2000.0,0.0,2000,2000,0.04245283018867925,0.026263039447311422,0.018867924528301886,0.08490566037735849,0.01032258064516129,0.0024460888529198553,0.008064516129032258,0.013709677419354839,212.0,0.0,212,212,1240.0,0.0,1240,1240,0.007195717716217041,0.017607925964184666,-0.019887002825737,0.028900486648082733,99fc6ef526bc821b82a48435c0a11457653382b1512fd893fda45260071da58a
E1,gaussian_noise,1,partial_channel,0.05,1.0,,6,5,0.28000000000000247,0.32901367752724,-0.04999999999999449,0.8000000000000007,2000.0,0.0,2000,2000,0.12169811320754716,0.04590279481397308,0.07547169811320754,0.19339622641509435,0.0282258064516129,0.007145179494624737,0.021774193548387097,0.037096774193548385,212.0,0.0,212,212,1240.0,0.0,1240,1240,0.028817609918117527,0.08250609385265507,-0.09257941955327988,0.10381004762649536,99fc6ef526bc821b82a48435c0a11457653382b1512fd893fda45260071da58a
E1,gaussian_noise,1,partial_channel,0.1,1.0,,6,5,0.8699999999999996,0.5815926409438118,0.20000000000000018,1.5000000000000013,2000.0,0.0,2000,2000,0.17924528301886794,0.044499911000267005,0.13679245283018868,0.25,0.0317741935483871,0.009134644348157498,0.021774193548387097,0.03870967741935484,212.0,0.0,212,212,1240.0,0.0,1240,1240,0.15125391756296158,0.1100196649758835,-9.061574935913085e-06,0.27041861110925675,99fc6ef526bc821b82a48435c0a11457653382b1512fd893fda45260071da58a
E1,gaussian_noise,1,partial_channel,0.2,1.0,,6,5,1.709999999999998,0.5951890455981185,1.3000000000000012,2.749999999999997,2000.0,0.0,2000,2000,0.28396226415094344,0.02738287787490564,0.25943396226415094,0.32547169811320753,0.03903225806451612,0.004135768195147769,0.03225806451612903,0.042741935483870966,212.0,0.0,212,212,1240.0,0.0,1240,1240,0.27988331809043887,0.10063693388725048,0.15954041254520415,0.3984075246453285,99fc6ef526bc821b82a48435c0a11457653382b1512fd893fda45260071da58a
E1,gaussian_noise,1,partial_channel,0.01,1.0,,7,5,0.050000000000003375,0.1903943276465979,-0.20000000000000018,0.30000000000000027,2000.0,0.0,2000,2000,0.046226415094339626,0.012656988551885604,0.03773584905660377,0.0660377358490566,0.00967741935483871,0.002208558699617605,0.0064516129032258064,0.012096774193548387,212.0,0.0,212,212,1240.0,0.0,1240,1240,0.03703216606378555,0.013528040900929957,0.023724901616573334,0.05948205411434174,99fc6ef526bc821b82a48435c0a11457653382b1512fd893fda45260071da58a
E1,gaussian_noise,1,partial_channel,0.05,1.0,,7,5,0.40000000000000036,0.1695582495781302,0.20000000000000018,0.6000000000000005,2000.0,0.0,2000,2000,0.11320754716981132,0.029645766721642774,0.07547169811320754,0.14622641509433962,0.02032258064516129,0.005016880972579287,0.014516129032258065,0.027419354838709678,212.0,0.0,212,212,1240.0,0.0,1240,1240,0.11751051177978515,0.02945871850936162,0.08818668538331985,0.1509790362715721,99fc6ef526bc821b82a48435c0a11457653382b1512fd893fda45260071da58a
E1,gaussian_noise,1,partial_channel,0.1,1.0,,7,5,0.7800000000000007,0.3346640106136305,0.5000000000000004,1.3000000000000012,2000.0,0.0,2000,2000,0.1679245283018868,0.04330897709863408,0.12264150943396226,0.23113207547169812,0.026774193548387094,0.003756714418984553,0.021774193548387097,0.03064516129032258,212.0,0.0,212,212,1240.0,0.0,1240,1240,0.20947814812660215,0.041871337522406814,0.15973042833805084,0.2674630368351936,99fc6ef526bc821b82a48435c0a11457653382b1512fd893fda45260071da58a
E1,gaussian_noise,1,partial_channel,0.2,1.0,,7,5,1.6700000000000004,0.29916550603303077,1.3000000000000012,2.0000000000000018,2000.0,0.0,2000,2000,0.26603773584905654,0.02464594429738326,0.24056603773584906,0.30660377358490565,0.030806451612903223,0.00737804065256947,0.01935483870967742,0.03951612903225806,212.0,0.0,212,212,1240.0,0.0,1240,1240,0.3962809931755066,0.04638415079881614,0.3427972627878189,0.46939210677146914,99fc6ef526bc821b82a48435c0a11457653382b1512fd893fda45260071da58a
E1,gaussian_noise,1,partial_channel,0.01,1.0,,8,5,4.440892098500626e-15,0.16583123951777015,-0.24999999999999467,0.15000000000000568,2000.0,0.0,2000,2000,0.04905660377358491,0.009781340261003642,0.03773584905660377,0.06132075471698113,0.01064516129032258,0.002816814386544029,0.008064516129032258,0.01532258064516129,212.0,0.0,212,212,1240.0,0.0,1240,1240,0.03382888892889023,0.01441871064165637,0.023526807069778444,0.0572690035700798,99fc6ef526bc821b82a48435c0a11457653382b1512fd893fda45260071da58a
E1,gaussian_noise,1,partial_channel,0.05,1.0,,8,5,0.5399999999999983,0.3416869912653972,0.0,0.9000000000000008,2000.0,0.0,2000,2000,0.11320754716981134,0.021094980919809336,0.08018867924528301,0.13679245283018868,0.017258064516129032,0.0027109252119309054,0.013709677419354839,0.020967741935483872,212.0,0.0,212,212,1240.0,0.0,1240,1240,0.12605440413951874,0.03525080125707057,0.08906208062171936,0.17318635922670364,99fc6ef526bc821b82a48435c0a11457653382b1512fd893fda45260071da58a
E1,gaussian_noise,1,partial_channel,0.1,1.0,,8,5,1.2199999999999989,0.41922547632508983,0.6000000000000005,1.749999999999996,2000.0,0.0,2000,2000,0.1849056603773585,0.031712710026361536,0.14150943396226415,0.22641509433962265,0.02258064516129032,0.0018912966773481565,0.020967741935483872,0.025,212.0,0.0,212,212,1240.0,0.0,1240,1240,0.2294824412703514,0.04850888702956619,0.18456226468086243,0.28839536505937574,99fc6ef526bc821b82a48435c0a11457653382b1512fd893fda45260071da58a
E1,gaussian_noise,1,partial_channel,0.2,1.0,,8,5,2.0599999999999974,0.3049590136395372,1.8000000000000016,2.5499999999999967,2000.0,0.0,2000,2000,0.2858490566037736,0.03192249870884647,0.25471698113207547,0.33962264150943394,0.027903225806451614,0.004791435734681594,0.020967741935483872,0.03225806451612903,212.0,0.0,212,212,1240.0,0.0,1240,1240,0.452757042992115,0.06100205854479381,0.39271202009916306,0.5529698640108108,99fc6ef526bc821b82a48435c0a11457653382b1512fd893fda45260071da58a
E1,gaussian_noise,1,partial_channel,0.01,1.0,,9,5,0.07000000000000339,0.07582875444051447,-0.04999999999999449,0.15000000000000568,2000.0,0.0,2000,2000,0.048113207547169815,0.010756371934897528,0.03773584905660377,0.0660377358490566,0.00935483870967742,0.001856591037616345,0.008064516129032258,0.012096774193548387,212.0,0.0,212,212,1240.0,0.0,1240,1240,0.030480195462703703,0.01534001284516328,0.01838642716407776,0.052890942633152006,99fc6ef526bc821b82a48435c0a11457653382b1512fd893fda45260071da58a
E1,gaussian_noise,1,partial_channel,0.05,1.0,,9,5,0.6000000000000005,0.28504385627478135,0.2500000000000058,0.9499999999999953,2000.0,0.0,2000,2000,0.11226415094339623,0.01927624220915335,0.08490566037735849,0.13679245283018868,0.016451612903225804,0.004990886595730904,0.01129032258064516,0.02258064516129032,212.0,0.0,212,212,1240.0,0.0,1240,1240,0.1173583996295929,0.034135617250884605,0.074956616461277,0.15827115774154663,99fc6ef526bc821b82a48435c0a11457653382b1512fd893fda45260071da58a
E1,gaussian_noise,1,partial_channel,0.1,1.0,,9,5,1.1399999999999988,0.26315394733881703,0.9499999999999953,1.6000000000000014,2000.0,0.0,2000,2000,0.18584905660377357,0.028614624317175673,0.1650943396226415,0.2358490566037736,0.02274193548387097,0.0021639367524191513,0.01935483870967742,0.025,212.0,0.0,212,212,1240.0,0.0,1240,1240,0.2286073400259018,0.03984495588598229,0.18854370397329331,0.27366227889060973,99fc6ef526bc821b82a48435c0a11457653382b1512fd893fda45260071da58a
E1,gaussian_noise,1,partial_channel,0.2,1.0,,9,5,2.509999999999999,0.44356510232433843,2.100000000000002,3.1000000000000028,2000.0,0.0,2000,2000,0.2990566037735849,0.03192249870884647,0.2688679245283019,0.3490566037735849,0.025806451612903226,0.007122387795425683,0.016935483870967744,0.036290322580645164,212.0,0.0,212,212,1240.0,0.0,1240,1240,0.46660430570840833,0.05657918773305144,0.42648442137241366,0.5628907243609429,99fc6ef526bc821b82a48435c0a11457653382b1512fd893fda45260071da58a
E1,gaussian_noise,1,partial_channel,0.01,1.0,,10,5,0.13000000000000345,0.18907670401188806,-0.04999999999999449,0.40000000000000036,2000.0,0.0,2000,2000,0.046226415094339626,0.010226171409754152,0.0330188679245283,0.06132075471698113,0.008225806451612904,0.0016527339945096129,0.00564516129032258,0.00967741935483871,212.0,0.0,212,212,1240.0,0.0,1240,1240,0.033906933987140654,0.01687324106568973,0.012937275886535645,0.05278084337711334,99fc6ef526bc821b82a48435c0a11457653382b1512fd893fda45260071da58a
E1,gaussian_noise,1,partial_channel,0.05,1.0,,10,5,0.6099999999999994,0.18506755523321433,0.40000000000000036,0.8499999999999952,2000.0,0.0,2000,2000,0.11698113207547171,0.010756371934897525,0.09905660377358491,0.12735849056603774,0.0167741935483871,0.0019253768365021491,0.014516129032258065,0.01935483870967742,212.0,0.0,212,212,1240.0,0.0,1240,1240,0.12628656808137892,0.027144288601736493,0.10336984622478484,0.1648773008584976,99fc6ef526bc821b82a48435c0a11457653382b1512fd893fda45260071da58a
E1,gaussian_noise,1,partial_channel,0.1,1.0,,10,5,1.3299999999999959,0.47644516998286424,0.5499999999999949,1.849999999999996,2000.0,0.0,2000,2000,0.19339622641509432,0.03038702529888002,0.16981132075471697,0.24528301886792453,0.021612903225806453,0.002758488931691463,0.018548387096774192,0.025806451612903226,212.0,0.0,212,212,1240.0,0.0,1240,1240,0.23609307144880298,0.03250624109805494,0.20931976079940795,0.2829519315361977,99fc6ef526bc821b82a48435c0a11457653382b1512fd893fda45260071da58a
E1,gaussian_noise,1,partial_channel,0.2,1.0,,10,5,2.430000000000001,0.5718391382198319,1.8000000000000016,3.300000000000003,2000.0,0.0,2000,2000,0.28962264150943395,0.03192249870884647,0.25943396226415094,0.33962264150943394,0.02403225806451613,0.006635484655072328,0.020161290322580645,0.035483870967741936,212.0,0.0,212,212,1240.0,0.0,1240,1240,0.47749654955863957,0.05761684719583954,0.4365065068602562,0.5686607572436333,99fc6ef526bc821b82a48435c0a11457653382b1512fd893fda45260071da58a
E1,gaussian_noise,1,partial_channel,0.01,1.0,,11,5,0.030000000000001137,0.1717556403731778,-0.20000000000000018,0.20000000000000018,2000.0,0.0,2000,2000,0.04056603773584906,0.009781340261003642,0.02830188679245283,0.05188679245283019,0.008870967741935482,0.0012751119597453145,0.007258064516129033,0.010483870967741936,212.0,0.0,212,212,1240.0,0.0,1240,1240,0.03297232487201691,0.013888681799652938,0.01638543999195099,0.04806440544128418,99fc6ef526bc821b82a48435c0a11457653382b1512fd893fda45260071da58a
E1,gaussian_noise,1,partial_channel,0.05,1.0,,11,5,0.4800000000000004,0.1955760721560775,0.2500000000000058,0.7000000000000006,2000.0,0.0,2000,2000,0.10377358490566038,0.01106230132033828,0.08490566037735849,0.11320754716981132,0.016935483870967744,0.0020560562554809616,0.013709677419354839,0.01935483870967742,212.0,0.0,212,212,1240.0,0.0,1240,1240,0.12218916079998017,0.02418473698289333,0.09521175199747085,0.15911295157670974,99fc6ef526bc821b82a48435c0a11457653382b1512fd893fda45260071da58a
E1,gaussian_noise,1,partial_channel,0.1,1.0,,11,5,1.23,0.27294688127912425,0.9000000000000008,1.6000000000000014,2000.0,0.0,2000,2000,0.17641509433962263,0.019043989847345618,0.15566037735849056,0.2028301886792453,0.020806451612903225,0.0025116792745802324,0.018548387096774192,0.025,212.0,0.0,212,212,1240.0,0.0,1240,1240,0.23742906078100204,0.027976329814909464,0.19613170778751374,0.2697536697983742,99fc6ef526bc821b82a48435c0a11457653382b1512fd893fda45260071da58a
E1,gaussian_noise,1,partial_channel,0.2,1.0,,11,5,2.3,0.322102468168128,1.9000000000000017,2.7000000000000024,2000.0,0.0,2000,2000,0.28867924528301886,0.02247382877277659,0.25471698113207547,0.3160377358490566,0.025,0.005100447838981257,0.020161290322580645,0.03306451612903226,212.0,0.0,212,212,1240.0,0.0,1240,1240,0.47648389626741416,0.048427808165419674,0.4293154438138008,0.5562990373373031,99fc6ef526bc821b82a48435c0a11457653382b1512fd893fda45260071da58a
E1,gaussian_noise,1,partial_channel,0.01,1.0,,12,5,0.13000000000000345,0.115108644332213,-0.04999999999999449,0.2500000000000058,2000.0,0.0,2000,2000,0.04056603773584906,0.00919508900453676,0.02830188679245283,0.05188679245283019,0.00838709677419355,0.0009194963105638211,0.007258064516129033,0.00967741935483871,212.0,0.0,212,212,1240.0,0.0,1240,1240,0.028589257419109348,0.009023768719770986,0.015157727003097534,0.038461346030235294,99fc6ef526bc821b82a48435c0a11457653382b1512fd893fda45260071da58a
E1,gaussian_noise,1,partial_channel,0.05,1.0,,12,5,0.5199999999999982,0.11510864433221156,0.40000000000000036,0.649999999999995,2000.0,0.0,2000,2000,0.10283018867924529,0.007750790908091978,0.08962264150943396,0.10849056603773585,0.01629032258064516,0.0013251352197705634,0.014516129032258065,0.017741935483870968,212.0,0.0,212,212,1240.0,0.0,1240,1240,0.11792334889173506,0.02456899387749424,0.08974187076091766,0.15748358595371245,99fc6ef526bc821b82a48435c0a11457653382b1512fd893fda45260071da58a
E1,gaussian_noise,1,partial_channel,0.1,1.0,,12,5,1.1799999999999966,0.25396850198400567,0.8499999999999952,1.5499999999999958,2000.0,0.0,2000,2000,0.16886792452830188,0.026557902377847643,0.14150943396226415,0.21226415094339623,0.020483870967741936,0.0018565910376163453,0.018548387096774192,0.02258064516129032,212.0,0.0,212,212,1240.0,0.0,1240,1240,0.2327052421569824,0.01781362068360139,0.2018120375275612,0.24515518194437028,99fc6ef526bc821b82a48435c0a11457653382b1512fd893fda45260071da58a
E1,gaussian_noise,1,partial_channel,0.2,1.0,,12,5,2.3899999999999992,0.2219234102117199,2.200000000000002,2.749999999999997,2000.0,0.0,2000,2000,0.2849056603773585,0.02782619095047665,0.25943396226415094,0.32547169811320753,0.02193548387096774,0.003392852252897199,0.018548387096774192,0.027419354838709678,212.0,0.0,212,212,1240.0,0.0,1240,1240,0.47354485933780677,0.03521202868577075,0.42868791699409486,0.5190787324905396,99fc6ef526bc821b82a48435c0a11457653382b1512fd893fda45260071da58a
E1,gaussian_noise,1,partial_channel,0.01,1.0,,13,5,0.12000000000000233,0.18907670401189244,-0.20000000000000018,0.2500000000000058,2000.0,0.0,2000,2000,0.03867924528301887,0.0090732943687129,0.02830188679245283,0.05188679245283019,0.007741935483870968,0.002459346884189823,0.004838709677419355,0.01129032258064516,212.0,0.0,212,212,1240.0,0.0,1240,1240,0.02702520123720169,0.008401834707436074,0.01387128609418869,0.03558128875494003,99fc6ef526bc821b82a48435c0a11457653382b1512fd893fda45260071da58a
E1,gaussian_noise,1,partial_channel,0.05,1.0,,13,5,0.6699999999999995,0.39937451095431653,0.30000000000000027,1.200000000000001,2000.0,0.0,2000,2000,0.12452830188679245,0.019043989847345608,0.09433962264150944,0.14150943396226415,0.017258064516129032,0.003449878973581845,0.01129032258064516,0.020161290322580645,212.0,0.0,212,212,1240.0,0.0,1240,1240,0.1337751101255417,0.025705318804504183,0.11913751554489135,0.17921658897399903,99fc6ef526bc821b82a48435c0a11457653382b1512fd893fda45260071da58a
E1,gaussian_noise,1,partial_channel,0.1,1.0,,13,5,1.5500000000000003,0.3391164991562633,1.100000000000001,1.9000000000000017,2000.0,0.0,2000,2000,0.2037735849056604,0.013089091439161902,0.18396226415094338,0.2169811320754717,0.020161290322580648,0.0028512370209134988,0.016129032258064516,0.02338709677419355,212.0,0.0,212,212,1240.0,0.0,1240,1240,0.2402866595387459,0.03254798833488731,0.19490570551156997,0.2742855226397514,99fc6ef526bc821b82a48435c0a11457653382b1512fd893fda45260071da58a
E1,gaussian_noise,1,partial_channel,0.2,1.0,,13,5,2.449999999999999,0.4987484335814991,1.9000000000000017,3.2499999999999973,2000.0,0.0,2000,2000,0.2952830188679245,0.019619466361401338,0.2641509433962264,0.3160377358490566,0.025,0.003991731829278897,0.018548387096774192,0.028225806451612902,212.0,0.0,212,212,1240.0,0.0,1240,1240,0.45041987785100934,0.033134196724154935,0.4060373360514641,0.4942365410923958,99fc6ef526bc821b82a48435c0a11457653382b1512fd893fda45260071da58a
E1,gaussian_noise,1,partial_channel,0.01,1.0,,14,5,0.09000000000000341,0.21621748310439787,-0.10000000000000009,0.45000000000000595,2000.0,0.0,2000,2000,0.036792452830188685,0.017459203323888443,0.018867924528301886,0.06132075471698113,0.006774193548387097,0.001672293657526429,0.004838709677419355,0.008870967741935484,212.0,0.0,212,212,1240.0,0.0,1240,1240,0.025939935326576236,0.008440283656654295,0.014746015310287476,0.034206143021583556,99fc6ef526bc821b82a48435c0a11457653382b1512fd893fda45260071da58a
E1,gaussian_noise,1,partial_channel,0.05,1.0,,14,5,0.8799999999999987,0.4452527372178634,0.30000000000000027,1.3499999999999956,2000.0,0.0,2000,2000,0.12830188679245283,0.02222494148941461,0.09433962264150944,0.14622641509433962,0.013870967741935487,0.0027584889316914626,0.010483870967741936,0.017741935483870968,212.0,0.0,212,212,1240.0,0.0,1240,1240,0.1256193351149559,0.022565535410971296,0.10375254482030868,0.16089596170186996,99fc6ef526bc821b82a48435c0a11457653382b1512fd893fda45260071da58a
E1,gaussian_noise,1,partial_channel,0.1,1.0,,14,5,1.5100000000000002,0.39433488306260794,0.9000000000000008,1.9000000000000017,2000.0,0.0,2000,2000,0.1867924528301887,0.017202436347934412,0.16037735849056603,0.20754716981132076,0.01596774193548387,0.0026379721344832467,0.012096774193548387,0.01935483870967742,212.0,0.0,212,212,1240.0,0.0,1240,1240,0.23022015447616578,0.03327223687523435,0.17173295426368712,0.25086532956361773,99fc6ef526bc821b82a48435c0a11457653382b1512fd893fda45260071da58a
E1,gaussian_noise,1,partial_channel,0.2,1.0,,14,5,2.54,0.4546977017755879,2.0000000000000018,3.1000000000000028,2000.0,0.0,2000,2000,0.2915094339622642,0.023679057354737982,0.25471698113207547,0.3113207547169811,0.02274193548387097,0.003926019820850995,0.017741935483870968,0.02661290322580645,212.0,0.0,212,212,1240.0,0.0,1240,1240,0.43713913247585295,0.03232984330914352,0.38312944811582567,0.4668339095711708,99fc6ef526bc821b82a48435c0a11457653382b1512fd893fda45260071da58a
E1,gaussian_noise,1,partial_channel,0.01,1.0,,15,5,0.01000000000000334,0.14747881203752847,-0.20000000000000018,0.15000000000000568,2000.0,0.0,2000,2000,0.027358490566037737,0.005167193938727982,0.018867924528301886,0.0330188679245283,0.005806451612903226,0.002087448242829804,0.004032258064516129,0.008064516129032258,212.0,0.0,212,212,1240.0,0.0,1240,1240,0.024082063436508178,0.00723052716069704,0.016508969724178313,0.0327840034365654,99fc6ef526bc821b82a48435c0a11457653382b1512fd893fda45260071da58a
E1,gaussian_noise,1,partial_channel,0.05,1.0,,15,5,0.6999999999999984,0.2915475947422615,0.35000000000000586,1.0499999999999954,2000.0,0.0,2000,2000,0.11037735849056604,0.010859306069076733,0.09433962264150944,0.12264150943396226,0.011129032258064516,0.0024460888529198553,0.008064516129032258,0.014516129032258065,212.0,0.0,212,212,1240.0,0.0,1240,1240,0.1221915570139885,0.015789242292795554,0.099224056661129,0.13788748317956925,99fc6ef526bc821b82a48435c0a11457653382b1512fd893fda45260071da58a
E1,gaussian_noise,1,partial_channel,0.1,1.0,,15,5,1.489999999999998,0.31503968004046806,1.1499999999999955,1.849999999999996,2000.0,0.0,2000,2000,0.18584905660377357,0.018450572844913166,0.1650943396226415,0.20754716981132076,0.012903225806451613,0.002056056255480961,0.010483870967741936,0.016129032258064516,212.0,0.0,212,212,1240.0,0.0,1240,1240,0.22930803080797196,0.004971572016866338,0.22327661955356598,0.23672274446487426,99fc6ef526bc821b82a48435c0a11457653382b1512fd893fda45260071da58a
E1,gaussian_noise,1,partial_channel,0.2,1.0,,15,5,2.670000000000001,0.3898717737923568,2.200000000000002,3.2499999999999973,2000.0,0.0,2000,2000,0.30377358490566037,0.012300381896608767,0.2830188679245283,0.3113207547169811,0.017741935483870968,0.0037393622965708486,0.012903225806451613,0.02338709677419355,212.0,0.0,212,212,1240.0,0.0,1240,1240,0.44253721947669983,0.004323905404300036,0.4358237199783325,0.44677540999650955,99fc6ef526bc821b82a48435c0a11457653382b1512fd893fda45260071da58a
E1,gaussian_noise,1,none,0.01,1.0,,0,1,0.0,,0.0,0.0,2000.0,,2000,2000,0.0,,0.0,0.0,0.0,,0.0,0.0,212.0,,212,212,1240.0,,1240,1240,0.0,,0.0,0.0,99fc6ef526bc821b82a48435c0a11457653382b1512fd893fda45260071da58a
E1,gaussian_noise,1,none,0.01,1.0,,1,1,0.0,,0.0,0.0,2000.0,,2000,2000,0.0,,0.0,0.0,0.0,,0.0,0.0,212.0,,212,212,1240.0,,1240,1240,0.0,,0.0,0.0,99fc6ef526bc821b82a48435c0a11457653382b1512fd893fda45260071da58a
E1,gaussian_noise,1,none,0.01,1.0,,2,1,0.0,,0.0,0.0,2000.0,,2000,2000,0.0,,0.0,0.0,0.0,,0.0,0.0,212.0,,212,212,1240.0,,1240,1240,0.0,,0.0,0.0,99fc6ef526bc821b82a48435c0a11457653382b1512fd893fda45260071da58a
E1,gaussian_noise,1,none,0.01,1.0,,3,1,0.0,,0.0,0.0,2000.0,,2000,2000,0.0,,0.0,0.0,0.0,,0.0,0.0,212.0,,212,212,1240.0,,1240,1240,0.0,,0.0,0.0,99fc6ef526bc821b82a48435c0a11457653382b1512fd893fda45260071da58a
E1,gaussian_noise,1,none,0.01,1.0,,4,1,0.0,,0.0,0.0,2000.0,,2000,2000,0.0,,0.0,0.0,0.0,,0.0,0.0,212.0,,212,212,1240.0,,1240,1240,0.0,,0.0,0.0,99fc6ef526bc821b82a48435c0a11457653382b1512fd893fda45260071da58a
E1,gaussian_noise,1,none,0.01,1.0,,5,1,0.0,,0.0,0.0,2000.0,,2000,2000,0.0,,0.0,0.0,0.0,,0.0,0.0,212.0,,212,212,1240.0,,1240,1240,0.0,,0.0,0.0,99fc6ef526bc821b82a48435c0a11457653382b1512fd893fda45260071da58a
E1,gaussian_noise,1,none,0.01,1.0,,6,1,0.0,,0.0,0.0,2000.0,,2000,2000,0.0,,0.0,0.0,0.0,,0.0,0.0,212.0,,212,212,1240.0,,1240,1240,0.0,,0.0,0.0,99fc6ef526bc821b82a48435c0a11457653382b1512fd893fda45260071da58a
E1,gaussian_noise,1,none,0.01,1.0,,7,1,0.0,,0.0,0.0,2000.0,,2000,2000,0.0,,0.0,0.0,0.0,,0.0,0.0,212.0,,212,212,1240.0,,1240,1240,0.0,,0.0,0.0,99fc6ef526bc821b82a48435c0a11457653382b1512fd893fda45260071da58a
E1,gaussian_noise,1,none,0.01,1.0,,8,1,0.0,,0.0,0.0,2000.0,,2000,2000,0.0,,0.0,0.0,0.0,,0.0,0.0,212.0,,212,212,1240.0,,1240,1240,0.0,,0.0,0.0,99fc6ef526bc821b82a48435c0a11457653382b1512fd893fda45260071da58a
E1,gaussian_noise,1,none,0.01,1.0,,9,1,0.0,,0.0,0.0,2000.0,,2000,2000,0.0,,0.0,0.0,0.0,,0.0,0.0,212.0,,212,212,1240.0,,1240,1240,0.0,,0.0,0.0,99fc6ef526bc821b82a48435c0a11457653382b1512fd893fda45260071da58a
E1,gaussian_noise,1,none,0.01,1.0,,10,1,0.0,,0.0,0.0,2000.0,,2000,2000,0.0,,0.0,0.0,0.0,,0.0,0.0,212.0,,212,212,1240.0,,1240,1240,0.0,,0.0,0.0,99fc6ef526bc821b82a48435c0a11457653382b1512fd893fda45260071da58a
E1,gaussian_noise,1,none,0.01,1.0,,11,1,0.0,,0.0,0.0,2000.0,,2000,2000,0.0,,0.0,0.0,0.0,,0.0,0.0,212.0,,212,212,1240.0,,1240,1240,0.0,,0.0,0.0,99fc6ef526bc821b82a48435c0a11457653382b1512fd893fda45260071da58a
E1,gaussian_noise,1,none,0.01,1.0,,12,1,0.0,,0.0,0.0,2000.0,,2000,2000,0.0,,0.0,0.0,0.0,,0.0,0.0,212.0,,212,212,1240.0,,1240,1240,0.0,,0.0,0.0,99fc6ef526bc821b82a48435c0a11457653382b1512fd893fda45260071da58a
E1,gaussian_noise,1,none,0.01,1.0,,13,1,0.0,,0.0,0.0,2000.0,,2000,2000,0.0,,0.0,0.0,0.0,,0.0,0.0,212.0,,212,212,1240.0,,1240,1240,0.0,,0.0,0.0,99fc6ef526bc821b82a48435c0a11457653382b1512fd893fda45260071da58a
E1,gaussian_noise,1,none,0.01,1.0,,14,1,0.0,,0.0,0.0,2000.0,,2000,2000,0.0,,0.0,0.0,0.0,,0.0,0.0,212.0,,212,212,1240.0,,1240,1240,0.0,,0.0,0.0,99fc6ef526bc821b82a48435c0a11457653382b1512fd893fda45260071da58a
E1,gaussian_noise,1,none,0.01,1.0,,15,1,0.0,,0.0,0.0,2000.0,,2000,2000,0.0,,0.0,0.0,0.0,,0.0,0.0,212.0,,212,212,1240.0,,1240,1240,0.0,,0.0,0.0,99fc6ef526bc821b82a48435c0a11457653382b1512fd893fda45260071da58a
E1,gaussian_noise,1,clean_to_clean,0.01,1.0,,0,1,7.550000000000001,,7.550000000000001,7.550000000000001,2000.0,,2000,2000,1.0,,1.0,1.0,0.049193548387096775,,0.049193548387096775,0.049193548387096775,212.0,,212,212,1240.0,,1240,1240,1.5396602067351342,,1.5396602067351342,1.5396602067351342,99fc6ef526bc821b82a48435c0a11457653382b1512fd893fda45260071da58a
E1,gaussian_noise,1,clean_to_clean,0.01,1.0,,1,1,7.550000000000001,,7.550000000000001,7.550000000000001,2000.0,,2000,2000,1.0,,1.0,1.0,0.049193548387096775,,0.049193548387096775,0.049193548387096775,212.0,,212,212,1240.0,,1240,1240,1.5396602067351342,,1.5396602067351342,1.5396602067351342,99fc6ef526bc821b82a48435c0a11457653382b1512fd893fda45260071da58a
E1,gaussian_noise,1,clean_to_clean,0.01,1.0,,2,1,7.550000000000001,,7.550000000000001,7.550000000000001,2000.0,,2000,2000,1.0,,1.0,1.0,0.049193548387096775,,0.049193548387096775,0.049193548387096775,212.0,,212,212,1240.0,,1240,1240,1.5396602067351342,,1.5396602067351342,1.5396602067351342,99fc6ef526bc821b82a48435c0a11457653382b1512fd893fda45260071da58a
E1,gaussian_noise,1,clean_to_clean,0.01,1.0,,3,1,7.550000000000001,,7.550000000000001,7.550000000000001,2000.0,,2000,2000,1.0,,1.0,1.0,0.049193548387096775,,0.049193548387096775,0.049193548387096775,212.0,,212,212,1240.0,,1240,1240,1.5396602067351342,,1.5396602067351342,1.5396602067351342,99fc6ef526bc821b82a48435c0a11457653382b1512fd893fda45260071da58a
E1,gaussian_noise,1,clean_to_clean,0.01,1.0,,4,1,7.550000000000001,,7.550000000000001,7.550000000000001,2000.0,,2000,2000,1.0,,1.0,1.0,0.049193548387096775,,0.049193548387096775,0.049193548387096775,212.0,,212,212,1240.0,,1240,1240,1.5396602067351342,,1.5396602067351342,1.5396602067351342,99fc6ef526bc821b82a48435c0a11457653382b1512fd893fda45260071da58a
E1,gaussian_noise,1,clean_to_clean,0.01,1.0,,5,1,7.550000000000001,,7.550000000000001,7.550000000000001,2000.0,,2000,2000,1.0,,1.0,1.0,0.049193548387096775,,0.049193548387096775,0.049193548387096775,212.0,,212,212,1240.0,,1240,1240,1.5396602067351342,,1.5396602067351342,1.5396602067351342,99fc6ef526bc821b82a48435c0a11457653382b1512fd893fda45260071da58a
E1,gaussian_noise,1,clean_to_clean,0.01,1.0,,6,1,7.550000000000001,,7.550000000000001,7.550000000000001,2000.0,,2000,2000,1.0,,1.0,1.0,0.049193548387096775,,0.049193548387096775,0.049193548387096775,212.0,,212,212,1240.0,,1240,1240,1.5396602067351342,,1.5396602067351342,1.5396602067351342,99fc6ef526bc821b82a48435c0a11457653382b1512fd893fda45260071da58a
E1,gaussian_noise,1,clean_to_clean,0.01,1.0,,7,1,7.550000000000001,,7.550000000000001,7.550000000000001,2000.0,,2000,2000,1.0,,1.0,1.0,0.049193548387096775,,0.049193548387096775,0.049193548387096775,212.0,,212,212,1240.0,,1240,1240,1.5396602067351342,,1.5396602067351342,1.5396602067351342,99fc6ef526bc821b82a48435c0a11457653382b1512fd893fda45260071da58a
E1,gaussian_noise,1,clean_to_clean,0.01,1.0,,8,1,7.550000000000001,,7.550000000000001,7.550000000000001,2000.0,,2000,2000,1.0,,1.0,1.0,0.049193548387096775,,0.049193548387096775,0.049193548387096775,212.0,,212,212,1240.0,,1240,1240,1.5396602067351342,,1.5396602067351342,1.5396602067351342,99fc6ef526bc821b82a48435c0a11457653382b1512fd893fda45260071da58a
E1,gaussian_noise,1,clean_to_clean,0.01,1.0,,9,1,7.550000000000001,,7.550000000000001,7.550000000000001,2000.0,,2000,2000,1.0,,1.0,1.0,0.049193548387096775,,0.049193548387096775,0.049193548387096775,212.0,,212,212,1240.0,,1240,1240,1.5396602067351342,,1.5396602067351342,1.5396602067351342,99fc6ef526bc821b82a48435c0a11457653382b1512fd893fda45260071da58a
E1,gaussian_noise,1,clean_to_clean,0.01,1.0,,10,1,7.550000000000001,,7.550000000000001,7.550000000000001,2000.0,,2000,2000,1.0,,1.0,1.0,0.049193548387096775,,0.049193548387096775,0.049193548387096775,212.0,,212,212,1240.0,,1240,1240,1.5396602067351342,,1.5396602067351342,1.5396602067351342,99fc6ef526bc821b82a48435c0a11457653382b1512fd893fda45260071da58a
E1,gaussian_noise,1,clean_to_clean,0.01,1.0,,11,1,7.550000000000001,,7.550000000000001,7.550000000000001,2000.0,,2000,2000,1.0,,1.0,1.0,0.049193548387096775,,0.049193548387096775,0.049193548387096775,212.0,,212,212,1240.0,,1240,1240,1.5396602067351342,,1.5396602067351342,1.5396602067351342,99fc6ef526bc821b82a48435c0a11457653382b1512fd893fda45260071da58a
E1,gaussian_noise,1,clean_to_clean,0.01,1.0,,12,1,7.550000000000001,,7.550000000000001,7.550000000000001,2000.0,,2000,2000,1.0,,1.0,1.0,0.049193548387096775,,0.049193548387096775,0.049193548387096775,212.0,,212,212,1240.0,,1240,1240,1.5396602067351342,,1.5396602067351342,1.5396602067351342,99fc6ef526bc821b82a48435c0a11457653382b1512fd893fda45260071da58a
E1,gaussian_noise,1,clean_to_clean,0.01,1.0,,13,1,7.550000000000001,,7.550000000000001,7.550000000000001,2000.0,,2000,2000,1.0,,1.0,1.0,0.049193548387096775,,0.049193548387096775,0.049193548387096775,212.0,,212,212,1240.0,,1240,1240,1.5396602067351342,,1.5396602067351342,1.5396602067351342,99fc6ef526bc821b82a48435c0a11457653382b1512fd893fda45260071da58a
E1,gaussian_noise,1,clean_to_clean,0.01,1.0,,14,1,7.550000000000001,,7.550000000000001,7.550000000000001,2000.0,,2000,2000,1.0,,1.0,1.0,0.049193548387096775,,0.049193548387096775,0.049193548387096775,212.0,,212,212,1240.0,,1240,1240,1.5396602067351342,,1.5396602067351342,1.5396602067351342,99fc6ef526bc821b82a48435c0a11457653382b1512fd893fda45260071da58a
E1,gaussian_noise,1,clean_to_clean,0.01,1.0,,15,1,7.550000000000001,,7.550000000000001,7.550000000000001,2000.0,,2000,2000,1.0,,1.0,1.0,0.049193548387096775,,0.049193548387096775,0.049193548387096775,212.0,,212,212,1240.0,,1240,1240,1.5396602067351342,,1.5396602067351342,1.5396602067351342,99fc6ef526bc821b82a48435c0a11457653382b1512fd893fda45260071da58a
E1,gaussian_noise,1,full_state,0.01,1.0,,0,1,7.550000000000001,,7.550000000000001,7.550000000000001,2000.0,,2000,2000,1.0,,1.0,1.0,0.049193548387096775,,0.049193548387096775,0.049193548387096775,212.0,,212,212,1240.0,,1240,1240,1.5396602067351342,,1.5396602067351342,1.5396602067351342,99fc6ef526bc821b82a48435c0a11457653382b1512fd893fda45260071da58a
E1,gaussian_noise,1,full_state,0.01,1.0,,1,1,7.550000000000001,,7.550000000000001,7.550000000000001,2000.0,,2000,2000,1.0,,1.0,1.0,0.049193548387096775,,0.049193548387096775,0.049193548387096775,212.0,,212,212,1240.0,,1240,1240,1.5396602067351342,,1.5396602067351342,1.5396602067351342,99fc6ef526bc821b82a48435c0a11457653382b1512fd893fda45260071da58a
E1,gaussian_noise,1,full_state,0.01,1.0,,2,1,7.550000000000001,,7.550000000000001,7.550000000000001,2000.0,,2000,2000,1.0,,1.0,1.0,0.049193548387096775,,0.049193548387096775,0.049193548387096775,212.0,,212,212,1240.0,,1240,1240,1.5396602067351342,,1.5396602067351342,1.5396602067351342,99fc6ef526bc821b82a48435c0a11457653382b1512fd893fda45260071da58a
E1,gaussian_noise,1,full_state,0.01,1.0,,3,1,7.550000000000001,,7.550000000000001,7.550000000000001,2000.0,,2000,2000,1.0,,1.0,1.0,0.049193548387096775,,0.049193548387096775,0.049193548387096775,212.0,,212,212,1240.0,,1240,1240,1.5396602067351342,,1.5396602067351342,1.5396602067351342,99fc6ef526bc821b82a48435c0a11457653382b1512fd893fda45260071da58a
E1,gaussian_noise,1,full_state,0.01,1.0,,4,1,7.550000000000001,,7.550000000000001,7.550000000000001,2000.0,,2000,2000,1.0,,1.0,1.0,0.049193548387096775,,0.049193548387096775,0.049193548387096775,212.0,,212,212,1240.0,,1240,1240,1.5396602067351342,,1.5396602067351342,1.5396602067351342,99fc6ef526bc821b82a48435c0a11457653382b1512fd893fda45260071da58a
E1,gaussian_noise,1,full_state,0.01,1.0,,5,1,7.550000000000001,,7.550000000000001,7.550000000000001,2000.0,,2000,2000,1.0,,1.0,1.0,0.049193548387096775,,0.049193548387096775,0.049193548387096775,212.0,,212,212,1240.0,,1240,1240,1.5396602067351342,,1.5396602067351342,1.5396602067351342,99fc6ef526bc821b82a48435c0a11457653382b1512fd893fda45260071da58a
E1,gaussian_noise,1,full_state,0.01,1.0,,6,1,7.550000000000001,,7.550000000000001,7.550000000000001,2000.0,,2000,2000,1.0,,1.0,1.0,0.049193548387096775,,0.049193548387096775,0.049193548387096775,212.0,,212,212,1240.0,,1240,1240,1.5396602067351342,,1.5396602067351342,1.5396602067351342,99fc6ef526bc821b82a48435c0a11457653382b1512fd893fda45260071da58a
E1,gaussian_noise,1,full_state,0.01,1.0,,7,1,7.550000000000001,,7.550000000000001,7.550000000000001,2000.0,,2000,2000,1.0,,1.0,1.0,0.049193548387096775,,0.049193548387096775,0.049193548387096775,212.0,,212,212,1240.0,,1240,1240,1.5396602067351342,,1.5396602067351342,1.5396602067351342,99fc6ef526bc821b82a48435c0a11457653382b1512fd893fda45260071da58a
E1,gaussian_noise,1,full_state,0.01,1.0,,8,1,7.550000000000001,,7.550000000000001,7.550000000000001,2000.0,,2000,2000,1.0,,1.0,1.0,0.049193548387096775,,0.049193548387096775,0.049193548387096775,212.0,,212,212,1240.0,,1240,1240,1.5396602067351342,,1.5396602067351342,1.5396602067351342,99fc6ef526bc821b82a48435c0a11457653382b1512fd893fda45260071da58a
E1,gaussian_noise,1,full_state,0.01,1.0,,9,1,7.550000000000001,,7.550000000000001,7.550000000000001,2000.0,,2000,2000,1.0,,1.0,1.0,0.049193548387096775,,0.049193548387096775,0.049193548387096775,212.0,,212,212,1240.0,,1240,1240,1.5396602067351342,,1.5396602067351342,1.5396602067351342,99fc6ef526bc821b82a48435c0a11457653382b1512fd893fda45260071da58a
E1,gaussian_noise,1,full_state,0.01,1.0,,10,1,7.550000000000001,,7.550000000000001,7.550000000000001,2000.0,,2000,2000,1.0,,1.0,1.0,0.049193548387096775,,0.049193548387096775,0.049193548387096775,212.0,,212,212,1240.0,,1240,1240,1.5396602067351342,,1.5396602067351342,1.5396602067351342,99fc6ef526bc821b82a48435c0a11457653382b1512fd893fda45260071da58a
E1,gaussian_noise,1,full_state,0.01,1.0,,11,1,7.550000000000001,,7.550000000000001,7.550000000000001,2000.0,,2000,2000,1.0,,1.0,1.0,0.049193548387096775,,0.049193548387096775,0.049193548387096775,212.0,,212,212,1240.0,,1240,1240,1.5396602067351342,,1.5396602067351342,1.5396602067351342,99fc6ef526bc821b82a48435c0a11457653382b1512fd893fda45260071da58a
E1,gaussian_noise,1,full_state,0.01,1.0,,12,1,7.550000000000001,,7.550000000000001,7.550000000000001,2000.0,,2000,2000,1.0,,1.0,1.0,0.049193548387096775,,0.049193548387096775,0.049193548387096775,212.0,,212,212,1240.0,,1240,1240,1.5396602067351342,,1.5396602067351342,1.5396602067351342,99fc6ef526bc821b82a48435c0a11457653382b1512fd893fda45260071da58a
E1,gaussian_noise,1,full_state,0.01,1.0,,13,1,7.550000000000001,,7.550000000000001,7.550000000000001,2000.0,,2000,2000,1.0,,1.0,1.0,0.049193548387096775,,0.049193548387096775,0.049193548387096775,212.0,,212,212,1240.0,,1240,1240,1.5396602067351342,,1.5396602067351342,1.5396602067351342,99fc6ef526bc821b82a48435c0a11457653382b1512fd893fda45260071da58a
E1,gaussian_noise,1,full_state,0.01,1.0,,14,1,7.550000000000001,,7.550000000000001,7.550000000000001,2000.0,,2000,2000,1.0,,1.0,1.0,0.049193548387096775,,0.049193548387096775,0.049193548387096775,212.0,,212,212,1240.0,,1240,1240,1.5396602067351342,,1.5396602067351342,1.5396602067351342,99fc6ef526bc821b82a48435c0a11457653382b1512fd893fda45260071da58a
E1,gaussian_noise,1,full_state,0.01,1.0,,15,1,7.550000000000001,,7.550000000000001,7.550000000000001,2000.0,,2000,2000,1.0,,1.0,1.0,0.049193548387096775,,0.049193548387096775,0.049193548387096775,212.0,,212,212,1240.0,,1240,1240,1.5396602067351342,,1.5396602067351342,1.5396602067351342,99fc6ef526bc821b82a48435c0a11457653382b1512fd893fda45260071da58a
E1,gaussian_noise,1,random_direction,0.01,1.0,,0,1,-0.14999999999999458,,-0.14999999999999458,-0.14999999999999458,2000.0,,2000,2000,0.009433962264150943,,0.009433962264150943,0.009433962264150943,0.004838709677419355,,0.004838709677419355,0.004838709677419355,212.0,,212,212,1240.0,,1240,1240,-0.01149183201789856,,-0.01149183201789856,-0.01149183201789856,99fc6ef526bc821b82a48435c0a11457653382b1512fd893fda45260071da58a
E1,gaussian_noise,1,random_direction,0.01,1.0,,1,1,-0.34999999999999476,,-0.34999999999999476,-0.34999999999999476,2000.0,,2000,2000,0.0047169811320754715,,0.0047169811320754715,0.0047169811320754715,0.007258064516129033,,0.007258064516129033,0.007258064516129033,212.0,,212,212,1240.0,,1240,1240,-0.009705785810947418,,-0.009705785810947418,-0.009705785810947418,99fc6ef526bc821b82a48435c0a11457653382b1512fd893fda45260071da58a
E1,gaussian_noise,1,random_direction,0.01,1.0,,2,1,-0.34999999999999476,,-0.34999999999999476,-0.34999999999999476,2000.0,,2000,2000,0.009433962264150943,,0.009433962264150943,0.009433962264150943,0.008064516129032258,,0.008064516129032258,0.008064516129032258,212.0,,212,212,1240.0,,1240,1240,-0.0024474748969078065,,-0.0024474748969078065,-0.0024474748969078065,99fc6ef526bc821b82a48435c0a11457653382b1512fd893fda45260071da58a
E1,gaussian_noise,1,random_direction,0.01,1.0,,3,1,-0.10000000000000009,,-0.10000000000000009,-0.10000000000000009,2000.0,,2000,2000,0.014150943396226415,,0.014150943396226415,0.014150943396226415,0.0064516129032258064,,0.0064516129032258064,0.0064516129032258064,212.0,,212,212,1240.0,,1240,1240,-0.008947773694992065,,-0.008947773694992065,-0.008947773694992065,99fc6ef526bc821b82a48435c0a11457653382b1512fd893fda45260071da58a
E1,gaussian_noise,1,random_direction,0.01,1.0,,4,1,-0.20000000000000018,,-0.20000000000000018,-0.20000000000000018,2000.0,,2000,2000,0.014150943396226415,,0.014150943396226415,0.014150943396226415,0.008064516129032258,,0.008064516129032258,0.008064516129032258,212.0,,212,212,1240.0,,1240,1240,-0.013389621019363404,,-0.013389621019363404,-0.013389621019363404,99fc6ef526bc821b82a48435c0a11457653382b1512fd893fda45260071da58a
E1,gaussian_noise,1,random_direction,0.01,1.0,,5,1,-0.10000000000000009,,-0.10000000000000009,-0.10000000000000009,2000.0,,2000,2000,0.018867924528301886,,0.018867924528301886,0.018867924528301886,0.007258064516129033,,0.007258064516129033,0.007258064516129033,212.0,,212,212,1240.0,,1240,1240,-0.013941658496856689,,-0.013941658496856689,-0.013941658496856689,99fc6ef526bc821b82a48435c0a11457653382b1512fd893fda45260071da58a
E1,gaussian_noise,1,random_direction,0.01,1.0,,6,1,-0.34999999999999476,,-0.34999999999999476,-0.34999999999999476,2000.0,,2000,2000,0.009433962264150943,,0.009433962264150943,0.009433962264150943,0.008870967741935484,,0.008870967741935484,0.008870967741935484,212.0,,212,212,1240.0,,1240,1240,-0.01039273899793625,,-0.01039273899793625,-0.01039273899793625,99fc6ef526bc821b82a48435c0a11457653382b1512fd893fda45260071da58a
E1,gaussian_noise,1,random_direction,0.01,1.0,,7,1,0.050000000000005596,,0.050000000000005596,0.050000000000005596,2000.0,,2000,2000,0.014150943396226415,,0.014150943396226415,0.014150943396226415,0.004032258064516129,,0.004032258064516129,0.004032258064516129,212.0,,212,212,1240.0,,1240,1240,-0.001979103922843933,,-0.001979103922843933,-0.001979103922843933,99fc6ef526bc821b82a48435c0a11457653382b1512fd893fda45260071da58a
E1,gaussian_noise,1,random_direction,0.01,1.0,,8,1,0.0,,0.0,0.0,2000.0,,2000,2000,0.018867924528301886,,0.018867924528301886,0.018867924528301886,0.00564516129032258,,0.00564516129032258,0.00564516129032258,212.0,,212,212,1240.0,,1240,1240,-0.007256485402584076,,-0.007256485402584076,-0.007256485402584076,99fc6ef526bc821b82a48435c0a11457653382b1512fd893fda45260071da58a
E1,gaussian_noise,1,random_direction,0.01,1.0,,9,1,0.050000000000005596,,0.050000000000005596,0.050000000000005596,2000.0,,2000,2000,0.014150943396226415,,0.014150943396226415,0.014150943396226415,0.0032258064516129032,,0.0032258064516129032,0.0032258064516129032,212.0,,212,212,1240.0,,1240,1240,-0.004353780090808868,,-0.004353780090808868,-0.004353780090808868,99fc6ef526bc821b82a48435c0a11457653382b1512fd893fda45260071da58a
E1,gaussian_noise,1,random_direction,0.01,1.0,,10,1,-0.10000000000000009,,-0.10000000000000009,-0.10000000000000009,2000.0,,2000,2000,0.009433962264150943,,0.009433962264150943,0.009433962264150943,0.00564516129032258,,0.00564516129032258,0.00564516129032258,212.0,,212,212,1240.0,,1240,1240,-0.0010417688488960266,,-0.0010417688488960266,-0.0010417688488960266,99fc6ef526bc821b82a48435c0a11457653382b1512fd893fda45260071da58a
E1,gaussian_noise,1,random_direction,0.01,1.0,,11,1,-0.10000000000000009,,-0.10000000000000009,-0.10000000000000009,2000.0,,2000,2000,0.014150943396226415,,0.014150943396226415,0.014150943396226415,0.00564516129032258,,0.00564516129032258,0.00564516129032258,212.0,,212,212,1240.0,,1240,1240,0.0012739479541778564,,0.0012739479541778564,0.0012739479541778564,99fc6ef526bc821b82a48435c0a11457653382b1512fd893fda45260071da58a
E1,gaussian_noise,1,random_direction,0.01,1.0,,12,1,0.0,,0.0,0.0,2000.0,,2000,2000,0.014150943396226415,,0.014150943396226415,0.014150943396226415,0.004838709677419355,,0.004838709677419355,0.004838709677419355,212.0,,212,212,1240.0,,1240,1240,0.003682509958744049,,0.003682509958744049,0.003682509958744049,99fc6ef526bc821b82a48435c0a11457653382b1512fd893fda45260071da58a
E1,gaussian_noise,1,random_direction,0.01,1.0,,13,1,-0.20000000000000018,,-0.20000000000000018,-0.20000000000000018,2000.0,,2000,2000,0.018867924528301886,,0.018867924528301886,0.018867924528301886,0.008064516129032258,,0.008064516129032258,0.008064516129032258,212.0,,212,212,1240.0,,1240,1240,-0.0001354866623878479,,-0.0001354866623878479,-0.0001354866623878479,99fc6ef526bc821b82a48435c0a11457653382b1512fd893fda45260071da58a
E1,gaussian_noise,1,random_direction,0.01,1.0,,14,1,-0.34999999999999476,,-0.34999999999999476,-0.34999999999999476,2000.0,,2000,2000,0.0047169811320754715,,0.0047169811320754715,0.0047169811320754715,0.0064516129032258064,,0.0064516129032258064,0.0064516129032258064,212.0,,212,212,1240.0,,1240,1240,-0.0006483418941497802,,-0.0006483418941497802,-0.0006483418941497802,99fc6ef526bc821b82a48435c0a11457653382b1512fd893fda45260071da58a
E1,gaussian_noise,1,random_direction,0.01,1.0,,15,1,-0.34999999999999476,,-0.34999999999999476,-0.34999999999999476,2000.0,,2000,2000,0.0047169811320754715,,0.0047169811320754715,0.0047169811320754715,0.0064516129032258064,,0.0064516129032258064,0.0064516129032258064,212.0,,212,212,1240.0,,1240,1240,0.0004098969101905823,,0.0004098969101905823,0.0004098969101905823,99fc6ef526bc821b82a48435c0a11457653382b1512fd893fda45260071da58a
E1,gaussian_noise,1,shuffled_donor,0.01,1.0,,0,1,-0.44999999999999485,,-0.44999999999999485,-0.44999999999999485,2000.0,,2000,2000,0.07547169811320754,,0.07547169811320754,0.07547169811320754,0.025,,0.025,0.025,212.0,,212,212,1240.0,,1240,1240,-0.12057224243879318,,-0.12057224243879318,-0.12057224243879318,99fc6ef526bc821b82a48435c0a11457653382b1512fd893fda45260071da58a
E1,gaussian_noise,1,shuffled_donor,0.01,1.0,,1,1,-0.7499999999999951,,-0.7499999999999951,-0.7499999999999951,2000.0,,2000,2000,0.05188679245283019,,0.05188679245283019,0.05188679245283019,0.025806451612903226,,0.025806451612903226,0.025806451612903226,212.0,,212,212,1240.0,,1240,1240,-0.08627367335557938,,-0.08627367335557938,-0.08627367335557938,99fc6ef526bc821b82a48435c0a11457653382b1512fd893fda45260071da58a
E1,gaussian_noise,1,shuffled_donor,0.01,1.0,,2,1,-0.7000000000000006,,-0.7000000000000006,-0.7000000000000006,2000.0,,2000,2000,0.04716981132075472,,0.04716981132075472,0.04716981132075472,0.024193548387096774,,0.024193548387096774,0.024193548387096774,212.0,,212,212,1240.0,,1240,1240,-0.06981597983837128,,-0.06981597983837128,-0.06981597983837128,99fc6ef526bc821b82a48435c0a11457653382b1512fd893fda45260071da58a
E1,gaussian_noise,1,shuffled_donor,0.01,1.0,,3,1,-0.10000000000000009,,-0.10000000000000009,-0.10000000000000009,2000.0,,2000,2000,0.08018867924528301,,0.08018867924528301,0.08018867924528301,0.024193548387096774,,0.024193548387096774,0.024193548387096774,212.0,,212,212,1240.0,,1240,1240,-0.06552165967226029,,-0.06552165967226029,-0.06552165967226029,99fc6ef526bc821b82a48435c0a11457653382b1512fd893fda45260071da58a
E1,gaussian_noise,1,shuffled_donor,0.01,1.0,,4,1,-0.24999999999999467,,-0.24999999999999467,-0.24999999999999467,2000.0,,2000,2000,0.07075471698113207,,0.07075471698113207,0.07075471698113207,0.02258064516129032,,0.02258064516129032,0.02258064516129032,212.0,,212,212,1240.0,,1240,1240,-0.05542749226093292,,-0.05542749226093292,-0.05542749226093292,99fc6ef526bc821b82a48435c0a11457653382b1512fd893fda45260071da58a
E1,gaussian_noise,1,shuffled_donor,0.01,1.0,,5,1,-0.30000000000000027,,-0.30000000000000027,-0.30000000000000027,2000.0,,2000,2000,0.07075471698113207,,0.07075471698113207,0.07075471698113207,0.02258064516129032,,0.02258064516129032,0.02258064516129032,212.0,,212,212,1240.0,,1240,1240,-0.05099557226896286,,-0.05099557226896286,-0.05099557226896286,99fc6ef526bc821b82a48435c0a11457653382b1512fd893fda45260071da58a
E1,gaussian_noise,1,shuffled_donor,0.01,1.0,,6,1,-0.30000000000000027,,-0.30000000000000027,-0.30000000000000027,2000.0,,2000,2000,0.0660377358490566,,0.0660377358490566,0.0660377358490566,0.02338709677419355,,0.02338709677419355,0.02338709677419355,212.0,,212,212,1240.0,,1240,1240,-0.045095926582813264,,-0.045095926582813264,-0.045095926582813264,99fc6ef526bc821b82a48435c0a11457653382b1512fd893fda45260071da58a
E1,gaussian_noise,1,shuffled_donor,0.01,1.0,,7,1,-0.10000000000000009,,-0.10000000000000009,-0.10000000000000009,2000.0,,2000,2000,0.07075471698113207,,0.07075471698113207,0.07075471698113207,0.021774193548387097,,0.021774193548387097,0.021774193548387097,212.0,,212,212,1240.0,,1240,1240,-0.041509273767471315,,-0.041509273767471315,-0.041509273767471315,99fc6ef526bc821b82a48435c0a11457653382b1512fd893fda45260071da58a
E1,gaussian_noise,1,shuffled_donor,0.01,1.0,,8,1,0.40000000000000036,,0.40000000000000036,0.40000000000000036,2000.0,,2000,2000,0.10377358490566038,,0.10377358490566038,0.10377358490566038,0.018548387096774192,,0.018548387096774192,0.018548387096774192,212.0,,212,212,1240.0,,1240,1240,-0.025777459144592285,,-0.025777459144592285,-0.025777459144592285,99fc6ef526bc821b82a48435c0a11457653382b1512fd893fda45260071da58a
E1,gaussian_noise,1,shuffled_donor,0.01,1.0,,9,1,0.0,,0.0,0.0,2000.0,,2000,2000,0.07547169811320754,,0.07547169811320754,0.07547169811320754,0.018548387096774192,,0.018548387096774192,0.018548387096774192,212.0,,212,212,1240.0,,1240,1240,-0.03399967688322067,,-0.03399967688322067,-0.03399967688322067,99fc6ef526bc821b82a48435c0a11457653382b1512fd893fda45260071da58a
E1,gaussian_noise,1,shuffled_donor,0.01,1.0,,10,1,0.0,,0.0,0.0,2000.0,,2000,2000,0.08490566037735849,,0.08490566037735849,0.08490566037735849,0.020967741935483872,,0.020967741935483872,0.020967741935483872,212.0,,212,212,1240.0,,1240,1240,-0.02645348048210144,,-0.02645348048210144,-0.02645348048210144,99fc6ef526bc821b82a48435c0a11457653382b1512fd893fda45260071da58a
E1,gaussian_noise,1,shuffled_donor,0.01,1.0,,11,1,-0.20000000000000018,,-0.20000000000000018,-0.20000000000000018,2000.0,,2000,2000,0.08490566037735849,,0.08490566037735849,0.08490566037735849,0.024193548387096774,,0.024193548387096774,0.024193548387096774,212.0,,212,212,1240.0,,1240,1240,-0.027574456870555878,,-0.027574456870555878,-0.027574456870555878,99fc6ef526bc821b82a48435c0a11457653382b1512fd893fda45260071da58a
E1,gaussian_noise,1,shuffled_donor,0.01,1.0,,12,1,-0.14999999999999458,,-0.14999999999999458,-0.14999999999999458,2000.0,,2000,2000,0.07075471698113207,,0.07075471698113207,0.07075471698113207,0.021774193548387097,,0.021774193548387097,0.021774193548387097,212.0,,212,212,1240.0,,1240,1240,-0.04134505021572113,,-0.04134505021572113,-0.04134505021572113,99fc6ef526bc821b82a48435c0a11457653382b1512fd893fda45260071da58a
E1,gaussian_noise,1,shuffled_donor,0.01,1.0,,13,1,-0.04999999999999449,,-0.04999999999999449,-0.04999999999999449,2000.0,,2000,2000,0.07075471698113207,,0.07075471698113207,0.07075471698113207,0.01935483870967742,,0.01935483870967742,0.01935483870967742,212.0,,212,212,1240.0,,1240,1240,-0.04358060067892074,,-0.04358060067892074,-0.04358060067892074,99fc6ef526bc821b82a48435c0a11457653382b1512fd893fda45260071da58a
E1,gaussian_noise,1,shuffled_donor,0.01,1.0,,14,1,0.10000000000000009,,0.10000000000000009,0.10000000000000009,2000.0,,2000,2000,0.04245283018867924,,0.04245283018867924,0.04245283018867924,0.012096774193548387,,0.012096774193548387,0.012096774193548387,212.0,,212,212,1240.0,,1240,1240,-0.046363404750823976,,-0.046363404750823976,-0.046363404750823976,99fc6ef526bc821b82a48435c0a11457653382b1512fd893fda45260071da58a
E1,gaussian_noise,1,shuffled_donor,0.01,1.0,,15,1,0.050000000000005596,,0.050000000000005596,0.050000000000005596,2000.0,,2000,2000,0.02358490566037736,,0.02358490566037736,0.02358490566037736,0.008064516129032258,,0.008064516129032258,0.008064516129032258,212.0,,212,212,1240.0,,1240,1240,-0.043055694937705995,,-0.043055694937705995,-0.043055694937705995,99fc6ef526bc821b82a48435c0a11457653382b1512fd893fda45260071da58a
E1,gaussian_noise,3,partial_channel,0.01,1.0,,0,5,0.41999999999999815,0.3701351104664328,-0.10000000000000009,0.7999999999999952,2000.0,0.0,2000,2000,0.04615384615384615,0.023942114611516793,0.025,0.08653846153846154,0.025026968716289105,0.01613441628111694,0.011866235167206042,0.05177993527508091,520.0,0.0,520,520,927.0,0.0,927,927,0.05308834227323531,0.04811923010485232,-0.009851686894893645,0.10740882951021194,99fc6ef526bc821b82a48435c0a11457653382b1512fd893fda45260071da58a
E1,gaussian_noise,3,partial_channel,0.05,1.0,,0,5,0.29999999999999694,1.1034038245356943,-1.6500000000000015,0.9499999999999953,2000.0,0.0,2000,2000,0.09115384615384615,0.029088723694136977,0.057692307692307696,0.12692307692307692,0.05674217907227617,0.0447817137808324,0.018338727076591153,0.13052858683926646,520.0,0.0,520,520,927.0,0.0,927,927,0.08234370863437653,0.20436716205571312,-0.2791702470779419,0.21277608984708787,99fc6ef526bc821b82a48435c0a11457653382b1512fd893fda45260071da58a
E1,gaussian_noise,3,partial_channel,0.1,1.0,,0,5,0.289999999999997,1.9311266141814725,-2.8500000000000023,2.399999999999997,2000.0,0.0,2000,2000,0.13499999999999998,0.04924353800756968,0.09807692307692308,0.20961538461538462,0.08435814455231931,0.05270655960164823,0.045307443365695796,0.17367853290183388,520.0,0.0,520,520,927.0,0.0,927,927,0.08662172834873198,0.34988017346940664,-0.5166391983628273,0.39482395827770234,99fc6ef526bc821b82a48435c0a11457653382b1512fd893fda45260071da58a
E1,gaussian_noise,3,partial_channel,0.2,1.0,,0,5,0.9999999999999952,2.931723042853809,-3.8000000000000034,3.8999999999999924,2000.0,0.0,2000,2000,0.22615384615384615,0.05620848237698879,0.16538461538461538,0.3173076923076923,0.13052858683926644,0.04146522350330651,0.09169363538295577,0.19741100323624594,520.0,0.0,520,520,927.0,0.0,927,927,0.09322303977012636,0.4279876051026095,-0.6084194192290306,0.49974658018350604,99fc6ef526bc821b82a48435c0a11457653382b1512fd893fda45260071da58a
E1,gaussian_noise,3,partial_channel,0.01,1.0,,1,5,0.16999999999999904,0.448051336344396,-0.5500000000000005,0.649999999999995,2000.0,0.0,2000,2000,0.028076923076923076,0.009672904876891764,0.013461538461538462,0.038461538461538464,0.017691477885652642,0.00520712767471291,0.011866235167206042,0.023732470334412083,520.0,0.0,520,520,927.0,0.0,927,927,0.023564001190662383,0.03826664024394816,-0.014603096783161164,0.06332754057645798,99fc6ef526bc821b82a48435c0a11457653382b1512fd893fda45260071da58a
E1,gaussian_noise,3,partial_channel,0.05,1.0,,1,5,0.359999999999997,0.8706319543871545,-0.6500000000000006,1.3499999999999956,2000.0,0.0,2000,2000,0.08538461538461539,0.0231409368561405,0.06923076923076923,0.12307692307692308,0.05221143473570659,0.035750387842178384,0.014023732470334413,0.09924487594390508,520.0,0.0,520,520,927.0,0.0,927,927,0.10710433818101883,0.07714767732543681,0.004125741004943848,0.2139482445716858,99fc6ef526bc821b82a48435c0a11457653382b1512fd893fda45260071da58a
E1,gaussian_noise,3,partial_channel,0.1,1.0,,1,5,0.6699999999999973,1.0479742363245368,-0.9000000000000008,1.5499999999999958,2000.0,0.0,2000,2000,0.13076923076923078,0.03983137534078457,0.09038461538461538,0.175,0.07270765911542611,0.04049691978444049,0.040992448759439054,0.13915857605177995,520.0,0.0,520,520,927.0,0.0,927,927,0.1398903243303299,0.1989009005482174,-0.15539900749921798,0.3458635057210922,99fc6ef526bc821b82a48435c0a11457653382b1512fd893fda45260071da58a
E1,gaussian_noise,3,partial_channel,0.2,1.0,,1,5,1.879999999999996,2.679692146497428,-2.7000000000000024,3.699999999999992,2000.0,0.0,2000,2000,0.2330769230769231,0.04827650879853626,0.175,0.3057692307692308,0.11542610571736785,0.041254203184407645,0.07766990291262135,0.18015102481121897,520.0,0.0,520,520,927.0,0.0,927,927,0.25539162880182265,0.4124302895432267,-0.4629144691824913,0.5592636191248894,99fc6ef526bc821b82a48435c0a11457653382b1512fd893fda45260071da58a
E1,gaussian_noise,3,partial_channel,0.01,1.0,,2,5,0.29999999999999916,0.2915475947422631,-0.050000000000000044,0.7499999999999951,2000.0,0.0,2000,2000,0.027692307692307693,0.0037487670556957554,0.023076923076923078,0.032692307692307694,0.01574973031283711,0.0032000856470747203,0.012944983818770227,0.020496224379719527,520.0,0.0,520,520,927.0,0.0,927,927,0.03408653395175934,0.033383173490764265,-0.010614702105522155,0.07877849662303925,99fc6ef526bc821b82a48435c0a11457653382b1512fd893fda45260071da58a
E1,gaussian_noise,3,partial_channel,0.05,1.0,,2,5,0.9099999999999964,0.42632147494584266,0.3500000000000003,1.4999999999999958,2000.0,0.0,2000,2000,0.09615384615384616,0.025693056184398825,0.07307692307692308,0.13076923076923078,0.04681769147788565,0.021202282654258553,0.021574973031283712,0.07335490830636461,520.0,0.0,520,520,927.0,0.0,927,927,0.1507663113832474,0.0651521330673289,0.10484668862819671,0.26346347415447235,99fc6ef526bc821b82a48435c0a11457653382b1512fd893fda45260071da58a
E1,gaussian_noise,3,partial_channel,0.1,1.0,,2,5,1.2099999999999966,0.7436396977031267,0.0,1.8999999999999961,2000.0,0.0,2000,2000,0.1419230769230769,0.03611597853202158,0.10384615384615385,0.18076923076923077,0.06925566343042071,0.032830133911417175,0.04746494066882417,0.12297734627831715,520.0,0.0,520,520,927.0,0.0,927,927,0.21508123099803922,0.10885934636514295,0.055762784540653226,0.3090611720085144,99fc6ef526bc821b82a48435c0a11457653382b1512fd893fda45260071da58a
E1,gaussian_noise,3,partial_channel,0.2,1.0,,2,5,2.9499999999999966,2.6483485420163255,-1.5000000000000013,5.049999999999999,2000.0,0.0,2000,2000,0.25384615384615383,0.048555312203663846,0.18653846153846154,0.3230769230769231,0.10399137001078748,0.03632356718518441,0.06256742179072276,0.15857605177993528,520.0,0.0,520,520,927.0,0.0,927,927,0.4400335630893707,0.38541806443435045,-0.22852358359098435,0.7019995060563088,99fc6ef526bc821b82a48435c0a11457653382b1512fd893fda45260071da58a
E1,gaussian_noise,3,partial_channel,0.01,1.0,,3,5,-0.20000000000000018,0.7228416147400487,-1.250000000000001,0.40000000000000036,2000.0,0.0,2000,2000,0.03076923076923077,0.009805806756909202,0.021153846153846155,0.04423076923076923,0.02804746494066882,0.011001120849175374,0.019417475728155338,0.045307443365695796,520.0,0.0,520,520,927.0,0.0,927,927,0.01566806539297104,0.07955073831497633,-0.10911502397060394,0.08084615552425385,99fc6ef526bc821b82a48435c0a11457653382b1512fd893fda45260071da58a
E1,gaussian_noise,3,partial_channel,0.05,1.0,,3,5,1.0299999999999965,2.478810198462155,-1.5000000000000013,4.299999999999993,2000.0,0.0,2000,2000,0.1307692307692308,0.061838212272359715,0.06923076923076923,0.23461538461538461,0.06364617044228695,0.02710859088053735,0.032362459546925564,0.10248112189859762,520.0,0.0,520,520,927.0,0.0,927,927,0.15295034518241882,0.31387054431680084,-0.15871670693159104,0.5974432491660118,99fc6ef526bc821b82a48435c0a11457653382b1512fd893fda45260071da58a
E1,gaussian_noise,3,partial_channel,0.1,1.0,,3,5,3.259999999999997,3.0468016016800314,-0.7500000000000007,7.650000000000001,2000.0,0.0,2000,2000,0.21153846153846154,0.09560419824408074,0.09423076923076923,0.3576923076923077,0.06860841423948219,0.01775188990785261,0.045307443365695796,0.08845738942826321,520.0,0.0,520,520,927.0,0.0,927,927,0.4536919639825821,0.4491479438320682,-0.1532731230854988,1.0575264111757279,99fc6ef526bc821b82a48435c0a11457653382b1512fd893fda45260071da58a
E1,gaussian_noise,3,partial_channel,0.2,1.0,,3,5,5.8299999999999965,3.1186134739656333,1.699999999999996,9.949999999999992,2000.0,0.0,2000,2000,0.3207692307692308,0.0711460494688889,0.2326923076923077,0.4,0.07896440129449837,0.026723807054768137,0.045307443365695796,0.11974110032362459,520.0,0.0,520,520,927.0,0.0,927,927,0.8801806810259819,0.44272427700205497,0.258945019364357,1.3170769662857056,99fc6ef526bc821b82a48435c0a11457653382b1512fd893fda45260071da58a
E1,gaussian_noise,3,partial_channel,0.01,1.0,,4,5,-0.050000000000000044,0.3500000000000003,-0.5000000000000004,0.3500000000000003,2000.0,0.0,2000,2000,0.031153846153846153,0.006290548936075433,0.021153846153846155,0.03653846153846154,0.02394822006472492,0.005139645846632837,0.018338727076591153,0.02912621359223301,520.0,0.0,520,520,927.0,0.0,927,927,0.0269071901679039,0.03353153382488267,-0.015378109812736511,0.058743353843688964,99fc6ef526bc821b82a48435c0a11457653382b1512fd893fda45260071da58a
E1,gaussian_noise,3,partial_channel,0.05,1.0,,4,5,0.9699999999999976,1.7155902774264011,-1.5000000000000013,3.049999999999997,2000.0,0.0,2000,2000,0.11961538461538461,0.042599518012663505,0.09423076923076923,0.19423076923076923,0.0586839266450917,0.023947248199372786,0.03344120819848975,0.09600862998921252,520.0,0.0,520,520,927.0,0.0,927,927,0.1345537632584572,0.24805969765800726,-0.20239798885583876,0.46443694454431533,99fc6ef526bc821b82a48435c0a11457653382b1512fd893fda45260071da58a
E1,gaussian_noise,3,partial_channel,0.1,1.0,,4,5,3.139999999999996,3.065819629397657,-1.050000000000001,6.699999999999995,2000.0,0.0,2000,2000,0.20884615384615385,0.07164074573665563,0.11538461538461539,0.3076923076923077,0.07141316073354909,0.030429509006756207,0.042071197411003236,0.10787486515641856,520.0,0.0,520,520,927.0,0.0,927,927,0.42014440064430236,0.43560043982022567,-0.16333124548196792,0.9478332378864288,99fc6ef526bc821b82a48435c0a11457653382b1512fd893fda45260071da58a
E1,gaussian_noise,3,partial_channel,0.2,1.0,,4,5,6.2399999999999975,2.9591806298365784,2.6999999999999966,10.199999999999998,2000.0,0.0,2000,2000,0.33461538461538465,0.057596073584122845,0.27115384615384613,0.41923076923076924,0.07831715210355987,0.027604164145090756,0.05070118662351672,0.11758360302049622,520.0,0.0,520,520,927.0,0.0,927,927,0.8915753352880478,0.43589171188100373,0.3043164759874344,1.4377938082814217,99fc6ef526bc821b82a48435c0a11457653382b1512fd893fda45260071da58a
E1,gaussian_noise,3,partial_channel,0.01,1.0,,5,5,0.18000000000000016,0.22527760652137638,-0.15000000000000013,0.40000000000000036,2000.0,0.0,2000,2000,0.031538461538461536,0.00866452332774524,0.023076923076923078,0.04038461538461539,0.019417475728155338,0.005657005653560689,0.012944983818770227,0.025889967637540454,520.0,0.0,520,520,927.0,0.0,927,927,0.030758932673931115,0.03218144224234635,0.002195634424686432,0.08528741002082825,99fc6ef526bc821b82a48435c0a11457653382b1512fd893fda45260071da58a
E1,gaussian_noise,3,partial_channel,0.05,1.0,,5,5,0.9399999999999975,1.567402309555526,-1.050000000000001,3.1999999999999975,2000.0,0.0,2000,2000,0.11653846153846152,0.043505763747921276,0.08076923076923077,0.19230769230769232,0.05717367853290184,0.0199349715346023,0.039913700107874865,0.09061488673139159,520.0,0.0,520,520,927.0,0.0,927,927,0.15957229006290435,0.23501653320395485,-0.12211593019962311,0.5146901259422302,99fc6ef526bc821b82a48435c0a11457653382b1512fd893fda45260071da58a
E1,gaussian_noise,3,partial_channel,0.1,1.0,,5,5,3.1599999999999975,2.6354316534488236,-0.3500000000000003,6.550000000000001,2000.0,0.0,2000,2000,0.20615384615384613,0.061874084775969854,0.12692307692307692,0.3,0.06839266450916937,0.025328779432447567,0.04638619201725998,0.0970873786407767,520.0,0.0,520,520,927.0,0.0,927,927,0.460740964949131,0.39509386141931957,-0.03723470461368561,0.9929924208521843,99fc6ef526bc821b82a48435c0a11457653382b1512fd893fda45260071da58a
E1,gaussian_noise,3,partial_channel,0.2,1.0,,5,5,6.339999999999999,2.3933240482642577,3.2499999999999973,8.850000000000001,2000.0,0.0,2000,2000,0.3311538461538462,0.05193019894175428,0.2673076923076923,0.37884615384615383,0.0727076591154261,0.019987439747532865,0.05285868392664509,0.10248112189859762,520.0,0.0,520,520,927.0,0.0,927,927,0.9403706555485725,0.35156459700469844,0.5171374317407608,1.3022631295919418,99fc6ef526bc821b82a48435c0a11457653382b1512fd893fda45260071da58a
E1,gaussian_noise,3,partial_channel,0.01,1.0,,6,5,-0.1200000000000001,0.21095023109729005,-0.3500000000000003,0.050000000000000044,2000.0,0.0,2000,2000,0.02846153846153846,0.007497534111391512,0.023076923076923078,0.038461538461538464,0.023516720604099244,0.005139645846632835,0.015102481121898598,0.028047464940668825,520.0,0.0,520,520,927.0,0.0,927,927,0.028730634605884552,0.04002355172583372,-0.012452655971050263,0.09562636572122574,99fc6ef526bc821b82a48435c0a11457653382b1512fd893fda45260071da58a
E1,gaussian_noise,3,partial_channel,0.05,1.0,,6,5,1.4599999999999969,1.5725775020646804,0.0,3.8999999999999924,2000.0,0.0,2000,2000,0.12153846153846153,0.04565839845102351,0.08076923076923077,0.2,0.0494066882416397,0.013907074321021205,0.034519956850053934,0.07119741100323625,520.0,0.0,520,520,927.0,0.0,927,927,0.18210336270332336,0.2095860796853873,-0.05794450849294663,0.5037795820236206,99fc6ef526bc821b82a48435c0a11457653382b1512fd893fda45260071da58a
E1,gaussian_noise,3,partial_channel,0.1,1.0,,6,5,3.999999999999998,1.9442222095223598,1.699999999999996,6.550000000000001,2000.0,0.0,2000,2000,0.21769230769230768,0.05279537925809338,0.14807692307692308,0.29615384615384616,0.05458468176914779,0.021434276948469975,0.03559870550161812,0.08737864077669903,520.0,0.0,520,520,927.0,0.0,927,927,0.5545598656535148,0.3010262236560532,0.22467103904485702,0.9862660366892815,99fc6ef526bc821b82a48435c0a11457653382b1512fd893fda45260071da58a
E1,gaussian_noise,3,partial_channel,0.2,1.0,,6,5,7.279999999999999,0.9769851585362003,5.949999999999999,8.150000000000002,2000.0,0.0,2000,2000,0.3484615384615385,0.024149742424539402,0.31346153846153846,0.36923076923076925,0.06256742179072276,0.008528256904445468,0.05177993527508091,0.07119741100323625,520.0,0.0,520,520,927.0,0.0,927,927,1.0602314565181732,0.21247685277022935,0.7614051804542542,1.2419647855758666,99fc6ef526bc821b82a48435c0a11457653382b1512fd893fda45260071da58a
E1,gaussian_noise,3,partial_channel,0.01,1.0,,7,5,0.3400000000000003,0.1341640786499875,0.20000000000000018,0.5000000000000004,2000.0,0.0,2000,2000,0.0476923076923077,0.011963331549996764,0.028846153846153848,0.06153846153846154,0.024379719525350597,0.004677342694429084,0.018338727076591153,0.02912621359223301,520.0,0.0,520,520,927.0,0.0,927,927,0.09629391574859618,0.020126987676735274,0.06505297124385834,0.12076820480823516,99fc6ef526bc821b82a48435c0a11457653382b1512fd893fda45260071da58a
E1,gaussian_noise,3,partial_channel,0.05,1.0,,7,5,1.789999999999996,0.5042320894191488,1.1999999999999955,2.5499999999999967,2000.0,0.0,2000,2000,0.11076923076923077,0.017286311580187865,0.09423076923076923,0.13653846153846153,0.0325782092772384,0.0029934060249215974,0.028047464940668825,0.03559870550161812,520.0,0.0,520,520,927.0,0.0,927,927,0.3415662375569344,0.0868452900697651,0.2473237687945366,0.4424424244165421,99fc6ef526bc821b82a48435c0a11457653382b1512fd893fda45260071da58a
E1,gaussian_noise,3,partial_channel,0.1,1.0,,7,5,4.619999999999997,0.6399218702310477,3.949999999999998,5.549999999999999,2000.0,0.0,2000,2000,0.22000000000000003,0.026071703584742048,0.19038461538461537,0.25961538461538464,0.0418554476806904,0.0026860624806879676,0.037756202804746494,0.04422869471413161,520.0,0.0,520,520,927.0,0.0,927,927,0.7253205969452858,0.10726758927744998,0.6198482726216317,0.8804666200876236,99fc6ef526bc821b82a48435c0a11457653382b1512fd893fda45260071da58a
E1,gaussian_noise,3,partial_channel,0.2,1.0,,7,5,8.239999999999998,1.0243290486948067,7.299999999999995,9.650000000000002,2000.0,0.0,2000,2000,0.3557692307692308,0.04202264112194645,0.3076923076923077,0.40192307692307694,0.0459546925566343,0.009267198099207997,0.034519956850053934,0.05825242718446602,520.0,0.0,520,520,927.0,0.0,927,927,1.3438530703663827,0.1524555461052117,1.1367192929387093,1.5137389857172967,99fc6ef526bc821b82a48435c0a11457653382b1512fd893fda45260071da58a
E1,gaussian_noise,3,partial_channel,0.01,1.0,,8,5,0.46999999999999814,0.24135036772294097,0.2500000000000002,0.8499999999999952,2000.0,0.0,2000,2000,0.04192307692307692,0.012268567621335831,0.032692307692307694,0.05961538461538462,0.018338727076591156,0.0032362459546925572,0.015102481121898598,0.023732470334412083,520.0,0.0,520,520,927.0,0.0,927,927,0.08132798435688018,0.01960976710466822,0.06713742399215698,0.11544778305292129,99fc6ef526bc821b82a48435c0a11457653382b1512fd893fda45260071da58a
E1,gaussian_noise,3,partial_channel,0.05,1.0,,8,5,2.1699999999999964,0.8356135470419332,1.4499999999999957,3.3499999999999974,2000.0,0.0,2000,2000,0.11500000000000002,0.02599356998323572,0.08653846153846154,0.14615384615384616,0.027831715210355983,0.004473881629628417,0.020496224379719527,0.032362459546925564,520.0,0.0,520,520,927.0,0.0,927,927,0.34783055883646014,0.07754513758790756,0.2644207163453102,0.44040603494644165,99fc6ef526bc821b82a48435c0a11457653382b1512fd893fda45260071da58a
E1,gaussian_noise,3,partial_channel,0.1,1.0,,8,5,4.609999999999994,0.7536577472566707,3.9999999999999925,5.699999999999994,2000.0,0.0,2000,2000,0.20961538461538462,0.026888714334826085,0.18076923076923077,0.25,0.03559870550161812,0.007589669514277394,0.02912621359223301,0.04854368932038835,520.0,0.0,520,520,927.0,0.0,927,927,0.7421646757841109,0.10424274806720239,0.5978537483215332,0.8565862398147583,99fc6ef526bc821b82a48435c0a11457653382b1512fd893fda45260071da58a
E1,gaussian_noise,3,partial_channel,0.2,1.0,,8,5,8.279999999999998,1.0592450141492298,7.499999999999996,10.099999999999998,2000.0,0.0,2000,2000,0.34807692307692306,0.03973841984571503,0.3076923076923077,0.4096153846153846,0.04034519956850054,0.008094209916851811,0.034519956850053934,0.05285868392664509,520.0,0.0,520,520,927.0,0.0,927,927,1.4296307333111762,0.1638586709692776,1.2746335379481315,1.6614736686944962,99fc6ef526bc821b82a48435c0a11457653382b1512fd893fda45260071da58a
E1,gaussian_noise,3,partial_channel,0.01,1.0,,9,5,0.30000000000000027,0.09354143466934861,0.20000000000000018,0.40000000000000036,2000.0,0.0,2000,2000,0.03807692307692308,0.008090647679985626,0.025,0.046153846153846156,0.019417475728155338,0.003658214661879865,0.015102481121898598,0.02481121898597627,520.0,0.0,520,520,927.0,0.0,927,927,0.07571894154548645,0.02353087525662091,0.04780370318889618,0.111645349919796,99fc6ef526bc821b82a48435c0a11457653382b1512fd893fda45260071da58a
E1,gaussian_noise,3,partial_channel,0.05,1.0,,9,5,1.9599999999999962,0.722322642591246,1.3499999999999956,2.949999999999997,2000.0,0.0,2000,2000,0.10576923076923077,0.01692963159774905,0.09038461538461538,0.125,0.02804746494066882,0.0038139524335843986,0.021574973031283712,0.03128371089536138,520.0,0.0,520,520,927.0,0.0,927,927,0.3192936722040176,0.07827499063329628,0.21950135868787765,0.41116951644420624,99fc6ef526bc821b82a48435c0a11457653382b1512fd893fda45260071da58a
E1,gaussian_noise,3,partial_channel,0.1,1.0,,9,5,4.449999999999997,0.6133922073192655,3.699999999999992,5.199999999999994,2000.0,0.0,2000,2000,0.20115384615384616,0.021180053695782096,0.16923076923076924,0.22115384615384615,0.03344120819848975,0.003889483576552307,0.028047464940668825,0.037756202804746494,520.0,0.0,520,520,927.0,0.0,927,927,0.7166810329079628,0.09431056095377262,0.5776810837388039,0.8113010749816895,99fc6ef526bc821b82a48435c0a11457653382b1512fd893fda45260071da58a
E1,gaussian_noise,3,partial_channel,0.2,1.0,,9,5,8.149999999999997,0.6304760106459243,7.599999999999996,9.199999999999998,2000.0,0.0,2000,2000,0.3419230769230769,0.023450501817721486,0.31153846153846154,0.3730769230769231,0.038619201725997844,0.0033597435819627697,0.03559870550161812,0.04422869471413161,520.0,0.0,520,520,927.0,0.0,927,927,1.4142666434288025,0.16991600273984125,1.2758713398575783,1.6357234622240067,99fc6ef526bc821b82a48435c0a11457653382b1512fd893fda45260071da58a
E1,gaussian_noise,3,partial_channel,0.01,1.0,,10,5,0.29000000000000026,0.1884144368141679,0.0,0.5000000000000004,2000.0,0.0,2000,2000,0.03576923076923077,0.006171848667646621,0.03076923076923077,0.046153846153846156,0.0192017259978425,0.001600042823537361,0.017259978425026967,0.021574973031283712,520.0,0.0,520,520,927.0,0.0,927,927,0.07432830963134765,0.03160137716305891,0.03434251946210861,0.11543376034498215,99fc6ef526bc821b82a48435c0a11457653382b1512fd893fda45260071da58a
E1,gaussian_noise,3,partial_channel,0.05,1.0,,10,5,1.769999999999996,0.6408978077665742,1.1999999999999955,2.649999999999997,2000.0,0.0,2000,2000,0.1030769230769231,0.018575370216989615,0.08653846153846154,0.12692307692307692,0.03085221143473571,0.0018050917508825792,0.02912621359223301,0.03344120819848975,520.0,0.0,520,520,927.0,0.0,927,927,0.3184127386331558,0.07562849952596913,0.22154327774047852,0.4067027702331543,99fc6ef526bc821b82a48435c0a11457653382b1512fd893fda45260071da58a
E1,gaussian_noise,3,partial_channel,0.1,1.0,,10,5,4.249999999999997,0.5645794895318113,3.599999999999998,5.149999999999999,2000.0,0.0,2000,2000,0.1976923076923077,0.01422297083623123,0.18269230769230768,0.21923076923076923,0.038403451995685,0.002483465897135134,0.034519956850053934,0.040992448759439054,520.0,0.0,520,520,927.0,0.0,927,927,0.7049646313071251,0.09919833745308222,0.5630992819070816,0.8285019966959953,99fc6ef526bc821b82a48435c0a11457653382b1512fd893fda45260071da58a
E1,gaussian_noise,3,partial_channel,0.2,1.0,,10,5,8.16,0.33615472627943277,7.950000000000001,8.750000000000002,2000.0,0.0,2000,2000,0.3380769230769231,0.015288159164886,0.3153846153846154,0.3576923076923077,0.03991370010787486,0.005116954142667282,0.034519956850053934,0.04638619201725998,520.0,0.0,520,520,927.0,0.0,927,927,1.3935472643256188,0.17874360188069827,1.2214144542217256,1.6093384242653848,99fc6ef526bc821b82a48435c0a11457653382b1512fd893fda45260071da58a
E1,gaussian_noise,3,partial_channel,0.01,1.0,,11,5,0.3299999999999992,0.29706901555025683,0.10000000000000009,0.8499999999999952,2000.0,0.0,2000,2000,0.035,0.00831605704247679,0.028846153846153848,0.04807692307692308,0.018338727076591153,0.0017056513808890944,0.016181229773462782,0.020496224379719527,520.0,0.0,520,520,927.0,0.0,927,927,0.0724524177312851,0.02647571981857689,0.0454934828877449,0.11081885862350464,99fc6ef526bc821b82a48435c0a11457653382b1512fd893fda45260071da58a
E1,gaussian_noise,3,partial_channel,0.05,1.0,,11,5,1.6499999999999957,0.5396758286230731,1.1499999999999955,2.4499999999999966,2000.0,0.0,2000,2000,0.09576923076923076,0.014092362277354815,0.07692307692307693,0.11153846153846154,0.02934196332254585,0.0030890660330693317,0.02481121898597627,0.03344120819848975,520.0,0.0,520,520,927.0,0.0,927,927,0.3074215448975563,0.06510725722586447,0.21127930307388307,0.3700395323038101,99fc6ef526bc821b82a48435c0a11457653382b1512fd893fda45260071da58a
E1,gaussian_noise,3,partial_channel,0.1,1.0,,11,5,4.409999999999994,0.48270073544588643,3.7999999999999923,4.899999999999993,2000.0,0.0,2000,2000,0.19115384615384617,0.0082266344754644,0.17884615384615385,0.20192307692307693,0.0325782092772384,0.004473881629628417,0.02696871628910464,0.038834951456310676,520.0,0.0,520,520,927.0,0.0,927,927,0.6928026627302171,0.0710368259997211,0.5993610209822655,0.7965014320611954,99fc6ef526bc821b82a48435c0a11457653382b1512fd893fda45260071da58a
E1,gaussian_noise,3,partial_channel,0.2,1.0,,11,5,8.079999999999998,0.5964478183378685,7.299999999999995,8.850000000000001,2000.0,0.0,2000,2000,0.32461538461538464,0.015881402170817377,0.3019230769230769,0.34423076923076923,0.03322545846817691,0.005574114641969284,0.025889967637540454,0.040992448759439054,520.0,0.0,520,520,927.0,0.0,927,927,1.3773802845478058,0.14006299452321133,1.2486693412661551,1.5419698959589005,99fc6ef526bc821b82a48435c0a11457653382b1512fd893fda45260071da58a
E1,gaussian_noise,3,partial_channel,0.01,1.0,,12,5,0.3100000000000003,0.1557241150239745,0.050000000000000044,0.4500000000000004,2000.0,0.0,2000,2000,0.033461538461538466,0.004631382530304729,0.026923076923076925,0.038461538461538464,0.01639697950377562,0.0026860624806879685,0.014023732470334413,0.020496224379719527,520.0,0.0,520,520,927.0,0.0,927,927,0.06921011694669724,0.015520219502213717,0.04851469886302948,0.08935419881343841,99fc6ef526bc821b82a48435c0a11457653382b1512fd893fda45260071da58a
E1,gaussian_noise,3,partial_channel,0.05,1.0,,12,5,1.5499999999999958,0.5667892024377322,0.8999999999999952,2.1499999999999964,2000.0,0.0,2000,2000,0.08615384615384615,0.013281766653716926,0.06538461538461539,0.09807692307692308,0.026105717367853287,0.004341879567960755,0.021574973031283712,0.032362459546925564,520.0,0.0,520,520,927.0,0.0,927,927,0.2856163942575455,0.0521835288027323,0.20967948549985885,0.3434678927659988,99fc6ef526bc821b82a48435c0a11457653382b1512fd893fda45260071da58a
E1,gaussian_noise,3,partial_channel,0.1,1.0,,12,5,4.289999999999996,0.5042320894191503,3.749999999999998,4.949999999999999,2000.0,0.0,2000,2000,0.18153846153846157,0.007998705516571317,0.17307692307692307,0.19423076923076923,0.026968716289104643,0.004639873391069377,0.020496224379719527,0.032362459546925564,520.0,0.0,520,520,927.0,0.0,927,927,0.6485821364760399,0.033428688123829445,0.6005817340016365,0.6872492056488991,99fc6ef526bc821b82a48435c0a11457653382b1512fd893fda45260071da58a
E1,gaussian_noise,3,partial_channel,0.2,1.0,,12,5,7.789999999999997,0.5458937625582488,6.899999999999995,8.250000000000002,2000.0,0.0,2000,2000,0.3111538461538461,0.023450501817721486,0.27307692307692305,0.3326923076923077,0.03128371089536138,0.002412155315533752,0.028047464940668825,0.034519956850053934,520.0,0.0,520,520,927.0,0.0,927,927,1.3107622107625008,0.11020680511990597,1.1935457607507707,1.4378160238862037,99fc6ef526bc821b82a48435c0a11457653382b1512fd893fda45260071da58a
E1,gaussian_noise,3,partial_channel,0.01,1.0,,13,5,0.3899999999999981,0.31304951684996896,-0.15000000000000013,0.649999999999995,2000.0,0.0,2000,2000,0.03076923076923077,0.005606684514274328,0.021153846153846155,0.03461538461538462,0.012944983818770225,0.003577804520340237,0.008629989212513484,0.018338727076591153,520.0,0.0,520,520,927.0,0.0,927,927,0.07200192263126373,0.00544893716957739,0.06710149496793746,0.07872970420122147,99fc6ef526bc821b82a48435c0a11457653382b1512fd893fda45260071da58a
E1,gaussian_noise,3,partial_channel,0.05,1.0,,13,5,2.0699999999999967,0.4994997497496875,1.4999999999999958,2.749999999999997,2000.0,0.0,2000,2000,0.10538461538461538,0.01689683279729907,0.09230769230769231,0.1346153846153846,0.02783171521035599,0.0068820444046328285,0.018338727076591153,0.03559870550161812,520.0,0.0,520,520,927.0,0.0,927,927,0.3649618589878082,0.054152340984231946,0.3082003845572472,0.4215927787423134,99fc6ef526bc821b82a48435c0a11457653382b1512fd893fda45260071da58a
E1,gaussian_noise,3,partial_channel,0.1,1.0,,13,5,3.989999999999996,0.7805446816166268,2.899999999999997,4.749999999999998,2000.0,0.0,2000,2000,0.17807692307692308,0.029841791909647426,0.14807692307692308,0.2153846153846154,0.03495145631067962,0.00547936358110045,0.028047464940668825,0.042071197411003236,520.0,0.0,520,520,927.0,0.0,927,927,0.6651955981731414,0.05257404700804949,0.6071560717225075,0.7394865998029709,99fc6ef526bc821b82a48435c0a11457653382b1512fd893fda45260071da58a
E1,gaussian_noise,3,partial_channel,0.2,1.0,,13,5,7.790000000000001,0.544747647998594,6.950000000000001,8.450000000000003,2000.0,0.0,2000,2000,0.31461538461538463,0.02265642534618944,0.27884615384615385,0.3326923076923077,0.037540453074433655,0.003992827513122277,0.032362459546925564,0.042071197411003236,520.0,0.0,520,520,927.0,0.0,927,927,1.2792732835769653,0.054796533919605775,1.1942416669726372,1.346796546816826,99fc6ef526bc821b82a48435c0a11457653382b1512fd893fda45260071da58a
E1,gaussian_noise,3,partial_channel,0.01,1.0,,14,5,0.47999999999999937,0.057008771254955244,0.40000000000000036,0.5499999999999949,2000.0,0.0,2000,2000,0.027692307692307693,0.005195867725425499,0.021153846153846155,0.032692307692307694,0.009492988133764832,0.0024599254047446345,0.006472491909385114,0.012944983818770227,520.0,0.0,520,520,927.0,0.0,927,927,0.07117941566705704,0.00851460486104964,0.05883083665370941,0.07948333007097244,99fc6ef526bc821b82a48435c0a11457653382b1512fd893fda45260071da58a
E1,gaussian_noise,3,partial_channel,0.05,1.0,,14,5,1.8799999999999961,0.47249338619709846,1.2999999999999956,2.599999999999997,2000.0,0.0,2000,2000,0.0976923076923077,0.020233474519327135,0.06923076923076923,0.11730769230769231,0.02718446601941748,0.007292532375903158,0.021574973031283712,0.036677454153182305,520.0,0.0,520,520,927.0,0.0,927,927,0.33869758152961726,0.03840546926485773,0.3045119087100029,0.39712308371067045,99fc6ef526bc821b82a48435c0a11457653382b1512fd893fda45260071da58a
E1,gaussian_noise,3,partial_channel,0.1,1.0,,14,5,3.7499999999999973,0.3446012188022557,3.1999999999999975,4.149999999999999,2000.0,0.0,2000,2000,0.16692307692307692,0.021646364331161863,0.13076923076923078,0.18461538461538463,0.0284789644012945,0.005262701582589197,0.022653721682847898,0.034519956850053934,520.0,0.0,520,520,927.0,0.0,927,927,0.6255429978489876,0.04311501629774438,0.5707965192794799,0.6881678252220154,99fc6ef526bc821b82a48435c0a11457653382b1512fd893fda45260071da58a
E1,gaussian_noise,3,partial_channel,0.2,1.0,,14,5,7.489999999999999,0.6721235005562617,6.950000000000001,8.550000000000002,2000.0,0.0,2000,2000,0.3046153846153846,0.02457478623189215,0.27115384615384613,0.3384615384615385,0.03732470334412082,0.007098461219573722,0.02696871628910464,0.045307443365695796,520.0,0.0,520,520,927.0,0.0,927,927,1.2228040081381797,0.04256571477435134,1.1851451763510703,1.2907172689437867,99fc6ef526bc821b82a48435c0a11457653382b1512fd893fda45260071da58a
E1,gaussian_noise,3,partial_channel,0.01,1.0,,15,5,0.5099999999999971,0.15572411502397165,0.30000000000000027,0.649999999999995,2000.0,0.0,2000,2000,0.024615384615384615,0.005672262001443318,0.01730769230769231,0.032692307692307694,0.0064724919093851144,0.0020181539302987815,0.003236245954692557,0.008629989212513484,520.0,0.0,520,520,927.0,0.0,927,927,0.06440309742689133,0.009922010617654079,0.05382443380355835,0.07954005807638169,99fc6ef526bc821b82a48435c0a11457653382b1512fd893fda45260071da58a
E1,gaussian_noise,3,partial_channel,0.05,1.0,,15,5,2.0499999999999963,0.40000000000000047,1.4999999999999958,2.599999999999997,2000.0,0.0,2000,2000,0.09692307692307693,0.014039778652649219,0.075,0.11153846153846154,0.017691477885652642,0.003289741247459959,0.014023732470334413,0.021574973031283712,520.0,0.0,520,520,927.0,0.0,927,927,0.32816550918817516,0.03915439265725602,0.2833094720840454,0.37321688359975813,99fc6ef526bc821b82a48435c0a11457653382b1512fd893fda45260071da58a
E1,gaussian_noise,3,partial_channel,0.1,1.0,,15,5,4.369999999999996,0.4424364361125776,3.849999999999998,4.849999999999999,2000.0,0.0,2000,2000,0.1769230769230769,0.01829451691388505,0.15,0.19615384615384615,0.017691477885652642,0.0028130323215545413,0.014023732470334413,0.021574973031283712,520.0,0.0,520,520,927.0,0.0,927,927,0.6335536792159081,0.03597083673648977,0.6008716476559639,0.684449601650238,99fc6ef526bc821b82a48435c0a11457653382b1512fd893fda45260071da58a
E1,gaussian_noise,3,partial_channel,0.2,1.0,,15,5,8.95,0.2573907535246755,8.599999999999996,9.299999999999997,2000.0,0.0,2000,2000,0.3396153846153846,0.01013955871266466,0.3269230769230769,0.35,0.0209277238403452,0.005262701582589199,0.014023732470334413,0.028047464940668825,520.0,0.0,520,520,927.0,0.0,927,927,1.2130950234293938,0.05386899463967925,1.1490234324932098,1.275185313284397,99fc6ef526bc821b82a48435c0a11457653382b1512fd893fda45260071da58a
E1,gaussian_noise,3,none,0.01,1.0,,0,1,0.0,,0.0,0.0,2000.0,,2000,2000,0.0,,0.0,0.0,0.0,,0.0,0.0,520.0,,520,520,927.0,,927,927,0.0,,0.0,0.0,99fc6ef526bc821b82a48435c0a11457653382b1512fd893fda45260071da58a
E1,gaussian_noise,3,none,0.01,1.0,,1,1,0.0,,0.0,0.0,2000.0,,2000,2000,0.0,,0.0,0.0,0.0,,0.0,0.0,520.0,,520,520,927.0,,927,927,0.0,,0.0,0.0,99fc6ef526bc821b82a48435c0a11457653382b1512fd893fda45260071da58a
E1,gaussian_noise,3,none,0.01,1.0,,2,1,0.0,,0.0,0.0,2000.0,,2000,2000,0.0,,0.0,0.0,0.0,,0.0,0.0,520.0,,520,520,927.0,,927,927,0.0,,0.0,0.0,99fc6ef526bc821b82a48435c0a11457653382b1512fd893fda45260071da58a
E1,gaussian_noise,3,none,0.01,1.0,,3,1,0.0,,0.0,0.0,2000.0,,2000,2000,0.0,,0.0,0.0,0.0,,0.0,0.0,520.0,,520,520,927.0,,927,927,0.0,,0.0,0.0,99fc6ef526bc821b82a48435c0a11457653382b1512fd893fda45260071da58a
E1,gaussian_noise,3,none,0.01,1.0,,4,1,0.0,,0.0,0.0,2000.0,,2000,2000,0.0,,0.0,0.0,0.0,,0.0,0.0,520.0,,520,520,927.0,,927,927,0.0,,0.0,0.0,99fc6ef526bc821b82a48435c0a11457653382b1512fd893fda45260071da58a
E1,gaussian_noise,3,none,0.01,1.0,,5,1,0.0,,0.0,0.0,2000.0,,2000,2000,0.0,,0.0,0.0,0.0,,0.0,0.0,520.0,,520,520,927.0,,927,927,0.0,,0.0,0.0,99fc6ef526bc821b82a48435c0a11457653382b1512fd893fda45260071da58a
E1,gaussian_noise,3,none,0.01,1.0,,6,1,0.0,,0.0,0.0,2000.0,,2000,2000,0.0,,0.0,0.0,0.0,,0.0,0.0,520.0,,520,520,927.0,,927,927,0.0,,0.0,0.0,99fc6ef526bc821b82a48435c0a11457653382b1512fd893fda45260071da58a
E1,gaussian_noise,3,none,0.01,1.0,,7,1,0.0,,0.0,0.0,2000.0,,2000,2000,0.0,,0.0,0.0,0.0,,0.0,0.0,520.0,,520,520,927.0,,927,927,0.0,,0.0,0.0,99fc6ef526bc821b82a48435c0a11457653382b1512fd893fda45260071da58a
E1,gaussian_noise,3,none,0.01,1.0,,8,1,0.0,,0.0,0.0,2000.0,,2000,2000,0.0,,0.0,0.0,0.0,,0.0,0.0,520.0,,520,520,927.0,,927,927,0.0,,0.0,0.0,99fc6ef526bc821b82a48435c0a11457653382b1512fd893fda45260071da58a
E1,gaussian_noise,3,none,0.01,1.0,,9,1,0.0,,0.0,0.0,2000.0,,2000,2000,0.0,,0.0,0.0,0.0,,0.0,0.0,520.0,,520,520,927.0,,927,927,0.0,,0.0,0.0,99fc6ef526bc821b82a48435c0a11457653382b1512fd893fda45260071da58a
E1,gaussian_noise,3,none,0.01,1.0,,10,1,0.0,,0.0,0.0,2000.0,,2000,2000,0.0,,0.0,0.0,0.0,,0.0,0.0,520.0,,520,520,927.0,,927,927,0.0,,0.0,0.0,99fc6ef526bc821b82a48435c0a11457653382b1512fd893fda45260071da58a
E1,gaussian_noise,3,none,0.01,1.0,,11,1,0.0,,0.0,0.0,2000.0,,2000,2000,0.0,,0.0,0.0,0.0,,0.0,0.0,520.0,,520,520,927.0,,927,927,0.0,,0.0,0.0,99fc6ef526bc821b82a48435c0a11457653382b1512fd893fda45260071da58a
E1,gaussian_noise,3,none,0.01,1.0,,12,1,0.0,,0.0,0.0,2000.0,,2000,2000,0.0,,0.0,0.0,0.0,,0.0,0.0,520.0,,520,520,927.0,,927,927,0.0,,0.0,0.0,99fc6ef526bc821b82a48435c0a11457653382b1512fd893fda45260071da58a
E1,gaussian_noise,3,none,0.01,1.0,,13,1,0.0,,0.0,0.0,2000.0,,2000,2000,0.0,,0.0,0.0,0.0,,0.0,0.0,520.0,,520,520,927.0,,927,927,0.0,,0.0,0.0,99fc6ef526bc821b82a48435c0a11457653382b1512fd893fda45260071da58a
E1,gaussian_noise,3,none,0.01,1.0,,14,1,0.0,,0.0,0.0,2000.0,,2000,2000,0.0,,0.0,0.0,0.0,,0.0,0.0,520.0,,520,520,927.0,,927,927,0.0,,0.0,0.0,99fc6ef526bc821b82a48435c0a11457653382b1512fd893fda45260071da58a
E1,gaussian_noise,3,none,0.01,1.0,,15,1,0.0,,0.0,0.0,2000.0,,2000,2000,0.0,,0.0,0.0,0.0,,0.0,0.0,520.0,,520,520,927.0,,927,927,0.0,,0.0,0.0,99fc6ef526bc821b82a48435c0a11457653382b1512fd893fda45260071da58a
E1,gaussian_noise,3,clean_to_clean,0.01,1.0,,0,1,23.2,,23.2,23.2,2000.0,,2000,2000,1.0,,1.0,1.0,0.06040992448759439,,0.06040992448759439,0.06040992448759439,520.0,,520,520,927.0,,927,927,4.215885463058949,,4.215885463058949,4.215885463058949,99fc6ef526bc821b82a48435c0a11457653382b1512fd893fda45260071da58a
E1,gaussian_noise,3,clean_to_clean,0.01,1.0,,1,1,23.2,,23.2,23.2,2000.0,,2000,2000,1.0,,1.0,1.0,0.06040992448759439,,0.06040992448759439,0.06040992448759439,520.0,,520,520,927.0,,927,927,4.215885463058949,,4.215885463058949,4.215885463058949,99fc6ef526bc821b82a48435c0a11457653382b1512fd893fda45260071da58a
E1,gaussian_noise,3,clean_to_clean,0.01,1.0,,2,1,23.2,,23.2,23.2,2000.0,,2000,2000,1.0,,1.0,1.0,0.06040992448759439,,0.06040992448759439,0.06040992448759439,520.0,,520,520,927.0,,927,927,4.215885463058949,,4.215885463058949,4.215885463058949,99fc6ef526bc821b82a48435c0a11457653382b1512fd893fda45260071da58a
E1,gaussian_noise,3,clean_to_clean,0.01,1.0,,3,1,23.2,,23.2,23.2,2000.0,,2000,2000,1.0,,1.0,1.0,0.06040992448759439,,0.06040992448759439,0.06040992448759439,520.0,,520,520,927.0,,927,927,4.215885463058949,,4.215885463058949,4.215885463058949,99fc6ef526bc821b82a48435c0a11457653382b1512fd893fda45260071da58a
E1,gaussian_noise,3,clean_to_clean,0.01,1.0,,4,1,23.2,,23.2,23.2,2000.0,,2000,2000,1.0,,1.0,1.0,0.06040992448759439,,0.06040992448759439,0.06040992448759439,520.0,,520,520,927.0,,927,927,4.215885463058949,,4.215885463058949,4.215885463058949,99fc6ef526bc821b82a48435c0a11457653382b1512fd893fda45260071da58a
E1,gaussian_noise,3,clean_to_clean,0.01,1.0,,5,1,23.2,,23.2,23.2,2000.0,,2000,2000,1.0,,1.0,1.0,0.06040992448759439,,0.06040992448759439,0.06040992448759439,520.0,,520,520,927.0,,927,927,4.215885463058949,,4.215885463058949,4.215885463058949,99fc6ef526bc821b82a48435c0a11457653382b1512fd893fda45260071da58a
E1,gaussian_noise,3,clean_to_clean,0.01,1.0,,6,1,23.2,,23.2,23.2,2000.0,,2000,2000,1.0,,1.0,1.0,0.06040992448759439,,0.06040992448759439,0.06040992448759439,520.0,,520,520,927.0,,927,927,4.215885463058949,,4.215885463058949,4.215885463058949,99fc6ef526bc821b82a48435c0a11457653382b1512fd893fda45260071da58a
E1,gaussian_noise,3,clean_to_clean,0.01,1.0,,7,1,23.2,,23.2,23.2,2000.0,,2000,2000,1.0,,1.0,1.0,0.06040992448759439,,0.06040992448759439,0.06040992448759439,520.0,,520,520,927.0,,927,927,4.215885463058949,,4.215885463058949,4.215885463058949,99fc6ef526bc821b82a48435c0a11457653382b1512fd893fda45260071da58a
E1,gaussian_noise,3,clean_to_clean,0.01,1.0,,8,1,23.2,,23.2,23.2,2000.0,,2000,2000,1.0,,1.0,1.0,0.06040992448759439,,0.06040992448759439,0.06040992448759439,520.0,,520,520,927.0,,927,927,4.215885463058949,,4.215885463058949,4.215885463058949,99fc6ef526bc821b82a48435c0a11457653382b1512fd893fda45260071da58a
E1,gaussian_noise,3,clean_to_clean,0.01,1.0,,9,1,23.2,,23.2,23.2,2000.0,,2000,2000,1.0,,1.0,1.0,0.06040992448759439,,0.06040992448759439,0.06040992448759439,520.0,,520,520,927.0,,927,927,4.215885463058949,,4.215885463058949,4.215885463058949,99fc6ef526bc821b82a48435c0a11457653382b1512fd893fda45260071da58a
E1,gaussian_noise,3,clean_to_clean,0.01,1.0,,10,1,23.2,,23.2,23.2,2000.0,,2000,2000,1.0,,1.0,1.0,0.06040992448759439,,0.06040992448759439,0.06040992448759439,520.0,,520,520,927.0,,927,927,4.215885463058949,,4.215885463058949,4.215885463058949,99fc6ef526bc821b82a48435c0a11457653382b1512fd893fda45260071da58a
E1,gaussian_noise,3,clean_to_clean,0.01,1.0,,11,1,23.2,,23.2,23.2,2000.0,,2000,2000,1.0,,1.0,1.0,0.06040992448759439,,0.06040992448759439,0.06040992448759439,520.0,,520,520,927.0,,927,927,4.215885463058949,,4.215885463058949,4.215885463058949,99fc6ef526bc821b82a48435c0a11457653382b1512fd893fda45260071da58a
E1,gaussian_noise,3,clean_to_clean,0.01,1.0,,12,1,23.2,,23.2,23.2,2000.0,,2000,2000,1.0,,1.0,1.0,0.06040992448759439,,0.06040992448759439,0.06040992448759439,520.0,,520,520,927.0,,927,927,4.215885463058949,,4.215885463058949,4.215885463058949,99fc6ef526bc821b82a48435c0a11457653382b1512fd893fda45260071da58a
E1,gaussian_noise,3,clean_to_clean,0.01,1.0,,13,1,23.2,,23.2,23.2,2000.0,,2000,2000,1.0,,1.0,1.0,0.06040992448759439,,0.06040992448759439,0.06040992448759439,520.0,,520,520,927.0,,927,927,4.215885463058949,,4.215885463058949,4.215885463058949,99fc6ef526bc821b82a48435c0a11457653382b1512fd893fda45260071da58a
E1,gaussian_noise,3,clean_to_clean,0.01,1.0,,14,1,23.2,,23.2,23.2,2000.0,,2000,2000,1.0,,1.0,1.0,0.06040992448759439,,0.06040992448759439,0.06040992448759439,520.0,,520,520,927.0,,927,927,4.215885463058949,,4.215885463058949,4.215885463058949,99fc6ef526bc821b82a48435c0a11457653382b1512fd893fda45260071da58a
E1,gaussian_noise,3,clean_to_clean,0.01,1.0,,15,1,23.2,,23.2,23.2,2000.0,,2000,2000,1.0,,1.0,1.0,0.06040992448759439,,0.06040992448759439,0.06040992448759439,520.0,,520,520,927.0,,927,927,4.215885463058949,,4.215885463058949,4.215885463058949,99fc6ef526bc821b82a48435c0a11457653382b1512fd893fda45260071da58a
E1,gaussian_noise,3,full_state,0.01,1.0,,0,1,23.2,,23.2,23.2,2000.0,,2000,2000,1.0,,1.0,1.0,0.06040992448759439,,0.06040992448759439,0.06040992448759439,520.0,,520,520,927.0,,927,927,4.215885463058949,,4.215885463058949,4.215885463058949,99fc6ef526bc821b82a48435c0a11457653382b1512fd893fda45260071da58a
E1,gaussian_noise,3,full_state,0.01,1.0,,1,1,23.2,,23.2,23.2,2000.0,,2000,2000,1.0,,1.0,1.0,0.06040992448759439,,0.06040992448759439,0.06040992448759439,520.0,,520,520,927.0,,927,927,4.215885463058949,,4.215885463058949,4.215885463058949,99fc6ef526bc821b82a48435c0a11457653382b1512fd893fda45260071da58a
E1,gaussian_noise,3,full_state,0.01,1.0,,2,1,23.2,,23.2,23.2,2000.0,,2000,2000,1.0,,1.0,1.0,0.06040992448759439,,0.06040992448759439,0.06040992448759439,520.0,,520,520,927.0,,927,927,4.215885463058949,,4.215885463058949,4.215885463058949,99fc6ef526bc821b82a48435c0a11457653382b1512fd893fda45260071da58a
E1,gaussian_noise,3,full_state,0.01,1.0,,3,1,23.2,,23.2,23.2,2000.0,,2000,2000,1.0,,1.0,1.0,0.06040992448759439,,0.06040992448759439,0.06040992448759439,520.0,,520,520,927.0,,927,927,4.215885463058949,,4.215885463058949,4.215885463058949,99fc6ef526bc821b82a48435c0a11457653382b1512fd893fda45260071da58a
E1,gaussian_noise,3,full_state,0.01,1.0,,4,1,23.2,,23.2,23.2,2000.0,,2000,2000,1.0,,1.0,1.0,0.06040992448759439,,0.06040992448759439,0.06040992448759439,520.0,,520,520,927.0,,927,927,4.215885463058949,,4.215885463058949,4.215885463058949,99fc6ef526bc821b82a48435c0a11457653382b1512fd893fda45260071da58a
E1,gaussian_noise,3,full_state,0.01,1.0,,5,1,23.2,,23.2,23.2,2000.0,,2000,2000,1.0,,1.0,1.0,0.06040992448759439,,0.06040992448759439,0.06040992448759439,520.0,,520,520,927.0,,927,927,4.215885463058949,,4.215885463058949,4.215885463058949,99fc6ef526bc821b82a48435c0a11457653382b1512fd893fda45260071da58a
E1,gaussian_noise,3,full_state,0.01,1.0,,6,1,23.2,,23.2,23.2,2000.0,,2000,2000,1.0,,1.0,1.0,0.06040992448759439,,0.06040992448759439,0.06040992448759439,520.0,,520,520,927.0,,927,927,4.215885463058949,,4.215885463058949,4.215885463058949,99fc6ef526bc821b82a48435c0a11457653382b1512fd893fda45260071da58a
E1,gaussian_noise,3,full_state,0.01,1.0,,7,1,23.2,,23.2,23.2,2000.0,,2000,2000,1.0,,1.0,1.0,0.06040992448759439,,0.06040992448759439,0.06040992448759439,520.0,,520,520,927.0,,927,927,4.215885463058949,,4.215885463058949,4.215885463058949,99fc6ef526bc821b82a48435c0a11457653382b1512fd893fda45260071da58a
E1,gaussian_noise,3,full_state,0.01,1.0,,8,1,23.2,,23.2,23.2,2000.0,,2000,2000,1.0,,1.0,1.0,0.06040992448759439,,0.06040992448759439,0.06040992448759439,520.0,,520,520,927.0,,927,927,4.215885463058949,,4.215885463058949,4.215885463058949,99fc6ef526bc821b82a48435c0a11457653382b1512fd893fda45260071da58a
E1,gaussian_noise,3,full_state,0.01,1.0,,9,1,23.2,,23.2,23.2,2000.0,,2000,2000,1.0,,1.0,1.0,0.06040992448759439,,0.06040992448759439,0.06040992448759439,520.0,,520,520,927.0,,927,927,4.215885463058949,,4.215885463058949,4.215885463058949,99fc6ef526bc821b82a48435c0a11457653382b1512fd893fda45260071da58a
E1,gaussian_noise,3,full_state,0.01,1.0,,10,1,23.2,,23.2,23.2,2000.0,,2000,2000,1.0,,1.0,1.0,0.06040992448759439,,0.06040992448759439,0.06040992448759439,520.0,,520,520,927.0,,927,927,4.215885463058949,,4.215885463058949,4.215885463058949,99fc6ef526bc821b82a48435c0a11457653382b1512fd893fda45260071da58a
E1,gaussian_noise,3,full_state,0.01,1.0,,11,1,23.2,,23.2,23.2,2000.0,,2000,2000,1.0,,1.0,1.0,0.06040992448759439,,0.06040992448759439,0.06040992448759439,520.0,,520,520,927.0,,927,927,4.215885463058949,,4.215885463058949,4.215885463058949,99fc6ef526bc821b82a48435c0a11457653382b1512fd893fda45260071da58a
E1,gaussian_noise,3,full_state,0.01,1.0,,12,1,23.2,,23.2,23.2,2000.0,,2000,2000,1.0,,1.0,1.0,0.06040992448759439,,0.06040992448759439,0.06040992448759439,520.0,,520,520,927.0,,927,927,4.215885463058949,,4.215885463058949,4.215885463058949,99fc6ef526bc821b82a48435c0a11457653382b1512fd893fda45260071da58a
E1,gaussian_noise,3,full_state,0.01,1.0,,13,1,23.2,,23.2,23.2,2000.0,,2000,2000,1.0,,1.0,1.0,0.06040992448759439,,0.06040992448759439,0.06040992448759439,520.0,,520,520,927.0,,927,927,4.215885463058949,,4.215885463058949,4.215885463058949,99fc6ef526bc821b82a48435c0a11457653382b1512fd893fda45260071da58a
E1,gaussian_noise,3,full_state,0.01,1.0,,14,1,23.2,,23.2,23.2,2000.0,,2000,2000,1.0,,1.0,1.0,0.06040992448759439,,0.06040992448759439,0.06040992448759439,520.0,,520,520,927.0,,927,927,4.215885463058949,,4.215885463058949,4.215885463058949,99fc6ef526bc821b82a48435c0a11457653382b1512fd893fda45260071da58a
E1,gaussian_noise,3,full_state,0.01,1.0,,15,1,23.2,,23.2,23.2,2000.0,,2000,2000,1.0,,1.0,1.0,0.06040992448759439,,0.06040992448759439,0.06040992448759439,520.0,,520,520,927.0,,927,927,4.215885463058949,,4.215885463058949,4.215885463058949,99fc6ef526bc821b82a48435c0a11457653382b1512fd893fda45260071da58a
E1,gaussian_noise,3,random_direction,0.01,1.0,,0,1,-0.3500000000000003,,-0.3500000000000003,-0.3500000000000003,2000.0,,2000,2000,0.01730769230769231,,0.01730769230769231,0.01730769230769231,0.020496224379719527,,0.020496224379719527,0.020496224379719527,520.0,,520,520,927.0,,927,927,-0.01147235643863678,,-0.01147235643863678,-0.01147235643863678,99fc6ef526bc821b82a48435c0a11457653382b1512fd893fda45260071da58a
E1,gaussian_noise,3,random_direction,0.01,1.0,,1,1,-0.5500000000000005,,-0.5500000000000005,-0.5500000000000005,2000.0,,2000,2000,0.011538461538461539,,0.011538461538461539,0.011538461538461539,0.021574973031283712,,0.021574973031283712,0.021574973031283712,520.0,,520,520,927.0,,927,927,-0.011154314398765564,,-0.011154314398765564,-0.011154314398765564,99fc6ef526bc821b82a48435c0a11457653382b1512fd893fda45260071da58a
E1,gaussian_noise,3,random_direction,0.01,1.0,,2,1,-0.3500000000000003,,-0.3500000000000003,-0.3500000000000003,2000.0,,2000,2000,0.019230769230769232,,0.019230769230769232,0.019230769230769232,0.021574973031283712,,0.021574973031283712,0.021574973031283712,520.0,,520,520,927.0,,927,927,-0.00467423790693283,,-0.00467423790693283,-0.00467423790693283,99fc6ef526bc821b82a48435c0a11457653382b1512fd893fda45260071da58a
E1,gaussian_noise,3,random_direction,0.01,1.0,,3,1,0.0,,0.0,0.0,2000.0,,2000,2000,0.019230769230769232,,0.019230769230769232,0.019230769230769232,0.014023732470334413,,0.014023732470334413,0.014023732470334413,520.0,,520,520,927.0,,927,927,-0.013875830113887787,,-0.013875830113887787,-0.013875830113887787,99fc6ef526bc821b82a48435c0a11457653382b1512fd893fda45260071da58a
E1,gaussian_noise,3,random_direction,0.01,1.0,,4,1,-0.40000000000000036,,-0.40000000000000036,-0.40000000000000036,2000.0,,2000,2000,0.01730769230769231,,0.01730769230769231,0.01730769230769231,0.021574973031283712,,0.021574973031283712,0.021574973031283712,520.0,,520,520,927.0,,927,927,-0.028023644983768463,,-0.028023644983768463,-0.028023644983768463,99fc6ef526bc821b82a48435c0a11457653382b1512fd893fda45260071da58a
E1,gaussian_noise,3,random_direction,0.01,1.0,,5,1,-0.050000000000000044,,-0.050000000000000044,-0.050000000000000044,2000.0,,2000,2000,0.01730769230769231,,0.01730769230769231,0.01730769230769231,0.014023732470334413,,0.014023732470334413,0.014023732470334413,520.0,,520,520,927.0,,927,927,-0.02094495898485184,,-0.02094495898485184,-0.02094495898485184,99fc6ef526bc821b82a48435c0a11457653382b1512fd893fda45260071da58a
E1,gaussian_noise,3,random_direction,0.01,1.0,,6,1,0.0,,0.0,0.0,2000.0,,2000,2000,0.015384615384615385,,0.015384615384615385,0.015384615384615385,0.011866235167206042,,0.011866235167206042,0.011866235167206042,520.0,,520,520,927.0,,927,927,-0.010496739089488984,,-0.010496739089488984,-0.010496739089488984,99fc6ef526bc821b82a48435c0a11457653382b1512fd893fda45260071da58a
E1,gaussian_noise,3,random_direction,0.01,1.0,,7,1,-0.2500000000000002,,-0.2500000000000002,-0.2500000000000002,2000.0,,2000,2000,0.013461538461538462,,0.013461538461538462,0.013461538461538462,0.014023732470334413,,0.014023732470334413,0.014023732470334413,520.0,,520,520,927.0,,927,927,-0.006939406037330628,,-0.006939406037330628,-0.006939406037330628,99fc6ef526bc821b82a48435c0a11457653382b1512fd893fda45260071da58a
E1,gaussian_noise,3,random_direction,0.01,1.0,,8,1,-0.20000000000000018,,-0.20000000000000018,-0.20000000000000018,2000.0,,2000,2000,0.015384615384615385,,0.015384615384615385,0.015384615384615385,0.018338727076591153,,0.018338727076591153,0.018338727076591153,520.0,,520,520,927.0,,927,927,-0.012548269748687745,,-0.012548269748687745,-0.012548269748687745,99fc6ef526bc821b82a48435c0a11457653382b1512fd893fda45260071da58a
E1,gaussian_noise,3,random_direction,0.01,1.0,,9,1,0.10000000000000009,,0.10000000000000009,0.10000000000000009,2000.0,,2000,2000,0.013461538461538462,,0.013461538461538462,0.013461538461538462,0.008629989212513484,,0.008629989212513484,0.008629989212513484,520.0,,520,520,927.0,,927,927,-0.0033035683631896973,,-0.0033035683631896973,-0.0033035683631896973,99fc6ef526bc821b82a48435c0a11457653382b1512fd893fda45260071da58a
E1,gaussian_noise,3,random_direction,0.01,1.0,,10,1,-0.050000000000000044,,-0.050000000000000044,-0.050000000000000044,2000.0,,2000,2000,0.011538461538461539,,0.011538461538461539,0.011538461538461539,0.009708737864077669,,0.009708737864077669,0.009708737864077669,520.0,,520,520,927.0,,927,927,-0.0005576116442680359,,-0.0005576116442680359,-0.0005576116442680359,99fc6ef526bc821b82a48435c0a11457653382b1512fd893fda45260071da58a
E1,gaussian_noise,3,random_direction,0.01,1.0,,11,1,-0.050000000000000044,,-0.050000000000000044,-0.050000000000000044,2000.0,,2000,2000,0.011538461538461539,,0.011538461538461539,0.011538461538461539,0.009708737864077669,,0.009708737864077669,0.009708737864077669,520.0,,520,520,927.0,,927,927,-3.2086551189422606e-05,,-3.2086551189422606e-05,-3.2086551189422606e-05,99fc6ef526bc821b82a48435c0a11457653382b1512fd893fda45260071da58a
E1,gaussian_noise,3,random_direction,0.01,1.0,,12,1,-0.3500000000000003,,-0.3500000000000003,-0.3500000000000003,2000.0,,2000,2000,0.009615384615384616,,0.009615384615384616,0.009615384615384616,0.014023732470334413,,0.014023732470334413,0.014023732470334413,520.0,,520,520,927.0,,927,927,-0.0020871232748031618,,-0.0020871232748031618,-0.0020871232748031618,99fc6ef526bc821b82a48435c0a11457653382b1512fd893fda45260071da58a
E1,gaussian_noise,3,random_direction,0.01,1.0,,13,1,-0.30000000000000027,,-0.30000000000000027,-0.30000000000000027,2000.0,,2000,2000,0.0057692307692307696,,0.0057692307692307696,0.0057692307692307696,0.010787486515641856,,0.010787486515641856,0.010787486515641856,520.0,,520,520,927.0,,927,927,-0.00026986896991729734,,-0.00026986896991729734,-0.00026986896991729734,99fc6ef526bc821b82a48435c0a11457653382b1512fd893fda45260071da58a
E1,gaussian_noise,3,random_direction,0.01,1.0,,14,1,-0.10000000000000009,,-0.10000000000000009,-0.10000000000000009,2000.0,,2000,2000,0.0038461538461538464,,0.0038461538461538464,0.0038461538461538464,0.005393743257820928,,0.005393743257820928,0.005393743257820928,520.0,,520,520,927.0,,927,927,-0.0022930834293365477,,-0.0022930834293365477,-0.0022930834293365477,99fc6ef526bc821b82a48435c0a11457653382b1512fd893fda45260071da58a
E1,gaussian_noise,3,random_direction,0.01,1.0,,15,1,-0.10000000000000009,,-0.10000000000000009,-0.10000000000000009,2000.0,,2000,2000,0.0019230769230769232,,0.0019230769230769232,0.0019230769230769232,0.004314994606256742,,0.004314994606256742,0.004314994606256742,520.0,,520,520,927.0,,927,927,0.002101538836956024,,0.002101538836956024,0.002101538836956024,99fc6ef526bc821b82a48435c0a11457653382b1512fd893fda45260071da58a
E1,gaussian_noise,3,shuffled_donor,0.01,1.0,,0,1,-0.7000000000000006,,-0.7000000000000006,-0.7000000000000006,2000.0,,2000,2000,0.038461538461538464,,0.038461538461538464,0.038461538461538464,0.04962243797195254,,0.04962243797195254,0.04962243797195254,520.0,,520,520,927.0,,927,927,-0.15569222462177276,,-0.15569222462177276,-0.15569222462177276,99fc6ef526bc821b82a48435c0a11457653382b1512fd893fda45260071da58a
E1,gaussian_noise,3,shuffled_donor,0.01,1.0,,1,1,-0.5000000000000004,,-0.5000000000000004,-0.5000000000000004,2000.0,,2000,2000,0.03461538461538462,,0.03461538461538462,0.03461538461538462,0.039913700107874865,,0.039913700107874865,0.039913700107874865,520.0,,520,520,927.0,,927,927,-0.10773604017496109,,-0.10773604017496109,-0.10773604017496109,99fc6ef526bc821b82a48435c0a11457653382b1512fd893fda45260071da58a
E1,gaussian_noise,3,shuffled_donor,0.01,1.0,,2,1,-0.3500000000000003,,-0.3500000000000003,-0.3500000000000003,2000.0,,2000,2000,0.026923076923076925,,0.026923076923076925,0.026923076923076925,0.02912621359223301,,0.02912621359223301,0.02912621359223301,520.0,,520,520,927.0,,927,927,-0.09460142332315445,,-0.09460142332315445,-0.09460142332315445,99fc6ef526bc821b82a48435c0a11457653382b1512fd893fda45260071da58a
E1,gaussian_noise,3,shuffled_donor,0.01,1.0,,3,1,-1.9500000000000017,,-1.9500000000000017,-1.9500000000000017,2000.0,,2000,2000,0.032692307692307694,,0.032692307692307694,0.032692307692307694,0.07011866235167206,,0.07011866235167206,0.07011866235167206,520.0,,520,520,927.0,,927,927,-0.20041788870096205,,-0.20041788870096205,-0.20041788870096205,99fc6ef526bc821b82a48435c0a11457653382b1512fd893fda45260071da58a
E1,gaussian_noise,3,shuffled_donor,0.01,1.0,,4,1,-0.9500000000000008,,-0.9500000000000008,-0.9500000000000008,2000.0,,2000,2000,0.023076923076923078,,0.023076923076923078,0.023076923076923078,0.037756202804746494,,0.037756202804746494,0.037756202804746494,520.0,,520,520,927.0,,927,927,-0.0570960373878479,,-0.0570960373878479,-0.0570960373878479,99fc6ef526bc821b82a48435c0a11457653382b1512fd893fda45260071da58a
E1,gaussian_noise,3,shuffled_donor,0.01,1.0,,5,1,-0.8000000000000007,,-0.8000000000000007,-0.8000000000000007,2000.0,,2000,2000,0.028846153846153848,,0.028846153846153848,0.028846153846153848,0.039913700107874865,,0.039913700107874865,0.039913700107874865,520.0,,520,520,927.0,,927,927,-0.06718745034933091,,-0.06718745034933091,-0.06718745034933091,99fc6ef526bc821b82a48435c0a11457653382b1512fd893fda45260071da58a
E1,gaussian_noise,3,shuffled_donor,0.01,1.0,,6,1,-0.3500000000000003,,-0.3500000000000003,-0.3500000000000003,2000.0,,2000,2000,0.03076923076923077,,0.03076923076923077,0.03076923076923077,0.02912621359223301,,0.02912621359223301,0.02912621359223301,520.0,,520,520,927.0,,927,927,-0.06431621980667114,,-0.06431621980667114,-0.06431621980667114,99fc6ef526bc821b82a48435c0a11457653382b1512fd893fda45260071da58a
E1,gaussian_noise,3,shuffled_donor,0.01,1.0,,7,1,-0.9000000000000008,,-0.9000000000000008,-0.9000000000000008,2000.0,,2000,2000,0.015384615384615385,,0.015384615384615385,0.015384615384615385,0.03344120819848975,,0.03344120819848975,0.03344120819848975,520.0,,520,520,927.0,,927,927,-0.04803503167629242,,-0.04803503167629242,-0.04803503167629242,99fc6ef526bc821b82a48435c0a11457653382b1512fd893fda45260071da58a
E1,gaussian_noise,3,shuffled_donor,0.01,1.0,,8,1,-0.7000000000000006,,-0.7000000000000006,-0.7000000000000006,2000.0,,2000,2000,0.023076923076923078,,0.023076923076923078,0.023076923076923078,0.030204962243797196,,0.030204962243797196,0.030204962243797196,520.0,,520,520,927.0,,927,927,-0.03389315575361252,,-0.03389315575361252,-0.03389315575361252,99fc6ef526bc821b82a48435c0a11457653382b1512fd893fda45260071da58a
E1,gaussian_noise,3,shuffled_donor,0.01,1.0,,9,1,-0.5000000000000004,,-0.5000000000000004,-0.5000000000000004,2000.0,,2000,2000,0.025,,0.025,0.025,0.028047464940668825,,0.028047464940668825,0.028047464940668825,520.0,,520,520,927.0,,927,927,-0.03717590796947479,,-0.03717590796947479,-0.03717590796947479,99fc6ef526bc821b82a48435c0a11457653382b1512fd893fda45260071da58a
E1,gaussian_noise,3,shuffled_donor,0.01,1.0,,10,1,-0.5500000000000005,,-0.5500000000000005,-0.5500000000000005,2000.0,,2000,2000,0.021153846153846155,,0.021153846153846155,0.021153846153846155,0.028047464940668825,,0.028047464940668825,0.028047464940668825,520.0,,520,520,927.0,,927,927,-0.021906808018684387,,-0.021906808018684387,-0.021906808018684387,99fc6ef526bc821b82a48435c0a11457653382b1512fd893fda45260071da58a
E1,gaussian_noise,3,shuffled_donor,0.01,1.0,,11,1,-0.9500000000000008,,-0.9500000000000008,-0.9500000000000008,2000.0,,2000,2000,0.015384615384615385,,0.015384615384615385,0.015384615384615385,0.030204962243797196,,0.030204962243797196,0.030204962243797196,520.0,,520,520,927.0,,927,927,-0.032864481449127195,,-0.032864481449127195,-0.032864481449127195,99fc6ef526bc821b82a48435c0a11457653382b1512fd893fda45260071da58a
E1,gaussian_noise,3,shuffled_donor,0.01,1.0,,12,1,-0.5000000000000004,,-0.5000000000000004,-0.5000000000000004,2000.0,,2000,2000,0.015384615384615385,,0.015384615384615385,0.015384615384615385,0.021574973031283712,,0.021574973031283712,0.021574973031283712,520.0,,520,520,927.0,,927,927,-0.03911890614032745,,-0.03911890614032745,-0.03911890614032745,99fc6ef526bc821b82a48435c0a11457653382b1512fd893fda45260071da58a
E1,gaussian_noise,3,shuffled_donor,0.01,1.0,,13,1,-0.050000000000000044,,-0.050000000000000044,-0.050000000000000044,2000.0,,2000,2000,0.025,,0.025,0.025,0.025889967637540454,,0.025889967637540454,0.025889967637540454,520.0,,520,520,927.0,,927,927,-0.016169903814792632,,-0.016169903814792632,-0.016169903814792632,99fc6ef526bc821b82a48435c0a11457653382b1512fd893fda45260071da58a
E1,gaussian_noise,3,shuffled_donor,0.01,1.0,,14,1,0.0,,0.0,0.0,2000.0,,2000,2000,0.021153846153846155,,0.021153846153846155,0.021153846153846155,0.019417475728155338,,0.019417475728155338,0.019417475728155338,520.0,,520,520,927.0,,927,927,-0.03280786752700806,,-0.03280786752700806,-0.03280786752700806,99fc6ef526bc821b82a48435c0a11457653382b1512fd893fda45260071da58a
E1,gaussian_noise,3,shuffled_donor,0.01,1.0,,15,1,0.0,,0.0,0.0,2000.0,,2000,2000,0.015384615384615385,,0.015384615384615385,0.015384615384615385,0.014023732470334413,,0.014023732470334413,0.014023732470334413,520.0,,520,520,927.0,,927,927,-0.020852913916110993,,-0.020852913916110993,-0.020852913916110993,99fc6ef526bc821b82a48435c0a11457653382b1512fd893fda45260071da58a
E1,gaussian_noise,5,partial_channel,0.01,1.0,,0,5,0.5699999999999994,0.24899799195977387,0.15000000000000013,0.7499999999999979,2000.0,0.0,2000,2000,0.02447488584474886,0.007486356723988748,0.01643835616438356,0.0365296803652968,0.05835866261398176,0.030802738140202388,0.0243161094224924,0.1033434650455927,1095.0,0.0,1095,1095,329.0,0.0,329,329,-0.03778890652656555,0.08492786996211002,-0.1786001676917076,0.020151879966259004,99fc6ef526bc821b82a48435c0a11457653382b1512fd893fda45260071da58a
E1,gaussian_noise,5,partial_channel,0.05,1.0,,0,5,0.4299999999999987,2.3397649454592653,-3.7000000000000006,2.099999999999999,2000.0,0.0,2000,2000,0.04894977168949772,0.004943330996428987,0.04200913242009133,0.0547945205479452,0.15501519756838905,0.15299053254312325,0.03951367781155015,0.42249240121580545,1095.0,0.0,1095,1095,329.0,0.0,329,329,-0.293875425183773,0.7013459100545397,-1.5365143800377845,0.16517050063610078,99fc6ef526bc821b82a48435c0a11457653382b1512fd893fda45260071da58a
E1,gaussian_noise,5,partial_channel,0.1,1.0,,0,5,1.8699999999999997,3.3831568098449116,-3.25,6.1,2000.0,0.0,2000,2000,0.08200913242009134,0.030021919530583453,0.062100456621004566,0.13515981735159818,0.18541033434650456,0.15694019019362415,0.0851063829787234,0.46200607902735563,1095.0,0.0,1095,1095,329.0,0.0,329,329,-0.23373338571786878,0.8008398434962433,-1.6056011906266212,0.48370933067798616,99fc6ef526bc821b82a48435c0a11457653382b1512fd893fda45260071da58a
E1,gaussian_noise,5,partial_channel,0.2,1.0,,0,5,0.709999999999999,4.748605058330288,-3.8500000000000005,7.599999999999999,2000.0,0.0,2000,2000,0.10283105022831049,0.04370032394383151,0.06027397260273973,0.16712328767123288,0.3446808510638298,0.13813243720817533,0.13677811550151975,0.48936170212765956,1095.0,0.0,1095,1095,329.0,0.0,329,329,-1.1087793030261992,1.101756822553599,-2.1775359793305396,0.5647092976570129,99fc6ef526bc821b82a48435c0a11457653382b1512fd893fda45260071da58a
E1,gaussian_noise,5,partial_channel,0.01,1.0,,1,5,0.4499999999999993,0.30207614933986315,0.050000000000000044,0.7499999999999979,2000.0,0.0,2000,2000,0.018447488584474887,0.004892454880722877,0.01004566210045662,0.021917808219178082,0.04376899696048632,0.01573517216479609,0.030395136778115502,0.06990881458966565,1095.0,0.0,1095,1095,329.0,0.0,329,329,-0.0020500401973724395,0.03548309154387585,-0.04985025936365128,0.032638198137283324,99fc6ef526bc821b82a48435c0a11457653382b1512fd893fda45260071da58a
E1,gaussian_noise,5,partial_channel,0.05,1.0,,1,5,1.0199999999999985,1.5935808733791959,-1.6500000000000015,2.6499999999999995,2000.0,0.0,2000,2000,0.05552511415525113,0.008050009450607857,0.045662100456621,0.06575342465753424,0.14772036474164132,0.12427857430833975,0.0547112462006079,0.364741641337386,1095.0,0.0,1095,1095,329.0,0.0,329,329,-0.14772009778022765,0.4756880685661061,-0.9885384292006493,0.16683714091777802,99fc6ef526bc821b82a48435c0a11457653382b1512fd893fda45260071da58a
E1,gaussian_noise,5,partial_channel,0.1,1.0,,1,5,1.689999999999999,3.2755533883605072,-3.35,5.3999999999999995,2000.0,0.0,2000,2000,0.07726027397260274,0.031441265869467994,0.049315068493150684,0.1278538812785388,0.1829787234042553,0.14999314784964024,0.0972644376899696,0.44984802431610943,1095.0,0.0,1095,1095,329.0,0.0,329,329,-0.21479224367141722,0.8697570422951919,-1.7204019119739533,0.5163864398002624,99fc6ef526bc821b82a48435c0a11457653382b1512fd893fda45260071da58a
E1,gaussian_noise,5,partial_channel,0.2,1.0,,1,5,2.2899999999999996,5.844056810127705,-2.8499999999999996,10.65,2000.0,0.0,2000,2000,0.12511415525114156,0.05627379179179505,0.0730593607305936,0.2100456621004566,0.32218844984802436,0.15329217032126755,0.10638297872340426,0.45592705167173253,1095.0,0.0,1095,1095,329.0,0.0,329,329,-0.7767764730334281,1.3240178741525535,-2.016353495121002,1.086046452999115,99fc6ef526bc821b82a48435c0a11457653382b1512fd893fda45260071da58a
E1,gaussian_noise,5,partial_channel,0.01,1.0,,2,5,0.34999999999999976,0.3640054944640254,-0.050000000000000044,0.7999999999999979,2000.0,0.0,2000,2000,0.017351598173515982,0.0028148009145977063,0.012785388127853882,0.019178082191780823,0.044984802431610946,0.017513507952447334,0.02127659574468085,0.06990881458966565,1095.0,0.0,1095,1095,329.0,0.0,329,329,0.011354722666740416,0.04179598625938951,-0.046029588758945465,0.06813428956270218,99fc6ef526bc821b82a48435c0a11457653382b1512fd893fda45260071da58a
E1,gaussian_noise,5,partial_channel,0.05,1.0,,2,5,1.5599999999999992,0.8088572185497263,0.5000000000000004,2.6499999999999995,2000.0,0.0,2000,2000,0.06063926940639269,0.01436143837501994,0.043835616438356165,0.0821917808219178,0.13556231003039515,0.09170570911801762,0.057750759878419454,0.2917933130699088,1095.0,0.0,1095,1095,329.0,0.0,329,329,-0.04124301335811616,0.3120875037668466,-0.588505293905735,0.17095589709281922,99fc6ef526bc821b82a48435c0a11457653382b1512fd893fda45260071da58a
E1,gaussian_noise,5,partial_channel,0.1,1.0,,2,5,2.1099999999999985,2.065611289667056,-0.9500000000000008,4.599999999999999,2000.0,0.0,2000,2000,0.07926940639269406,0.023545001378790203,0.052054794520547946,0.11506849315068493,0.16474164133738603,0.11416196494892357,0.10030395136778116,0.3677811550151976,1095.0,0.0,1095,1095,329.0,0.0,329,329,-0.003526889145374307,0.47908509759669454,-0.8135511965155602,0.4686445036530495,99fc6ef526bc821b82a48435c0a11457653382b1512fd893fda45260071da58a
E1,gaussian_noise,5,partial_channel,0.2,1.0,,2,5,4.589999999999999,4.938927008976748,-1.050000000000001,10.15,2000.0,0.0,2000,2000,0.15086757990867578,0.05248718917032141,0.08401826484018265,0.20730593607305936,0.26869300911854105,0.10779779991032136,0.1519756838905775,0.3677811550151976,1095.0,0.0,1095,1095,329.0,0.0,329,329,-0.1179573226571083,0.9367069672013093,-1.021208451271057,0.9878081939220429,99fc6ef526bc821b82a48435c0a11457653382b1512fd893fda45260071da58a
E1,gaussian_noise,5,partial_channel,0.01,1.0,,3,5,0.3999999999999998,0.6403124237432846,-0.3500000000000003,1.2999999999999985,2000.0,0.0,2000,2000,0.02045662100456621,0.007711354094094812,0.0136986301369863,0.03287671232876712,0.05349544072948328,0.014353457693759994,0.03951367781155015,0.07598784194528875,1095.0,0.0,1095,1095,329.0,0.0,329,329,-0.009432840013504033,0.10703838049822077,-0.15454909545183182,0.09022362875938415,99fc6ef526bc821b82a48435c0a11457653382b1512fd893fda45260071da58a
E1,gaussian_noise,5,partial_channel,0.05,1.0,,3,5,2.4099999999999993,2.5020991187401034,-1.0000000000000009,5.499999999999999,2000.0,0.0,2000,2000,0.07196347031963471,0.04046909112368936,0.026484018264840183,0.13333333333333333,0.11489361702127661,0.04230278035916548,0.060790273556231005,0.1641337386018237,1095.0,0.0,1095,1095,329.0,0.0,329,329,0.23993782665729527,0.4183672549645827,-0.23324240481853484,0.8579339918494224,99fc6ef526bc821b82a48435c0a11457653382b1512fd893fda45260071da58a
E1,gaussian_noise,5,partial_channel,0.1,1.0,,3,5,5.379999999999998,4.55420135698895,0.050000000000000044,12.599999999999998,2000.0,0.0,2000,2000,0.13168949771689498,0.07462198754388333,0.04474885844748858,0.2511415525114155,0.1458966565349544,0.030319053713161095,0.11550151975683891,0.18541033434650456,1095.0,0.0,1095,1095,329.0,0.0,329,329,0.5339974975824356,0.6212778821368121,-0.2377556217908859,1.4680854545235633,99fc6ef526bc821b82a48435c0a11457653382b1512fd893fda45260071da58a
E1,gaussian_noise,5,partial_channel,0.2,1.0,,3,5,11.62,4.439819816163715,4.649999999999999,16.85,2000.0,0.0,2000,2000,0.23671232876712328,0.06894644523107683,0.1324200913242009,0.3232876712328767,0.13069908814589665,0.03968864698237263,0.1033434650455927,0.19756838905775076,1095.0,0.0,1095,1095,329.0,0.0,329,329,1.2199113092184066,0.5649263043331474,0.276742882847786,1.777640321969986,99fc6ef526bc821b82a48435c0a11457653382b1512fd893fda45260071da58a
E1,gaussian_noise,5,partial_channel,0.01,1.0,,4,5,0.5799999999999994,0.41472882706655373,-0.10000000000000009,0.899999999999998,2000.0,0.0,2000,2000,0.02045662100456621,0.005904376210135018,0.011872146118721462,0.026484018264840183,0.0425531914893617,0.010307492375570318,0.030395136778115502,0.057750759878419454,1095.0,0.0,1095,1095,329.0,0.0,329,329,0.041122762238979337,0.066383978925629,-0.07425306522846221,0.09502391725778579,99fc6ef526bc821b82a48435c0a11457653382b1512fd893fda45260071da58a
E1,gaussian_noise,5,partial_channel,0.05,1.0,,4,5,2.839999999999999,0.8583414239100894,1.799999999999999,3.9999999999999982,2000.0,0.0,2000,2000,0.07744292237442922,0.020074712933748434,0.062100456621004566,0.1095890410958904,0.11306990881458967,0.029578700609611826,0.0668693009118541,0.14285714285714285,1095.0,0.0,1095,1095,329.0,0.0,329,329,0.276199915254116,0.27564122705701566,0.020291330695152283,0.7438190675377846,99fc6ef526bc821b82a48435c0a11457653382b1512fd893fda45260071da58a
E1,gaussian_noise,5,partial_channel,0.1,1.0,,4,5,6.589999999999999,3.7842436496610516,1.5499999999999985,11.899999999999997,2000.0,0.0,2000,2000,0.14794520547945206,0.05841894280080174,0.07397260273972603,0.23378995433789954,0.13130699088145895,0.03668883131186968,0.0911854103343465,0.182370820668693,1095.0,0.0,1095,1095,329.0,0.0,329,329,0.6452108603000641,0.5427224664275554,-0.06869992697238922,1.3824254083037377,99fc6ef526bc821b82a48435c0a11457653382b1512fd893fda45260071da58a
E1,gaussian_noise,5,partial_channel,0.2,1.0,,4,5,13.290000000000001,4.0027178266772685,6.950000000000001,17.0,2000.0,0.0,2000,2000,0.2664840182648402,0.062456673750646244,0.1689497716894977,0.3269406392694064,0.12887537993920972,0.04480577206453695,0.08814589665653495,0.1945288753799392,1095.0,0.0,1095,1095,329.0,0.0,329,329,1.4140231797933578,0.5789925978231447,0.5337841899394989,2.0019312028884886,99fc6ef526bc821b82a48435c0a11457653382b1512fd893fda45260071da58a
E1,gaussian_noise,5,partial_channel,0.01,1.0,,5,5,0.5599999999999999,0.32287768581925824,0.10000000000000009,0.9499999999999981,2000.0,0.0,2000,2000,0.018082191780821915,0.005379607844757312,0.012785388127853882,0.024657534246575342,0.03282674772036474,0.0065895086287777495,0.02735562310030395,0.0425531914893617,1095.0,0.0,1095,1095,329.0,0.0,329,329,0.04487130264043808,0.053144974571307804,-0.02769040197134018,0.12235212802886963,99fc6ef526bc821b82a48435c0a11457653382b1512fd893fda45260071da58a
E1,gaussian_noise,5,partial_channel,0.05,1.0,,5,5,2.8999999999999995,1.0994316713648011,1.8499999999999988,4.599999999999999,2000.0,0.0,2000,2000,0.07488584474885844,0.026047416798085227,0.049315068493150684,0.1178082191780822,0.09848024316109422,0.03066747296201687,0.06990881458966565,0.14893617021276595,1095.0,0.0,1095,1095,329.0,0.0,329,329,0.29236172785758974,0.28856460169176174,0.0862859827876091,0.7886713378429413,99fc6ef526bc821b82a48435c0a11457653382b1512fd893fda45260071da58a
E1,gaussian_noise,5,partial_channel,0.1,1.0,,5,5,6.3,2.5142096173549255,3.5500000000000003,10.4,2000.0,0.0,2000,2000,0.13936073059360732,0.04392399766102867,0.09223744292237443,0.21095890410958903,0.11975683890577507,0.019533457766637844,0.10638297872340426,0.1519756838905775,1095.0,0.0,1095,1095,329.0,0.0,329,329,0.6541374186873437,0.3764839780691401,0.23587808990478515,1.2483844057917595,99fc6ef526bc821b82a48435c0a11457653382b1512fd893fda45260071da58a
E1,gaussian_noise,5,partial_channel,0.2,1.0,,5,5,12.969999999999999,2.8230302867663317,8.85,15.7,2000.0,0.0,2000,2000,0.25662100456621006,0.047698867058267015,0.18904109589041096,0.30228310502283107,0.11854103343465046,0.0200469695414482,0.10030395136778116,0.1458966565349544,1095.0,0.0,1095,1095,329.0,0.0,329,329,1.443425685942173,0.37729092537255293,0.880778121471405,1.8223285831212996,99fc6ef526bc821b82a48435c0a11457653382b1512fd893fda45260071da58a
E1,gaussian_noise,5,partial_channel,0.01,1.0,,6,5,0.5599999999999994,0.3798025802966578,0.10000000000000009,1.049999999999998,2000.0,0.0,2000,2000,0.017351598173515982,0.007695113948106263,0.01004566210045662,0.0273972602739726,0.03100303951367781,0.009707428220468883,0.0182370820668693,0.0425531914893617,1095.0,0.0,1095,1095,329.0,0.0,329,329,0.05555644878149033,0.0665013437696897,-0.030924835979938507,0.15375641751289368,99fc6ef526bc821b82a48435c0a11457653382b1512fd893fda45260071da58a
E1,gaussian_noise,5,partial_channel,0.05,1.0,,6,5,3.089999999999999,1.7952715672009074,1.7499999999999987,6.15,2000.0,0.0,2000,2000,0.07543378995433789,0.03296285012139831,0.049315068493150684,0.13150684931506848,0.08753799392097264,0.015106107768740643,0.0668693009118541,0.1033434650455927,1095.0,0.0,1095,1095,329.0,0.0,329,329,0.3023292905211449,0.3063589112391006,0.05383539128303528,0.8094486376643181,99fc6ef526bc821b82a48435c0a11457653382b1512fd893fda45260071da58a
E1,gaussian_noise,5,partial_channel,0.1,1.0,,6,5,6.919999999999999,2.2598672527385326,5.149999999999999,10.65,2000.0,0.0,2000,2000,0.1459360730593607,0.03942519802934477,0.11506849315068493,0.2146118721461187,0.10030395136778114,0.031219815477468292,0.0668693009118541,0.1519756838905775,1095.0,0.0,1095,1095,329.0,0.0,329,329,0.7282923170924187,0.3439599464570116,0.41499243724346163,1.2871847957968712,99fc6ef526bc821b82a48435c0a11457653382b1512fd893fda45260071da58a
E1,gaussian_noise,5,partial_channel,0.2,1.0,,6,5,13.679999999999996,1.8713631395322523,12.099999999999996,15.9,2000.0,0.0,2000,2000,0.2661187214611872,0.03296285012139831,0.2374429223744292,0.3059360730593607,0.11124620060790273,0.014353457693759992,0.09422492401215805,0.1276595744680851,1095.0,0.0,1095,1095,329.0,0.0,329,329,1.5527743900537492,0.2358156493017076,1.3390336499810218,1.8499177458286284,99fc6ef526bc821b82a48435c0a11457653382b1512fd893fda45260071da58a
E1,gaussian_noise,5,partial_channel,0.01,1.0,,7,5,1.379999999999999,0.5911852501542976,0.5500000000000005,2.049999999999999,2000.0,0.0,2000,2000,0.03452054794520548,0.011395416078402972,0.017351598173515982,0.04657534246575343,0.041945288753799395,0.006931157599386856,0.030395136778115502,0.0486322188449848,1095.0,0.0,1095,1095,329.0,0.0,329,329,0.1456535902738571,0.07938950279161056,0.04891159564256668,0.2427996414899826,99fc6ef526bc821b82a48435c0a11457653382b1512fd893fda45260071da58a
E1,gaussian_noise,5,partial_channel,0.05,1.0,,7,5,3.9899999999999993,1.305947931580735,1.899999999999999,5.499999999999999,2000.0,0.0,2000,2000,0.08913242009132419,0.024965103561203284,0.048401826484018265,0.11689497716894977,0.07173252279635259,0.005521550797746186,0.06382978723404255,0.0790273556231003,1095.0,0.0,1095,1095,329.0,0.0,329,329,0.4719001624584198,0.1541063593436339,0.23581787711381913,0.6457571006417274,99fc6ef526bc821b82a48435c0a11457653382b1512fd893fda45260071da58a
E1,gaussian_noise,5,partial_channel,0.1,1.0,,7,5,9.080000000000002,1.206026533704795,7.149999999999998,10.200000000000001,2000.0,0.0,2000,2000,0.1797260273972603,0.02058748099096906,0.15251141552511416,0.2,0.08571428571428572,0.015852163903228328,0.0668693009118541,0.1094224924012158,1095.0,0.0,1095,1095,329.0,0.0,329,329,1.009788706278801,0.16084192181377746,0.7449939871430397,1.182161052465439,99fc6ef526bc821b82a48435c0a11457653382b1512fd893fda45260071da58a
E1,gaussian_noise,5,partial_channel,0.2,1.0,,7,5,19.7,1.886796226411321,17.400000000000002,22.35,2000.0,0.0,2000,2000,0.36383561643835616,0.029070660692673764,0.3360730593607306,0.4091324200913242,0.08206686930091187,0.015044825131628673,0.0668693009118541,0.10638297872340426,1095.0,0.0,1095,1095,329.0,0.0,329,329,2.2059439259290694,0.1687549277562853,1.9999279718995093,2.460153508067131,99fc6ef526bc821b82a48435c0a11457653382b1512fd893fda45260071da58a
E1,gaussian_noise,5,partial_channel,0.01,1.0,,8,5,0.9999999999999982,0.20615528128088315,0.7499999999999979,1.1499999999999981,2000.0,0.0,2000,2000,0.025936073059360732,0.004312591398399121,0.02009132420091324,0.0319634703196347,0.03768996960486322,0.009016654695557038,0.02735562310030395,0.0486322188449848,1095.0,0.0,1095,1095,329.0,0.0,329,329,0.11325746660232543,0.056394275360440484,0.025423165023326873,0.17640018886327744,99fc6ef526bc821b82a48435c0a11457653382b1512fd893fda45260071da58a
E1,gaussian_noise,5,partial_channel,0.05,1.0,,8,5,4.049999999999999,0.8268917704270609,3.25,5.249999999999999,2000.0,0.0,2000,2000,0.0845662100456621,0.01487491544883168,0.0684931506849315,0.10776255707762557,0.050455927051671734,0.012271507135675591,0.03951367781155015,0.06990881458966565,1095.0,0.0,1095,1095,329.0,0.0,329,329,0.4901583953022957,0.08987122046885726,0.36470838940143585,0.6035638242959976,99fc6ef526bc821b82a48435c0a11457653382b1512fd893fda45260071da58a
E1,gaussian_noise,5,partial_channel,0.1,1.0,,8,5,9.66,1.2280065146407009,8.1,11.400000000000002,2000.0,0.0,2000,2000,0.18337899543378997,0.021294406845241823,0.16073059360730593,0.21552511415525114,0.06808510638297872,0.018058906720380484,0.0364741641337386,0.08206686930091185,1095.0,0.0,1095,1095,329.0,0.0,329,329,1.0724891677856445,0.11949719168392632,0.9184652629494667,1.250688824534416,99fc6ef526bc821b82a48435c0a11457653382b1512fd893fda45260071da58a
E1,gaussian_noise,5,partial_channel,0.2,1.0,,8,5,20.8,1.820370841339755,19.549999999999997,24.000000000000004,2000.0,0.0,2000,2000,0.3768036529680365,0.032427164962443314,0.35251141552511417,0.4328767123287671,0.06504559270516716,0.0034655787996934273,0.060790273556231005,0.06990881458966565,1095.0,0.0,1095,1095,329.0,0.0,329,329,2.319597640311718,0.25671543720832407,2.124573590397835,2.7104284266829493,99fc6ef526bc821b82a48435c0a11457653382b1512fd893fda45260071da58a
E1,gaussian_noise,5,partial_channel,0.01,1.0,,9,5,0.779999999999999,0.2489979919597734,0.4500000000000004,1.049999999999998,2000.0,0.0,2000,2000,0.02228310502283105,0.004012033358262794,0.01643835616438356,0.026484018264840183,0.038905775075987845,0.0062291494017991484,0.03343465045592705,0.0486322188449848,1095.0,0.0,1095,1095,329.0,0.0,329,329,0.09886291048526764,0.049698471327727735,0.02793673872947693,0.16487852358818053,99fc6ef526bc821b82a48435c0a11457653382b1512fd893fda45260071da58a
E1,gaussian_noise,5,partial_channel,0.05,1.0,,9,5,3.5999999999999988,0.8774964387392116,2.3999999999999995,4.699999999999998,2000.0,0.0,2000,2000,0.07452054794520549,0.015465909136085148,0.05570776255707763,0.0958904109589041,0.048024316109422496,0.006931157599386857,0.03951367781155015,0.057750759878419454,1095.0,0.0,1095,1095,329.0,0.0,329,329,0.42959649009704587,0.12033889807808762,0.242885749399662,0.5555250269174575,99fc6ef526bc821b82a48435c0a11457653382b1512fd893fda45260071da58a
E1,gaussian_noise,5,partial_channel,0.1,1.0,,9,5,8.47,0.9718538984847463,6.9,9.35,2000.0,0.0,2000,2000,0.16182648401826483,0.015783506451858158,0.13881278538812786,0.17899543378995433,0.06443768996960486,0.01278764982854871,0.05167173252279635,0.08206686930091185,1095.0,0.0,1095,1095,329.0,0.0,329,329,0.9846153038740159,0.10108651054457977,0.8398347926139832,1.1170073816776276,99fc6ef526bc821b82a48435c0a11457653382b1512fd893fda45260071da58a
E1,gaussian_noise,5,partial_channel,0.2,1.0,,9,5,20.009999999999998,1.8046467798436354,18.349999999999998,22.75,2000.0,0.0,2000,2000,0.36255707762557077,0.03150354029344354,0.33515981735159817,0.4100456621004566,0.06626139817629179,0.005846621295340833,0.060790273556231005,0.07598784194528875,1095.0,0.0,1095,1095,329.0,0.0,329,329,2.1991997344613075,0.24088735477301898,2.0041690208911898,2.5282577003240587,99fc6ef526bc821b82a48435c0a11457653382b1512fd893fda45260071da58a
E1,gaussian_noise,5,partial_channel,0.01,1.0,,10,5,0.8799999999999992,0.35106979363083823,0.4500000000000004,1.3499999999999983,2000.0,0.0,2000,2000,0.023196347031963473,0.005939584490048985,0.015525114155251141,0.0319634703196347,0.03465045592705167,0.007926081951614162,0.0243161094224924,0.04559270516717325,1095.0,0.0,1095,1095,329.0,0.0,329,329,0.09057463495731355,0.04369649945384242,0.025005932331085206,0.12717743557691574,99fc6ef526bc821b82a48435c0a11457653382b1512fd893fda45260071da58a
E1,gaussian_noise,5,partial_channel,0.05,1.0,,10,5,3.469999999999999,0.7387489424696316,2.5499999999999994,4.299999999999998,2000.0,0.0,2000,2000,0.07141552511415525,0.014124284879767092,0.052054794520547946,0.08858447488584476,0.046200607902735565,0.012421165192524349,0.030395136778115502,0.057750759878419454,1095.0,0.0,1095,1095,329.0,0.0,329,329,0.41862238098382953,0.11187466613453187,0.2493052135705948,0.5442196198701859,99fc6ef526bc821b82a48435c0a11457653382b1512fd893fda45260071da58a
E1,gaussian_noise,5,partial_channel,0.1,1.0,,10,5,7.799999999999999,0.737394060187631,6.8500000000000005,8.7,2000.0,0.0,2000,2000,0.1508675799086758,0.012360857947535072,0.13789954337899543,0.1689497716894977,0.06747720364741641,0.007867586082398043,0.057750759878419454,0.07598784194528875,1095.0,0.0,1095,1095,329.0,0.0,329,329,0.9237627683281898,0.0661723727357846,0.8591051564216614,1.021565146267414,99fc6ef526bc821b82a48435c0a11457653382b1512fd893fda45260071da58a
E1,gaussian_noise,5,partial_channel,0.2,1.0,,10,5,17.740000000000002,1.5097185168103344,16.45,19.799999999999997,2000.0,0.0,2000,2000,0.3232876712328767,0.026476144318400396,0.3004566210045662,0.3607305936073059,0.06322188449848024,0.006931157599386855,0.0547112462006079,0.06990881458966565,1095.0,0.0,1095,1095,329.0,0.0,329,329,2.0432864672541617,0.2145081203291576,1.8439954664707183,2.297311463356018,99fc6ef526bc821b82a48435c0a11457653382b1512fd893fda45260071da58a
E1,gaussian_noise,5,partial_channel,0.01,1.0,,11,5,0.6699999999999996,0.2514955267991849,0.30000000000000027,0.9999999999999981,2000.0,0.0,2000,2000,0.01990867579908676,0.0036185594075176164,0.014611872146118721,0.024657534246575342,0.03465045592705167,0.007320118284980118,0.0243161094224924,0.0425531914893617,1095.0,0.0,1095,1095,329.0,0.0,329,329,0.0864452466726303,0.04601764235797174,0.014331018149852753,0.12422203785181045,99fc6ef526bc821b82a48435c0a11457653382b1512fd893fda45260071da58a
E1,gaussian_noise,5,partial_channel,0.05,1.0,,11,5,3.15,0.6000000000000005,2.6499999999999995,3.8500000000000005,2000.0,0.0,2000,2000,0.06666666666666668,0.012252427273971453,0.052968036529680365,0.08401826484018265,0.048024316109422496,0.01570578806415053,0.02735562310030395,0.06382978723404255,1095.0,0.0,1095,1095,329.0,0.0,329,329,0.39545158793926244,0.08803972734909288,0.2674907789826393,0.49710584300756455,99fc6ef526bc821b82a48435c0a11457653382b1512fd893fda45260071da58a
E1,gaussian_noise,5,partial_channel,0.1,1.0,,11,5,7.2799999999999985,0.3053686296920485,6.800000000000001,7.649999999999999,2000.0,0.0,2000,2000,0.13716894977168947,0.007231354482129367,0.1324200913242009,0.14977168949771688,0.054711246200607896,0.00886162901952173,0.04559270516717325,0.0668693009118541,1095.0,0.0,1095,1095,329.0,0.0,329,329,0.8876578083872794,0.04103582143414119,0.8437156187295913,0.9511982073783875,99fc6ef526bc821b82a48435c0a11457653382b1512fd893fda45260071da58a
E1,gaussian_noise,5,partial_channel,0.2,1.0,,11,5,16.72,1.2402620690805635,15.6,18.4,2000.0,0.0,2000,2000,0.3055707762557078,0.019260531618577624,0.28858447488584477,0.3287671232876712,0.06261398176291792,0.00792608195161416,0.057750759878419454,0.07598784194528875,1095.0,0.0,1095,1095,329.0,0.0,329,329,1.9738629028201102,0.1867353342788385,1.8112669406533242,2.200825077831745,99fc6ef526bc821b82a48435c0a11457653382b1512fd893fda45260071da58a
E1,gaussian_noise,5,partial_channel,0.01,1.0,,12,5,0.63,0.22248595461286924,0.30000000000000027,0.899999999999998,2000.0,0.0,2000,2000,0.01625570776255708,0.003317972990791772,0.011872146118721462,0.019178082191780823,0.0243161094224924,0.0037226287884242837,0.0182370820668693,0.02735562310030395,1095.0,0.0,1095,1095,329.0,0.0,329,329,0.07815644960403442,0.03735949303411544,0.01999804776906967,0.11889216870069504,99fc6ef526bc821b82a48435c0a11457653382b1512fd893fda45260071da58a
E1,gaussian_noise,5,partial_channel,0.05,1.0,,12,5,2.599999999999999,0.4486089611231594,2.149999999999999,3.25,2000.0,0.0,2000,2000,0.055159817351598174,0.00805518797121459,0.042922374429223746,0.0639269406392694,0.04012158054711246,0.014481616108901637,0.0243161094224924,0.060790273556231005,1095.0,0.0,1095,1095,329.0,0.0,329,329,0.35763686435222625,0.07851486280770055,0.2336268398761749,0.4350745413303375,99fc6ef526bc821b82a48435c0a11457653382b1512fd893fda45260071da58a
E1,gaussian_noise,5,partial_channel,0.1,1.0,,12,5,6.17,0.4658325879540852,5.549999999999999,6.6000000000000005,2000.0,0.0,2000,2000,0.11598173515981736,0.005953609502468173,0.1095890410958904,0.1223744292237443,0.04559270516717325,0.012346562924978663,0.02735562310030395,0.057750759878419454,1095.0,0.0,1095,1095,329.0,0.0,329,329,0.8080246036529541,0.04325311124281618,0.7649524696469306,0.8582286434173584,99fc6ef526bc821b82a48435c0a11457653382b1512fd893fda45260071da58a
E1,gaussian_noise,5,partial_channel,0.2,1.0,,12,5,14.77,1.0053606318132822,13.649999999999999,15.9,2000.0,0.0,2000,2000,0.2703196347031963,0.019297302839374832,0.24383561643835616,0.28949771689497716,0.055319148936170216,0.005437247361701617,0.0486322188449848,0.060790273556231005,1095.0,0.0,1095,1095,329.0,0.0,329,329,1.8076516671895981,0.13827556792965923,1.6974681661128999,2.0308186140656472,99fc6ef526bc821b82a48435c0a11457653382b1512fd893fda45260071da58a
E1,gaussian_noise,5,partial_channel,0.01,1.0,,13,5,0.869999999999999,0.23611437906235064,0.6000000000000005,1.1499999999999981,2000.0,0.0,2000,2000,0.019726027397260273,0.002102440992369195,0.01643835616438356,0.021917808219178082,0.019452887537993922,0.008756753976223667,0.00911854103343465,0.030395136778115502,1095.0,0.0,1095,1095,329.0,0.0,329,329,0.11028668100833894,0.020046312720169816,0.093372789144516,0.13600711208581925,99fc6ef526bc821b82a48435c0a11457653382b1512fd893fda45260071da58a
E1,gaussian_noise,5,partial_channel,0.05,1.0,,13,5,4.019999999999998,0.12549900398011163,3.8999999999999977,4.199999999999998,2000.0,0.0,2000,2000,0.07963470319634704,0.0035604728200215397,0.07579908675799087,0.08493150684931507,0.044984802431610946,0.012043533590370184,0.03343465045592705,0.060790273556231005,1095.0,0.0,1095,1095,329.0,0.0,329,329,0.5484268292784691,0.10626186441660941,0.3825665771365166,0.6451623958945274,99fc6ef526bc821b82a48435c0a11457653382b1512fd893fda45260071da58a
E1,gaussian_noise,5,partial_channel,0.1,1.0,,13,5,7.83,0.7102816342831904,6.950000000000001,8.6,2000.0,0.0,2000,2000,0.15013698630136987,0.011508298814263643,0.13789954337899543,0.1643835616438356,0.060182370820668685,0.012421165192524345,0.0486322188449848,0.07598784194528875,1095.0,0.0,1095,1095,329.0,0.0,329,329,0.9692864531874656,0.10175637376135503,0.8440590286254883,1.1106906579732896,99fc6ef526bc821b82a48435c0a11457653382b1512fd893fda45260071da58a
E1,gaussian_noise,5,partial_channel,0.2,1.0,,13,5,16.36,1.3575713609236157,14.299999999999999,17.999999999999996,2000.0,0.0,2000,2000,0.29771689497716897,0.022976704338646802,0.2639269406392694,0.3269406392694064,0.0662613981762918,0.013994971955284301,0.0486322188449848,0.08206686930091185,1095.0,0.0,1095,1095,329.0,0.0,329,329,2.0454586782574653,0.11072509734524419,1.864531652033329,2.157934222817421,99fc6ef526bc821b82a48435c0a11457653382b1512fd893fda45260071da58a
E1,gaussian_noise,5,partial_channel,0.01,1.0,,14,5,0.9099999999999987,0.22472205054244154,0.6000000000000005,1.1499999999999981,2000.0,0.0,2000,2000,0.018812785388127855,0.004114659479842488,0.011872146118721462,0.021917808219178082,0.01337386018237082,0.005925102945172622,0.00911854103343465,0.02127659574468085,1095.0,0.0,1095,1095,329.0,0.0,329,329,0.12486229230165483,0.022716527630705863,0.10326141089200974,0.1608210604786873,99fc6ef526bc821b82a48435c0a11457653382b1512fd893fda45260071da58a
E1,gaussian_noise,5,partial_channel,0.05,1.0,,14,5,4.019999999999999,0.16807736313971522,3.7500000000000004,4.199999999999998,2000.0,0.0,2000,2000,0.07671232876712328,0.0042834847121675165,0.07123287671232877,0.08310502283105023,0.03100303951367781,0.009466511551609384,0.02127659574468085,0.0425531914893617,1095.0,0.0,1095,1095,329.0,0.0,329,329,0.5594978401660919,0.10869879612288755,0.3831622571349144,0.6631814522147179,99fc6ef526bc821b82a48435c0a11457653382b1512fd893fda45260071da58a
E1,gaussian_noise,5,partial_channel,0.1,1.0,,14,5,7.739999999999999,0.6248999919987202,7.049999999999998,8.7,2000.0,0.0,2000,2000,0.14484018264840182,0.009612929583153067,0.13424657534246576,0.1598173515981735,0.050455927051671734,0.004077935521276213,0.04559270516717325,0.0547112462006079,1095.0,0.0,1095,1095,329.0,0.0,329,329,0.9948654688835145,0.08575011115951683,0.8454433908462524,1.0633362345099449,99fc6ef526bc821b82a48435c0a11457653382b1512fd893fda45260071da58a
E1,gaussian_noise,5,partial_channel,0.2,1.0,,14,5,16.15,1.3734081694820364,14.499999999999998,17.999999999999996,2000.0,0.0,2000,2000,0.2902283105022831,0.025484197852651228,0.2602739726027397,0.32602739726027397,0.060790273556231,0.0100809264144541,0.0486322188449848,0.06990881458966565,1095.0,0.0,1095,1095,329.0,0.0,329,329,2.055992188692093,0.1024345393254231,1.9088501907587052,2.155009447157383,99fc6ef526bc821b82a48435c0a11457653382b1512fd893fda45260071da58a
E1,gaussian_noise,5,partial_channel,0.01,1.0,,15,5,0.849999999999999,0.18371173070873734,0.7000000000000006,1.049999999999998,2000.0,0.0,2000,2000,0.016073059360730592,0.003687055568618511,0.011872146118721462,0.02009132420091324,0.00911854103343465,0.004805893100559847,0.00303951367781155,0.015197568389057751,1095.0,0.0,1095,1095,329.0,0.0,329,329,0.12119428398609162,0.015296703526582146,0.1042742299437523,0.1375726301074028,99fc6ef526bc821b82a48435c0a11457653382b1512fd893fda45260071da58a
E1,gaussian_noise,5,partial_channel,0.05,1.0,,15,5,3.939999999999999,0.3489269264473573,3.45,4.399999999999999,2000.0,0.0,2000,2000,0.07579908675799087,0.007391056646684313,0.06666666666666667,0.08493150684931507,0.02613981762917933,0.007629118782985491,0.015197568389057751,0.0364741641337386,1095.0,0.0,1095,1095,329.0,0.0,329,329,0.5940023229598999,0.0807509105816613,0.512794928431511,0.6821892601251602,99fc6ef526bc821b82a48435c0a11457653382b1512fd893fda45260071da58a
E1,gaussian_noise,5,partial_channel,0.1,1.0,,15,5,8.34,0.5770615218501411,7.549999999999998,9.15,2000.0,0.0,2000,2000,0.15305936073059362,0.009100400488294512,0.14063926940639268,0.16529680365296803,0.03100303951367781,0.008703842591657357,0.02127659574468085,0.0425531914893617,1095.0,0.0,1095,1095,329.0,0.0,329,329,1.1537189099431038,0.10633228166025664,1.0231804967522622,1.2669786388278008,99fc6ef526bc821b82a48435c0a11457653382b1512fd893fda45260071da58a
E1,gaussian_noise,5,partial_channel,0.2,1.0,,15,5,18.689999999999998,1.657332193617199,16.400000000000002,20.65,2000.0,0.0,2000,2000,0.33461187214611876,0.029967699436703105,0.29497716894977166,0.37168949771689497,0.03768996960486322,0.01021746888387332,0.02127659574468085,0.0486322188449848,1095.0,0.0,1095,1095,329.0,0.0,329,329,2.2124795663952828,0.15615389886123118,1.9971139682531356,2.3854209198355676,99fc6ef526bc821b82a48435c0a11457653382b1512fd893fda45260071da58a
E1,gaussian_noise,5,none,0.01,1.0,,0,1,0.0,,0.0,0.0,2000.0,,2000,2000,0.0,,0.0,0.0,0.0,,0.0,0.0,1095.0,,1095,1095,329.0,,329,329,0.0,,0.0,0.0,99fc6ef526bc821b82a48435c0a11457653382b1512fd893fda45260071da58a
E1,gaussian_noise,5,none,0.01,1.0,,1,1,0.0,,0.0,0.0,2000.0,,2000,2000,0.0,,0.0,0.0,0.0,,0.0,0.0,1095.0,,1095,1095,329.0,,329,329,0.0,,0.0,0.0,99fc6ef526bc821b82a48435c0a11457653382b1512fd893fda45260071da58a
E1,gaussian_noise,5,none,0.01,1.0,,2,1,0.0,,0.0,0.0,2000.0,,2000,2000,0.0,,0.0,0.0,0.0,,0.0,0.0,1095.0,,1095,1095,329.0,,329,329,0.0,,0.0,0.0,99fc6ef526bc821b82a48435c0a11457653382b1512fd893fda45260071da58a
E1,gaussian_noise,5,none,0.01,1.0,,3,1,0.0,,0.0,0.0,2000.0,,2000,2000,0.0,,0.0,0.0,0.0,,0.0,0.0,1095.0,,1095,1095,329.0,,329,329,0.0,,0.0,0.0,99fc6ef526bc821b82a48435c0a11457653382b1512fd893fda45260071da58a
E1,gaussian_noise,5,none,0.01,1.0,,4,1,0.0,,0.0,0.0,2000.0,,2000,2000,0.0,,0.0,0.0,0.0,,0.0,0.0,1095.0,,1095,1095,329.0,,329,329,0.0,,0.0,0.0,99fc6ef526bc821b82a48435c0a11457653382b1512fd893fda45260071da58a
E1,gaussian_noise,5,none,0.01,1.0,,5,1,0.0,,0.0,0.0,2000.0,,2000,2000,0.0,,0.0,0.0,0.0,,0.0,0.0,1095.0,,1095,1095,329.0,,329,329,0.0,,0.0,0.0,99fc6ef526bc821b82a48435c0a11457653382b1512fd893fda45260071da58a
E1,gaussian_noise,5,none,0.01,1.0,,6,1,0.0,,0.0,0.0,2000.0,,2000,2000,0.0,,0.0,0.0,0.0,,0.0,0.0,1095.0,,1095,1095,329.0,,329,329,0.0,,0.0,0.0,99fc6ef526bc821b82a48435c0a11457653382b1512fd893fda45260071da58a
E1,gaussian_noise,5,none,0.01,1.0,,7,1,0.0,,0.0,0.0,2000.0,,2000,2000,0.0,,0.0,0.0,0.0,,0.0,0.0,1095.0,,1095,1095,329.0,,329,329,0.0,,0.0,0.0,99fc6ef526bc821b82a48435c0a11457653382b1512fd893fda45260071da58a
E1,gaussian_noise,5,none,0.01,1.0,,8,1,0.0,,0.0,0.0,2000.0,,2000,2000,0.0,,0.0,0.0,0.0,,0.0,0.0,1095.0,,1095,1095,329.0,,329,329,0.0,,0.0,0.0,99fc6ef526bc821b82a48435c0a11457653382b1512fd893fda45260071da58a
E1,gaussian_noise,5,none,0.01,1.0,,9,1,0.0,,0.0,0.0,2000.0,,2000,2000,0.0,,0.0,0.0,0.0,,0.0,0.0,1095.0,,1095,1095,329.0,,329,329,0.0,,0.0,0.0,99fc6ef526bc821b82a48435c0a11457653382b1512fd893fda45260071da58a
E1,gaussian_noise,5,none,0.01,1.0,,10,1,0.0,,0.0,0.0,2000.0,,2000,2000,0.0,,0.0,0.0,0.0,,0.0,0.0,1095.0,,1095,1095,329.0,,329,329,0.0,,0.0,0.0,99fc6ef526bc821b82a48435c0a11457653382b1512fd893fda45260071da58a
E1,gaussian_noise,5,none,0.01,1.0,,11,1,0.0,,0.0,0.0,2000.0,,2000,2000,0.0,,0.0,0.0,0.0,,0.0,0.0,1095.0,,1095,1095,329.0,,329,329,0.0,,0.0,0.0,99fc6ef526bc821b82a48435c0a11457653382b1512fd893fda45260071da58a
E1,gaussian_noise,5,none,0.01,1.0,,12,1,0.0,,0.0,0.0,2000.0,,2000,2000,0.0,,0.0,0.0,0.0,,0.0,0.0,1095.0,,1095,1095,329.0,,329,329,0.0,,0.0,0.0,99fc6ef526bc821b82a48435c0a11457653382b1512fd893fda45260071da58a
E1,gaussian_noise,5,none,0.01,1.0,,13,1,0.0,,0.0,0.0,2000.0,,2000,2000,0.0,,0.0,0.0,0.0,,0.0,0.0,1095.0,,1095,1095,329.0,,329,329,0.0,,0.0,0.0,99fc6ef526bc821b82a48435c0a11457653382b1512fd893fda45260071da58a
E1,gaussian_noise,5,none,0.01,1.0,,14,1,0.0,,0.0,0.0,2000.0,,2000,2000,0.0,,0.0,0.0,0.0,,0.0,0.0,1095.0,,1095,1095,329.0,,329,329,0.0,,0.0,0.0,99fc6ef526bc821b82a48435c0a11457653382b1512fd893fda45260071da58a
E1,gaussian_noise,5,none,0.01,1.0,,15,1,0.0,,0.0,0.0,2000.0,,2000,2000,0.0,,0.0,0.0,0.0,,0.0,0.0,1095.0,,1095,1095,329.0,,329,329,0.0,,0.0,0.0,99fc6ef526bc821b82a48435c0a11457653382b1512fd893fda45260071da58a
E1,gaussian_noise,5,clean_to_clean,0.01,1.0,,0,1,53.1,,53.1,53.1,2000.0,,2000,2000,1.0,,1.0,1.0,0.10030395136778116,,0.10030395136778116,0.10030395136778116,1095.0,,1095,1095,329.0,,329,329,7.7385186821818355,,7.7385186821818355,7.7385186821818355,99fc6ef526bc821b82a48435c0a11457653382b1512fd893fda45260071da58a
E1,gaussian_noise,5,clean_to_clean,0.01,1.0,,1,1,53.1,,53.1,53.1,2000.0,,2000,2000,1.0,,1.0,1.0,0.10030395136778116,,0.10030395136778116,0.10030395136778116,1095.0,,1095,1095,329.0,,329,329,7.7385186821818355,,7.7385186821818355,7.7385186821818355,99fc6ef526bc821b82a48435c0a11457653382b1512fd893fda45260071da58a
E1,gaussian_noise,5,clean_to_clean,0.01,1.0,,2,1,53.1,,53.1,53.1,2000.0,,2000,2000,1.0,,1.0,1.0,0.10030395136778116,,0.10030395136778116,0.10030395136778116,1095.0,,1095,1095,329.0,,329,329,7.7385186821818355,,7.7385186821818355,7.7385186821818355,99fc6ef526bc821b82a48435c0a11457653382b1512fd893fda45260071da58a
E1,gaussian_noise,5,clean_to_clean,0.01,1.0,,3,1,53.1,,53.1,53.1,2000.0,,2000,2000,1.0,,1.0,1.0,0.10030395136778116,,0.10030395136778116,0.10030395136778116,1095.0,,1095,1095,329.0,,329,329,7.7385186821818355,,7.7385186821818355,7.7385186821818355,99fc6ef526bc821b82a48435c0a11457653382b1512fd893fda45260071da58a
E1,gaussian_noise,5,clean_to_clean,0.01,1.0,,4,1,53.1,,53.1,53.1,2000.0,,2000,2000,1.0,,1.0,1.0,0.10030395136778116,,0.10030395136778116,0.10030395136778116,1095.0,,1095,1095,329.0,,329,329,7.7385186821818355,,7.7385186821818355,7.7385186821818355,99fc6ef526bc821b82a48435c0a11457653382b1512fd893fda45260071da58a
E1,gaussian_noise,5,clean_to_clean,0.01,1.0,,5,1,53.1,,53.1,53.1,2000.0,,2000,2000,1.0,,1.0,1.0,0.10030395136778116,,0.10030395136778116,0.10030395136778116,1095.0,,1095,1095,329.0,,329,329,7.7385186821818355,,7.7385186821818355,7.7385186821818355,99fc6ef526bc821b82a48435c0a11457653382b1512fd893fda45260071da58a
E1,gaussian_noise,5,clean_to_clean,0.01,1.0,,6,1,53.1,,53.1,53.1,2000.0,,2000,2000,1.0,,1.0,1.0,0.10030395136778116,,0.10030395136778116,0.10030395136778116,1095.0,,1095,1095,329.0,,329,329,7.7385186821818355,,7.7385186821818355,7.7385186821818355,99fc6ef526bc821b82a48435c0a11457653382b1512fd893fda45260071da58a
E1,gaussian_noise,5,clean_to_clean,0.01,1.0,,7,1,53.1,,53.1,53.1,2000.0,,2000,2000,1.0,,1.0,1.0,0.10030395136778116,,0.10030395136778116,0.10030395136778116,1095.0,,1095,1095,329.0,,329,329,7.7385186821818355,,7.7385186821818355,7.7385186821818355,99fc6ef526bc821b82a48435c0a11457653382b1512fd893fda45260071da58a
E1,gaussian_noise,5,clean_to_clean,0.01,1.0,,8,1,53.1,,53.1,53.1,2000.0,,2000,2000,1.0,,1.0,1.0,0.10030395136778116,,0.10030395136778116,0.10030395136778116,1095.0,,1095,1095,329.0,,329,329,7.7385186821818355,,7.7385186821818355,7.7385186821818355,99fc6ef526bc821b82a48435c0a11457653382b1512fd893fda45260071da58a
E1,gaussian_noise,5,clean_to_clean,0.01,1.0,,9,1,53.1,,53.1,53.1,2000.0,,2000,2000,1.0,,1.0,1.0,0.10030395136778116,,0.10030395136778116,0.10030395136778116,1095.0,,1095,1095,329.0,,329,329,7.7385186821818355,,7.7385186821818355,7.7385186821818355,99fc6ef526bc821b82a48435c0a11457653382b1512fd893fda45260071da58a
E1,gaussian_noise,5,clean_to_clean,0.01,1.0,,10,1,53.1,,53.1,53.1,2000.0,,2000,2000,1.0,,1.0,1.0,0.10030395136778116,,0.10030395136778116,0.10030395136778116,1095.0,,1095,1095,329.0,,329,329,7.7385186821818355,,7.7385186821818355,7.7385186821818355,99fc6ef526bc821b82a48435c0a11457653382b1512fd893fda45260071da58a
E1,gaussian_noise,5,clean_to_clean,0.01,1.0,,11,1,53.1,,53.1,53.1,2000.0,,2000,2000,1.0,,1.0,1.0,0.10030395136778116,,0.10030395136778116,0.10030395136778116,1095.0,,1095,1095,329.0,,329,329,7.7385186821818355,,7.7385186821818355,7.7385186821818355,99fc6ef526bc821b82a48435c0a11457653382b1512fd893fda45260071da58a
E1,gaussian_noise,5,clean_to_clean,0.01,1.0,,12,1,53.1,,53.1,53.1,2000.0,,2000,2000,1.0,,1.0,1.0,0.10030395136778116,,0.10030395136778116,0.10030395136778116,1095.0,,1095,1095,329.0,,329,329,7.7385186821818355,,7.7385186821818355,7.7385186821818355,99fc6ef526bc821b82a48435c0a11457653382b1512fd893fda45260071da58a
E1,gaussian_noise,5,clean_to_clean,0.01,1.0,,13,1,53.1,,53.1,53.1,2000.0,,2000,2000,1.0,,1.0,1.0,0.10030395136778116,,0.10030395136778116,0.10030395136778116,1095.0,,1095,1095,329.0,,329,329,7.7385186821818355,,7.7385186821818355,7.7385186821818355,99fc6ef526bc821b82a48435c0a11457653382b1512fd893fda45260071da58a
E1,gaussian_noise,5,clean_to_clean,0.01,1.0,,14,1,53.1,,53.1,53.1,2000.0,,2000,2000,1.0,,1.0,1.0,0.10030395136778116,,0.10030395136778116,0.10030395136778116,1095.0,,1095,1095,329.0,,329,329,7.7385186821818355,,7.7385186821818355,7.7385186821818355,99fc6ef526bc821b82a48435c0a11457653382b1512fd893fda45260071da58a
E1,gaussian_noise,5,clean_to_clean,0.01,1.0,,15,1,53.1,,53.1,53.1,2000.0,,2000,2000,1.0,,1.0,1.0,0.10030395136778116,,0.10030395136778116,0.10030395136778116,1095.0,,1095,1095,329.0,,329,329,7.7385186821818355,,7.7385186821818355,7.7385186821818355,99fc6ef526bc821b82a48435c0a11457653382b1512fd893fda45260071da58a
E1,gaussian_noise,5,full_state,0.01,1.0,,0,1,53.1,,53.1,53.1,2000.0,,2000,2000,1.0,,1.0,1.0,0.10030395136778116,,0.10030395136778116,0.10030395136778116,1095.0,,1095,1095,329.0,,329,329,7.7385186821818355,,7.7385186821818355,7.7385186821818355,99fc6ef526bc821b82a48435c0a11457653382b1512fd893fda45260071da58a
E1,gaussian_noise,5,full_state,0.01,1.0,,1,1,53.1,,53.1,53.1,2000.0,,2000,2000,1.0,,1.0,1.0,0.10030395136778116,,0.10030395136778116,0.10030395136778116,1095.0,,1095,1095,329.0,,329,329,7.7385186821818355,,7.7385186821818355,7.7385186821818355,99fc6ef526bc821b82a48435c0a11457653382b1512fd893fda45260071da58a
E1,gaussian_noise,5,full_state,0.01,1.0,,2,1,53.1,,53.1,53.1,2000.0,,2000,2000,1.0,,1.0,1.0,0.10030395136778116,,0.10030395136778116,0.10030395136778116,1095.0,,1095,1095,329.0,,329,329,7.7385186821818355,,7.7385186821818355,7.7385186821818355,99fc6ef526bc821b82a48435c0a11457653382b1512fd893fda45260071da58a
E1,gaussian_noise,5,full_state,0.01,1.0,,3,1,53.1,,53.1,53.1,2000.0,,2000,2000,1.0,,1.0,1.0,0.10030395136778116,,0.10030395136778116,0.10030395136778116,1095.0,,1095,1095,329.0,,329,329,7.7385186821818355,,7.7385186821818355,7.7385186821818355,99fc6ef526bc821b82a48435c0a11457653382b1512fd893fda45260071da58a
E1,gaussian_noise,5,full_state,0.01,1.0,,4,1,53.1,,53.1,53.1,2000.0,,2000,2000,1.0,,1.0,1.0,0.10030395136778116,,0.10030395136778116,0.10030395136778116,1095.0,,1095,1095,329.0,,329,329,7.7385186821818355,,7.7385186821818355,7.7385186821818355,99fc6ef526bc821b82a48435c0a11457653382b1512fd893fda45260071da58a
E1,gaussian_noise,5,full_state,0.01,1.0,,5,1,53.1,,53.1,53.1,2000.0,,2000,2000,1.0,,1.0,1.0,0.10030395136778116,,0.10030395136778116,0.10030395136778116,1095.0,,1095,1095,329.0,,329,329,7.7385186821818355,,7.7385186821818355,7.7385186821818355,99fc6ef526bc821b82a48435c0a11457653382b1512fd893fda45260071da58a
E1,gaussian_noise,5,full_state,0.01,1.0,,6,1,53.1,,53.1,53.1,2000.0,,2000,2000,1.0,,1.0,1.0,0.10030395136778116,,0.10030395136778116,0.10030395136778116,1095.0,,1095,1095,329.0,,329,329,7.7385186821818355,,7.7385186821818355,7.7385186821818355,99fc6ef526bc821b82a48435c0a11457653382b1512fd893fda45260071da58a
E1,gaussian_noise,5,full_state,0.01,1.0,,7,1,53.1,,53.1,53.1,2000.0,,2000,2000,1.0,,1.0,1.0,0.10030395136778116,,0.10030395136778116,0.10030395136778116,1095.0,,1095,1095,329.0,,329,329,7.7385186821818355,,7.7385186821818355,7.7385186821818355,99fc6ef526bc821b82a48435c0a11457653382b1512fd893fda45260071da58a
E1,gaussian_noise,5,full_state,0.01,1.0,,8,1,53.1,,53.1,53.1,2000.0,,2000,2000,1.0,,1.0,1.0,0.10030395136778116,,0.10030395136778116,0.10030395136778116,1095.0,,1095,1095,329.0,,329,329,7.7385186821818355,,7.7385186821818355,7.7385186821818355,99fc6ef526bc821b82a48435c0a11457653382b1512fd893fda45260071da58a
E1,gaussian_noise,5,full_state,0.01,1.0,,9,1,53.1,,53.1,53.1,2000.0,,2000,2000,1.0,,1.0,1.0,0.10030395136778116,,0.10030395136778116,0.10030395136778116,1095.0,,1095,1095,329.0,,329,329,7.7385186821818355,,7.7385186821818355,7.7385186821818355,99fc6ef526bc821b82a48435c0a11457653382b1512fd893fda45260071da58a
E1,gaussian_noise,5,full_state,0.01,1.0,,10,1,53.1,,53.1,53.1,2000.0,,2000,2000,1.0,,1.0,1.0,0.10030395136778116,,0.10030395136778116,0.10030395136778116,1095.0,,1095,1095,329.0,,329,329,7.7385186821818355,,7.7385186821818355,7.7385186821818355,99fc6ef526bc821b82a48435c0a11457653382b1512fd893fda45260071da58a
E1,gaussian_noise,5,full_state,0.01,1.0,,11,1,53.1,,53.1,53.1,2000.0,,2000,2000,1.0,,1.0,1.0,0.10030395136778116,,0.10030395136778116,0.10030395136778116,1095.0,,1095,1095,329.0,,329,329,7.7385186821818355,,7.7385186821818355,7.7385186821818355,99fc6ef526bc821b82a48435c0a11457653382b1512fd893fda45260071da58a
E1,gaussian_noise,5,full_state,0.01,1.0,,12,1,53.1,,53.1,53.1,2000.0,,2000,2000,1.0,,1.0,1.0,0.10030395136778116,,0.10030395136778116,0.10030395136778116,1095.0,,1095,1095,329.0,,329,329,7.7385186821818355,,7.7385186821818355,7.7385186821818355,99fc6ef526bc821b82a48435c0a11457653382b1512fd893fda45260071da58a
E1,gaussian_noise,5,full_state,0.01,1.0,,13,1,53.1,,53.1,53.1,2000.0,,2000,2000,1.0,,1.0,1.0,0.10030395136778116,,0.10030395136778116,0.10030395136778116,1095.0,,1095,1095,329.0,,329,329,7.7385186821818355,,7.7385186821818355,7.7385186821818355,99fc6ef526bc821b82a48435c0a11457653382b1512fd893fda45260071da58a
E1,gaussian_noise,5,full_state,0.01,1.0,,14,1,53.1,,53.1,53.1,2000.0,,2000,2000,1.0,,1.0,1.0,0.10030395136778116,,0.10030395136778116,0.10030395136778116,1095.0,,1095,1095,329.0,,329,329,7.7385186821818355,,7.7385186821818355,7.7385186821818355,99fc6ef526bc821b82a48435c0a11457653382b1512fd893fda45260071da58a
E1,gaussian_noise,5,full_state,0.01,1.0,,15,1,53.1,,53.1,53.1,2000.0,,2000,2000,1.0,,1.0,1.0,0.10030395136778116,,0.10030395136778116,0.10030395136778116,1095.0,,1095,1095,329.0,,329,329,7.7385186821818355,,7.7385186821818355,7.7385186821818355,99fc6ef526bc821b82a48435c0a11457653382b1512fd893fda45260071da58a
E1,gaussian_noise,5,random_direction,0.01,1.0,,0,1,0.30000000000000027,,0.30000000000000027,0.30000000000000027,2000.0,,2000,2000,0.011872146118721462,,0.011872146118721462,0.011872146118721462,0.030395136778115502,,0.030395136778115502,0.030395136778115502,1095.0,,1095,1095,329.0,,329,329,-0.011373758435249329,,-0.011373758435249329,-0.011373758435249329,99fc6ef526bc821b82a48435c0a11457653382b1512fd893fda45260071da58a
E1,gaussian_noise,5,random_direction,0.01,1.0,,1,1,0.20000000000000018,,0.20000000000000018,0.20000000000000018,2000.0,,2000,2000,0.01004566210045662,,0.01004566210045662,0.01004566210045662,0.030395136778115502,,0.030395136778115502,0.030395136778115502,1095.0,,1095,1095,329.0,,329,329,-0.014473766148090362,,-0.014473766148090362,-0.014473766148090362,99fc6ef526bc821b82a48435c0a11457653382b1512fd893fda45260071da58a
E1,gaussian_noise,5,random_direction,0.01,1.0,,2,1,0.10000000000000009,,0.10000000000000009,0.10000000000000009,2000.0,,2000,2000,0.01004566210045662,,0.01004566210045662,0.01004566210045662,0.030395136778115502,,0.030395136778115502,0.030395136778115502,1095.0,,1095,1095,329.0,,329,329,-0.004226371467113495,,-0.004226371467113495,-0.004226371467113495,99fc6ef526bc821b82a48435c0a11457653382b1512fd893fda45260071da58a
E1,gaussian_noise,5,random_direction,0.01,1.0,,3,1,0.15000000000000013,,0.15000000000000013,0.15000000000000013,2000.0,,2000,2000,0.00821917808219178,,0.00821917808219178,0.00821917808219178,0.0243161094224924,,0.0243161094224924,0.0243161094224924,1095.0,,1095,1095,329.0,,329,329,0.00678412801027298,,0.00678412801027298,0.00678412801027298,99fc6ef526bc821b82a48435c0a11457653382b1512fd893fda45260071da58a
E1,gaussian_noise,5,random_direction,0.01,1.0,,4,1,-0.10000000000000009,,-0.10000000000000009,-0.10000000000000009,2000.0,,2000,2000,0.00821917808219178,,0.00821917808219178,0.00821917808219178,0.03343465045592705,,0.03343465045592705,0.03343465045592705,1095.0,,1095,1095,329.0,,329,329,-0.026963879466056825,,-0.026963879466056825,-0.026963879466056825,99fc6ef526bc821b82a48435c0a11457653382b1512fd893fda45260071da58a
E1,gaussian_noise,5,random_direction,0.01,1.0,,5,1,0.10000000000000009,,0.10000000000000009,0.10000000000000009,2000.0,,2000,2000,0.0091324200913242,,0.0091324200913242,0.0091324200913242,0.030395136778115502,,0.030395136778115502,0.030395136778115502,1095.0,,1095,1095,329.0,,329,329,-0.011605034410953521,,-0.011605034410953521,-0.011605034410953521,99fc6ef526bc821b82a48435c0a11457653382b1512fd893fda45260071da58a
E1,gaussian_noise,5,random_direction,0.01,1.0,,6,1,-0.050000000000000044,,-0.050000000000000044,-0.050000000000000044,2000.0,,2000,2000,0.0045662100456621,,0.0045662100456621,0.0045662100456621,0.0182370820668693,,0.0182370820668693,0.0182370820668693,1095.0,,1095,1095,329.0,,329,329,-0.016542322039604186,,-0.016542322039604186,-0.016542322039604186,99fc6ef526bc821b82a48435c0a11457653382b1512fd893fda45260071da58a
E1,gaussian_noise,5,random_direction,0.01,1.0,,7,1,-0.10000000000000009,,-0.10000000000000009,-0.10000000000000009,2000.0,,2000,2000,0.005479452054794521,,0.005479452054794521,0.005479452054794521,0.02735562310030395,,0.02735562310030395,0.02735562310030395,1095.0,,1095,1095,329.0,,329,329,0.010754147946834564,,0.010754147946834564,0.010754147946834564,99fc6ef526bc821b82a48435c0a11457653382b1512fd893fda45260071da58a
E1,gaussian_noise,5,random_direction,0.01,1.0,,8,1,0.20000000000000018,,0.20000000000000018,0.20000000000000018,2000.0,,2000,2000,0.0091324200913242,,0.0091324200913242,0.0091324200913242,0.0182370820668693,,0.0182370820668693,0.0182370820668693,1095.0,,1095,1095,329.0,,329,329,-0.00706294322013855,,-0.00706294322013855,-0.00706294322013855,99fc6ef526bc821b82a48435c0a11457653382b1512fd893fda45260071da58a
E1,gaussian_noise,5,random_direction,0.01,1.0,,9,1,0.10000000000000009,,0.10000000000000009,0.10000000000000009,2000.0,,2000,2000,0.0073059360730593605,,0.0073059360730593605,0.0073059360730593605,0.02127659574468085,,0.02127659574468085,0.02127659574468085,1095.0,,1095,1095,329.0,,329,329,0.006002695679664612,,0.006002695679664612,0.006002695679664612,99fc6ef526bc821b82a48435c0a11457653382b1512fd893fda45260071da58a
E1,gaussian_noise,5,random_direction,0.01,1.0,,10,1,0.20000000000000018,,0.20000000000000018,0.20000000000000018,2000.0,,2000,2000,0.0073059360730593605,,0.0073059360730593605,0.0073059360730593605,0.015197568389057751,,0.015197568389057751,0.015197568389057751,1095.0,,1095,1095,329.0,,329,329,0.007920288681983948,,0.007920288681983948,0.007920288681983948,99fc6ef526bc821b82a48435c0a11457653382b1512fd893fda45260071da58a
E1,gaussian_noise,5,random_direction,0.01,1.0,,11,1,0.20000000000000018,,0.20000000000000018,0.20000000000000018,2000.0,,2000,2000,0.0045662100456621,,0.0045662100456621,0.0045662100456621,0.00911854103343465,,0.00911854103343465,0.00911854103343465,1095.0,,1095,1095,329.0,,329,329,0.00754426521062851,,0.00754426521062851,0.00754426521062851,99fc6ef526bc821b82a48435c0a11457653382b1512fd893fda45260071da58a
E1,gaussian_noise,5,random_direction,0.01,1.0,,12,1,0.0,,0.0,0.0,2000.0,,2000,2000,0.0036529680365296802,,0.0036529680365296802,0.0036529680365296802,0.015197568389057751,,0.015197568389057751,0.015197568389057751,1095.0,,1095,1095,329.0,,329,329,-0.011596542418003081,,-0.011596542418003081,-0.011596542418003081,99fc6ef526bc821b82a48435c0a11457653382b1512fd893fda45260071da58a
E1,gaussian_noise,5,random_direction,0.01,1.0,,13,1,0.050000000000000044,,0.050000000000000044,0.050000000000000044,2000.0,,2000,2000,0.0018264840182648401,,0.0018264840182648401,0.0018264840182648401,0.0060790273556231,,0.0060790273556231,0.0060790273556231,1095.0,,1095,1095,329.0,,329,329,-0.0042371730804443355,,-0.0042371730804443355,-0.0042371730804443355,99fc6ef526bc821b82a48435c0a11457653382b1512fd893fda45260071da58a
E1,gaussian_noise,5,random_direction,0.01,1.0,,14,1,0.050000000000000044,,0.050000000000000044,0.050000000000000044,2000.0,,2000,2000,0.0018264840182648401,,0.0018264840182648401,0.0018264840182648401,0.0060790273556231,,0.0060790273556231,0.0060790273556231,1095.0,,1095,1095,329.0,,329,329,-0.005108007967472077,,-0.005108007967472077,-0.005108007967472077,99fc6ef526bc821b82a48435c0a11457653382b1512fd893fda45260071da58a
E1,gaussian_noise,5,random_direction,0.01,1.0,,15,1,0.15000000000000013,,0.15000000000000013,0.15000000000000013,2000.0,,2000,2000,0.0036529680365296802,,0.0036529680365296802,0.0036529680365296802,0.0060790273556231,,0.0060790273556231,0.0060790273556231,1095.0,,1095,1095,329.0,,329,329,0.0009213477969169617,,0.0009213477969169617,0.0009213477969169617,99fc6ef526bc821b82a48435c0a11457653382b1512fd893fda45260071da58a
E1,gaussian_noise,5,shuffled_donor,0.01,1.0,,0,1,-0.8000000000000007,,-0.8000000000000007,-0.8000000000000007,2000.0,,2000,2000,0.014611872146118721,,0.014611872146118721,0.014611872146118721,0.10638297872340426,,0.10638297872340426,0.10638297872340426,1095.0,,1095,1095,329.0,,329,329,-0.15983195930719377,,-0.15983195930719377,-0.15983195930719377,99fc6ef526bc821b82a48435c0a11457653382b1512fd893fda45260071da58a
E1,gaussian_noise,5,shuffled_donor,0.01,1.0,,1,1,-0.2500000000000002,,-0.2500000000000002,-0.2500000000000002,2000.0,,2000,2000,0.012785388127853882,,0.012785388127853882,0.012785388127853882,0.0668693009118541,,0.0668693009118541,0.0668693009118541,1095.0,,1095,1095,329.0,,329,329,-0.1267825645208359,,-0.1267825645208359,-0.1267825645208359,99fc6ef526bc821b82a48435c0a11457653382b1512fd893fda45260071da58a
E1,gaussian_noise,5,shuffled_donor,0.01,1.0,,2,1,-0.40000000000000036,,-0.40000000000000036,-0.40000000000000036,2000.0,,2000,2000,0.01004566210045662,,0.01004566210045662,0.01004566210045662,0.0668693009118541,,0.0668693009118541,0.0668693009118541,1095.0,,1095,1095,329.0,,329,329,-0.11096702837944031,,-0.11096702837944031,-0.11096702837944031,99fc6ef526bc821b82a48435c0a11457653382b1512fd893fda45260071da58a
E1,gaussian_noise,5,shuffled_donor,0.01,1.0,,3,1,-1.250000000000001,,-1.250000000000001,-1.250000000000001,2000.0,,2000,2000,0.0136986301369863,,0.0136986301369863,0.0136986301369863,0.1276595744680851,,0.1276595744680851,0.1276595744680851,1095.0,,1095,1095,329.0,,329,329,-0.17881051456928254,,-0.17881051456928254,-0.17881051456928254,99fc6ef526bc821b82a48435c0a11457653382b1512fd893fda45260071da58a
E1,gaussian_noise,5,shuffled_donor,0.01,1.0,,4,1,0.6500000000000006,,0.6500000000000006,0.6500000000000006,2000.0,,2000,2000,0.024657534246575342,,0.024657534246575342,0.024657534246575342,0.05167173252279635,,0.05167173252279635,0.05167173252279635,1095.0,,1095,1095,329.0,,329,329,0.04751284825801849,,0.04751284825801849,0.04751284825801849,99fc6ef526bc821b82a48435c0a11457653382b1512fd893fda45260071da58a
E1,gaussian_noise,5,shuffled_donor,0.01,1.0,,5,1,0.5500000000000005,,0.5500000000000005,0.5500000000000005,2000.0,,2000,2000,0.024657534246575342,,0.024657534246575342,0.024657534246575342,0.057750759878419454,,0.057750759878419454,0.057750759878419454,1095.0,,1095,1095,329.0,,329,329,0.016977027773857116,,0.016977027773857116,0.016977027773857116,99fc6ef526bc821b82a48435c0a11457653382b1512fd893fda45260071da58a
E1,gaussian_noise,5,shuffled_donor,0.01,1.0,,6,1,0.6500000000000006,,0.6500000000000006,0.6500000000000006,2000.0,,2000,2000,0.023744292237442923,,0.023744292237442923,0.023744292237442923,0.0486322188449848,,0.0486322188449848,0.0486322188449848,1095.0,,1095,1095,329.0,,329,329,0.0474142107963562,,0.0474142107963562,0.0474142107963562,99fc6ef526bc821b82a48435c0a11457653382b1512fd893fda45260071da58a
E1,gaussian_noise,5,shuffled_donor,0.01,1.0,,7,1,0.2500000000000002,,0.2500000000000002,0.2500000000000002,2000.0,,2000,2000,0.019178082191780823,,0.019178082191780823,0.019178082191780823,0.0547112462006079,,0.0547112462006079,0.0547112462006079,1095.0,,1095,1095,329.0,,329,329,0.05634464287757873,,0.05634464287757873,0.05634464287757873,99fc6ef526bc821b82a48435c0a11457653382b1512fd893fda45260071da58a
E1,gaussian_noise,5,shuffled_donor,0.01,1.0,,8,1,0.2500000000000002,,0.2500000000000002,0.2500000000000002,2000.0,,2000,2000,0.0182648401826484,,0.0182648401826484,0.0182648401826484,0.0547112462006079,,0.0547112462006079,0.0547112462006079,1095.0,,1095,1095,329.0,,329,329,0.03997679096460342,,0.03997679096460342,0.03997679096460342,99fc6ef526bc821b82a48435c0a11457653382b1512fd893fda45260071da58a
E1,gaussian_noise,5,shuffled_donor,0.01,1.0,,9,1,0.15000000000000013,,0.15000000000000013,0.15000000000000013,2000.0,,2000,2000,0.011872146118721462,,0.011872146118721462,0.011872146118721462,0.04559270516717325,,0.04559270516717325,0.04559270516717325,1095.0,,1095,1095,329.0,,329,329,0.03965978932380676,,0.03965978932380676,0.03965978932380676,99fc6ef526bc821b82a48435c0a11457653382b1512fd893fda45260071da58a
E1,gaussian_noise,5,shuffled_donor,0.01,1.0,,10,1,0.050000000000000044,,0.050000000000000044,0.050000000000000044,2000.0,,2000,2000,0.01004566210045662,,0.01004566210045662,0.01004566210045662,0.03951367781155015,,0.03951367781155015,0.03951367781155015,1095.0,,1095,1095,329.0,,329,329,0.0372527602314949,,0.0372527602314949,0.0372527602314949,99fc6ef526bc821b82a48435c0a11457653382b1512fd893fda45260071da58a
E1,gaussian_noise,5,shuffled_donor,0.01,1.0,,11,1,-0.20000000000000018,,-0.20000000000000018,-0.20000000000000018,2000.0,,2000,2000,0.0091324200913242,,0.0091324200913242,0.0091324200913242,0.04559270516717325,,0.04559270516717325,0.04559270516717325,1095.0,,1095,1095,329.0,,329,329,0.029548986971378328,,0.029548986971378328,0.029548986971378328,99fc6ef526bc821b82a48435c0a11457653382b1512fd893fda45260071da58a
E1,gaussian_noise,5,shuffled_donor,0.01,1.0,,12,1,-0.20000000000000018,,-0.20000000000000018,-0.20000000000000018,2000.0,,2000,2000,0.01004566210045662,,0.01004566210045662,0.01004566210045662,0.0486322188449848,,0.0486322188449848,0.0486322188449848,1095.0,,1095,1095,329.0,,329,329,0.034921860098838804,,0.034921860098838804,0.034921860098838804,99fc6ef526bc821b82a48435c0a11457653382b1512fd893fda45260071da58a
E1,gaussian_noise,5,shuffled_donor,0.01,1.0,,13,1,0.050000000000000044,,0.050000000000000044,0.050000000000000044,2000.0,,2000,2000,0.006392694063926941,,0.006392694063926941,0.006392694063926941,0.030395136778115502,,0.030395136778115502,0.030395136778115502,1095.0,,1095,1095,329.0,,329,329,-0.020234391033649445,,-0.020234391033649445,-0.020234391033649445,99fc6ef526bc821b82a48435c0a11457653382b1512fd893fda45260071da58a
E1,gaussian_noise,5,shuffled_donor,0.01,1.0,,14,1,0.10000000000000009,,0.10000000000000009,0.10000000000000009,2000.0,,2000,2000,0.006392694063926941,,0.006392694063926941,0.006392694063926941,0.02735562310030395,,0.02735562310030395,0.02735562310030395,1095.0,,1095,1095,329.0,,329,329,-0.007338465452194214,,-0.007338465452194214,-0.007338465452194214,99fc6ef526bc821b82a48435c0a11457653382b1512fd893fda45260071da58a
E1,gaussian_noise,5,shuffled_donor,0.01,1.0,,15,1,-0.050000000000000044,,-0.050000000000000044,-0.050000000000000044,2000.0,,2000,2000,0.0036529680365296802,,0.0036529680365296802,0.0036529680365296802,0.02127659574468085,,0.02127659574468085,0.02127659574468085,1095.0,,1095,1095,329.0,,329,329,0.013067480385303497,,0.013067480385303497,0.013067480385303497,99fc6ef526bc821b82a48435c0a11457653382b1512fd893fda45260071da58a
E1,defocus_blur,1,partial_channel,0.01,1.0,,0,5,0.6099999999999972,0.6318623267769652,0.0,1.4499999999999957,2000.0,0.0,2000,2000,0.05698005698005698,0.043674386657424194,0.014245014245014245,0.1111111111111111,0.009800362976406534,0.004417662956311464,0.0027223230490018148,0.014519056261343012,351.0,0.0,351,351,1102.0,0.0,1102,1102,0.06826328483819961,0.09408706285441767,-0.02337140792608261,0.17929081404209138,99fc6ef526bc821b82a48435c0a11457653382b1512fd893fda45260071da58a
E1,defocus_blur,1,partial_channel,0.05,1.0,,0,5,1.819999999999995,1.1116429282822757,0.6000000000000005,3.1999999999999917,2000.0,0.0,2000,2000,0.16353276353276353,0.05882345779274552,0.10826210826210826,0.24216524216524216,0.029038112522686028,0.00540670385109482,0.024500907441016333,0.03539019963702359,351.0,0.0,351,351,1102.0,0.0,1102,1102,0.23554107217788695,0.15549634680733262,0.07376308727264404,0.4368580601215363,99fc6ef526bc821b82a48435c0a11457653382b1512fd893fda45260071da58a
E1,defocus_blur,1,partial_channel,0.1,1.0,,0,5,2.4599999999999933,2.378917821195175,-1.0500000000000065,4.799999999999994,2000.0,0.0,2000,2000,0.25754985754985754,0.09936037842751873,0.15954415954415954,0.39316239316239315,0.05462794918330309,0.024937298057811495,0.025408348457350273,0.08711433756805807,351.0,0.0,351,351,1102.0,0.0,1102,1102,0.4075768721461296,0.34760190016223674,-0.09892832773923874,0.8169116881489754,99fc6ef526bc821b82a48435c0a11457653382b1512fd893fda45260071da58a
E1,defocus_blur,1,partial_channel,0.2,1.0,,0,5,2.849999999999995,1.81555776553653,0.14999999999999458,4.899999999999993,2000.0,0.0,2000,2000,0.32934472934472936,0.05010520502263841,0.27350427350427353,0.4045584045584046,0.07459165154264973,0.02473005700453528,0.056261343012704176,0.11796733212341198,351.0,0.0,351,351,1102.0,0.0,1102,1102,0.4913482402563095,0.2891423170099919,0.08818167787790299,0.8863840378522873,99fc6ef526bc821b82a48435c0a11457653382b1512fd893fda45260071da58a
E1,defocus_blur,1,partial_channel,0.01,1.0,,1,5,0.349999999999997,0.5798706752371635,-0.35000000000000586,1.0000000000000009,2000.0,0.0,2000,2000,0.038176638176638175,0.02560935048916722,0.014245014245014245,0.06837606837606838,0.008166969147005444,0.005011506813605834,0.0027223230490018148,0.016333938294010888,351.0,0.0,351,351,1102.0,0.0,1102,1102,0.03258553891181946,0.06900390052364759,-0.0625609615445137,0.10507810986042022,99fc6ef526bc821b82a48435c0a11457653382b1512fd893fda45260071da58a
E1,defocus_blur,1,partial_channel,0.05,1.0,,1,5,1.1099999999999954,0.4505552130427476,0.5000000000000004,1.5999999999999903,2000.0,0.0,2000,2000,0.11225071225071223,0.03163547952704572,0.07122507122507123,0.14814814814814814,0.021960072595281304,0.003871275681978502,0.016333938294010888,0.02631578947368421,351.0,0.0,351,351,1102.0,0.0,1102,1102,0.16762736946344375,0.07619892367441537,0.09204316210746766,0.26306961590051653,99fc6ef526bc821b82a48435c0a11457653382b1512fd893fda45260071da58a
E1,defocus_blur,1,partial_channel,0.1,1.0,,1,5,1.949999999999994,1.4534441853748616,0.30000000000000027,4.199999999999992,2000.0,0.0,2000,2000,0.18746438746438748,0.09337604121165893,0.11965811965811966,0.3475783475783476,0.03611615245009074,0.01418048991333398,0.021778584392014518,0.056261343012704176,351.0,0.0,351,351,1102.0,0.0,1102,1102,0.3402543934226036,0.28272669362967184,0.08472576761245727,0.7963965411186218,99fc6ef526bc821b82a48435c0a11457653382b1512fd893fda45260071da58a
E1,defocus_blur,1,partial_channel,0.2,1.0,,1,5,3.519999999999997,1.6006248779773502,1.3499999999999956,5.35,2000.0,0.0,2000,2000,0.30655270655270656,0.062177488276515556,0.25071225071225073,0.39316239316239315,0.05136116152450091,0.015151819575130166,0.04083484573502722,0.0780399274047187,351.0,0.0,351,351,1102.0,0.0,1102,1102,0.5452887127757071,0.31902970073099896,0.1662743073105812,1.0255412588715553,99fc6ef526bc821b82a48435c0a11457653382b1512fd893fda45260071da58a
E1,defocus_blur,1,partial_channel,0.01,1.0,,2,5,0.27999999999999803,0.6842879510849246,-0.7500000000000062,1.0000000000000009,2000.0,0.0,2000,2000,0.03475783475783476,0.020780151029983443,0.014245014245014245,0.05982905982905983,0.008711433756805808,0.00842992679672856,0.003629764065335753,0.023593466424682397,351.0,0.0,351,351,1102.0,0.0,1102,1102,0.02552801867723465,0.07316286550399372,-0.08143958365917206,0.0998624004125595,99fc6ef526bc821b82a48435c0a11457653382b1512fd893fda45260071da58a
E1,defocus_blur,1,partial_channel,0.05,1.0,,2,5,1.1299999999999932,0.7554799798803408,-0.15000000000000568,1.849999999999996,2000.0,0.0,2000,2000,0.11111111111111112,0.028984316167202002,0.06837606837606838,0.1452991452991453,0.02068965517241379,0.007214013399038763,0.014519056261343012,0.030852994555353903,351.0,0.0,351,351,1102.0,0.0,1102,1102,0.17860022169351578,0.08063069743760481,0.06800275802612304,0.2684743571281433,99fc6ef526bc821b82a48435c0a11457653382b1512fd893fda45260071da58a
E1,defocus_blur,1,partial_channel,0.1,1.0,,2,5,2.099999999999995,1.8658108157045281,0.24999999999999467,4.899999999999993,2000.0,0.0,2000,2000,0.20512820512820515,0.0942972601905149,0.13675213675213677,0.3561253561253561,0.038112522686025406,0.011656290906229699,0.020871143375680582,0.04900181488203267,351.0,0.0,351,351,1102.0,0.0,1102,1102,0.36428438072204583,0.283439750770292,0.08081286346912384,0.7997515844106674,99fc6ef526bc821b82a48435c0a11457653382b1512fd893fda45260071da58a
E1,defocus_blur,1,partial_channel,0.2,1.0,,2,5,3.909999999999994,1.674216234540811,1.6999999999999904,6.25,2000.0,0.0,2000,2000,0.317948717948718,0.06800707654149159,0.245014245014245,0.4188034188034188,0.04954627949183303,0.010900629307038293,0.043557168784029036,0.06896551724137931,351.0,0.0,351,351,1102.0,0.0,1102,1102,0.6101868190288544,0.3184830776032589,0.2038012197613716,1.0837055301070213,99fc6ef526bc821b82a48435c0a11457653382b1512fd893fda45260071da58a
E1,defocus_blur,1,partial_channel,0.01,1.0,,3,5,0.27999999999999803,0.47513156072818225,-0.20000000000000018,1.0499999999999954,2000.0,0.0,2000,2000,0.039316239316239315,0.028375839539575457,0.019943019943019943,0.08831908831908832,0.008892921960072594,0.0025180466289494753,0.006352087114337568,0.012704174228675136,351.0,0.0,351,351,1102.0,0.0,1102,1102,0.04948555656671524,0.06639056771198193,-0.01473859739303589,0.15453537553548813,99fc6ef526bc821b82a48435c0a11457653382b1512fd893fda45260071da58a
E1,defocus_blur,1,partial_channel,0.05,1.0,,3,5,1.6099999999999937,1.8497972861911112,-0.9500000000000064,3.8999999999999924,2000.0,0.0,2000,2000,0.16125356125356127,0.07988900669554228,0.07977207977207977,0.27635327635327633,0.03176043557168784,0.010621324782867172,0.021778584392014518,0.04900181488203267,351.0,0.0,351,351,1102.0,0.0,1102,1102,0.27472630389928815,0.2700454855442776,-0.05489468973875046,0.661748703956604,99fc6ef526bc821b82a48435c0a11457653382b1512fd893fda45260071da58a
E1,defocus_blur,1,partial_channel,0.1,1.0,,3,5,3.099999999999994,1.7295230556427983,0.9499999999999953,5.299999999999994,2000.0,0.0,2000,2000,0.25242165242165243,0.09195705624905536,0.1225071225071225,0.35327635327635326,0.037023593466424684,0.006741987521236557,0.029945553539019964,0.04446460980036298,351.0,0.0,351,351,1102.0,0.0,1102,1102,0.5121774567842483,0.27842260725841156,0.20771673250198364,0.8598620019555092,99fc6ef526bc821b82a48435c0a11457653382b1512fd893fda45260071da58a
E1,defocus_blur,1,partial_channel,0.2,1.0,,3,5,5.359999999999996,1.8335075674782473,2.849999999999997,7.099999999999995,2000.0,0.0,2000,2000,0.40854700854700854,0.07907201979880354,0.3162393162393162,0.50997150997151,0.04954627949183303,0.01573828195185394,0.03539019963702359,0.07441016333938294,351.0,0.0,351,351,1102.0,0.0,1102,1102,0.9186213963389397,0.3634950600005872,0.4797369215488434,1.293024141252041,99fc6ef526bc821b82a48435c0a11457653382b1512fd893fda45260071da58a
E1,defocus_blur,1,partial_channel,0.01,1.0,,4,5,0.08999999999999675,0.38307962618755875,-0.30000000000000027,0.649999999999995,2000.0,0.0,2000,2000,0.031908831908831904,0.01988187615084661,0.017094017094017096,0.06552706552706553,0.009437386569872957,0.003246559676950693,0.0054446460980036296,0.012704174228675136,351.0,0.0,351,351,1102.0,0.0,1102,1102,0.026929651200771332,0.04125305194666958,-0.0034231507182121276,0.09605924028158187,99fc6ef526bc821b82a48435c0a11457653382b1512fd893fda45260071da58a
E1,defocus_blur,1,partial_channel,0.05,1.0,,4,5,1.7399999999999927,0.6426507605223826,1.0000000000000009,2.499999999999991,2000.0,0.0,2000,2000,0.15213675213675212,0.0461854908926711,0.09686609686609686,0.20797720797720798,0.023411978221415608,0.005109142744195734,0.017241379310344827,0.029038112522686024,351.0,0.0,351,351,1102.0,0.0,1102,1102,0.30881957154273987,0.1371712599605382,0.1653871818780899,0.5189332150816918,99fc6ef526bc821b82a48435c0a11457653382b1512fd893fda45260071da58a
E1,defocus_blur,1,partial_channel,0.1,1.0,,4,5,3.269999999999995,0.9128252844876729,1.9499999999999962,4.349999999999998,2000.0,0.0,2000,2000,0.26153846153846155,0.06915510620375509,0.15954415954415954,0.31339031339031337,0.035571687840290384,0.009718519590192588,0.023593466424682397,0.04627949183303085,351.0,0.0,351,351,1102.0,0.0,1102,1102,0.5538656286239624,0.18978643138975002,0.2859290066957474,0.7528982546925544,99fc6ef526bc821b82a48435c0a11457653382b1512fd893fda45260071da58a
E1,defocus_blur,1,partial_channel,0.2,1.0,,4,5,5.669999999999996,0.8913472948295756,4.399999999999993,6.699999999999995,2000.0,0.0,2000,2000,0.40512820512820513,0.038297635359331034,0.3561253561253561,0.46153846153846156,0.0442831215970962,0.012823525446054087,0.03357531760435572,0.06442831215970962,351.0,0.0,351,351,1102.0,0.0,1102,1102,0.9675865865230561,0.1532490080424083,0.7659458101987838,1.1732556789517403,99fc6ef526bc821b82a48435c0a11457653382b1512fd893fda45260071da58a
E1,defocus_blur,1,partial_channel,0.01,1.0,,5,5,0.019999999999997797,0.40093640393459135,-0.35000000000000586,0.7000000000000006,2000.0,0.0,2000,2000,0.02678062678062678,0.017399921919774894,0.014245014245014245,0.05698005698005698,0.009255898366606171,0.0037083151981311346,0.0054446460980036296,0.015426497277676952,351.0,0.0,351,351,1102.0,0.0,1102,1102,0.021312067747116088,0.03566433829554463,-0.008838145136833191,0.08281908684968949,99fc6ef526bc821b82a48435c0a11457653382b1512fd893fda45260071da58a
E1,defocus_blur,1,partial_channel,0.05,1.0,,5,5,1.769999999999996,0.9317993346209241,0.7499999999999951,2.749999999999997,2000.0,0.0,2000,2000,0.150997150997151,0.04668367409736165,0.10541310541310542,0.2022792022792023,0.02323049001814882,0.0013762024399367602,0.020871143375680582,0.024500907441016333,351.0,0.0,351,351,1102.0,0.0,1102,1102,0.28360218935012815,0.12986669592160585,0.1622748925089836,0.44903358137607574,99fc6ef526bc821b82a48435c0a11457653382b1512fd893fda45260071da58a
E1,defocus_blur,1,partial_channel,0.1,1.0,,5,5,2.949999999999993,1.0049875621120892,1.4999999999999902,3.9999999999999925,2000.0,0.0,2000,2000,0.2461538461538461,0.0735407052098716,0.1452991452991453,0.3076923076923077,0.0368421052631579,0.01065229081003934,0.02722323049001815,0.050816696914700546,351.0,0.0,351,351,1102.0,0.0,1102,1102,0.526753482580185,0.17789814689693817,0.29012304413318635,0.6851417278647423,99fc6ef526bc821b82a48435c0a11457653382b1512fd893fda45260071da58a
E1,defocus_blur,1,partial_channel,0.2,1.0,,5,5,5.269999999999997,0.660113626582577,4.349999999999998,6.05,2000.0,0.0,2000,2000,0.3857549857549858,0.038886540738725904,0.33903133903133903,0.43874643874643876,0.043920145190562615,0.006717515616450723,0.036297640653357534,0.05263157894736842,351.0,0.0,351,351,1102.0,0.0,1102,1102,0.929031975018978,0.12092491940184584,0.7591358615159989,1.0942409266829491,99fc6ef526bc821b82a48435c0a11457653382b1512fd893fda45260071da58a
E1,defocus_blur,1,partial_channel,0.01,1.0,,6,5,0.09999999999999787,0.36571847095819254,-0.30000000000000027,0.649999999999995,2000.0,0.0,2000,2000,0.03133903133903134,0.013210282757116385,0.022792022792022793,0.05413105413105413,0.009800362976406534,0.0039240922523483945,0.003629764065335753,0.014519056261343012,351.0,0.0,351,351,1102.0,0.0,1102,1102,0.023607190489768982,0.0307787792256547,0.0029622312784194946,0.07585839521884918,99fc6ef526bc821b82a48435c0a11457653382b1512fd893fda45260071da58a
E1,defocus_blur,1,partial_channel,0.05,1.0,,6,5,1.6199999999999946,0.740439058937328,0.8499999999999952,2.6999999999999913,2000.0,0.0,2000,2000,0.14188034188034188,0.049197915596774805,0.09116809116809117,0.19373219373219372,0.022867513611615244,0.00820218260506473,0.012704174228675136,0.03539019963702359,351.0,0.0,351,351,1102.0,0.0,1102,1102,0.29828219662904737,0.11480749115967866,0.1865262034535408,0.4214205282330513,99fc6ef526bc821b82a48435c0a11457653382b1512fd893fda45260071da58a
E1,defocus_blur,1,partial_channel,0.1,1.0,,6,5,3.049999999999995,0.6864765108873024,2.299999999999991,3.849999999999998,2000.0,0.0,2000,2000,0.2364672364672365,0.0616004225368651,0.15384615384615385,0.2934472934472934,0.031941923774954625,0.01095338067296291,0.014519056261343012,0.041742286751361164,351.0,0.0,351,351,1102.0,0.0,1102,1102,0.5314458781957627,0.16084248199173198,0.3501771007180214,0.7143522319793701,99fc6ef526bc821b82a48435c0a11457653382b1512fd893fda45260071da58a
E1,defocus_blur,1,partial_channel,0.2,1.0,,6,5,5.4499999999999975,0.7689278249614878,4.5999999999999925,6.65,2000.0,0.0,2000,2000,0.3886039886039886,0.03971268800388108,0.3561253561253561,0.45584045584045585,0.042831215970961886,0.009083480040829182,0.029945553539019964,0.05535390199637023,351.0,0.0,351,351,1102.0,0.0,1102,1102,0.9534495953083038,0.12869129268814525,0.77080241304636,1.1333474898934364,99fc6ef526bc821b82a48435c0a11457653382b1512fd893fda45260071da58a
E1,defocus_blur,1,partial_channel,0.01,1.0,,7,5,0.349999999999997,0.16955824957813104,0.24999999999999467,0.649999999999995,2000.0,0.0,2000,2000,0.041025641025641026,0.005907818049381116,0.03418803418803419,0.04843304843304843,0.009074410163339383,0.004445534923381449,0.003629764065335753,0.013611615245009074,351.0,0.0,351,351,1102.0,0.0,1102,1102,0.04929820730686187,0.024723073275996505,0.022516550362110137,0.08371091538667678,99fc6ef526bc821b82a48435c0a11457653382b1512fd893fda45260071da58a
E1,defocus_blur,1,partial_channel,0.05,1.0,,7,5,1.1599999999999944,0.7377330140369178,0.0,1.749999999999996,2000.0,0.0,2000,2000,0.11965811965811965,0.03942550570683205,0.08262108262108261,0.18233618233618235,0.023411978221415608,0.01183854102163371,0.012704174228675136,0.036297640653357534,351.0,0.0,351,351,1102.0,0.0,1102,1102,0.17580253572463989,0.06913529666465561,0.06457776457071304,0.25574809885025024,99fc6ef526bc821b82a48435c0a11457653382b1512fd893fda45260071da58a
E1,defocus_blur,1,partial_channel,0.1,1.0,,7,5,2.199999999999993,0.3221024681681271,1.649999999999996,2.4499999999999966,2000.0,0.0,2000,2000,0.19373219373219372,0.03191646225414257,0.15669515669515668,0.22792022792022792,0.031578947368421054,0.010744653441463291,0.019963702359346643,0.04809437386569873,351.0,0.0,351,351,1102.0,0.0,1102,1102,0.3447393770933151,0.05152613327404383,0.26726046377420426,0.39492671889066694,99fc6ef526bc821b82a48435c0a11457653382b1512fd893fda45260071da58a
E1,defocus_blur,1,partial_channel,0.2,1.0,,7,5,4.969999999999997,1.1250555541838838,4.199999999999992,6.950000000000001,2000.0,0.0,2000,2000,0.3487179487179487,0.055339634460730064,0.28205128205128205,0.4358974358974359,0.03575317604355717,0.006655942221739474,0.02722323049001815,0.045372050816696916,351.0,0.0,351,351,1102.0,0.0,1102,1102,0.8299607674598695,0.20346837458803396,0.6850943610072135,1.189130851149559,99fc6ef526bc821b82a48435c0a11457653382b1512fd893fda45260071da58a
E1,defocus_blur,1,partial_channel,0.01,1.0,,8,5,0.2699999999999969,0.16807736313971428,0.10000000000000009,0.5499999999999949,2000.0,0.0,2000,2000,0.03988603988603989,0.016489796157820837,0.02849002849002849,0.06837606837606838,0.010163339382940109,0.0030368784992162454,0.006352087114337568,0.013611615245009074,351.0,0.0,351,351,1102.0,0.0,1102,1102,0.04982389593124389,0.023796940660792833,0.025048706650733946,0.07777772551774978,99fc6ef526bc821b82a48435c0a11457653382b1512fd893fda45260071da58a
E1,defocus_blur,1,partial_channel,0.05,1.0,,8,5,1.4099999999999935,0.22192341021172118,1.0499999999999954,1.649999999999996,2000.0,0.0,2000,2000,0.12193732193732194,0.030245087241231258,0.08831908831908832,0.16809116809116809,0.018330308529945553,0.0068027821466393155,0.012704174228675136,0.029945553539019964,351.0,0.0,351,351,1102.0,0.0,1102,1102,0.18602593158483507,0.029027225241299415,0.15267475056648255,0.22848662728071212,99fc6ef526bc821b82a48435c0a11457653382b1512fd893fda45260071da58a
E1,defocus_blur,1,partial_channel,0.1,1.0,,8,5,2.6999999999999957,0.7615773105863894,1.9499999999999962,3.7999999999999923,2000.0,0.0,2000,2000,0.1994301994301994,0.04049193847165782,0.16524216524216523,0.2564102564102564,0.023049001814882033,0.003050405864604648,0.019056261343012703,0.02631578947368421,351.0,0.0,351,351,1102.0,0.0,1102,1102,0.41734227181673056,0.1243951097062271,0.31393132466077805,0.6296450484991074,99fc6ef526bc821b82a48435c0a11457653382b1512fd893fda45260071da58a
E1,defocus_blur,1,partial_channel,0.2,1.0,,8,5,5.249999999999995,1.426096069695163,4.049999999999998,7.64999999999999,2000.0,0.0,2000,2000,0.3515669515669516,0.08624059155161115,0.2792022792022792,0.4928774928774929,0.031215970961887475,0.006717515616450724,0.020871143375680582,0.03720508166969147,351.0,0.0,351,351,1102.0,0.0,1102,1102,0.8810227835536002,0.2857458212641522,0.6554847185015679,1.3759924490451814,99fc6ef526bc821b82a48435c0a11457653382b1512fd893fda45260071da58a
E1,defocus_blur,1,partial_channel,0.01,1.0,,9,5,0.33999999999999586,0.23021728866442856,0.04999999999999449,0.6000000000000005,2000.0,0.0,2000,2000,0.038176638176638175,0.013453810772783582,0.02564102564102564,0.05413105413105413,0.00852994555353902,0.00121745987885651,0.007259528130671506,0.009981851179673321,351.0,0.0,351,351,1102.0,0.0,1102,1102,0.047141243374347684,0.018563334228398225,0.023191790878772735,0.06712191617488861,99fc6ef526bc821b82a48435c0a11457653382b1512fd893fda45260071da58a
E1,defocus_blur,1,partial_channel,0.05,1.0,,9,5,1.3999999999999924,0.31424512724941234,1.0499999999999954,1.8999999999999906,2000.0,0.0,2000,2000,0.11623931623931623,0.028660458894494114,0.08831908831908832,0.1623931623931624,0.016515426497277677,0.0037634194833625627,0.012704174228675136,0.022686025408348458,351.0,0.0,351,351,1102.0,0.0,1102,1102,0.2077964359045029,0.02702597221836,0.17524814349412918,0.2309086822271347,99fc6ef526bc821b82a48435c0a11457653382b1512fd893fda45260071da58a
E1,defocus_blur,1,partial_channel,0.1,1.0,,9,5,2.559999999999993,0.7773351915358012,1.5999999999999903,3.599999999999992,2000.0,0.0,2000,2000,0.19202279202279202,0.041511447802972064,0.15669515669515668,0.2564102564102564,0.022686025408348458,0.004715201835486962,0.016333938294010888,0.02722323049001815,351.0,0.0,351,351,1102.0,0.0,1102,1102,0.4387079738855362,0.10491403518291208,0.37521197253465655,0.6251268956065178,99fc6ef526bc821b82a48435c0a11457653382b1512fd893fda45260071da58a
E1,defocus_blur,1,partial_channel,0.2,1.0,,9,5,5.269999999999995,1.1189280584559493,4.199999999999992,6.899999999999995,2000.0,0.0,2000,2000,0.3612535612535613,0.07314783606099698,0.28205128205128205,0.4672364672364672,0.03303085299455536,0.005971210118461743,0.02722323049001815,0.0426497277676951,351.0,0.0,351,351,1102.0,0.0,1102,1102,0.9155953336954117,0.24736274990809756,0.7271939594149589,1.3355382793545723,99fc6ef526bc821b82a48435c0a11457653382b1512fd893fda45260071da58a
E1,defocus_blur,1,partial_channel,0.01,1.0,,10,5,0.4599999999999982,0.1557241150239738,0.30000000000000027,0.649999999999995,2000.0,0.0,2000,2000,0.043874643874643876,0.012516172442443758,0.03133903133903134,0.05982905982905983,0.008166969147005444,0.0021281378220614476,0.006352087114337568,0.011796733212341199,351.0,0.0,351,351,1102.0,0.0,1102,1102,0.05154304059743882,0.02243022060511924,0.022971188962459563,0.07635606426000595,99fc6ef526bc821b82a48435c0a11457653382b1512fd893fda45260071da58a
E1,defocus_blur,1,partial_channel,0.05,1.0,,10,5,1.5199999999999947,0.4396020928066655,1.100000000000001,2.2499999999999964,2000.0,0.0,2000,2000,0.12193732193732194,0.03155841368899827,0.09116809116809117,0.17094017094017094,0.016152450090744102,0.0027524048798735204,0.011796733212341199,0.019056261343012703,351.0,0.0,351,351,1102.0,0.0,1102,1102,0.21489903279542927,0.030148910709442936,0.18407627737522125,0.247323384642601,99fc6ef526bc821b82a48435c0a11457653382b1512fd893fda45260071da58a
E1,defocus_blur,1,partial_channel,0.1,1.0,,10,5,2.5899999999999928,0.8473488065725939,1.849999999999996,3.8999999999999924,2000.0,0.0,2000,2000,0.1948717948717949,0.050186137404608616,0.150997150997151,0.2792022792022792,0.022686025408348458,0.003077282206499668,0.019963702359346643,0.02722323049001815,351.0,0.0,351,351,1102.0,0.0,1102,1102,0.44575074654817576,0.09118988370597751,0.3871265597939491,0.6050833904743195,99fc6ef526bc821b82a48435c0a11457653382b1512fd893fda45260071da58a
E1,defocus_blur,1,partial_channel,0.2,1.0,,10,5,5.169999999999996,1.3650091574784424,3.749999999999998,7.250000000000001,2000.0,0.0,2000,2000,0.3572649572649573,0.08624059155161115,0.25925925925925924,0.4928774928774929,0.033756805807622504,0.005608543426628838,0.02631578947368421,0.041742286751361164,351.0,0.0,351,351,1102.0,0.0,1102,1102,0.9025981994986534,0.22356668497672783,0.7336016297340393,1.284284019112587,99fc6ef526bc821b82a48435c0a11457653382b1512fd893fda45260071da58a
E1,defocus_blur,1,partial_channel,0.01,1.0,,11,5,0.4999999999999982,0.21505813167606586,0.20000000000000018,0.7000000000000006,2000.0,0.0,2000,2000,0.04444444444444444,0.011502352842271423,0.02849002849002849,0.05698005698005698,0.007803992740471869,0.002451770614538348,0.003629764065335753,0.009981851179673321,351.0,0.0,351,351,1102.0,0.0,1102,1102,0.05164926003217697,0.020864680810998164,0.02901358938217163,0.0806068497300148,99fc6ef526bc821b82a48435c0a11457653382b1512fd893fda45260071da58a
E1,defocus_blur,1,partial_channel,0.05,1.0,,11,5,1.4099999999999935,0.411400048614483,1.0499999999999954,2.0999999999999908,2000.0,0.0,2000,2000,0.11623931623931623,0.025830260869841904,0.08831908831908832,0.15669515669515668,0.015970961887477313,0.003117162257226437,0.010889292196007259,0.019056261343012703,351.0,0.0,351,351,1102.0,0.0,1102,1102,0.21605938293933868,0.03672086781924423,0.17309065294265746,0.2604198766350746,99fc6ef526bc821b82a48435c0a11457653382b1512fd893fda45260071da58a
E1,defocus_blur,1,partial_channel,0.1,1.0,,11,5,2.5099999999999945,0.7257754473664686,1.749999999999996,3.599999999999992,2000.0,0.0,2000,2000,0.19145299145299144,0.045823799693381365,0.15954415954415954,0.2706552706552707,0.02250453720508167,0.005149278025085702,0.015426497277676952,0.028130671506352088,351.0,0.0,351,351,1102.0,0.0,1102,1102,0.43581676822900767,0.0845430848329764,0.3601544980406761,0.5767157339453697,99fc6ef526bc821b82a48435c0a11457653382b1512fd893fda45260071da58a
E1,defocus_blur,1,partial_channel,0.2,1.0,,11,5,5.239999999999997,0.7528280016046182,4.5999999999999925,6.45,2000.0,0.0,2000,2000,0.3527065527065527,0.06749190937816998,0.2792022792022792,0.46153846153846156,0.029945553539019964,0.008656435584545786,0.019963702359346643,0.043557168784029036,351.0,0.0,351,351,1102.0,0.0,1102,1102,0.8956549438238144,0.20708401922398945,0.7283987364768982,1.250443545818329,99fc6ef526bc821b82a48435c0a11457653382b1512fd893fda45260071da58a
E1,defocus_blur,1,partial_channel,0.01,1.0,,12,5,0.5299999999999971,0.20796634343085466,0.30000000000000027,0.8000000000000007,2000.0,0.0,2000,2000,0.040455840455840456,0.010153008365359237,0.03133903133903134,0.05698005698005698,0.005626134301270418,0.002348852832222284,0.0027223230490018148,0.009074410163339383,351.0,0.0,351,351,1102.0,0.0,1102,1102,0.047142146277427674,0.015524218307485241,0.034605610251426694,0.07174285471439362,99fc6ef526bc821b82a48435c0a11457653382b1512fd893fda45260071da58a
E1,defocus_blur,1,partial_channel,0.05,1.0,,12,5,1.3299999999999934,0.16046806535881278,1.1499999999999955,1.5499999999999958,2000.0,0.0,2000,2000,0.10598290598290598,0.007374461028800447,0.09401709401709402,0.11396011396011396,0.015245009074410162,0.0031039258396528264,0.010889292196007259,0.018148820326678767,351.0,0.0,351,351,1102.0,0.0,1102,1102,0.21871765508651736,0.0383954130723133,0.17313915520906448,0.27241970044374464,99fc6ef526bc821b82a48435c0a11457653382b1512fd893fda45260071da58a
E1,defocus_blur,1,partial_channel,0.1,1.0,,12,5,2.599999999999995,0.5787918451395121,2.0499999999999963,3.5499999999999976,2000.0,0.0,2000,2000,0.18632478632478633,0.03878203493102139,0.15669515669515668,0.2535612535612536,0.021052631578947368,0.003976207314012095,0.015426497277676952,0.02631578947368421,351.0,0.0,351,351,1102.0,0.0,1102,1102,0.43707515743970876,0.094053309200802,0.3659503502249718,0.597530014872551,99fc6ef526bc821b82a48435c0a11457653382b1512fd893fda45260071da58a
E1,defocus_blur,1,partial_channel,0.2,1.0,,12,5,5.439999999999996,0.8510287891722591,4.499999999999993,6.799999999999995,2000.0,0.0,2000,2000,0.34814814814814815,0.060045734362873984,0.2934472934472934,0.45014245014245013,0.02558983666061706,0.007548687601845889,0.017241379310344827,0.036297640653357534,351.0,0.0,351,351,1102.0,0.0,1102,1102,0.8943717260837556,0.2131934995147322,0.7432086009979249,1.2614346571564674,99fc6ef526bc821b82a48435c0a11457653382b1512fd893fda45260071da58a
E1,defocus_blur,1,partial_channel,0.01,1.0,,13,5,0.3299999999999992,0.20493901531919337,0.14999999999999458,0.6000000000000005,2000.0,0.0,2000,2000,0.0358974358974359,0.011502352842271423,0.022792022792022793,0.05413105413105413,0.007259528130671505,0.0022227674616907243,0.004537205081669692,0.009981851179673321,351.0,0.0,351,351,1102.0,0.0,1102,1102,0.040910503304004676,0.004622625510802498,0.03580033093690872,0.04767407810688019,99fc6ef526bc821b82a48435c0a11457653382b1512fd893fda45260071da58a
E1,defocus_blur,1,partial_channel,0.05,1.0,,13,5,1.5299999999999958,0.43387786299833087,0.9000000000000008,2.0499999999999963,2000.0,0.0,2000,2000,0.11623931623931624,0.01702264301571471,0.10256410256410256,0.1452991452991453,0.015426497277676952,0.004758660835617747,0.009074410163339383,0.019963702359346643,351.0,0.0,351,351,1102.0,0.0,1102,1102,0.21545407574176786,0.030786193007446408,0.17567062091827393,0.24615036249160765,99fc6ef526bc821b82a48435c0a11457653382b1512fd893fda45260071da58a
E1,defocus_blur,1,partial_channel,0.1,1.0,,13,5,2.7099999999999946,0.35601966237835836,2.299999999999991,3.0999999999999917,2000.0,0.0,2000,2000,0.19544159544159542,0.014330229447247057,0.1794871794871795,0.21082621082621084,0.024500907441016333,0.0061879227300298805,0.018148820326678767,0.03176043557168784,351.0,0.0,351,351,1102.0,0.0,1102,1102,0.42043573944568635,0.07908002294158055,0.3158896825313568,0.5300526403188706,99fc6ef526bc821b82a48435c0a11457653382b1512fd893fda45260071da58a
E1,defocus_blur,1,partial_channel,0.2,1.0,,13,5,5.159999999999995,0.5042320894191469,4.349999999999998,5.699999999999994,2000.0,0.0,2000,2000,0.3384615384615385,0.01444306764175108,0.3247863247863248,0.358974358974359,0.035208711433756805,0.005645129225043845,0.028130671506352088,0.041742286751361164,351.0,0.0,351,351,1102.0,0.0,1102,1102,0.8380745158672334,0.0688420916769408,0.7225197581648827,0.896407396554947,99fc6ef526bc821b82a48435c0a11457653382b1512fd893fda45260071da58a
E1,defocus_blur,1,partial_channel,0.01,1.0,,14,5,0.30999999999999917,0.1244989959798892,0.14999999999999458,0.5000000000000004,2000.0,0.0,2000,2000,0.03076923076923077,0.004225754123701232,0.02564102564102564,0.037037037037037035,0.006352087114337568,0.0009074410163339382,0.0054446460980036296,0.007259528130671506,351.0,0.0,351,351,1102.0,0.0,1102,1102,0.041197660589218144,0.004992636723863189,0.03658827018737793,0.04743311733007431,99fc6ef526bc821b82a48435c0a11457653382b1512fd893fda45260071da58a
E1,defocus_blur,1,partial_channel,0.05,1.0,,14,5,1.2099999999999933,0.2043281674170231,0.9499999999999953,1.4999999999999902,2000.0,0.0,2000,2000,0.10598290598290598,0.011642630622052738,0.08831908831908832,0.11965811965811966,0.017241379310344827,0.002400863258679303,0.014519056261343012,0.020871143375680582,351.0,0.0,351,351,1102.0,0.0,1102,1102,0.20743551166057586,0.01231671063971546,0.19223024183511733,0.22095581507682802,99fc6ef526bc821b82a48435c0a11457653382b1512fd893fda45260071da58a
E1,defocus_blur,1,partial_channel,0.1,1.0,,14,5,2.559999999999994,0.3029026246172194,2.1499999999999964,2.949999999999997,2000.0,0.0,2000,2000,0.18290598290598287,0.015785635529567032,0.15669515669515668,0.19373219373219372,0.021778584392014518,0.0016976666909137674,0.019056261343012703,0.023593466424682397,351.0,0.0,351,351,1102.0,0.0,1102,1102,0.4135680759429932,0.04310628008457255,0.3785873164534569,0.48329522103071215,99fc6ef526bc821b82a48435c0a11457653382b1512fd893fda45260071da58a
E1,defocus_blur,1,partial_channel,0.2,1.0,,14,5,5.059999999999998,0.6655824516917489,3.949999999999998,5.599999999999994,2000.0,0.0,2000,2000,0.3282051282051282,0.02757799439391467,0.2849002849002849,0.3561253561253561,0.031941923774954625,0.0038712756819785006,0.02631578947368421,0.03539019963702359,351.0,0.0,351,351,1102.0,0.0,1102,1102,0.8267446349024773,0.059292135096574085,0.7513428140282631,0.8938164966702461,99fc6ef526bc821b82a48435c0a11457653382b1512fd893fda45260071da58a
E1,defocus_blur,1,partial_channel,0.01,1.0,,15,5,0.31999999999999584,0.0836660026534073,0.24999999999999467,0.44999999999999485,2000.0,0.0,2000,2000,0.02621082621082621,0.006496726068940958,0.019943019943019943,0.03418803418803419,0.004355716878402904,0.0017454976462496685,0.0018148820326678765,0.006352087114337568,351.0,0.0,351,351,1102.0,0.0,1102,1102,0.04093000123500824,0.00663509097893859,0.031648309767246245,0.04958420622348785,99fc6ef526bc821b82a48435c0a11457653382b1512fd893fda45260071da58a
E1,defocus_blur,1,partial_channel,0.05,1.0,,15,5,1.3599999999999923,0.18506755523321522,1.0499999999999954,1.4999999999999902,2000.0,0.0,2000,2000,0.10427350427350428,0.01167743677032433,0.09116809116809117,0.11965811965811966,0.011978221415607984,0.004688933097191947,0.007259528130671506,0.018148820326678767,351.0,0.0,351,351,1102.0,0.0,1102,1102,0.19846152452230453,0.009435758220151335,0.18933056730031966,0.21392953437566758,99fc6ef526bc821b82a48435c0a11457653382b1512fd893fda45260071da58a
E1,defocus_blur,1,partial_channel,0.1,1.0,,15,5,2.8099999999999947,0.4321458087266404,2.299999999999991,3.3499999999999974,2000.0,0.0,2000,2000,0.18974358974358974,0.023458904672636928,0.150997150997151,0.21082621082621084,0.016696914700544466,0.0045643471288418485,0.012704174228675136,0.023593466424682397,351.0,0.0,351,351,1102.0,0.0,1102,1102,0.40916963641643517,0.016237990861170285,0.3911353224515915,0.42878859239816663,99fc6ef526bc821b82a48435c0a11457653382b1512fd893fda45260071da58a
E1,defocus_blur,1,partial_channel,0.2,1.0,,15,5,5.799999999999995,0.3758324094593215,5.399999999999993,6.199999999999994,2000.0,0.0,2000,2000,0.3555555555555555,0.024951149909756488,0.3333333333333333,0.39316239316239315,0.022504537205081672,0.004600287424913457,0.018148820326678767,0.028130671506352088,351.0,0.0,351,351,1102.0,0.0,1102,1102,0.8235941399097444,0.01984191857520112,0.7949629479050636,0.848844737648964,99fc6ef526bc821b82a48435c0a11457653382b1512fd893fda45260071da58a
E1,defocus_blur,1,none,0.01,1.0,,0,1,0.0,,0.0,0.0,2000.0,,2000,2000,0.0,,0.0,0.0,0.0,,0.0,0.0,351.0,,351,351,1102.0,,1102,1102,0.0,,0.0,0.0,99fc6ef526bc821b82a48435c0a11457653382b1512fd893fda45260071da58a
E1,defocus_blur,1,none,0.01,1.0,,1,1,0.0,,0.0,0.0,2000.0,,2000,2000,0.0,,0.0,0.0,0.0,,0.0,0.0,351.0,,351,351,1102.0,,1102,1102,0.0,,0.0,0.0,99fc6ef526bc821b82a48435c0a11457653382b1512fd893fda45260071da58a
E1,defocus_blur,1,none,0.01,1.0,,2,1,0.0,,0.0,0.0,2000.0,,2000,2000,0.0,,0.0,0.0,0.0,,0.0,0.0,351.0,,351,351,1102.0,,1102,1102,0.0,,0.0,0.0,99fc6ef526bc821b82a48435c0a11457653382b1512fd893fda45260071da58a
E1,defocus_blur,1,none,0.01,1.0,,3,1,0.0,,0.0,0.0,2000.0,,2000,2000,0.0,,0.0,0.0,0.0,,0.0,0.0,351.0,,351,351,1102.0,,1102,1102,0.0,,0.0,0.0,99fc6ef526bc821b82a48435c0a11457653382b1512fd893fda45260071da58a
E1,defocus_blur,1,none,0.01,1.0,,4,1,0.0,,0.0,0.0,2000.0,,2000,2000,0.0,,0.0,0.0,0.0,,0.0,0.0,351.0,,351,351,1102.0,,1102,1102,0.0,,0.0,0.0,99fc6ef526bc821b82a48435c0a11457653382b1512fd893fda45260071da58a
E1,defocus_blur,1,none,0.01,1.0,,5,1,0.0,,0.0,0.0,2000.0,,2000,2000,0.0,,0.0,0.0,0.0,,0.0,0.0,351.0,,351,351,1102.0,,1102,1102,0.0,,0.0,0.0,99fc6ef526bc821b82a48435c0a11457653382b1512fd893fda45260071da58a
E1,defocus_blur,1,none,0.01,1.0,,6,1,0.0,,0.0,0.0,2000.0,,2000,2000,0.0,,0.0,0.0,0.0,,0.0,0.0,351.0,,351,351,1102.0,,1102,1102,0.0,,0.0,0.0,99fc6ef526bc821b82a48435c0a11457653382b1512fd893fda45260071da58a
E1,defocus_blur,1,none,0.01,1.0,,7,1,0.0,,0.0,0.0,2000.0,,2000,2000,0.0,,0.0,0.0,0.0,,0.0,0.0,351.0,,351,351,1102.0,,1102,1102,0.0,,0.0,0.0,99fc6ef526bc821b82a48435c0a11457653382b1512fd893fda45260071da58a
E1,defocus_blur,1,none,0.01,1.0,,8,1,0.0,,0.0,0.0,2000.0,,2000,2000,0.0,,0.0,0.0,0.0,,0.0,0.0,351.0,,351,351,1102.0,,1102,1102,0.0,,0.0,0.0,99fc6ef526bc821b82a48435c0a11457653382b1512fd893fda45260071da58a
E1,defocus_blur,1,none,0.01,1.0,,9,1,0.0,,0.0,0.0,2000.0,,2000,2000,0.0,,0.0,0.0,0.0,,0.0,0.0,351.0,,351,351,1102.0,,1102,1102,0.0,,0.0,0.0,99fc6ef526bc821b82a48435c0a11457653382b1512fd893fda45260071da58a
E1,defocus_blur,1,none,0.01,1.0,,10,1,0.0,,0.0,0.0,2000.0,,2000,2000,0.0,,0.0,0.0,0.0,,0.0,0.0,351.0,,351,351,1102.0,,1102,1102,0.0,,0.0,0.0,99fc6ef526bc821b82a48435c0a11457653382b1512fd893fda45260071da58a
E1,defocus_blur,1,none,0.01,1.0,,11,1,0.0,,0.0,0.0,2000.0,,2000,2000,0.0,,0.0,0.0,0.0,,0.0,0.0,351.0,,351,351,1102.0,,1102,1102,0.0,,0.0,0.0,99fc6ef526bc821b82a48435c0a11457653382b1512fd893fda45260071da58a
E1,defocus_blur,1,none,0.01,1.0,,12,1,0.0,,0.0,0.0,2000.0,,2000,2000,0.0,,0.0,0.0,0.0,,0.0,0.0,351.0,,351,351,1102.0,,1102,1102,0.0,,0.0,0.0,99fc6ef526bc821b82a48435c0a11457653382b1512fd893fda45260071da58a
E1,defocus_blur,1,none,0.01,1.0,,13,1,0.0,,0.0,0.0,2000.0,,2000,2000,0.0,,0.0,0.0,0.0,,0.0,0.0,351.0,,351,351,1102.0,,1102,1102,0.0,,0.0,0.0,99fc6ef526bc821b82a48435c0a11457653382b1512fd893fda45260071da58a
E1,defocus_blur,1,none,0.01,1.0,,14,1,0.0,,0.0,0.0,2000.0,,2000,2000,0.0,,0.0,0.0,0.0,,0.0,0.0,351.0,,351,351,1102.0,,1102,1102,0.0,,0.0,0.0,99fc6ef526bc821b82a48435c0a11457653382b1512fd893fda45260071da58a
E1,defocus_blur,1,none,0.01,1.0,,15,1,0.0,,0.0,0.0,2000.0,,2000,2000,0.0,,0.0,0.0,0.0,,0.0,0.0,351.0,,351,351,1102.0,,1102,1102,0.0,,0.0,0.0,99fc6ef526bc821b82a48435c0a11457653382b1512fd893fda45260071da58a
E1,defocus_blur,1,clean_to_clean,0.01,1.0,,0,1,14.449999999999996,,14.449999999999996,14.449999999999996,2000.0,,2000,2000,1.0,,1.0,1.0,0.056261343012704176,,0.056261343012704176,0.056261343012704176,351.0,,351,351,1102.0,,1102,1102,3.040298820376396,,3.040298820376396,3.040298820376396,99fc6ef526bc821b82a48435c0a11457653382b1512fd893fda45260071da58a
E1,defocus_blur,1,clean_to_clean,0.01,1.0,,1,1,14.449999999999996,,14.449999999999996,14.449999999999996,2000.0,,2000,2000,1.0,,1.0,1.0,0.056261343012704176,,0.056261343012704176,0.056261343012704176,351.0,,351,351,1102.0,,1102,1102,3.040298820376396,,3.040298820376396,3.040298820376396,99fc6ef526bc821b82a48435c0a11457653382b1512fd893fda45260071da58a
E1,defocus_blur,1,clean_to_clean,0.01,1.0,,2,1,14.449999999999996,,14.449999999999996,14.449999999999996,2000.0,,2000,2000,1.0,,1.0,1.0,0.056261343012704176,,0.056261343012704176,0.056261343012704176,351.0,,351,351,1102.0,,1102,1102,3.040298820376396,,3.040298820376396,3.040298820376396,99fc6ef526bc821b82a48435c0a11457653382b1512fd893fda45260071da58a
E1,defocus_blur,1,clean_to_clean,0.01,1.0,,3,1,14.449999999999996,,14.449999999999996,14.449999999999996,2000.0,,2000,2000,1.0,,1.0,1.0,0.056261343012704176,,0.056261343012704176,0.056261343012704176,351.0,,351,351,1102.0,,1102,1102,3.040298820376396,,3.040298820376396,3.040298820376396,99fc6ef526bc821b82a48435c0a11457653382b1512fd893fda45260071da58a
E1,defocus_blur,1,clean_to_clean,0.01,1.0,,4,1,14.449999999999996,,14.449999999999996,14.449999999999996,2000.0,,2000,2000,1.0,,1.0,1.0,0.056261343012704176,,0.056261343012704176,0.056261343012704176,351.0,,351,351,1102.0,,1102,1102,3.040298820376396,,3.040298820376396,3.040298820376396,99fc6ef526bc821b82a48435c0a11457653382b1512fd893fda45260071da58a
E1,defocus_blur,1,clean_to_clean,0.01,1.0,,5,1,14.449999999999996,,14.449999999999996,14.449999999999996,2000.0,,2000,2000,1.0,,1.0,1.0,0.056261343012704176,,0.056261343012704176,0.056261343012704176,351.0,,351,351,1102.0,,1102,1102,3.040298820376396,,3.040298820376396,3.040298820376396,99fc6ef526bc821b82a48435c0a11457653382b1512fd893fda45260071da58a
E1,defocus_blur,1,clean_to_clean,0.01,1.0,,6,1,14.449999999999996,,14.449999999999996,14.449999999999996,2000.0,,2000,2000,1.0,,1.0,1.0,0.056261343012704176,,0.056261343012704176,0.056261343012704176,351.0,,351,351,1102.0,,1102,1102,3.040298820376396,,3.040298820376396,3.040298820376396,99fc6ef526bc821b82a48435c0a11457653382b1512fd893fda45260071da58a
E1,defocus_blur,1,clean_to_clean,0.01,1.0,,7,1,14.449999999999996,,14.449999999999996,14.449999999999996,2000.0,,2000,2000,1.0,,1.0,1.0,0.056261343012704176,,0.056261343012704176,0.056261343012704176,351.0,,351,351,1102.0,,1102,1102,3.040298820376396,,3.040298820376396,3.040298820376396,99fc6ef526bc821b82a48435c0a11457653382b1512fd893fda45260071da58a
E1,defocus_blur,1,clean_to_clean,0.01,1.0,,8,1,14.449999999999996,,14.449999999999996,14.449999999999996,2000.0,,2000,2000,1.0,,1.0,1.0,0.056261343012704176,,0.056261343012704176,0.056261343012704176,351.0,,351,351,1102.0,,1102,1102,3.040298820376396,,3.040298820376396,3.040298820376396,99fc6ef526bc821b82a48435c0a11457653382b1512fd893fda45260071da58a
E1,defocus_blur,1,clean_to_clean,0.01,1.0,,9,1,14.449999999999996,,14.449999999999996,14.449999999999996,2000.0,,2000,2000,1.0,,1.0,1.0,0.056261343012704176,,0.056261343012704176,0.056261343012704176,351.0,,351,351,1102.0,,1102,1102,3.040298820376396,,3.040298820376396,3.040298820376396,99fc6ef526bc821b82a48435c0a11457653382b1512fd893fda45260071da58a
E1,defocus_blur,1,clean_to_clean,0.01,1.0,,10,1,14.449999999999996,,14.449999999999996,14.449999999999996,2000.0,,2000,2000,1.0,,1.0,1.0,0.056261343012704176,,0.056261343012704176,0.056261343012704176,351.0,,351,351,1102.0,,1102,1102,3.040298820376396,,3.040298820376396,3.040298820376396,99fc6ef526bc821b82a48435c0a11457653382b1512fd893fda45260071da58a
E1,defocus_blur,1,clean_to_clean,0.01,1.0,,11,1,14.449999999999996,,14.449999999999996,14.449999999999996,2000.0,,2000,2000,1.0,,1.0,1.0,0.056261343012704176,,0.056261343012704176,0.056261343012704176,351.0,,351,351,1102.0,,1102,1102,3.040298820376396,,3.040298820376396,3.040298820376396,99fc6ef526bc821b82a48435c0a11457653382b1512fd893fda45260071da58a
E1,defocus_blur,1,clean_to_clean,0.01,1.0,,12,1,14.449999999999996,,14.449999999999996,14.449999999999996,2000.0,,2000,2000,1.0,,1.0,1.0,0.056261343012704176,,0.056261343012704176,0.056261343012704176,351.0,,351,351,1102.0,,1102,1102,3.040298820376396,,3.040298820376396,3.040298820376396,99fc6ef526bc821b82a48435c0a11457653382b1512fd893fda45260071da58a
E1,defocus_blur,1,clean_to_clean,0.01,1.0,,13,1,14.449999999999996,,14.449999999999996,14.449999999999996,2000.0,,2000,2000,1.0,,1.0,1.0,0.056261343012704176,,0.056261343012704176,0.056261343012704176,351.0,,351,351,1102.0,,1102,1102,3.040298820376396,,3.040298820376396,3.040298820376396,99fc6ef526bc821b82a48435c0a11457653382b1512fd893fda45260071da58a
E1,defocus_blur,1,clean_to_clean,0.01,1.0,,14,1,14.449999999999996,,14.449999999999996,14.449999999999996,2000.0,,2000,2000,1.0,,1.0,1.0,0.056261343012704176,,0.056261343012704176,0.056261343012704176,351.0,,351,351,1102.0,,1102,1102,3.040298820376396,,3.040298820376396,3.040298820376396,99fc6ef526bc821b82a48435c0a11457653382b1512fd893fda45260071da58a
E1,defocus_blur,1,clean_to_clean,0.01,1.0,,15,1,14.449999999999996,,14.449999999999996,14.449999999999996,2000.0,,2000,2000,1.0,,1.0,1.0,0.056261343012704176,,0.056261343012704176,0.056261343012704176,351.0,,351,351,1102.0,,1102,1102,3.040298820376396,,3.040298820376396,3.040298820376396,99fc6ef526bc821b82a48435c0a11457653382b1512fd893fda45260071da58a
E1,defocus_blur,1,full_state,0.01,1.0,,0,1,14.449999999999996,,14.449999999999996,14.449999999999996,2000.0,,2000,2000,1.0,,1.0,1.0,0.056261343012704176,,0.056261343012704176,0.056261343012704176,351.0,,351,351,1102.0,,1102,1102,3.040298820376396,,3.040298820376396,3.040298820376396,99fc6ef526bc821b82a48435c0a11457653382b1512fd893fda45260071da58a
E1,defocus_blur,1,full_state,0.01,1.0,,1,1,14.449999999999996,,14.449999999999996,14.449999999999996,2000.0,,2000,2000,1.0,,1.0,1.0,0.056261343012704176,,0.056261343012704176,0.056261343012704176,351.0,,351,351,1102.0,,1102,1102,3.040298820376396,,3.040298820376396,3.040298820376396,99fc6ef526bc821b82a48435c0a11457653382b1512fd893fda45260071da58a
E1,defocus_blur,1,full_state,0.01,1.0,,2,1,14.449999999999996,,14.449999999999996,14.449999999999996,2000.0,,2000,2000,1.0,,1.0,1.0,0.056261343012704176,,0.056261343012704176,0.056261343012704176,351.0,,351,351,1102.0,,1102,1102,3.040298820376396,,3.040298820376396,3.040298820376396,99fc6ef526bc821b82a48435c0a11457653382b1512fd893fda45260071da58a
E1,defocus_blur,1,full_state,0.01,1.0,,3,1,14.449999999999996,,14.449999999999996,14.449999999999996,2000.0,,2000,2000,1.0,,1.0,1.0,0.056261343012704176,,0.056261343012704176,0.056261343012704176,351.0,,351,351,1102.0,,1102,1102,3.040298820376396,,3.040298820376396,3.040298820376396,99fc6ef526bc821b82a48435c0a11457653382b1512fd893fda45260071da58a
E1,defocus_blur,1,full_state,0.01,1.0,,4,1,14.449999999999996,,14.449999999999996,14.449999999999996,2000.0,,2000,2000,1.0,,1.0,1.0,0.056261343012704176,,0.056261343012704176,0.056261343012704176,351.0,,351,351,1102.0,,1102,1102,3.040298820376396,,3.040298820376396,3.040298820376396,99fc6ef526bc821b82a48435c0a11457653382b1512fd893fda45260071da58a
E1,defocus_blur,1,full_state,0.01,1.0,,5,1,14.449999999999996,,14.449999999999996,14.449999999999996,2000.0,,2000,2000,1.0,,1.0,1.0,0.056261343012704176,,0.056261343012704176,0.056261343012704176,351.0,,351,351,1102.0,,1102,1102,3.040298820376396,,3.040298820376396,3.040298820376396,99fc6ef526bc821b82a48435c0a11457653382b1512fd893fda45260071da58a
E1,defocus_blur,1,full_state,0.01,1.0,,6,1,14.449999999999996,,14.449999999999996,14.449999999999996,2000.0,,2000,2000,1.0,,1.0,1.0,0.056261343012704176,,0.056261343012704176,0.056261343012704176,351.0,,351,351,1102.0,,1102,1102,3.040298820376396,,3.040298820376396,3.040298820376396,99fc6ef526bc821b82a48435c0a11457653382b1512fd893fda45260071da58a
E1,defocus_blur,1,full_state,0.01,1.0,,7,1,14.449999999999996,,14.449999999999996,14.449999999999996,2000.0,,2000,2000,1.0,,1.0,1.0,0.056261343012704176,,0.056261343012704176,0.056261343012704176,351.0,,351,351,1102.0,,1102,1102,3.040298820376396,,3.040298820376396,3.040298820376396,99fc6ef526bc821b82a48435c0a11457653382b1512fd893fda45260071da58a
E1,defocus_blur,1,full_state,0.01,1.0,,8,1,14.449999999999996,,14.449999999999996,14.449999999999996,2000.0,,2000,2000,1.0,,1.0,1.0,0.056261343012704176,,0.056261343012704176,0.056261343012704176,351.0,,351,351,1102.0,,1102,1102,3.040298820376396,,3.040298820376396,3.040298820376396,99fc6ef526bc821b82a48435c0a11457653382b1512fd893fda45260071da58a
E1,defocus_blur,1,full_state,0.01,1.0,,9,1,14.449999999999996,,14.449999999999996,14.449999999999996,2000.0,,2000,2000,1.0,,1.0,1.0,0.056261343012704176,,0.056261343012704176,0.056261343012704176,351.0,,351,351,1102.0,,1102,1102,3.040298820376396,,3.040298820376396,3.040298820376396,99fc6ef526bc821b82a48435c0a11457653382b1512fd893fda45260071da58a
E1,defocus_blur,1,full_state,0.01,1.0,,10,1,14.449999999999996,,14.449999999999996,14.449999999999996,2000.0,,2000,2000,1.0,,1.0,1.0,0.056261343012704176,,0.056261343012704176,0.056261343012704176,351.0,,351,351,1102.0,,1102,1102,3.040298820376396,,3.040298820376396,3.040298820376396,99fc6ef526bc821b82a48435c0a11457653382b1512fd893fda45260071da58a
E1,defocus_blur,1,full_state,0.01,1.0,,11,1,14.449999999999996,,14.449999999999996,14.449999999999996,2000.0,,2000,2000,1.0,,1.0,1.0,0.056261343012704176,,0.056261343012704176,0.056261343012704176,351.0,,351,351,1102.0,,1102,1102,3.040298820376396,,3.040298820376396,3.040298820376396,99fc6ef526bc821b82a48435c0a11457653382b1512fd893fda45260071da58a
E1,defocus_blur,1,full_state,0.01,1.0,,12,1,14.449999999999996,,14.449999999999996,14.449999999999996,2000.0,,2000,2000,1.0,,1.0,1.0,0.056261343012704176,,0.056261343012704176,0.056261343012704176,351.0,,351,351,1102.0,,1102,1102,3.040298820376396,,3.040298820376396,3.040298820376396,99fc6ef526bc821b82a48435c0a11457653382b1512fd893fda45260071da58a
E1,defocus_blur,1,full_state,0.01,1.0,,13,1,14.449999999999996,,14.449999999999996,14.449999999999996,2000.0,,2000,2000,1.0,,1.0,1.0,0.056261343012704176,,0.056261343012704176,0.056261343012704176,351.0,,351,351,1102.0,,1102,1102,3.040298820376396,,3.040298820376396,3.040298820376396,99fc6ef526bc821b82a48435c0a11457653382b1512fd893fda45260071da58a
E1,defocus_blur,1,full_state,0.01,1.0,,14,1,14.449999999999996,,14.449999999999996,14.449999999999996,2000.0,,2000,2000,1.0,,1.0,1.0,0.056261343012704176,,0.056261343012704176,0.056261343012704176,351.0,,351,351,1102.0,,1102,1102,3.040298820376396,,3.040298820376396,3.040298820376396,99fc6ef526bc821b82a48435c0a11457653382b1512fd893fda45260071da58a
E1,defocus_blur,1,full_state,0.01,1.0,,15,1,14.449999999999996,,14.449999999999996,14.449999999999996,2000.0,,2000,2000,1.0,,1.0,1.0,0.056261343012704176,,0.056261343012704176,0.056261343012704176,351.0,,351,351,1102.0,,1102,1102,3.040298820376396,,3.040298820376396,3.040298820376396,99fc6ef526bc821b82a48435c0a11457653382b1512fd893fda45260071da58a
E1,defocus_blur,1,random_direction,0.01,1.0,,0,1,0.20000000000000018,,0.20000000000000018,0.20000000000000018,2000.0,,2000,2000,0.042735042735042736,,0.042735042735042736,0.042735042735042736,0.010889292196007259,,0.010889292196007259,0.010889292196007259,351.0,,351,351,1102.0,,1102,1102,0.011095366537570954,,0.011095366537570954,0.011095366537570954,99fc6ef526bc821b82a48435c0a11457653382b1512fd893fda45260071da58a
E1,defocus_blur,1,random_direction,0.01,1.0,,1,1,0.14999999999999458,,0.14999999999999458,0.14999999999999458,2000.0,,2000,2000,0.02564102564102564,,0.02564102564102564,0.02564102564102564,0.006352087114337568,,0.006352087114337568,0.006352087114337568,351.0,,351,351,1102.0,,1102,1102,-0.0013481565117835998,,-0.0013481565117835998,-0.0013481565117835998,99fc6ef526bc821b82a48435c0a11457653382b1512fd893fda45260071da58a
E1,defocus_blur,1,random_direction,0.01,1.0,,2,1,0.14999999999999458,,0.14999999999999458,0.14999999999999458,2000.0,,2000,2000,0.019943019943019943,,0.019943019943019943,0.019943019943019943,0.004537205081669692,,0.004537205081669692,0.004537205081669692,351.0,,351,351,1102.0,,1102,1102,0.005851034164428711,,0.005851034164428711,0.005851034164428711,99fc6ef526bc821b82a48435c0a11457653382b1512fd893fda45260071da58a
E1,defocus_blur,1,random_direction,0.01,1.0,,3,1,-0.10000000000000009,,-0.10000000000000009,-0.10000000000000009,2000.0,,2000,2000,0.008547008547008548,,0.008547008547008548,0.008547008547008548,0.0054446460980036296,,0.0054446460980036296,0.0054446460980036296,351.0,,351,351,1102.0,,1102,1102,-0.00734102350473404,,-0.00734102350473404,-0.00734102350473404,99fc6ef526bc821b82a48435c0a11457653382b1512fd893fda45260071da58a
E1,defocus_blur,1,random_direction,0.01,1.0,,4,1,-0.10000000000000009,,-0.10000000000000009,-0.10000000000000009,2000.0,,2000,2000,0.011396011396011397,,0.011396011396011397,0.011396011396011397,0.006352087114337568,,0.006352087114337568,0.006352087114337568,351.0,,351,351,1102.0,,1102,1102,-0.0027627100944519044,,-0.0027627100944519044,-0.0027627100944519044,99fc6ef526bc821b82a48435c0a11457653382b1512fd893fda45260071da58a
E1,defocus_blur,1,random_direction,0.01,1.0,,5,1,-0.15000000000000568,,-0.15000000000000568,-0.15000000000000568,2000.0,,2000,2000,0.008547008547008548,,0.008547008547008548,0.008547008547008548,0.007259528130671506,,0.007259528130671506,0.007259528130671506,351.0,,351,351,1102.0,,1102,1102,-0.00853757643699646,,-0.00853757643699646,-0.00853757643699646,99fc6ef526bc821b82a48435c0a11457653382b1512fd893fda45260071da58a
E1,defocus_blur,1,random_direction,0.01,1.0,,6,1,-0.10000000000000009,,-0.10000000000000009,-0.10000000000000009,2000.0,,2000,2000,0.008547008547008548,,0.008547008547008548,0.008547008547008548,0.0054446460980036296,,0.0054446460980036296,0.0054446460980036296,351.0,,351,351,1102.0,,1102,1102,-0.005064909815788269,,-0.005064909815788269,-0.005064909815788269,99fc6ef526bc821b82a48435c0a11457653382b1512fd893fda45260071da58a
E1,defocus_blur,1,random_direction,0.01,1.0,,7,1,0.30000000000000027,,0.30000000000000027,0.30000000000000027,2000.0,,2000,2000,0.02849002849002849,,0.02849002849002849,0.02849002849002849,0.004537205081669692,,0.004537205081669692,0.004537205081669692,351.0,,351,351,1102.0,,1102,1102,-0.006035293877124787,,-0.006035293877124787,-0.006035293877124787,99fc6ef526bc821b82a48435c0a11457653382b1512fd893fda45260071da58a
E1,defocus_blur,1,random_direction,0.01,1.0,,8,1,-0.050000000000005596,,-0.050000000000005596,-0.050000000000005596,2000.0,,2000,2000,0.019943019943019943,,0.019943019943019943,0.019943019943019943,0.008166969147005444,,0.008166969147005444,0.008166969147005444,351.0,,351,351,1102.0,,1102,1102,-0.007889469802379609,,-0.007889469802379609,-0.007889469802379609,99fc6ef526bc821b82a48435c0a11457653382b1512fd893fda45260071da58a
E1,defocus_blur,1,random_direction,0.01,1.0,,9,1,0.14999999999999458,,0.14999999999999458,0.14999999999999458,2000.0,,2000,2000,0.014245014245014245,,0.014245014245014245,0.014245014245014245,0.0027223230490018148,,0.0027223230490018148,0.0027223230490018148,351.0,,351,351,1102.0,,1102,1102,-0.006763019919395446,,-0.006763019919395446,-0.006763019919395446,99fc6ef526bc821b82a48435c0a11457653382b1512fd893fda45260071da58a
E1,defocus_blur,1,random_direction,0.01,1.0,,10,1,0.0,,0.0,0.0,2000.0,,2000,2000,0.008547008547008548,,0.008547008547008548,0.008547008547008548,0.003629764065335753,,0.003629764065335753,0.003629764065335753,351.0,,351,351,1102.0,,1102,1102,-0.0036320385932922363,,-0.0036320385932922363,-0.0036320385932922363,99fc6ef526bc821b82a48435c0a11457653382b1512fd893fda45260071da58a
E1,defocus_blur,1,random_direction,0.01,1.0,,11,1,0.14999999999999458,,0.14999999999999458,0.14999999999999458,2000.0,,2000,2000,0.014245014245014245,,0.014245014245014245,0.014245014245014245,0.0027223230490018148,,0.0027223230490018148,0.0027223230490018148,351.0,,351,351,1102.0,,1102,1102,-0.0023582571148872376,,-0.0023582571148872376,-0.0023582571148872376,99fc6ef526bc821b82a48435c0a11457653382b1512fd893fda45260071da58a
E1,defocus_blur,1,random_direction,0.01,1.0,,12,1,0.0,,0.0,0.0,2000.0,,2000,2000,0.014245014245014245,,0.014245014245014245,0.014245014245014245,0.0054446460980036296,,0.0054446460980036296,0.0054446460980036296,351.0,,351,351,1102.0,,1102,1102,0.0009253652095794678,,0.0009253652095794678,0.0009253652095794678,99fc6ef526bc821b82a48435c0a11457653382b1512fd893fda45260071da58a
E1,defocus_blur,1,random_direction,0.01,1.0,,13,1,0.24999999999999467,,0.24999999999999467,0.24999999999999467,2000.0,,2000,2000,0.017094017094017096,,0.017094017094017096,0.017094017094017096,0.0018148820326678765,,0.0018148820326678765,0.0018148820326678765,351.0,,351,351,1102.0,,1102,1102,-0.0025706522464752197,,-0.0025706522464752197,-0.0025706522464752197,99fc6ef526bc821b82a48435c0a11457653382b1512fd893fda45260071da58a
E1,defocus_blur,1,random_direction,0.01,1.0,,14,1,0.14999999999999458,,0.14999999999999458,0.14999999999999458,2000.0,,2000,2000,0.008547008547008548,,0.008547008547008548,0.008547008547008548,0.0009074410163339383,,0.0009074410163339383,0.0009074410163339383,351.0,,351,351,1102.0,,1102,1102,-0.002145457625389099,,-0.002145457625389099,-0.002145457625389099,99fc6ef526bc821b82a48435c0a11457653382b1512fd893fda45260071da58a
E1,defocus_blur,1,random_direction,0.01,1.0,,15,1,0.10000000000000009,,0.10000000000000009,0.10000000000000009,2000.0,,2000,2000,0.005698005698005698,,0.005698005698005698,0.005698005698005698,0.0018148820326678765,,0.0018148820326678765,0.0018148820326678765,351.0,,351,351,1102.0,,1102,1102,-0.0011361043453216554,,-0.0011361043453216554,-0.0011361043453216554,99fc6ef526bc821b82a48435c0a11457653382b1512fd893fda45260071da58a
E1,defocus_blur,1,shuffled_donor,0.01,1.0,,0,1,-0.20000000000000018,,-0.20000000000000018,-0.20000000000000018,2000.0,,2000,2000,0.09686609686609686,,0.09686609686609686,0.09686609686609686,0.045372050816696916,,0.045372050816696916,0.045372050816696916,351.0,,351,351,1102.0,,1102,1102,-0.12102506965398789,,-0.12102506965398789,-0.12102506965398789,99fc6ef526bc821b82a48435c0a11457653382b1512fd893fda45260071da58a
E1,defocus_blur,1,shuffled_donor,0.01,1.0,,1,1,0.6000000000000005,,0.6000000000000005,0.6000000000000005,2000.0,,2000,2000,0.07407407407407407,,0.07407407407407407,0.07407407407407407,0.014519056261343012,,0.014519056261343012,0.014519056261343012,351.0,,351,351,1102.0,,1102,1102,-0.003243869721889496,,-0.003243869721889496,-0.003243869721889496,99fc6ef526bc821b82a48435c0a11457653382b1512fd893fda45260071da58a
E1,defocus_blur,1,shuffled_donor,0.01,1.0,,2,1,0.30000000000000027,,0.30000000000000027,0.30000000000000027,2000.0,,2000,2000,0.05982905982905983,,0.05982905982905983,0.05982905982905983,0.014519056261343012,,0.014519056261343012,0.014519056261343012,351.0,,351,351,1102.0,,1102,1102,0.006070844411849976,,0.006070844411849976,0.006070844411849976,99fc6ef526bc821b82a48435c0a11457653382b1512fd893fda45260071da58a
E1,defocus_blur,1,shuffled_donor,0.01,1.0,,3,1,0.10000000000000009,,0.10000000000000009,0.10000000000000009,2000.0,,2000,2000,0.05982905982905983,,0.05982905982905983,0.05982905982905983,0.022686025408348458,,0.022686025408348458,0.022686025408348458,351.0,,351,351,1102.0,,1102,1102,0.02823894363641739,,0.02823894363641739,0.02823894363641739,99fc6ef526bc821b82a48435c0a11457653382b1512fd893fda45260071da58a
E1,defocus_blur,1,shuffled_donor,0.01,1.0,,4,1,0.14999999999999458,,0.14999999999999458,0.14999999999999458,2000.0,,2000,2000,0.05698005698005698,,0.05698005698005698,0.05698005698005698,0.019963702359346643,,0.019963702359346643,0.019963702359346643,351.0,,351,351,1102.0,,1102,1102,-0.03390284550189972,,-0.03390284550189972,-0.03390284550189972,99fc6ef526bc821b82a48435c0a11457653382b1512fd893fda45260071da58a
E1,defocus_blur,1,shuffled_donor,0.01,1.0,,5,1,0.04999999999999449,,0.04999999999999449,0.04999999999999449,2000.0,,2000,2000,0.05128205128205128,,0.05128205128205128,0.05128205128205128,0.019963702359346643,,0.019963702359346643,0.019963702359346643,351.0,,351,351,1102.0,,1102,1102,-0.03226117789745331,,-0.03226117789745331,-0.03226117789745331,99fc6ef526bc821b82a48435c0a11457653382b1512fd893fda45260071da58a
E1,defocus_blur,1,shuffled_donor,0.01,1.0,,6,1,0.14999999999999458,,0.14999999999999458,0.14999999999999458,2000.0,,2000,2000,0.045584045584045586,,0.045584045584045586,0.045584045584045586,0.015426497277676952,,0.015426497277676952,0.015426497277676952,351.0,,351,351,1102.0,,1102,1102,-0.025683819472789766,,-0.025683819472789766,-0.025683819472789766,99fc6ef526bc821b82a48435c0a11457653382b1512fd893fda45260071da58a
E1,defocus_blur,1,shuffled_donor,0.01,1.0,,7,1,0.20000000000000018,,0.20000000000000018,0.20000000000000018,2000.0,,2000,2000,0.037037037037037035,,0.037037037037037035,0.037037037037037035,0.011796733212341199,,0.011796733212341199,0.011796733212341199,351.0,,351,351,1102.0,,1102,1102,-0.03002597939968109,,-0.03002597939968109,-0.03002597939968109,99fc6ef526bc821b82a48435c0a11457653382b1512fd893fda45260071da58a
E1,defocus_blur,1,shuffled_donor,0.01,1.0,,8,1,0.04999999999999449,,0.04999999999999449,0.04999999999999449,2000.0,,2000,2000,0.042735042735042736,,0.042735042735042736,0.042735042735042736,0.014519056261343012,,0.014519056261343012,0.014519056261343012,351.0,,351,351,1102.0,,1102,1102,-0.01710973048210144,,-0.01710973048210144,-0.01710973048210144,99fc6ef526bc821b82a48435c0a11457653382b1512fd893fda45260071da58a
E1,defocus_blur,1,shuffled_donor,0.01,1.0,,9,1,0.30000000000000027,,0.30000000000000027,0.30000000000000027,2000.0,,2000,2000,0.05982905982905983,,0.05982905982905983,0.05982905982905983,0.015426497277676952,,0.015426497277676952,0.015426497277676952,351.0,,351,351,1102.0,,1102,1102,-0.020070001304149626,,-0.020070001304149626,-0.020070001304149626,99fc6ef526bc821b82a48435c0a11457653382b1512fd893fda45260071da58a
E1,defocus_blur,1,shuffled_donor,0.01,1.0,,10,1,0.10000000000000009,,0.10000000000000009,0.10000000000000009,2000.0,,2000,2000,0.045584045584045586,,0.045584045584045586,0.045584045584045586,0.015426497277676952,,0.015426497277676952,0.015426497277676952,351.0,,351,351,1102.0,,1102,1102,-0.011650317132472991,,-0.011650317132472991,-0.011650317132472991,99fc6ef526bc821b82a48435c0a11457653382b1512fd893fda45260071da58a
E1,defocus_blur,1,shuffled_donor,0.01,1.0,,11,1,0.30000000000000027,,0.30000000000000027,0.30000000000000027,2000.0,,2000,2000,0.05413105413105413,,0.05413105413105413,0.05413105413105413,0.014519056261343012,,0.014519056261343012,0.014519056261343012,351.0,,351,351,1102.0,,1102,1102,-0.014987957596778869,,-0.014987957596778869,-0.014987957596778869,99fc6ef526bc821b82a48435c0a11457653382b1512fd893fda45260071da58a
E1,defocus_blur,1,shuffled_donor,0.01,1.0,,12,1,-0.30000000000000027,,-0.30000000000000027,-0.30000000000000027,2000.0,,2000,2000,0.037037037037037035,,0.037037037037037035,0.037037037037037035,0.020871143375680582,,0.020871143375680582,0.020871143375680582,351.0,,351,351,1102.0,,1102,1102,-0.028379140198230745,,-0.028379140198230745,-0.028379140198230745,99fc6ef526bc821b82a48435c0a11457653382b1512fd893fda45260071da58a
E1,defocus_blur,1,shuffled_donor,0.01,1.0,,13,1,-0.2500000000000058,,-0.2500000000000058,-0.2500000000000058,2000.0,,2000,2000,0.03418803418803419,,0.03418803418803419,0.03418803418803419,0.019056261343012703,,0.019056261343012703,0.019056261343012703,351.0,,351,351,1102.0,,1102,1102,-0.031169034719467165,,-0.031169034719467165,-0.031169034719467165,99fc6ef526bc821b82a48435c0a11457653382b1512fd893fda45260071da58a
E1,defocus_blur,1,shuffled_donor,0.01,1.0,,14,1,-0.40000000000000036,,-0.40000000000000036,-0.40000000000000036,2000.0,,2000,2000,0.02564102564102564,,0.02564102564102564,0.02564102564102564,0.018148820326678767,,0.018148820326678767,0.018148820326678767,351.0,,351,351,1102.0,,1102,1102,-0.041845696151256564,,-0.041845696151256564,-0.041845696151256564,99fc6ef526bc821b82a48435c0a11457653382b1512fd893fda45260071da58a
E1,defocus_blur,1,shuffled_donor,0.01,1.0,,15,1,-0.2500000000000058,,-0.2500000000000058,-0.2500000000000058,2000.0,,2000,2000,0.019943019943019943,,0.019943019943019943,0.019943019943019943,0.013611615245009074,,0.013611615245009074,0.013611615245009074,351.0,,351,351,1102.0,,1102,1102,-0.03923637104034424,,-0.03923637104034424,-0.03923637104034424,99fc6ef526bc821b82a48435c0a11457653382b1512fd893fda45260071da58a
E1,defocus_blur,3,partial_channel,0.01,1.0,,0,5,0.4100000000000003,0.7845380806563829,-0.20000000000000018,1.7000000000000015,2000.0,0.0,2000,2000,0.03233830845771145,0.02318576104764583,0.012437810945273632,0.0708955223880597,0.03188405797101449,0.008398328380293267,0.02254428341384863,0.04508856682769726,804.0,0.0,804,804,621.0,0.0,621,621,0.04087941644191742,0.06039476311947261,-0.018234903395175934,0.12291334050893783,99fc6ef526bc821b82a48435c0a11457653382b1512fd893fda45260071da58a
E1,defocus_blur,3,partial_channel,0.05,1.0,,0,5,2.6000000000000014,1.223212982272506,1.5000000000000013,4.399999999999999,2000.0,0.0,2000,2000,0.11019900497512439,0.01942051765600182,0.0945273631840796,0.1417910447761194,0.07632850241545894,0.023462992236462473,0.04830917874396135,0.10144927536231885,804.0,0.0,804,804,621.0,0.0,621,621,0.2882207347273827,0.16347023818015533,0.0819712769985199,0.5332942274808884,99fc6ef526bc821b82a48435c0a11457653382b1512fd893fda45260071da58a
E1,defocus_blur,3,partial_channel,0.1,1.0,,0,5,4.67,2.009850740726783,1.8000000000000016,7.200000000000001,2000.0,0.0,2000,2000,0.17064676616915422,0.04490893789276112,0.11940298507462686,0.22388059701492538,0.09500805152979067,0.02777486040363984,0.05958132045088567,0.12238325281803543,804.0,0.0,804,804,621.0,0.0,621,621,0.5142415252327919,0.259504690602143,0.17550815331935882,0.8502422525286675,99fc6ef526bc821b82a48435c0a11457653382b1512fd893fda45260071da58a
E1,defocus_blur,3,partial_channel,0.2,1.0,,0,5,6.209999999999999,3.809757210111951,0.5500000000000005,10.849999999999998,2000.0,0.0,2000,2000,0.2390547263681592,0.05397494071687768,0.20149253731343283,0.3333333333333333,0.14814814814814814,0.08749905305569827,0.07890499194847021,0.30112721417069244,804.0,0.0,804,804,621.0,0.0,621,621,0.5775741275906563,0.6607448072035581,-0.4736369485259056,1.3417033351659775,99fc6ef526bc821b82a48435c0a11457653382b1512fd893fda45260071da58a
E1,defocus_blur,3,partial_channel,0.01,1.0,,1,5,0.2200000000000002,0.49573178231781795,-0.5000000000000004,0.8500000000000008,2000.0,0.0,2000,2000,0.02189054726368159,0.010648683976618901,0.012437810945273632,0.03980099502487562,0.023510466988727854,0.007431871664550289,0.017713365539452495,0.03542673107890499,804.0,0.0,804,804,621.0,0.0,621,621,0.029913285279273984,0.05072755273705052,-0.024777290523052217,0.11171383219957352,99fc6ef526bc821b82a48435c0a11457653382b1512fd893fda45260071da58a
E1,defocus_blur,3,partial_channel,0.05,1.0,,1,5,1.4400000000000013,1.5989840524533083,-1.200000000000001,2.9000000000000026,2000.0,0.0,2000,2000,0.07363184079601989,0.015717968327785197,0.05099502487562189,0.09203980099502487,0.05829307568438004,0.038971400382723766,0.030595813204508857,0.12560386473429952,804.0,0.0,804,804,621.0,0.0,621,621,0.1492162202000618,0.2224054030613304,-0.23083032536506654,0.3443911023736,99fc6ef526bc821b82a48435c0a11457653382b1512fd893fda45260071da58a
E1,defocus_blur,3,partial_channel,0.1,1.0,,1,5,3.2,1.945507645834371,0.9000000000000008,6.05,2000.0,0.0,2000,2000,0.11890547263681592,0.04344874703567213,0.0845771144278607,0.1890547263681592,0.07085346215781,0.02027323399680221,0.043478260869565216,0.0966183574879227,804.0,0.0,804,804,621.0,0.0,621,621,0.30346892166137696,0.2253271648334402,0.08689264768362046,0.6472197133898735,99fc6ef526bc821b82a48435c0a11457653382b1512fd893fda45260071da58a
E1,defocus_blur,3,partial_channel,0.2,1.0,,1,5,5.35,3.332041416309226,1.4000000000000012,9.749999999999998,2000.0,0.0,2000,2000,0.1972636815920398,0.05882440300042766,0.12437810945273632,0.27114427860696516,0.1143317230273752,0.038293468439916635,0.07568438003220612,0.16264090177133655,804.0,0.0,804,804,621.0,0.0,621,621,0.501892020058632,0.4860417261597581,-0.14963836240768433,1.1071795579791068,99fc6ef526bc821b82a48435c0a11457653382b1512fd893fda45260071da58a
E1,defocus_blur,3,partial_channel,0.01,1.0,,2,5,0.29000000000000026,0.34892692644735834,-0.050000000000000044,0.7500000000000007,2000.0,0.0,2000,2000,0.02238805970149254,0.006980704079802129,0.013681592039800995,0.029850746268656716,0.021578099838969404,0.008019259000314803,0.01288244766505636,0.0322061191626409,804.0,0.0,804,804,621.0,0.0,621,621,0.0406800548672676,0.0413552518739769,0.0015625554919242858,0.10297019743919372,99fc6ef526bc821b82a48435c0a11457653382b1512fd893fda45260071da58a
E1,defocus_blur,3,partial_channel,0.05,1.0,,2,5,1.8400000000000016,0.7494998332221303,0.7500000000000007,2.5500000000000025,2000.0,0.0,2000,2000,0.07537313432835821,0.008371302821126293,0.06467661691542288,0.08706467661691543,0.047020933977455714,0.02176595232090591,0.027375201288244767,0.08373590982286634,804.0,0.0,804,804,621.0,0.0,621,621,0.18922010776996614,0.12725888978528702,-0.029356124997138976,0.2911183596253395,99fc6ef526bc821b82a48435c0a11457653382b1512fd893fda45260071da58a
E1,defocus_blur,3,partial_channel,0.1,1.0,,2,5,3.7400000000000007,1.9004604705176054,1.4500000000000013,6.7,2000.0,0.0,2000,2000,0.13109452736318408,0.04366185424261172,0.08706467661691543,0.2027363184079602,0.06537842190016102,0.011477313804319137,0.05314009661835749,0.08051529790660225,804.0,0.0,804,804,621.0,0.0,621,621,0.39701557165384294,0.23190399545662405,0.11392376840114593,0.749674156665802,99fc6ef526bc821b82a48435c0a11457653382b1512fd893fda45260071da58a
E1,defocus_blur,3,partial_channel,0.2,1.0,,2,5,6.369999999999999,3.603574614185197,1.8000000000000016,11.649999999999999,2000.0,0.0,2000,2000,0.21194029850746263,0.06700044534733089,0.13059701492537312,0.31467661691542287,0.09726247987117553,0.03263800595209851,0.0644122383252818,0.13365539452495975,804.0,0.0,804,804,621.0,0.0,621,621,0.7389570240616797,0.4450702596045602,0.1563092850446701,1.3973808925151825,99fc6ef526bc821b82a48435c0a11457653382b1512fd893fda45260071da58a
E1,defocus_blur,3,partial_channel,0.01,1.0,,3,5,0.5000000000000006,0.2893959225697559,0.20000000000000018,0.9500000000000008,2000.0,0.0,2000,2000,0.028855721393034828,0.004768728734497714,0.0236318407960199,0.03482587064676617,0.02286634460547504,0.008163473014902787,0.01610305958132045,0.037037037037037035,804.0,0.0,804,804,621.0,0.0,621,621,0.044096715545654294,0.037995569964642976,-0.004229428887367249,0.08556527298688889,99fc6ef526bc821b82a48435c0a11457653382b1512fd893fda45260071da58a
E1,defocus_blur,3,partial_channel,0.05,1.0,,3,5,2.8099999999999996,2.306078923194086,0.7000000000000006,6.1,2000.0,0.0,2000,2000,0.10870646766169154,0.04326141709599026,0.0708955223880597,0.17164179104477612,0.06698872785829307,0.017140494802879446,0.04669887278582931,0.08051529790660225,804.0,0.0,804,804,621.0,0.0,621,621,0.262723436832428,0.34216661718435426,-0.017504420280456543,0.7147735905051231,99fc6ef526bc821b82a48435c0a11457653382b1512fd893fda45260071da58a
E1,defocus_blur,3,partial_channel,0.1,1.0,,3,5,5.700000000000001,3.004371814539605,2.150000000000002,8.600000000000001,2000.0,0.0,2000,2000,0.18582089552238806,0.06344868595262727,0.10820895522388059,0.236318407960199,0.07987117552334944,0.016046599894818825,0.05475040257648953,0.09500805152979067,804.0,0.0,804,804,621.0,0.0,621,621,0.6396870233058929,0.34540635176050205,0.1563743152618408,0.9830823972821235,99fc6ef526bc821b82a48435c0a11457653382b1512fd893fda45260071da58a
E1,defocus_blur,3,partial_channel,0.2,1.0,,3,5,12.309999999999999,4.7617486283927235,6.800000000000001,17.45,2000.0,0.0,2000,2000,0.3333333333333333,0.09953746275856923,0.24253731343283583,0.4502487562189055,0.08051529790660225,0.02528231637376422,0.05475040257648953,0.12077294685990338,804.0,0.0,804,804,621.0,0.0,621,621,1.3248881630301477,0.6048995014774836,0.6827034043669701,1.9802617822289468,99fc6ef526bc821b82a48435c0a11457653382b1512fd893fda45260071da58a
E1,defocus_blur,3,partial_channel,0.01,1.0,,4,5,0.3300000000000003,0.21389249636207458,0.10000000000000009,0.5500000000000005,2000.0,0.0,2000,2000,0.027363184079601987,0.004569943549968617,0.01990049751243781,0.03109452736318408,0.02544283413848631,0.006774777445398592,0.01932367149758454,0.037037037037037035,804.0,0.0,804,804,621.0,0.0,621,621,0.021362346780300138,0.04069598971998453,-0.026620272994041443,0.06528961759805679,99fc6ef526bc821b82a48435c0a11457653382b1512fd893fda45260071da58a
E1,defocus_blur,3,partial_channel,0.05,1.0,,4,5,3.13,1.2173742234826541,1.8000000000000016,4.149999999999999,2000.0,0.0,2000,2000,0.11119402985074629,0.02246738296827498,0.07835820895522388,0.1281094527363184,0.05829307568438004,0.01826828058085897,0.04508856682769726,0.09017713365539452,804.0,0.0,804,804,621.0,0.0,621,621,0.3187635689854622,0.1952281977909978,0.07363100028038025,0.4837624036669731,99fc6ef526bc821b82a48435c0a11457653382b1512fd893fda45260071da58a
E1,defocus_blur,3,partial_channel,0.1,1.0,,4,5,6.120000000000002,2.1493022123470675,2.950000000000003,8.000000000000002,2000.0,0.0,2000,2000,0.19129353233830843,0.04291855861047943,0.12189054726368159,0.23507462686567165,0.07536231884057971,0.025318188736919222,0.037037037037037035,0.10466988727858294,804.0,0.0,804,804,621.0,0.0,621,621,0.650859333026409,0.24642651833146512,0.24469992136955263,0.8582763067483902,99fc6ef526bc821b82a48435c0a11457653382b1512fd893fda45260071da58a
E1,defocus_blur,3,partial_channel,0.2,1.0,,4,5,12.59,2.9678274882479267,9.000000000000002,16.4,2000.0,0.0,2000,2000,0.33482587064676617,0.0547150598900143,0.28233830845771146,0.4129353233830846,0.07053140096618357,0.02974492725029003,0.05152979066022544,0.12238325281803543,804.0,0.0,804,804,621.0,0.0,621,621,1.3705959830880166,0.389653599005761,0.9043220965862274,1.9032574356794358,99fc6ef526bc821b82a48435c0a11457653382b1512fd893fda45260071da58a
E1,defocus_blur,3,partial_channel,0.01,1.0,,5,5,0.28000000000000025,0.2706473720544874,0.0,0.7000000000000006,2000.0,0.0,2000,2000,0.025870646766169153,0.005158318744608885,0.01990049751243781,0.03233830845771144,0.02608695652173913,0.009348100015265695,0.014492753623188406,0.040257648953301126,804.0,0.0,804,804,621.0,0.0,621,621,0.013894880712032317,0.043062282456894356,-0.04516016203165054,0.056958768129348754,99fc6ef526bc821b82a48435c0a11457653382b1512fd893fda45260071da58a
E1,defocus_blur,3,partial_channel,0.05,1.0,,5,5,2.6900000000000013,0.7436396977031273,1.6500000000000015,3.5499999999999976,2000.0,0.0,2000,2000,0.10298507462686568,0.021603872540125347,0.0708955223880597,0.12313432835820895,0.05829307568438004,0.01217885372057265,0.0499194847020934,0.07890499194847021,804.0,0.0,804,804,621.0,0.0,621,621,0.28831926161050797,0.169086786226843,0.10283990097045899,0.4963140659928322,99fc6ef526bc821b82a48435c0a11457653382b1512fd893fda45260071da58a
E1,defocus_blur,3,partial_channel,0.1,1.0,,5,5,5.769999999999999,1.7426990560621778,3.4999999999999973,8.100000000000001,2000.0,0.0,2000,2000,0.181592039800995,0.0428788909849209,0.12313432835820895,0.23134328358208955,0.07471819645732689,0.024648729801387347,0.040257648953301126,0.10950080515297907,804.0,0.0,804,804,621.0,0.0,621,621,0.627657259953022,0.2186063457094409,0.28037808698415756,0.8864333121180534,99fc6ef526bc821b82a48435c0a11457653382b1512fd893fda45260071da58a
E1,defocus_blur,3,partial_channel,0.2,1.0,,5,5,11.75,2.475631232635427,8.950000000000003,15.550000000000002,2000.0,0.0,2000,2000,0.3149253731343284,0.045778917250434877,0.2798507462686567,0.39427860696517414,0.06859903381642513,0.031485496694248674,0.043478260869565216,0.12238325281803543,804.0,0.0,804,804,621.0,0.0,621,621,1.3064207143545148,0.25562735999658753,1.099971123099327,1.7322720098495483,99fc6ef526bc821b82a48435c0a11457653382b1512fd893fda45260071da58a
E1,defocus_blur,3,partial_channel,0.01,1.0,,6,5,0.45000000000000034,0.3372684390808013,0.050000000000000044,0.9500000000000008,2000.0,0.0,2000,2000,0.026865671641791038,0.007177382112563934,0.014925373134328358,0.03233830845771144,0.021578099838969404,0.008936835378751439,0.014492753623188406,0.037037037037037035,804.0,0.0,804,804,621.0,0.0,621,621,0.026384193933010103,0.03570859280343999,-0.028892666041851044,0.06284746992588043,99fc6ef526bc821b82a48435c0a11457653382b1512fd893fda45260071da58a
E1,defocus_blur,3,partial_channel,0.05,1.0,,6,5,2.9000000000000004,0.8916277250063486,1.9500000000000017,3.749999999999998,2000.0,0.0,2000,2000,0.09925373134328357,0.02372005008886808,0.06840796019900497,0.12189054726368159,0.04766505636070854,0.009009082596263682,0.033816425120772944,0.05636070853462158,804.0,0.0,804,804,621.0,0.0,621,621,0.32997672879695894,0.13047850146097145,0.21074805128574373,0.5249626789689064,99fc6ef526bc821b82a48435c0a11457653382b1512fd893fda45260071da58a
E1,defocus_blur,3,partial_channel,0.1,1.0,,6,5,6.1,1.992172181313655,4.299999999999998,9.400000000000002,2000.0,0.0,2000,2000,0.1818407960199005,0.04702907207733254,0.12313432835820895,0.24875621890547264,0.06247987117552335,0.023318876108496946,0.040257648953301126,0.0966183574879227,804.0,0.0,804,804,621.0,0.0,621,621,0.6760640605211258,0.1983805925561405,0.47376160115003585,0.9982772997617722,99fc6ef526bc821b82a48435c0a11457653382b1512fd893fda45260071da58a
E1,defocus_blur,3,partial_channel,0.2,1.0,,6,5,12.37,1.8988812495782894,9.699999999999998,14.850000000000001,2000.0,0.0,2000,2000,0.32587064676616917,0.033199870186664523,0.2947761194029851,0.3781094527363184,0.06376811594202898,0.025297696472342004,0.043478260869565216,0.10789049919484701,804.0,0.0,804,804,621.0,0.0,621,621,1.4183544997096063,0.22001549581327398,1.187176121890545,1.7788410320281982,99fc6ef526bc821b82a48435c0a11457653382b1512fd893fda45260071da58a
E1,defocus_blur,3,partial_channel,0.01,1.0,,7,5,0.9100000000000007,0.5401388710322564,0.2500000000000002,1.6500000000000015,2000.0,0.0,2000,2000,0.0390547263681592,0.015747467199518812,0.021144278606965175,0.06343283582089553,0.024476650563607084,0.007237425138242909,0.01932367149758454,0.037037037037037035,804.0,0.0,804,804,621.0,0.0,621,621,0.1032314936876297,0.06126969730616304,0.04041282057762146,0.18339359605312347,99fc6ef526bc821b82a48435c0a11457653382b1512fd893fda45260071da58a
E1,defocus_blur,3,partial_channel,0.05,1.0,,7,5,3.629999999999998,0.642845237985005,2.6000000000000023,4.249999999999998,2000.0,0.0,2000,2000,0.11019900497512439,0.018997712920519928,0.08582089552238806,0.13432835820895522,0.0392914653784219,0.015595877633240903,0.020933977455716585,0.06280193236714976,804.0,0.0,804,804,621.0,0.0,621,621,0.42428621413707734,0.08957773466223239,0.28329273450374604,0.5023501132130623,99fc6ef526bc821b82a48435c0a11457653382b1512fd893fda45260071da58a
E1,defocus_blur,3,partial_channel,0.1,1.0,,7,5,6.9300000000000015,0.5357238094391557,6.45,7.750000000000002,2000.0,0.0,2000,2000,0.18980099502487563,0.010428494435947561,0.17288557213930347,0.20024875621890548,0.0466988727858293,0.018430794109918835,0.02254428341384863,0.07085346215780998,804.0,0.0,804,804,621.0,0.0,621,621,0.7337387642860411,0.1378213458595988,0.5163559974431992,0.884903198838234,99fc6ef526bc821b82a48435c0a11457653382b1512fd893fda45260071da58a
E1,defocus_blur,3,partial_channel,0.2,1.0,,7,5,14.319999999999999,1.9034836484719262,13.100000000000001,17.65,2000.0,0.0,2000,2000,0.36915422885572136,0.046516415239254254,0.3370646766169154,0.4502487562189055,0.05185185185185186,0.00596030773697963,0.043478260869565216,0.05958132045088567,804.0,0.0,804,804,621.0,0.0,621,621,1.6462288030982015,0.2058760385692397,1.481579092144966,2.0008605902791023,99fc6ef526bc821b82a48435c0a11457653382b1512fd893fda45260071da58a
E1,defocus_blur,3,partial_channel,0.01,1.0,,8,5,0.7800000000000006,0.37013511046643527,0.4500000000000004,1.4000000000000012,2000.0,0.0,2000,2000,0.03283582089552238,0.011687572100331849,0.01990049751243781,0.05099502487562189,0.01996779388083736,0.0065013298673708055,0.00966183574879227,0.027375201288244767,804.0,0.0,804,804,621.0,0.0,621,621,0.10342114430665969,0.05912857576393677,0.05259477335214615,0.18679612320661546,99fc6ef526bc821b82a48435c0a11457653382b1512fd893fda45260071da58a
E1,defocus_blur,3,partial_channel,0.05,1.0,,8,5,3.53,1.1048755586037715,2.150000000000002,4.949999999999999,2000.0,0.0,2000,2000,0.10422885572139304,0.02350713364164667,0.08084577114427861,0.1318407960199005,0.03156199677938808,0.011191336781896332,0.02254428341384863,0.04669887278582931,804.0,0.0,804,804,621.0,0.0,621,621,0.41729741039276125,0.10018340368773836,0.310033301949501,0.525148244380951,99fc6ef526bc821b82a48435c0a11457653382b1512fd893fda45260071da58a
E1,defocus_blur,3,partial_channel,0.1,1.0,,8,5,7.24,1.164259421263149,5.949999999999999,8.250000000000002,2000.0,0.0,2000,2000,0.19154228855721392,0.02552025438890944,0.15298507462686567,0.21517412935323382,0.03671497584541063,0.0129527069579325,0.02576489533011272,0.05636070853462158,804.0,0.0,804,804,621.0,0.0,621,621,0.8151226399779319,0.11980719291194848,0.6304522965550423,0.9204494799375534,99fc6ef526bc821b82a48435c0a11457653382b1512fd893fda45260071da58a
E1,defocus_blur,3,partial_channel,0.2,1.0,,8,5,14.890000000000004,2.9269010915984164,11.45,19.55,2000.0,0.0,2000,2000,0.3763681592039801,0.0736492768786826,0.291044776119403,0.4937810945273632,0.04605475040257649,0.006697788838352794,0.03864734299516908,0.05636070853462158,804.0,0.0,804,804,621.0,0.0,621,621,1.740729992246628,0.35550226607210367,1.4051721192598343,2.3473539120554925,99fc6ef526bc821b82a48435c0a11457653382b1512fd893fda45260071da58a
E1,defocus_blur,3,partial_channel,0.01,1.0,,9,5,0.7500000000000007,0.2318404623873928,0.5500000000000005,1.050000000000001,2000.0,0.0,2000,2000,0.03159203980099502,0.009207341056378979,0.021144278606965175,0.04228855721393035,0.01932367149758454,0.006926187815654289,0.00966183574879227,0.02576489533011272,804.0,0.0,804,804,621.0,0.0,621,621,0.09423789122104645,0.05568598954303645,0.041382552683353425,0.1752943332195282,99fc6ef526bc821b82a48435c0a11457653382b1512fd893fda45260071da58a
E1,defocus_blur,3,partial_channel,0.05,1.0,,9,5,3.6,0.8930285549745857,2.6000000000000023,4.749999999999998,2000.0,0.0,2000,2000,0.10199004975124377,0.019881053934260925,0.07587064676616916,0.12189054726368159,0.02608695652173913,0.008775798127818814,0.01288244766505636,0.033816425120772944,804.0,0.0,804,804,621.0,0.0,621,621,0.4122986561655998,0.082203908600592,0.31031893199682237,0.5091395993232727,99fc6ef526bc821b82a48435c0a11457653382b1512fd893fda45260071da58a
E1,defocus_blur,3,partial_channel,0.1,1.0,,9,5,7.200000000000001,0.915832954200711,6.3,8.300000000000002,2000.0,0.0,2000,2000,0.18731343283582091,0.021696762117856466,0.16791044776119404,0.21144278606965175,0.03091787439613527,0.00562455690710885,0.024154589371980676,0.03864734299516908,804.0,0.0,804,804,621.0,0.0,621,621,0.8210101527810097,0.1074911247440136,0.7186812747120858,0.964107791185379,99fc6ef526bc821b82a48435c0a11457653382b1512fd893fda45260071da58a
E1,defocus_blur,3,partial_channel,0.2,1.0,,9,5,14.8,2.415833189605607,12.35,18.8,2000.0,0.0,2000,2000,0.3748756218905473,0.06587696870355503,0.31094527363184077,0.486318407960199,0.04508856682769726,0.01024792436502243,0.03542673107890499,0.05958132045088567,804.0,0.0,804,804,621.0,0.0,621,621,1.7649927479982375,0.32027940619713924,1.4775621706843376,2.315762103021145,99fc6ef526bc821b82a48435c0a11457653382b1512fd893fda45260071da58a
E1,defocus_blur,3,partial_channel,0.01,1.0,,10,5,0.7800000000000007,0.2361143790623521,0.5000000000000004,1.0000000000000009,2000.0,0.0,2000,2000,0.03159203980099502,0.0077972278699788445,0.0236318407960199,0.03980099502487562,0.0177133655394525,0.005693291313901349,0.011272141706924315,0.02576489533011272,804.0,0.0,804,804,621.0,0.0,621,621,0.09596215707063675,0.05438138129463381,0.04345045781135559,0.1753841788172722,99fc6ef526bc821b82a48435c0a11457653382b1512fd893fda45260071da58a
E1,defocus_blur,3,partial_channel,0.05,1.0,,10,5,3.5000000000000013,0.8253787009609569,2.7000000000000024,4.599999999999999,2000.0,0.0,2000,2000,0.1,0.019078969548502803,0.07960199004975124,0.12189054726368159,0.02640901771336554,0.00629874628521995,0.01610305958132045,0.0322061191626409,804.0,0.0,804,804,621.0,0.0,621,621,0.40622009460926056,0.09088319494120495,0.30032564532756806,0.529159774005413,99fc6ef526bc821b82a48435c0a11457653382b1512fd893fda45260071da58a
E1,defocus_blur,3,partial_channel,0.1,1.0,,10,5,7.12,1.2224974437601102,5.549999999999999,8.400000000000002,2000.0,0.0,2000,2000,0.18781094527363185,0.02547475018440801,0.15920398009950248,0.21890547263681592,0.0322061191626409,0.005460813190922115,0.024154589371980676,0.03864734299516908,804.0,0.0,804,804,621.0,0.0,621,621,0.7915664919018746,0.11464014892916652,0.6743598854541779,0.9184689629673958,99fc6ef526bc821b82a48435c0a11457653382b1512fd893fda45260071da58a
E1,defocus_blur,3,partial_channel,0.2,1.0,,10,5,14.23,2.3282504160850053,11.649999999999999,17.95,2000.0,0.0,2000,2000,0.36069651741293535,0.0627216004135471,0.2972636815920398,0.4651741293532338,0.04444444444444444,0.00963495993665159,0.037037037037037035,0.05958132045088567,804.0,0.0,804,804,621.0,0.0,621,621,1.7033669191718104,0.3062287213939027,1.4343217481970787,2.2304527422189713,99fc6ef526bc821b82a48435c0a11457653382b1512fd893fda45260071da58a
E1,defocus_blur,3,partial_channel,0.01,1.0,,11,5,0.8200000000000008,0.3012474066278416,0.5000000000000004,1.150000000000001,2000.0,0.0,2000,2000,0.03159203980099502,0.0056039205602332375,0.026119402985074626,0.03731343283582089,0.017069243156199676,0.007604327828095069,0.00644122383252818,0.027375201288244767,804.0,0.0,804,804,621.0,0.0,621,621,0.09667518212795256,0.04979348500702744,0.055703585147857664,0.1730284777879715,99fc6ef526bc821b82a48435c0a11457653382b1512fd893fda45260071da58a
E1,defocus_blur,3,partial_channel,0.05,1.0,,11,5,3.2600000000000007,0.9195107394696359,2.3500000000000023,4.749999999999998,2000.0,0.0,2000,2000,0.09527363184079603,0.02224247857750927,0.06716417910447761,0.12686567164179105,0.02640901771336554,0.005413119585820163,0.020933977455716585,0.03542673107890499,804.0,0.0,804,804,621.0,0.0,621,621,0.40071038205623627,0.08739940789817585,0.30509455800056456,0.5316394394636155,99fc6ef526bc821b82a48435c0a11457653382b1512fd893fda45260071da58a
E1,defocus_blur,3,partial_channel,0.1,1.0,,11,5,6.63,1.1611416795550842,5.199999999999999,7.950000000000001,2000.0,0.0,2000,2000,0.17313432835820894,0.024315840872234474,0.1455223880597015,0.2027363184079602,0.026731078904991944,0.003707202716013314,0.020933977455716585,0.030595813204508857,804.0,0.0,804,804,621.0,0.0,621,621,0.7660223267793655,0.12729531284219497,0.6194159903526306,0.9187854707837105,99fc6ef526bc821b82a48435c0a11457653382b1512fd893fda45260071da58a
E1,defocus_blur,3,partial_channel,0.2,1.0,,11,5,13.91,2.060764421276726,11.2,16.95,2000.0,0.0,2000,2000,0.35174129353233835,0.0564065353945529,0.27860696517412936,0.43656716417910446,0.03961352657004831,0.011920615473959258,0.024154589371980676,0.05636070853462158,804.0,0.0,804,804,621.0,0.0,621,621,1.6585698795437813,0.3005766322894057,1.3789938170313836,2.1652542592287065,99fc6ef526bc821b82a48435c0a11457653382b1512fd893fda45260071da58a
E1,defocus_blur,3,partial_channel,0.01,1.0,,12,5,0.6800000000000006,0.11510864433221348,0.5500000000000005,0.8000000000000007,2000.0,0.0,2000,2000,0.027363184079601987,0.004030311379606879,0.022388059701492536,0.033582089552238806,0.01610305958132045,0.004694808288925363,0.00966183574879227,0.02254428341384863,804.0,0.0,804,804,621.0,0.0,621,621,0.09058324116468429,0.038789838651041415,0.06106453144550324,0.15414575666189193,99fc6ef526bc821b82a48435c0a11457653382b1512fd893fda45260071da58a
E1,defocus_blur,3,partial_channel,0.05,1.0,,12,5,2.9400000000000004,0.7659960835408998,2.100000000000002,3.949999999999998,2000.0,0.0,2000,2000,0.08656716417910447,0.015942731536481933,0.06965174129353234,0.10572139303482588,0.023188405797101446,0.006793888280105954,0.017713365539452495,0.033816425120772944,804.0,0.0,804,804,621.0,0.0,621,621,0.37984761207103734,0.08774985913639513,0.28327371513843536,0.5131361078619957,99fc6ef526bc821b82a48435c0a11457653382b1512fd893fda45260071da58a
E1,defocus_blur,3,partial_channel,0.1,1.0,,12,5,6.029999999999999,1.0992042576336767,4.599999999999999,7.650000000000001,2000.0,0.0,2000,2000,0.16019900497512438,0.022186767836104314,0.13557213930348258,0.19527363184079602,0.027053140096618362,0.0047497201944452895,0.020933977455716585,0.033816425120772944,804.0,0.0,804,804,621.0,0.0,621,621,0.7192215321421622,0.12665460226319858,0.5684258562922477,0.8908201442360878,99fc6ef526bc821b82a48435c0a11457653382b1512fd893fda45260071da58a
E1,defocus_blur,3,partial_channel,0.2,1.0,,12,5,13.450000000000003,2.215005643333669,11.45,17.0,2000.0,0.0,2000,2000,0.3390547263681592,0.06166821698343636,0.28233830845771146,0.44029850746268656,0.035748792270531404,0.009278492940990616,0.027375201288244767,0.05152979066022544,804.0,0.0,804,804,621.0,0.0,621,621,1.5856347200155259,0.2886477278717824,1.3418012639284134,2.081453150689602,99fc6ef526bc821b82a48435c0a11457653382b1512fd893fda45260071da58a
E1,defocus_blur,3,partial_channel,0.01,1.0,,13,5,0.5300000000000005,0.14404860290887947,0.3500000000000003,0.6500000000000006,2000.0,0.0,2000,2000,0.022885572139303485,0.0029954215370130086,0.01990049751243781,0.026119402985074626,0.014814814814814814,0.0030974853561467537,0.00966183574879227,0.017713365539452495,804.0,0.0,804,804,621.0,0.0,621,621,0.07213897107839584,0.010060778181006296,0.05935799705982208,0.0838328765630722,99fc6ef526bc821b82a48435c0a11457653382b1512fd893fda45260071da58a
E1,defocus_blur,3,partial_channel,0.05,1.0,,13,5,2.9100000000000024,0.17818529681205483,2.650000000000002,3.1000000000000028,2000.0,0.0,2000,2000,0.08955223880597016,0.009349064911923449,0.07587064676616916,0.09825870646766169,0.03317230273752013,0.008936835378751437,0.02254428341384863,0.04186795491143317,804.0,0.0,804,804,621.0,0.0,621,621,0.3725178358435631,0.042648292608311,0.3392515876889229,0.4446957631707191,99fc6ef526bc821b82a48435c0a11457653382b1512fd893fda45260071da58a
E1,defocus_blur,3,partial_channel,0.1,1.0,,13,5,6.26,1.1160197130875433,4.699999999999998,7.650000000000001,2000.0,0.0,2000,2000,0.1701492537313433,0.022360403039048987,0.13930348258706468,0.19900497512437812,0.03961352657004831,0.00963495993665159,0.0322061191626409,0.05475040257648953,804.0,0.0,804,804,621.0,0.0,621,621,0.761554723262787,0.02374758304335997,0.7339487563371658,0.7877904540896415,99fc6ef526bc821b82a48435c0a11457653382b1512fd893fda45260071da58a
E1,defocus_blur,3,partial_channel,0.2,1.0,,13,5,12.940000000000001,0.31898275815473215,12.55,13.350000000000001,2000.0,0.0,2000,2000,0.32462686567164173,0.013822208190853775,0.30970149253731344,0.3383084577114428,0.04315619967793881,0.0062781284024534395,0.03542673107890499,0.05152979066022544,804.0,0.0,804,804,621.0,0.0,621,621,1.5878077698588373,0.07864755121147174,1.5014339845776559,1.692767426252365,99fc6ef526bc821b82a48435c0a11457653382b1512fd893fda45260071da58a
E1,defocus_blur,3,partial_channel,0.01,1.0,,14,5,0.6300000000000006,0.2841654447676567,0.20000000000000018,0.9500000000000008,2000.0,0.0,2000,2000,0.021393034825870644,0.003972318264346098,0.01616915422885572,0.026119402985074626,0.010628019323671498,0.0038781302991279533,0.00644122383252818,0.01610305958132045,804.0,0.0,804,804,621.0,0.0,621,621,0.07826112352609635,0.010992686202152747,0.0645657154917717,0.09056060421466827,99fc6ef526bc821b82a48435c0a11457653382b1512fd893fda45260071da58a
E1,defocus_blur,3,partial_channel,0.05,1.0,,14,5,2.9300000000000024,0.3817721833764218,2.400000000000002,3.2500000000000027,2000.0,0.0,2000,2000,0.09029850746268657,0.00560392056023324,0.08208955223880597,0.09701492537313433,0.03188405797101449,0.004320904304347418,0.02576489533011272,0.03542673107890499,804.0,0.0,804,804,621.0,0.0,621,621,0.3860463912248612,0.0573915500169953,0.3183060518503189,0.4644763432741165,99fc6ef526bc821b82a48435c0a11457653382b1512fd893fda45260071da58a
E1,defocus_blur,3,partial_channel,0.1,1.0,,14,5,6.340000000000001,0.8234075540095566,5.35,7.250000000000001,2000.0,0.0,2000,2000,0.16492537313432837,0.018523571334459168,0.13930348258706468,0.1828358208955224,0.028341384863123993,0.0038781302991279533,0.024154589371980676,0.0322061191626409,804.0,0.0,804,804,621.0,0.0,621,621,0.7740488665580749,0.03768480023739677,0.7205335162878036,0.8244048653244972,99fc6ef526bc821b82a48435c0a11457653382b1512fd893fda45260071da58a
E1,defocus_blur,3,partial_channel,0.2,1.0,,14,5,12.680000000000001,0.9203260291874834,11.35,13.55,2000.0,0.0,2000,2000,0.3156716417910448,0.017838613546574417,0.2860696517412935,0.3333333333333333,0.03832528180354267,0.007147291794258341,0.030595813204508857,0.04669887278582931,804.0,0.0,804,804,621.0,0.0,621,621,1.6036478369235994,0.08493362556194345,1.484542317390442,1.7063811457157134,99fc6ef526bc821b82a48435c0a11457653382b1512fd893fda45260071da58a
E1,defocus_blur,3,partial_channel,0.01,1.0,,15,5,0.7200000000000006,0.21965882636488815,0.3500000000000003,0.9000000000000008,2000.0,0.0,2000,2000,0.022636815920398012,0.0059259349500356195,0.013681592039800995,0.028606965174129355,0.007085346215780998,0.0008820008977538903,0.00644122383252818,0.008051529790660225,804.0,0.0,804,804,621.0,0.0,621,621,0.0794213017821312,0.007249189034983488,0.07270002681016922,0.08933465695381164,99fc6ef526bc821b82a48435c0a11457653382b1512fd893fda45260071da58a
E1,defocus_blur,3,partial_channel,0.05,1.0,,15,5,3.330000000000001,0.32519225083017944,2.950000000000003,3.749999999999998,2000.0,0.0,2000,2000,0.09079601990049752,0.008297054766247721,0.08084577114427861,0.09950248756218906,0.016747181964573265,0.006400839585942606,0.011272141706924315,0.027375201288244767,804.0,0.0,804,804,621.0,0.0,621,621,0.41010642895698546,0.02660650753109097,0.3815148981809616,0.44832123786211014,99fc6ef526bc821b82a48435c0a11457653382b1512fd893fda45260071da58a
E1,defocus_blur,3,partial_channel,0.1,1.0,,15,5,7.2,1.1230538722608112,6.05,8.950000000000003,2000.0,0.0,2000,2000,0.17935323383084578,0.023108903805957398,0.1517412935323383,0.21393034825870647,0.01578099838969404,0.004468417689375719,0.011272141706924315,0.02254428341384863,804.0,0.0,804,804,621.0,0.0,621,621,0.8531390482902527,0.06142126250775379,0.7854207135438919,0.9487879679799079,99fc6ef526bc821b82a48435c0a11457653382b1512fd893fda45260071da58a
E1,defocus_blur,3,partial_channel,0.2,1.0,,15,5,14.660000000000002,0.5561025085359712,13.900000000000002,15.150000000000002,2000.0,0.0,2000,2000,0.3579601990049751,0.014137584316798828,0.3383084577114428,0.373134328358209,0.02383252818035427,0.004884299802931757,0.01610305958132045,0.028985507246376812,804.0,0.0,804,804,621.0,0.0,621,621,1.6821954443097114,0.06085002818276364,1.5807761484980583,1.7309702796936035,99fc6ef526bc821b82a48435c0a11457653382b1512fd893fda45260071da58a
E1,defocus_blur,3,none,0.01,1.0,,0,1,0.0,,0.0,0.0,2000.0,,2000,2000,0.0,,0.0,0.0,0.0,,0.0,0.0,804.0,,804,804,621.0,,621,621,0.0,,0.0,0.0,99fc6ef526bc821b82a48435c0a11457653382b1512fd893fda45260071da58a
E1,defocus_blur,3,none,0.01,1.0,,1,1,0.0,,0.0,0.0,2000.0,,2000,2000,0.0,,0.0,0.0,0.0,,0.0,0.0,804.0,,804,804,621.0,,621,621,0.0,,0.0,0.0,99fc6ef526bc821b82a48435c0a11457653382b1512fd893fda45260071da58a
E1,defocus_blur,3,none,0.01,1.0,,2,1,0.0,,0.0,0.0,2000.0,,2000,2000,0.0,,0.0,0.0,0.0,,0.0,0.0,804.0,,804,804,621.0,,621,621,0.0,,0.0,0.0,99fc6ef526bc821b82a48435c0a11457653382b1512fd893fda45260071da58a
E1,defocus_blur,3,none,0.01,1.0,,3,1,0.0,,0.0,0.0,2000.0,,2000,2000,0.0,,0.0,0.0,0.0,,0.0,0.0,804.0,,804,804,621.0,,621,621,0.0,,0.0,0.0,99fc6ef526bc821b82a48435c0a11457653382b1512fd893fda45260071da58a
E1,defocus_blur,3,none,0.01,1.0,,4,1,0.0,,0.0,0.0,2000.0,,2000,2000,0.0,,0.0,0.0,0.0,,0.0,0.0,804.0,,804,804,621.0,,621,621,0.0,,0.0,0.0,99fc6ef526bc821b82a48435c0a11457653382b1512fd893fda45260071da58a
E1,defocus_blur,3,none,0.01,1.0,,5,1,0.0,,0.0,0.0,2000.0,,2000,2000,0.0,,0.0,0.0,0.0,,0.0,0.0,804.0,,804,804,621.0,,621,621,0.0,,0.0,0.0,99fc6ef526bc821b82a48435c0a11457653382b1512fd893fda45260071da58a
E1,defocus_blur,3,none,0.01,1.0,,6,1,0.0,,0.0,0.0,2000.0,,2000,2000,0.0,,0.0,0.0,0.0,,0.0,0.0,804.0,,804,804,621.0,,621,621,0.0,,0.0,0.0,99fc6ef526bc821b82a48435c0a11457653382b1512fd893fda45260071da58a
E1,defocus_blur,3,none,0.01,1.0,,7,1,0.0,,0.0,0.0,2000.0,,2000,2000,0.0,,0.0,0.0,0.0,,0.0,0.0,804.0,,804,804,621.0,,621,621,0.0,,0.0,0.0,99fc6ef526bc821b82a48435c0a11457653382b1512fd893fda45260071da58a
E1,defocus_blur,3,none,0.01,1.0,,8,1,0.0,,0.0,0.0,2000.0,,2000,2000,0.0,,0.0,0.0,0.0,,0.0,0.0,804.0,,804,804,621.0,,621,621,0.0,,0.0,0.0,99fc6ef526bc821b82a48435c0a11457653382b1512fd893fda45260071da58a
E1,defocus_blur,3,none,0.01,1.0,,9,1,0.0,,0.0,0.0,2000.0,,2000,2000,0.0,,0.0,0.0,0.0,,0.0,0.0,804.0,,804,804,621.0,,621,621,0.0,,0.0,0.0,99fc6ef526bc821b82a48435c0a11457653382b1512fd893fda45260071da58a
E1,defocus_blur,3,none,0.01,1.0,,10,1,0.0,,0.0,0.0,2000.0,,2000,2000,0.0,,0.0,0.0,0.0,,0.0,0.0,804.0,,804,804,621.0,,621,621,0.0,,0.0,0.0,99fc6ef526bc821b82a48435c0a11457653382b1512fd893fda45260071da58a
E1,defocus_blur,3,none,0.01,1.0,,11,1,0.0,,0.0,0.0,2000.0,,2000,2000,0.0,,0.0,0.0,0.0,,0.0,0.0,804.0,,804,804,621.0,,621,621,0.0,,0.0,0.0,99fc6ef526bc821b82a48435c0a11457653382b1512fd893fda45260071da58a
E1,defocus_blur,3,none,0.01,1.0,,12,1,0.0,,0.0,0.0,2000.0,,2000,2000,0.0,,0.0,0.0,0.0,,0.0,0.0,804.0,,804,804,621.0,,621,621,0.0,,0.0,0.0,99fc6ef526bc821b82a48435c0a11457653382b1512fd893fda45260071da58a
E1,defocus_blur,3,none,0.01,1.0,,13,1,0.0,,0.0,0.0,2000.0,,2000,2000,0.0,,0.0,0.0,0.0,,0.0,0.0,804.0,,804,804,621.0,,621,621,0.0,,0.0,0.0,99fc6ef526bc821b82a48435c0a11457653382b1512fd893fda45260071da58a
E1,defocus_blur,3,none,0.01,1.0,,14,1,0.0,,0.0,0.0,2000.0,,2000,2000,0.0,,0.0,0.0,0.0,,0.0,0.0,804.0,,804,804,621.0,,621,621,0.0,,0.0,0.0,99fc6ef526bc821b82a48435c0a11457653382b1512fd893fda45260071da58a
E1,defocus_blur,3,none,0.01,1.0,,15,1,0.0,,0.0,0.0,2000.0,,2000,2000,0.0,,0.0,0.0,0.0,,0.0,0.0,804.0,,804,804,621.0,,621,621,0.0,,0.0,0.0,99fc6ef526bc821b82a48435c0a11457653382b1512fd893fda45260071da58a
E1,defocus_blur,3,clean_to_clean,0.01,1.0,,0,1,38.5,,38.5,38.5,2000.0,,2000,2000,1.0,,1.0,1.0,0.05475040257648953,,0.05475040257648953,0.05475040257648953,804.0,,804,804,621.0,,621,621,6.06165747731924,,6.06165747731924,6.06165747731924,99fc6ef526bc821b82a48435c0a11457653382b1512fd893fda45260071da58a
E1,defocus_blur,3,clean_to_clean,0.01,1.0,,1,1,38.5,,38.5,38.5,2000.0,,2000,2000,1.0,,1.0,1.0,0.05475040257648953,,0.05475040257648953,0.05475040257648953,804.0,,804,804,621.0,,621,621,6.06165747731924,,6.06165747731924,6.06165747731924,99fc6ef526bc821b82a48435c0a11457653382b1512fd893fda45260071da58a
E1,defocus_blur,3,clean_to_clean,0.01,1.0,,2,1,38.5,,38.5,38.5,2000.0,,2000,2000,1.0,,1.0,1.0,0.05475040257648953,,0.05475040257648953,0.05475040257648953,804.0,,804,804,621.0,,621,621,6.06165747731924,,6.06165747731924,6.06165747731924,99fc6ef526bc821b82a48435c0a11457653382b1512fd893fda45260071da58a
E1,defocus_blur,3,clean_to_clean,0.01,1.0,,3,1,38.5,,38.5,38.5,2000.0,,2000,2000,1.0,,1.0,1.0,0.05475040257648953,,0.05475040257648953,0.05475040257648953,804.0,,804,804,621.0,,621,621,6.06165747731924,,6.06165747731924,6.06165747731924,99fc6ef526bc821b82a48435c0a11457653382b1512fd893fda45260071da58a
E1,defocus_blur,3,clean_to_clean,0.01,1.0,,4,1,38.5,,38.5,38.5,2000.0,,2000,2000,1.0,,1.0,1.0,0.05475040257648953,,0.05475040257648953,0.05475040257648953,804.0,,804,804,621.0,,621,621,6.06165747731924,,6.06165747731924,6.06165747731924,99fc6ef526bc821b82a48435c0a11457653382b1512fd893fda45260071da58a
E1,defocus_blur,3,clean_to_clean,0.01,1.0,,5,1,38.5,,38.5,38.5,2000.0,,2000,2000,1.0,,1.0,1.0,0.05475040257648953,,0.05475040257648953,0.05475040257648953,804.0,,804,804,621.0,,621,621,6.06165747731924,,6.06165747731924,6.06165747731924,99fc6ef526bc821b82a48435c0a11457653382b1512fd893fda45260071da58a
E1,defocus_blur,3,clean_to_clean,0.01,1.0,,6,1,38.5,,38.5,38.5,2000.0,,2000,2000,1.0,,1.0,1.0,0.05475040257648953,,0.05475040257648953,0.05475040257648953,804.0,,804,804,621.0,,621,621,6.06165747731924,,6.06165747731924,6.06165747731924,99fc6ef526bc821b82a48435c0a11457653382b1512fd893fda45260071da58a
E1,defocus_blur,3,clean_to_clean,0.01,1.0,,7,1,38.5,,38.5,38.5,2000.0,,2000,2000,1.0,,1.0,1.0,0.05475040257648953,,0.05475040257648953,0.05475040257648953,804.0,,804,804,621.0,,621,621,6.06165747731924,,6.06165747731924,6.06165747731924,99fc6ef526bc821b82a48435c0a11457653382b1512fd893fda45260071da58a
E1,defocus_blur,3,clean_to_clean,0.01,1.0,,8,1,38.5,,38.5,38.5,2000.0,,2000,2000,1.0,,1.0,1.0,0.05475040257648953,,0.05475040257648953,0.05475040257648953,804.0,,804,804,621.0,,621,621,6.06165747731924,,6.06165747731924,6.06165747731924,99fc6ef526bc821b82a48435c0a11457653382b1512fd893fda45260071da58a
E1,defocus_blur,3,clean_to_clean,0.01,1.0,,9,1,38.5,,38.5,38.5,2000.0,,2000,2000,1.0,,1.0,1.0,0.05475040257648953,,0.05475040257648953,0.05475040257648953,804.0,,804,804,621.0,,621,621,6.06165747731924,,6.06165747731924,6.06165747731924,99fc6ef526bc821b82a48435c0a11457653382b1512fd893fda45260071da58a
E1,defocus_blur,3,clean_to_clean,0.01,1.0,,10,1,38.5,,38.5,38.5,2000.0,,2000,2000,1.0,,1.0,1.0,0.05475040257648953,,0.05475040257648953,0.05475040257648953,804.0,,804,804,621.0,,621,621,6.06165747731924,,6.06165747731924,6.06165747731924,99fc6ef526bc821b82a48435c0a11457653382b1512fd893fda45260071da58a
E1,defocus_blur,3,clean_to_clean,0.01,1.0,,11,1,38.5,,38.5,38.5,2000.0,,2000,2000,1.0,,1.0,1.0,0.05475040257648953,,0.05475040257648953,0.05475040257648953,804.0,,804,804,621.0,,621,621,6.06165747731924,,6.06165747731924,6.06165747731924,99fc6ef526bc821b82a48435c0a11457653382b1512fd893fda45260071da58a
E1,defocus_blur,3,clean_to_clean,0.01,1.0,,12,1,38.5,,38.5,38.5,2000.0,,2000,2000,1.0,,1.0,1.0,0.05475040257648953,,0.05475040257648953,0.05475040257648953,804.0,,804,804,621.0,,621,621,6.06165747731924,,6.06165747731924,6.06165747731924,99fc6ef526bc821b82a48435c0a11457653382b1512fd893fda45260071da58a
E1,defocus_blur,3,clean_to_clean,0.01,1.0,,13,1,38.5,,38.5,38.5,2000.0,,2000,2000,1.0,,1.0,1.0,0.05475040257648953,,0.05475040257648953,0.05475040257648953,804.0,,804,804,621.0,,621,621,6.06165747731924,,6.06165747731924,6.06165747731924,99fc6ef526bc821b82a48435c0a11457653382b1512fd893fda45260071da58a
E1,defocus_blur,3,clean_to_clean,0.01,1.0,,14,1,38.5,,38.5,38.5,2000.0,,2000,2000,1.0,,1.0,1.0,0.05475040257648953,,0.05475040257648953,0.05475040257648953,804.0,,804,804,621.0,,621,621,6.06165747731924,,6.06165747731924,6.06165747731924,99fc6ef526bc821b82a48435c0a11457653382b1512fd893fda45260071da58a
E1,defocus_blur,3,clean_to_clean,0.01,1.0,,15,1,38.5,,38.5,38.5,2000.0,,2000,2000,1.0,,1.0,1.0,0.05475040257648953,,0.05475040257648953,0.05475040257648953,804.0,,804,804,621.0,,621,621,6.06165747731924,,6.06165747731924,6.06165747731924,99fc6ef526bc821b82a48435c0a11457653382b1512fd893fda45260071da58a
E1,defocus_blur,3,full_state,0.01,1.0,,0,1,38.5,,38.5,38.5,2000.0,,2000,2000,1.0,,1.0,1.0,0.05475040257648953,,0.05475040257648953,0.05475040257648953,804.0,,804,804,621.0,,621,621,6.06165747731924,,6.06165747731924,6.06165747731924,99fc6ef526bc821b82a48435c0a11457653382b1512fd893fda45260071da58a
E1,defocus_blur,3,full_state,0.01,1.0,,1,1,38.5,,38.5,38.5,2000.0,,2000,2000,1.0,,1.0,1.0,0.05475040257648953,,0.05475040257648953,0.05475040257648953,804.0,,804,804,621.0,,621,621,6.06165747731924,,6.06165747731924,6.06165747731924,99fc6ef526bc821b82a48435c0a11457653382b1512fd893fda45260071da58a
E1,defocus_blur,3,full_state,0.01,1.0,,2,1,38.5,,38.5,38.5,2000.0,,2000,2000,1.0,,1.0,1.0,0.05475040257648953,,0.05475040257648953,0.05475040257648953,804.0,,804,804,621.0,,621,621,6.06165747731924,,6.06165747731924,6.06165747731924,99fc6ef526bc821b82a48435c0a11457653382b1512fd893fda45260071da58a
E1,defocus_blur,3,full_state,0.01,1.0,,3,1,38.5,,38.5,38.5,2000.0,,2000,2000,1.0,,1.0,1.0,0.05475040257648953,,0.05475040257648953,0.05475040257648953,804.0,,804,804,621.0,,621,621,6.06165747731924,,6.06165747731924,6.06165747731924,99fc6ef526bc821b82a48435c0a11457653382b1512fd893fda45260071da58a
E1,defocus_blur,3,full_state,0.01,1.0,,4,1,38.5,,38.5,38.5,2000.0,,2000,2000,1.0,,1.0,1.0,0.05475040257648953,,0.05475040257648953,0.05475040257648953,804.0,,804,804,621.0,,621,621,6.06165747731924,,6.06165747731924,6.06165747731924,99fc6ef526bc821b82a48435c0a11457653382b1512fd893fda45260071da58a
E1,defocus_blur,3,full_state,0.01,1.0,,5,1,38.5,,38.5,38.5,2000.0,,2000,2000,1.0,,1.0,1.0,0.05475040257648953,,0.05475040257648953,0.05475040257648953,804.0,,804,804,621.0,,621,621,6.06165747731924,,6.06165747731924,6.06165747731924,99fc6ef526bc821b82a48435c0a11457653382b1512fd893fda45260071da58a
E1,defocus_blur,3,full_state,0.01,1.0,,6,1,38.5,,38.5,38.5,2000.0,,2000,2000,1.0,,1.0,1.0,0.05475040257648953,,0.05475040257648953,0.05475040257648953,804.0,,804,804,621.0,,621,621,6.06165747731924,,6.06165747731924,6.06165747731924,99fc6ef526bc821b82a48435c0a11457653382b1512fd893fda45260071da58a
E1,defocus_blur,3,full_state,0.01,1.0,,7,1,38.5,,38.5,38.5,2000.0,,2000,2000,1.0,,1.0,1.0,0.05475040257648953,,0.05475040257648953,0.05475040257648953,804.0,,804,804,621.0,,621,621,6.06165747731924,,6.06165747731924,6.06165747731924,99fc6ef526bc821b82a48435c0a11457653382b1512fd893fda45260071da58a
E1,defocus_blur,3,full_state,0.01,1.0,,8,1,38.5,,38.5,38.5,2000.0,,2000,2000,1.0,,1.0,1.0,0.05475040257648953,,0.05475040257648953,0.05475040257648953,804.0,,804,804,621.0,,621,621,6.06165747731924,,6.06165747731924,6.06165747731924,99fc6ef526bc821b82a48435c0a11457653382b1512fd893fda45260071da58a
E1,defocus_blur,3,full_state,0.01,1.0,,9,1,38.5,,38.5,38.5,2000.0,,2000,2000,1.0,,1.0,1.0,0.05475040257648953,,0.05475040257648953,0.05475040257648953,804.0,,804,804,621.0,,621,621,6.06165747731924,,6.06165747731924,6.06165747731924,99fc6ef526bc821b82a48435c0a11457653382b1512fd893fda45260071da58a
E1,defocus_blur,3,full_state,0.01,1.0,,10,1,38.5,,38.5,38.5,2000.0,,2000,2000,1.0,,1.0,1.0,0.05475040257648953,,0.05475040257648953,0.05475040257648953,804.0,,804,804,621.0,,621,621,6.06165747731924,,6.06165747731924,6.06165747731924,99fc6ef526bc821b82a48435c0a11457653382b1512fd893fda45260071da58a
E1,defocus_blur,3,full_state,0.01,1.0,,11,1,38.5,,38.5,38.5,2000.0,,2000,2000,1.0,,1.0,1.0,0.05475040257648953,,0.05475040257648953,0.05475040257648953,804.0,,804,804,621.0,,621,621,6.06165747731924,,6.06165747731924,6.06165747731924,99fc6ef526bc821b82a48435c0a11457653382b1512fd893fda45260071da58a
E1,defocus_blur,3,full_state,0.01,1.0,,12,1,38.5,,38.5,38.5,2000.0,,2000,2000,1.0,,1.0,1.0,0.05475040257648953,,0.05475040257648953,0.05475040257648953,804.0,,804,804,621.0,,621,621,6.06165747731924,,6.06165747731924,6.06165747731924,99fc6ef526bc821b82a48435c0a11457653382b1512fd893fda45260071da58a
E1,defocus_blur,3,full_state,0.01,1.0,,13,1,38.5,,38.5,38.5,2000.0,,2000,2000,1.0,,1.0,1.0,0.05475040257648953,,0.05475040257648953,0.05475040257648953,804.0,,804,804,621.0,,621,621,6.06165747731924,,6.06165747731924,6.06165747731924,99fc6ef526bc821b82a48435c0a11457653382b1512fd893fda45260071da58a
E1,defocus_blur,3,full_state,0.01,1.0,,14,1,38.5,,38.5,38.5,2000.0,,2000,2000,1.0,,1.0,1.0,0.05475040257648953,,0.05475040257648953,0.05475040257648953,804.0,,804,804,621.0,,621,621,6.06165747731924,,6.06165747731924,6.06165747731924,99fc6ef526bc821b82a48435c0a11457653382b1512fd893fda45260071da58a
E1,defocus_blur,3,full_state,0.01,1.0,,15,1,38.5,,38.5,38.5,2000.0,,2000,2000,1.0,,1.0,1.0,0.05475040257648953,,0.05475040257648953,0.05475040257648953,804.0,,804,804,621.0,,621,621,6.06165747731924,,6.06165747731924,6.06165747731924,99fc6ef526bc821b82a48435c0a11457653382b1512fd893fda45260071da58a
E1,defocus_blur,3,random_direction,0.01,1.0,,0,1,0.10000000000000009,,0.10000000000000009,0.10000000000000009,2000.0,,2000,2000,0.028606965174129355,,0.028606965174129355,0.028606965174129355,0.037037037037037035,,0.037037037037037035,0.037037037037037035,804.0,,804,804,621.0,,621,621,0.04106316828727722,,0.04106316828727722,0.04106316828727722,99fc6ef526bc821b82a48435c0a11457653382b1512fd893fda45260071da58a
E1,defocus_blur,3,random_direction,0.01,1.0,,1,1,-0.10000000000000009,,-0.10000000000000009,-0.10000000000000009,2000.0,,2000,2000,0.007462686567164179,,0.007462686567164179,0.007462686567164179,0.014492753623188406,,0.014492753623188406,0.014492753623188406,804.0,,804,804,621.0,,621,621,0.0024697296619415284,,0.0024697296619415284,0.0024697296619415284,99fc6ef526bc821b82a48435c0a11457653382b1512fd893fda45260071da58a
E1,defocus_blur,3,random_direction,0.01,1.0,,2,1,-0.050000000000000044,,-0.050000000000000044,-0.050000000000000044,2000.0,,2000,2000,0.011194029850746268,,0.011194029850746268,0.011194029850746268,0.017713365539452495,,0.017713365539452495,0.017713365539452495,804.0,,804,804,621.0,,621,621,0.008490417122840882,,0.008490417122840882,0.008490417122840882,99fc6ef526bc821b82a48435c0a11457653382b1512fd893fda45260071da58a
E1,defocus_blur,3,random_direction,0.01,1.0,,3,1,0.050000000000000044,,0.050000000000000044,0.050000000000000044,2000.0,,2000,2000,0.009950248756218905,,0.009950248756218905,0.009950248756218905,0.014492753623188406,,0.014492753623188406,0.014492753623188406,804.0,,804,804,621.0,,621,621,0.003370476543903351,,0.003370476543903351,0.003370476543903351,99fc6ef526bc821b82a48435c0a11457653382b1512fd893fda45260071da58a
E1,defocus_blur,3,random_direction,0.01,1.0,,4,1,0.20000000000000018,,0.20000000000000018,0.20000000000000018,2000.0,,2000,2000,0.013681592039800995,,0.013681592039800995,0.013681592039800995,0.011272141706924315,,0.011272141706924315,0.011272141706924315,804.0,,804,804,621.0,,621,621,0.0011048437356948853,,0.0011048437356948853,0.0011048437356948853,99fc6ef526bc821b82a48435c0a11457653382b1512fd893fda45260071da58a
E1,defocus_blur,3,random_direction,0.01,1.0,,5,1,0.15000000000000013,,0.15000000000000013,0.15000000000000013,2000.0,,2000,2000,0.011194029850746268,,0.011194029850746268,0.011194029850746268,0.011272141706924315,,0.011272141706924315,0.011272141706924315,804.0,,804,804,621.0,,621,621,-0.011235924482345581,,-0.011235924482345581,-0.011235924482345581,99fc6ef526bc821b82a48435c0a11457653382b1512fd893fda45260071da58a
E1,defocus_blur,3,random_direction,0.01,1.0,,6,1,0.20000000000000018,,0.20000000000000018,0.20000000000000018,2000.0,,2000,2000,0.012437810945273632,,0.012437810945273632,0.012437810945273632,0.00966183574879227,,0.00966183574879227,0.00966183574879227,804.0,,804,804,621.0,,621,621,-0.00034014123678207395,,-0.00034014123678207395,-0.00034014123678207395,99fc6ef526bc821b82a48435c0a11457653382b1512fd893fda45260071da58a
E1,defocus_blur,3,random_direction,0.01,1.0,,7,1,-0.050000000000000044,,-0.050000000000000044,-0.050000000000000044,2000.0,,2000,2000,0.008706467661691543,,0.008706467661691543,0.008706467661691543,0.014492753623188406,,0.014492753623188406,0.014492753623188406,804.0,,804,804,621.0,,621,621,-0.011682361900806426,,-0.011682361900806426,-0.011682361900806426,99fc6ef526bc821b82a48435c0a11457653382b1512fd893fda45260071da58a
E1,defocus_blur,3,random_direction,0.01,1.0,,8,1,-0.15000000000000013,,-0.15000000000000013,-0.15000000000000013,2000.0,,2000,2000,0.012437810945273632,,0.012437810945273632,0.012437810945273632,0.020933977455716585,,0.020933977455716585,0.020933977455716585,804.0,,804,804,621.0,,621,621,-0.017232920944690703,,-0.017232920944690703,-0.017232920944690703,99fc6ef526bc821b82a48435c0a11457653382b1512fd893fda45260071da58a
E1,defocus_blur,3,random_direction,0.01,1.0,,9,1,0.0,,0.0,0.0,2000.0,,2000,2000,0.011194029850746268,,0.011194029850746268,0.011194029850746268,0.014492753623188406,,0.014492753623188406,0.014492753623188406,804.0,,804,804,621.0,,621,621,-0.014807182371616363,,-0.014807182371616363,-0.014807182371616363,99fc6ef526bc821b82a48435c0a11457653382b1512fd893fda45260071da58a
E1,defocus_blur,3,random_direction,0.01,1.0,,10,1,0.10000000000000009,,0.10000000000000009,0.10000000000000009,2000.0,,2000,2000,0.006218905472636816,,0.006218905472636816,0.006218905472636816,0.004830917874396135,,0.004830917874396135,0.004830917874396135,804.0,,804,804,621.0,,621,621,-0.006318322956562043,,-0.006318322956562043,-0.006318322956562043,99fc6ef526bc821b82a48435c0a11457653382b1512fd893fda45260071da58a
E1,defocus_blur,3,random_direction,0.01,1.0,,11,1,0.0,,0.0,0.0,2000.0,,2000,2000,0.008706467661691543,,0.008706467661691543,0.008706467661691543,0.011272141706924315,,0.011272141706924315,0.011272141706924315,804.0,,804,804,621.0,,621,621,-0.003929952323436737,,-0.003929952323436737,-0.003929952323436737,99fc6ef526bc821b82a48435c0a11457653382b1512fd893fda45260071da58a
E1,defocus_blur,3,random_direction,0.01,1.0,,12,1,0.0,,0.0,0.0,2000.0,,2000,2000,0.008706467661691543,,0.008706467661691543,0.008706467661691543,0.011272141706924315,,0.011272141706924315,0.011272141706924315,804.0,,804,804,621.0,,621,621,0.0034592665433883668,,0.0034592665433883668,0.0034592665433883668,99fc6ef526bc821b82a48435c0a11457653382b1512fd893fda45260071da58a
E1,defocus_blur,3,random_direction,0.01,1.0,,13,1,-0.050000000000000044,,-0.050000000000000044,-0.050000000000000044,2000.0,,2000,2000,0.009950248756218905,,0.009950248756218905,0.009950248756218905,0.014492753623188406,,0.014492753623188406,0.014492753623188406,804.0,,804,804,621.0,,621,621,-0.007902602672576904,,-0.007902602672576904,-0.007902602672576904,99fc6ef526bc821b82a48435c0a11457653382b1512fd893fda45260071da58a
E1,defocus_blur,3,random_direction,0.01,1.0,,14,1,0.40000000000000036,,0.40000000000000036,0.40000000000000036,2000.0,,2000,2000,0.009950248756218905,,0.009950248756218905,0.009950248756218905,0.0,,0.0,0.0,804.0,,804,804,621.0,,621,621,0.00018849855661392213,,0.00018849855661392213,0.00018849855661392213,99fc6ef526bc821b82a48435c0a11457653382b1512fd893fda45260071da58a
E1,defocus_blur,3,random_direction,0.01,1.0,,15,1,0.0,,0.0,0.0,2000.0,,2000,2000,0.0037313432835820895,,0.0037313432835820895,0.0037313432835820895,0.004830917874396135,,0.004830917874396135,0.004830917874396135,804.0,,804,804,621.0,,621,621,-0.0022801979780197146,,-0.0022801979780197146,-0.0022801979780197146,99fc6ef526bc821b82a48435c0a11457653382b1512fd893fda45260071da58a
E1,defocus_blur,3,shuffled_donor,0.01,1.0,,0,1,-0.8000000000000007,,-0.8000000000000007,-0.8000000000000007,2000.0,,2000,2000,0.04228855721393035,,0.04228855721393035,0.04228855721393035,0.09178743961352658,,0.09178743961352658,0.09178743961352658,804.0,,804,804,621.0,,621,621,-0.11814360678195954,,-0.11814360678195954,-0.11814360678195954,99fc6ef526bc821b82a48435c0a11457653382b1512fd893fda45260071da58a
E1,defocus_blur,3,shuffled_donor,0.01,1.0,,1,1,0.40000000000000036,,0.40000000000000036,0.40000000000000036,2000.0,,2000,2000,0.03482587064676617,,0.03482587064676617,0.03482587064676617,0.03542673107890499,,0.03542673107890499,0.03542673107890499,804.0,,804,804,621.0,,621,621,0.028111478447914125,,0.028111478447914125,0.028111478447914125,99fc6ef526bc821b82a48435c0a11457653382b1512fd893fda45260071da58a
E1,defocus_blur,3,shuffled_donor,0.01,1.0,,2,1,-0.20000000000000018,,-0.20000000000000018,-0.20000000000000018,2000.0,,2000,2000,0.0236318407960199,,0.0236318407960199,0.0236318407960199,0.04186795491143317,,0.04186795491143317,0.04186795491143317,804.0,,804,804,621.0,,621,621,0.011767481744289399,,0.011767481744289399,0.011767481744289399,99fc6ef526bc821b82a48435c0a11457653382b1512fd893fda45260071da58a
E1,defocus_blur,3,shuffled_donor,0.01,1.0,,3,1,0.20000000000000018,,0.20000000000000018,0.20000000000000018,2000.0,,2000,2000,0.03233830845771144,,0.03233830845771144,0.03233830845771144,0.037037037037037035,,0.037037037037037035,0.037037037037037035,804.0,,804,804,621.0,,621,621,-0.00785158395767212,,-0.00785158395767212,-0.00785158395767212,99fc6ef526bc821b82a48435c0a11457653382b1512fd893fda45260071da58a
E1,defocus_blur,3,shuffled_donor,0.01,1.0,,4,1,-0.3500000000000003,,-0.3500000000000003,-0.3500000000000003,2000.0,,2000,2000,0.03109452736318408,,0.03109452736318408,0.03109452736318408,0.05636070853462158,,0.05636070853462158,0.05636070853462158,804.0,,804,804,621.0,,621,621,-0.04309988057613373,,-0.04309988057613373,-0.04309988057613373,99fc6ef526bc821b82a48435c0a11457653382b1512fd893fda45260071da58a
E1,defocus_blur,3,shuffled_donor,0.01,1.0,,5,1,-0.40000000000000036,,-0.40000000000000036,-0.40000000000000036,2000.0,,2000,2000,0.03109452736318408,,0.03109452736318408,0.03109452736318408,0.057971014492753624,,0.057971014492753624,0.057971014492753624,804.0,,804,804,621.0,,621,621,-0.03270004004240036,,-0.03270004004240036,-0.03270004004240036,99fc6ef526bc821b82a48435c0a11457653382b1512fd893fda45260071da58a
E1,defocus_blur,3,shuffled_donor,0.01,1.0,,6,1,-0.3500000000000003,,-0.3500000000000003,-0.3500000000000003,2000.0,,2000,2000,0.01990049751243781,,0.01990049751243781,0.01990049751243781,0.04186795491143317,,0.04186795491143317,0.04186795491143317,804.0,,804,804,621.0,,621,621,-0.014621110141277312,,-0.014621110141277312,-0.014621110141277312,99fc6ef526bc821b82a48435c0a11457653382b1512fd893fda45260071da58a
E1,defocus_blur,3,shuffled_donor,0.01,1.0,,7,1,-0.30000000000000027,,-0.30000000000000027,-0.30000000000000027,2000.0,,2000,2000,0.021144278606965175,,0.021144278606965175,0.021144278606965175,0.04508856682769726,,0.04508856682769726,0.04508856682769726,804.0,,804,804,621.0,,621,621,-0.025460124969482422,,-0.025460124969482422,-0.025460124969482422,99fc6ef526bc821b82a48435c0a11457653382b1512fd893fda45260071da58a
E1,defocus_blur,3,shuffled_donor,0.01,1.0,,8,1,-0.6500000000000006,,-0.6500000000000006,-0.6500000000000006,2000.0,,2000,2000,0.011194029850746268,,0.011194029850746268,0.011194029850746268,0.03542673107890499,,0.03542673107890499,0.03542673107890499,804.0,,804,804,621.0,,621,621,-0.019905271887779234,,-0.019905271887779234,-0.019905271887779234,99fc6ef526bc821b82a48435c0a11457653382b1512fd893fda45260071da58a
E1,defocus_blur,3,shuffled_donor,0.01,1.0,,9,1,-0.40000000000000036,,-0.40000000000000036,-0.40000000000000036,2000.0,,2000,2000,0.01616915422885572,,0.01616915422885572,0.01616915422885572,0.03542673107890499,,0.03542673107890499,0.03542673107890499,804.0,,804,804,621.0,,621,621,-0.037516245305538175,,-0.037516245305538175,-0.037516245305538175,99fc6ef526bc821b82a48435c0a11457653382b1512fd893fda45260071da58a
E1,defocus_blur,3,shuffled_donor,0.01,1.0,,10,1,-0.15000000000000013,,-0.15000000000000013,-0.15000000000000013,2000.0,,2000,2000,0.014925373134328358,,0.014925373134328358,0.014925373134328358,0.024154589371980676,,0.024154589371980676,0.024154589371980676,804.0,,804,804,621.0,,621,621,-0.02675896978378296,,-0.02675896978378296,-0.02675896978378296,99fc6ef526bc821b82a48435c0a11457653382b1512fd893fda45260071da58a
E1,defocus_blur,3,shuffled_donor,0.01,1.0,,11,1,0.0,,0.0,0.0,2000.0,,2000,2000,0.018656716417910446,,0.018656716417910446,0.018656716417910446,0.027375201288244767,,0.027375201288244767,0.027375201288244767,804.0,,804,804,621.0,,621,621,-0.024614030480384828,,-0.024614030480384828,-0.024614030480384828,99fc6ef526bc821b82a48435c0a11457653382b1512fd893fda45260071da58a
E1,defocus_blur,3,shuffled_donor,0.01,1.0,,12,1,0.050000000000000044,,0.050000000000000044,0.050000000000000044,2000.0,,2000,2000,0.018656716417910446,,0.018656716417910446,0.018656716417910446,0.027375201288244767,,0.027375201288244767,0.027375201288244767,804.0,,804,804,621.0,,621,621,-0.02491166615486145,,-0.02491166615486145,-0.02491166615486145,99fc6ef526bc821b82a48435c0a11457653382b1512fd893fda45260071da58a
E1,defocus_blur,3,shuffled_donor,0.01,1.0,,13,1,-0.30000000000000027,,-0.30000000000000027,-0.30000000000000027,2000.0,,2000,2000,0.014925373134328358,,0.014925373134328358,0.014925373134328358,0.030595813204508857,,0.030595813204508857,0.030595813204508857,804.0,,804,804,621.0,,621,621,-0.0306222106218338,,-0.0306222106218338,-0.0306222106218338,99fc6ef526bc821b82a48435c0a11457653382b1512fd893fda45260071da58a
E1,defocus_blur,3,shuffled_donor,0.01,1.0,,14,1,-0.050000000000000044,,-0.050000000000000044,-0.050000000000000044,2000.0,,2000,2000,0.01616915422885572,,0.01616915422885572,0.01616915422885572,0.024154589371980676,,0.024154589371980676,0.024154589371980676,804.0,,804,804,621.0,,621,621,-0.02556685823202133,,-0.02556685823202133,-0.02556685823202133,99fc6ef526bc821b82a48435c0a11457653382b1512fd893fda45260071da58a
E1,defocus_blur,3,shuffled_donor,0.01,1.0,,15,1,-0.2500000000000002,,-0.2500000000000002,-0.2500000000000002,2000.0,,2000,2000,0.008706467661691543,,0.008706467661691543,0.008706467661691543,0.020933977455716585,,0.020933977455716585,0.020933977455716585,804.0,,804,804,621.0,,621,621,-0.018755713641643523,,-0.018755713641643523,-0.018755713641643523,99fc6ef526bc821b82a48435c0a11457653382b1512fd893fda45260071da58a
E1,defocus_blur,5,partial_channel,0.01,1.0,,0,5,0.2700000000000008,0.21389249636207355,-0.04999999999999727,0.4500000000000004,2000.0,0.0,2000,2000,0.014184397163120569,0.007779223747688051,0.0070921985815602835,0.0274822695035461,0.04893617021276596,0.025497415620209286,0.024822695035460994,0.09219858156028368,1128.0,0.0,1128,1128,282.0,0.0,282,282,0.038640421998500825,0.0674360717069007,-0.05600012856721878,0.13280160695314408,99fc6ef526bc821b82a48435c0a11457653382b1512fd893fda45260071da58a
E1,defocus_blur,5,partial_channel,0.05,1.0,,0,5,1.0300000000000016,0.9941076400470928,-0.09999999999999731,1.9500000000000017,2000.0,0.0,2000,2000,0.05319148936170213,0.014114967489442071,0.034574468085106384,0.07358156028368794,0.16382978723404257,0.035673124368678845,0.12411347517730496,0.20921985815602837,1128.0,0.0,1128,1128,282.0,0.0,282,282,0.24096210728883743,0.26298297882943633,-0.13521100306510925,0.6030748039484024,99fc6ef526bc821b82a48435c0a11457653382b1512fd893fda45260071da58a
E1,defocus_blur,5,partial_channel,0.1,1.0,,0,5,1.7400000000000007,1.5537856995094272,0.15000000000000013,3.5000000000000004,2000.0,0.0,2000,2000,0.07180851063829788,0.018542997041978624,0.051418439716312055,0.10106382978723404,0.1978723404255319,0.05023710192815998,0.1099290780141844,0.23404255319148937,1128.0,0.0,1128,1128,282.0,0.0,282,282,0.3292711613297462,0.29958374527563103,0.05684633892774582,0.8018056479096413,99fc6ef526bc821b82a48435c0a11457653382b1512fd893fda45260071da58a
E1,defocus_blur,5,partial_channel,0.2,1.0,,0,5,4.130000000000002,5.411169004937842,-4.049999999999998,10.200000000000001,2000.0,0.0,2000,2000,0.1303191489361702,0.0531027628789785,0.07890070921985816,0.2127659574468085,0.28226950354609925,0.202385675808706,0.1347517730496454,0.6347517730496454,1128.0,0.0,1128,1128,282.0,0.0,282,282,0.08588048387765874,1.7938242071035573,-3.062356246352196,1.3936888846755027,99fc6ef526bc821b82a48435c0a11457653382b1512fd893fda45260071da58a
E1,defocus_blur,5,partial_channel,0.01,1.0,,1,5,0.06000000000000061,0.2607680962081051,-0.34999999999999754,0.3500000000000003,2000.0,0.0,2000,2000,0.00851063829787234,0.0044148580134711814,0.004432624113475178,0.015957446808510637,0.03829787234042553,0.014050789188765211,0.02127659574468085,0.05673758865248227,1128.0,0.0,1128,1128,282.0,0.0,282,282,0.012206319212913512,0.040388646060327195,-0.027310152292251588,0.07914591282606125,99fc6ef526bc821b82a48435c0a11457653382b1512fd893fda45260071da58a
E1,defocus_blur,5,partial_channel,0.05,1.0,,1,5,0.6900000000000012,1.0145195907423372,-1.049999999999998,1.4000000000000012,2000.0,0.0,2000,2000,0.03794326241134752,0.011255723580215517,0.02127659574468085,0.051418439716312055,0.12269503546099292,0.056770823599383395,0.06028368794326241,0.18439716312056736,1128.0,0.0,1128,1128,282.0,0.0,282,282,0.11837116519212723,0.2874931568587813,-0.362171528339386,0.3312993727326393,99fc6ef526bc821b82a48435c0a11457653382b1512fd893fda45260071da58a
E1,defocus_blur,5,partial_channel,0.1,1.0,,1,5,0.8700000000000007,0.33279122584587506,0.30000000000000027,1.150000000000001,2000.0,0.0,2000,2000,0.04450354609929078,0.010515694221424617,0.034574468085106384,0.05939716312056738,0.14184397163120568,0.04218218884173872,0.09219858156028368,0.1950354609929078,1128.0,0.0,1128,1128,282.0,0.0,282,282,0.11190967026948928,0.14399963629202658,-0.047936366200447084,0.34675027495622635,99fc6ef526bc821b82a48435c0a11457653382b1512fd893fda45260071da58a
E1,defocus_blur,5,partial_channel,0.2,1.0,,1,5,2.220000000000001,2.7142218037588592,-0.7999999999999979,6.3,2000.0,0.0,2000,2000,0.08475177304964539,0.02958656231780269,0.054078014184397165,0.12854609929078015,0.23333333333333334,0.13109541082777693,0.13829787234042554,0.4645390070921986,1128.0,0.0,1128,1128,282.0,0.0,282,282,0.18433107624053952,0.5228984253582742,-0.4017906427979469,0.8898965336084366,99fc6ef526bc821b82a48435c0a11457653382b1512fd893fda45260071da58a
E1,defocus_blur,5,partial_channel,0.01,1.0,,2,5,0.38000000000000034,0.2991655060330321,0.15000000000000013,0.9000000000000008,2000.0,0.0,2000,2000,0.011170212765957446,0.004589425214732193,0.005319148936170213,0.01773049645390071,0.028368794326241138,0.008316339999686933,0.02127659574468085,0.03900709219858156,1128.0,0.0,1128,1128,282.0,0.0,282,282,0.03638425087928772,0.02836579567460827,0.015047015607357024,0.08406053322553635,99fc6ef526bc821b82a48435c0a11457653382b1512fd893fda45260071da58a
E1,defocus_blur,5,partial_channel,0.05,1.0,,2,5,0.8000000000000013,1.301441508482037,-1.4999999999999987,1.6000000000000014,2000.0,0.0,2000,2000,0.0347517730496454,0.0130653428559862,0.013297872340425532,0.04521276595744681,0.1049645390070922,0.052811884230160186,0.04609929078014184,0.1879432624113475,1128.0,0.0,1128,1128,282.0,0.0,282,282,0.1538831778049469,0.27580795457219875,-0.3125866549015045,0.3537377179265022,99fc6ef526bc821b82a48435c0a11457653382b1512fd893fda45260071da58a
E1,defocus_blur,5,partial_channel,0.1,1.0,,2,5,1.4500000000000013,0.5442885264269315,0.7500000000000007,2.0500000000000016,2000.0,0.0,2000,2000,0.05106382978723404,0.011415190498453808,0.038120567375886524,0.06382978723404255,0.1276595744680851,0.03554953485064436,0.08156028368794327,0.1702127659574468,1128.0,0.0,1128,1128,282.0,0.0,282,282,0.25189436757564543,0.12347060018112614,0.08767589497566224,0.3938735873103142,99fc6ef526bc821b82a48435c0a11457653382b1512fd893fda45260071da58a
E1,defocus_blur,5,partial_channel,0.2,1.0,,2,5,2.950000000000001,3.518522417151836,-1.0999999999999983,7.900000000000001,2000.0,0.0,2000,2000,0.09716312056737589,0.04202165065518643,0.03723404255319149,0.1551418439716312,0.22411347517730498,0.11748778707450576,0.12411347517730496,0.4148936170212766,1128.0,0.0,1128,1128,282.0,0.0,282,282,0.5370414805769921,0.4553058570243383,-0.08613336753845215,1.1644521771073342,99fc6ef526bc821b82a48435c0a11457653382b1512fd893fda45260071da58a
E1,defocus_blur,5,partial_channel,0.01,1.0,,3,5,0.4800000000000004,0.2752271788904579,0.15000000000000013,0.9000000000000008,2000.0,0.0,2000,2000,0.015780141843971633,0.0017052645444744104,0.013297872340425532,0.01773049645390071,0.03829787234042553,0.014491359391278404,0.014184397163120567,0.05319148936170213,1128.0,0.0,1128,1128,282.0,0.0,282,282,0.008809278595447542,0.04618112709832919,-0.03746446448564529,0.0783787899017334,99fc6ef526bc821b82a48435c0a11457653382b1512fd893fda45260071da58a
E1,defocus_blur,5,partial_channel,0.05,1.0,,3,5,1.840000000000001,1.4926486525636233,0.5500000000000005,3.9500000000000006,2000.0,0.0,2000,2000,0.05035460992907802,0.021537262578897643,0.025709219858156027,0.08156028368794327,0.08865248226950354,0.02665478081271792,0.0673758865248227,0.1347517730496454,1128.0,0.0,1128,1128,282.0,0.0,282,282,0.1098313759803772,0.33307189766395173,-0.2158494465947151,0.6210435376167297,99fc6ef526bc821b82a48435c0a11457653382b1512fd893fda45260071da58a
E1,defocus_blur,5,partial_channel,0.1,1.0,,3,5,3.6400000000000015,1.750856933047358,1.8000000000000016,5.5500000000000025,2000.0,0.0,2000,2000,0.09698581560283688,0.03019785159466737,0.05939716312056738,0.1276595744680851,0.16099290780141842,0.020918980430854796,0.1453900709219858,0.1950354609929078,1128.0,0.0,1128,1128,282.0,0.0,282,282,0.47224566744565966,0.3930568814917252,-0.08433395862579346,1.0139364109039306,99fc6ef526bc821b82a48435c0a11457653382b1512fd893fda45260071da58a
E1,defocus_blur,5,partial_channel,0.2,1.0,,3,5,9.170000000000002,3.435767745351831,5.300000000000002,12.900000000000004,2000.0,0.0,2000,2000,0.19042553191489361,0.05653776870176392,0.13031914893617022,0.26152482269503546,0.16950354609929077,0.061338293079261426,0.11347517730496454,0.2553191489361702,1128.0,0.0,1128,1128,282.0,0.0,282,282,1.1091954244971274,0.4837156050836744,0.6080999357104302,1.7193803541660309,99fc6ef526bc821b82a48435c0a11457653382b1512fd893fda45260071da58a
E1,defocus_blur,5,partial_channel,0.01,1.0,,4,5,0.3600000000000003,0.2945335295004631,0.10000000000000009,0.8500000000000008,2000.0,0.0,2000,2000,0.015602836879432624,0.0017281550256753489,0.013297872340425532,0.01773049645390071,0.04397163120567376,0.018697058619097966,0.01773049645390071,0.06382978723404255,1128.0,0.0,1128,1128,282.0,0.0,282,282,-0.012212854421138767,0.07061299843307682,-0.0989589730501175,0.08363381880521774,99fc6ef526bc821b82a48435c0a11457653382b1512fd893fda45260071da58a
E1,defocus_blur,5,partial_channel,0.05,1.0,,4,5,1.7900000000000014,1.186064922337728,0.7500000000000007,3.15,2000.0,0.0,2000,2000,0.050531914893617025,0.01563403553949326,0.03368794326241135,0.06826241134751773,0.0950354609929078,0.03244244825952533,0.07446808510638298,0.1524822695035461,1128.0,0.0,1128,1128,282.0,0.0,282,282,0.16467180478572846,0.28267112390089244,-0.22985615801811218,0.49524180150032043,99fc6ef526bc821b82a48435c0a11457653382b1512fd893fda45260071da58a
E1,defocus_blur,5,partial_channel,0.1,1.0,,4,5,4.340000000000002,1.339029499301639,2.7500000000000027,6.4,2000.0,0.0,2000,2000,0.1023049645390071,0.021963641300066568,0.06826241134751773,0.1276595744680851,0.14042553191489363,0.05542588357429631,0.09219858156028368,0.20921985815602837,1128.0,0.0,1128,1128,282.0,0.0,282,282,0.4911354324340821,0.31457153046685976,0.008751753747463226,0.7775853114724159,99fc6ef526bc821b82a48435c0a11457653382b1512fd893fda45260071da58a
E1,defocus_blur,5,partial_channel,0.2,1.0,,4,5,9.760000000000002,2.5776442733627927,5.650000000000002,12.200000000000003,2000.0,0.0,2000,2000,0.1930851063829787,0.03254524269832138,0.15425531914893617,0.2349290780141844,0.14893617021276595,0.07025394594382606,0.09929078014184398,0.26595744680851063,1128.0,0.0,1128,1128,282.0,0.0,282,282,1.1128388488888743,0.31261271683031383,0.7660939649343491,1.5174931166172028,99fc6ef526bc821b82a48435c0a11457653382b1512fd893fda45260071da58a
E1,defocus_blur,5,partial_channel,0.01,1.0,,5,5,0.4100000000000003,0.3267261850540911,0.0,0.8500000000000008,2000.0,0.0,2000,2000,0.015070921985815602,0.0038642721130679736,0.010638297872340425,0.01950354609929078,0.036879432624113466,0.018864448337972177,0.014184397163120567,0.06382978723404255,1128.0,0.0,1128,1128,282.0,0.0,282,282,-0.014245872497558593,0.06882808732493953,-0.10153215962648392,0.07032633042335511,99fc6ef526bc821b82a48435c0a11457653382b1512fd893fda45260071da58a
E1,defocus_blur,5,partial_channel,0.05,1.0,,5,5,1.7900000000000014,0.7781388050984227,0.7500000000000007,2.9000000000000026,2000.0,0.0,2000,2000,0.047340425531914886,0.013321492025717613,0.028368794326241134,0.06560283687943262,0.08297872340425531,0.019996981815420832,0.06382978723404255,0.11702127659574468,1128.0,0.0,1128,1128,282.0,0.0,282,282,0.1395559436559677,0.18578699189095746,-0.12895296877622606,0.2823662459254265,99fc6ef526bc821b82a48435c0a11457653382b1512fd893fda45260071da58a
E1,defocus_blur,5,partial_channel,0.1,1.0,,5,5,4.600000000000003,1.4781745499094485,2.5500000000000025,5.950000000000003,2000.0,0.0,2000,2000,0.10336879432624113,0.028115558567628353,0.06560283687943262,0.13031914893617022,0.12695035460992907,0.04038507369505798,0.09574468085106383,0.1879432624113475,1128.0,0.0,1128,1128,282.0,0.0,282,282,0.49751165196895597,0.25987223493681166,0.06486316043138504,0.7615903616547585,99fc6ef526bc821b82a48435c0a11457653382b1512fd893fda45260071da58a
E1,defocus_blur,5,partial_channel,0.2,1.0,,5,5,10.120000000000001,1.5990622251807465,8.300000000000002,12.400000000000002,2000.0,0.0,2000,2000,0.1950354609929078,0.025362977838510575,0.17198581560283688,0.2349290780141844,0.12198581560283688,0.056770823599383395,0.07446808510638298,0.2127659574468085,1128.0,0.0,1128,1128,282.0,0.0,282,282,1.1538696207284929,0.2360731892619107,1.01738972145319,1.5690139876604081,99fc6ef526bc821b82a48435c0a11457653382b1512fd893fda45260071da58a
E1,defocus_blur,5,partial_channel,0.01,1.0,,6,5,0.4100000000000003,0.21621748310439673,0.15000000000000013,0.7000000000000006,2000.0,0.0,2000,2000,0.012765957446808512,0.005592840530350179,0.004432624113475178,0.018617021276595744,0.029078014184397167,0.014491359391278404,0.0035460992907801418,0.03900709219858156,1128.0,0.0,1128,1128,282.0,0.0,282,282,0.012918687272071839,0.032084580319009036,-0.017444943606853485,0.05828740656375885,99fc6ef526bc821b82a48435c0a11457653382b1512fd893fda45260071da58a
E1,defocus_blur,5,partial_channel,0.05,1.0,,6,5,2.1300000000000012,0.8955445270895241,1.3000000000000012,3.6000000000000005,2000.0,0.0,2000,2000,0.05141843971631206,0.014198242356424619,0.031914893617021274,0.0700354609929078,0.07730496453900709,0.02088890280145126,0.05319148936170213,0.10283687943262411,1128.0,0.0,1128,1128,282.0,0.0,282,282,0.20496714692115786,0.11418129074631782,0.056518374979496,0.32354589158296587,99fc6ef526bc821b82a48435c0a11457653382b1512fd893fda45260071da58a
E1,defocus_blur,5,partial_channel,0.1,1.0,,6,5,5.040000000000001,1.5781318069160137,3.7500000000000004,7.350000000000001,2000.0,0.0,2000,2000,0.10638297872340426,0.026268674450406128,0.07535460992907801,0.13386524822695037,0.10141843971631206,0.06031496893885185,0.04964539007092199,0.1950354609929078,1128.0,0.0,1128,1128,282.0,0.0,282,282,0.6073322497963906,0.17694288542106704,0.3142165459394455,0.7635918061137199,99fc6ef526bc821b82a48435c0a11457653382b1512fd893fda45260071da58a
E1,defocus_blur,5,partial_channel,0.2,1.0,,6,5,11.500000000000004,1.661324772583615,9.250000000000004,13.750000000000004,2000.0,0.0,2000,2000,0.21152482269503547,0.02591929335688601,0.19060283687943264,0.2553191489361702,0.09574468085106383,0.05211680303793996,0.05673758865248227,0.1702127659574468,1128.0,0.0,1128,1128,282.0,0.0,282,282,1.377932575559616,0.2041979683087831,1.1750543267726898,1.7162193061113358,99fc6ef526bc821b82a48435c0a11457653382b1512fd893fda45260071da58a
E1,defocus_blur,5,partial_channel,0.01,1.0,,7,5,1.110000000000001,0.7635443667528437,0.050000000000000044,2.0000000000000018,2000.0,0.0,2000,2000,0.024645390070921987,0.012745625061223861,0.007978723404255319,0.03900709219858156,0.03191489361702128,0.012537354276357224,0.01773049645390071,0.04609929078014184,1128.0,0.0,1128,1128,282.0,0.0,282,282,0.1065134775519371,0.07907114236089133,0.003612920820713043,0.18823509562015533,99fc6ef526bc821b82a48435c0a11457653382b1512fd893fda45260071da58a
E1,defocus_blur,5,partial_channel,0.05,1.0,,7,5,3.7000000000000006,0.6846531968814573,2.8500000000000023,4.500000000000001,2000.0,0.0,2000,2000,0.07109929078014185,0.008829716026942363,0.06205673758865248,0.08333333333333333,0.055319148936170216,0.011101046696807466,0.03900709219858156,0.0673758865248227,1128.0,0.0,1128,1128,282.0,0.0,282,282,0.4762836275577545,0.16625906521806377,0.34523967605829237,0.7355341222286225,99fc6ef526bc821b82a48435c0a11457653382b1512fd893fda45260071da58a
E1,defocus_blur,5,partial_channel,0.1,1.0,,7,5,6.820000000000002,1.185643285309709,4.800000000000002,7.750000000000002,2000.0,0.0,2000,2000,0.12606382978723404,0.016363528873974464,0.10017730496453901,0.14184397163120568,0.06382978723404256,0.017006494763520282,0.04964539007092199,0.08865248226950355,1128.0,0.0,1128,1128,282.0,0.0,282,282,0.8185968443989754,0.2839612236520582,0.389031830906868,1.1773692614436149,99fc6ef526bc821b82a48435c0a11457653382b1512fd893fda45260071da58a
E1,defocus_blur,5,partial_channel,0.2,1.0,,7,5,16.03,1.5102152164509524,13.750000000000004,17.55,2000.0,0.0,2000,2000,0.27801418439716313,0.02764337359689869,0.2375886524822695,0.3076241134751773,0.06028368794326242,0.01302920075948499,0.0425531914893617,0.07446808510638298,1128.0,0.0,1128,1128,282.0,0.0,282,282,1.9541215702533723,0.29364224191228777,1.478250656425953,2.2143451637625695,99fc6ef526bc821b82a48435c0a11457653382b1512fd893fda45260071da58a
E1,defocus_blur,5,partial_channel,0.01,1.0,,8,5,1.030000000000001,0.7702272391963303,0.30000000000000027,2.200000000000002,2000.0,0.0,2000,2000,0.02180851063829787,0.013277170647369729,0.0070921985815602835,0.041666666666666664,0.027659574468085108,0.00846619601866193,0.01773049645390071,0.03900709219858156,1128.0,0.0,1128,1128,282.0,0.0,282,282,0.12028062081336977,0.10686424830525555,0.00748695981502533,0.2808361593484879,99fc6ef526bc821b82a48435c0a11457653382b1512fd893fda45260071da58a
E1,defocus_blur,5,partial_channel,0.05,1.0,,8,5,3.670000000000001,0.880766711450881,2.400000000000002,4.450000000000001,2000.0,0.0,2000,2000,0.06861702127659573,0.012420842366130055,0.05230496453900709,0.08244680851063829,0.039007092198581554,0.012537354276357224,0.024822695035460994,0.05673758865248227,1128.0,0.0,1128,1128,282.0,0.0,282,282,0.5078718928813933,0.1632240963699511,0.2783752036690712,0.6767752155065536,99fc6ef526bc821b82a48435c0a11457653382b1512fd893fda45260071da58a
E1,defocus_blur,5,partial_channel,0.1,1.0,,8,5,7.2600000000000025,0.8173126696681029,6.35,8.150000000000002,2000.0,0.0,2000,2000,0.13209219858156027,0.012646580334828995,0.11347517730496454,0.14450354609929078,0.056737588652482275,0.021423840378713782,0.03546099290780142,0.08156028368794327,1128.0,0.0,1128,1128,282.0,0.0,282,282,0.9563486996412278,0.18468195784828428,0.7493999365568161,1.1610206264853478,99fc6ef526bc821b82a48435c0a11457653382b1512fd893fda45260071da58a
E1,defocus_blur,5,partial_channel,0.2,1.0,,8,5,16.669999999999998,2.353348677948084,14.35,20.549999999999997,2000.0,0.0,2000,2000,0.29432624113475175,0.04413967831384612,0.250886524822695,0.36613475177304966,0.07304964539007092,0.023602214598998212,0.04609929078014184,0.09929078014184398,1128.0,0.0,1128,1128,282.0,0.0,282,282,2.1309275892734525,0.32101881932708926,1.7549856795072556,2.636196523308754,99fc6ef526bc821b82a48435c0a11457653382b1512fd893fda45260071da58a
E1,defocus_blur,5,partial_channel,0.01,1.0,,9,5,0.970000000000001,0.6119640512317702,0.30000000000000027,1.9000000000000017,2000.0,0.0,2000,2000,0.020035460992907803,0.01072291993915501,0.01152482269503546,0.03723404255319149,0.023404255319148935,0.0064418092640372146,0.01773049645390071,0.031914893617021274,1128.0,0.0,1128,1128,282.0,0.0,282,282,0.11297913271188735,0.10550907714041598,0.03776787108182907,0.282563010931015,99fc6ef526bc821b82a48435c0a11457653382b1512fd893fda45260071da58a
E1,defocus_blur,5,partial_channel,0.05,1.0,,9,5,3.4800000000000013,0.7155417527999324,2.5500000000000025,4.250000000000001,2000.0,0.0,2000,2000,0.06702127659574468,0.009723524527089548,0.054078014184397165,0.0797872340425532,0.04397163120567375,0.009247095610216523,0.031914893617021274,0.05673758865248227,1128.0,0.0,1128,1128,282.0,0.0,282,282,0.4876592193365097,0.14458722580445546,0.2868682302236557,0.6600457209348679,99fc6ef526bc821b82a48435c0a11457653382b1512fd893fda45260071da58a
E1,defocus_blur,5,partial_channel,0.1,1.0,,9,5,6.840000000000002,0.7021395872616781,6.150000000000003,7.900000000000001,2000.0,0.0,2000,2000,0.12606382978723404,0.009859973555602329,0.11613475177304965,0.1400709219858156,0.057446808510638304,0.009840026188306105,0.04609929078014184,0.0673758865248227,1128.0,0.0,1128,1128,282.0,0.0,282,282,0.9302436555504798,0.15000307861482842,0.779124595284462,1.1729525967240333,99fc6ef526bc821b82a48435c0a11457653382b1512fd893fda45260071da58a
E1,defocus_blur,5,partial_channel,0.2,1.0,,9,5,16.369999999999997,2.5388481640302936,13.500000000000004,20.349999999999998,2000.0,0.0,2000,2000,0.28812056737588654,0.046981633695872715,0.23581560283687944,0.3625886524822695,0.07021276595744681,0.01427277432446674,0.05319148936170213,0.09219858156028368,1128.0,0.0,1128,1128,282.0,0.0,282,282,2.1288329491376876,0.32756107113784366,1.7424584126472473,2.6454807846546173,99fc6ef526bc821b82a48435c0a11457653382b1512fd893fda45260071da58a
E1,defocus_blur,5,partial_channel,0.01,1.0,,10,5,0.8400000000000005,0.6397265040624789,0.10000000000000009,1.8000000000000016,2000.0,0.0,2000,2000,0.018971631205673762,0.009621959965400806,0.00975177304964539,0.03368794326241135,0.024822695035460994,0.006634144302790677,0.01773049645390071,0.03546099290780142,1128.0,0.0,1128,1128,282.0,0.0,282,282,0.11038581421375274,0.09288448330454156,0.043359137177467345,0.25755546462535855,99fc6ef526bc821b82a48435c0a11457653382b1512fd893fda45260071da58a
E1,defocus_blur,5,partial_channel,0.05,1.0,,10,5,3.4800000000000013,0.4309872387901983,2.8000000000000025,4.000000000000001,2000.0,0.0,2000,2000,0.0627659574468085,0.004223804698429644,0.05585106382978723,0.0673758865248227,0.03191489361702128,0.009382096847746773,0.02127659574468085,0.04609929078014184,1128.0,0.0,1128,1128,282.0,0.0,282,282,0.46383315730094915,0.13738505375463297,0.2839220415353775,0.6673125829696656,99fc6ef526bc821b82a48435c0a11457653382b1512fd893fda45260071da58a
E1,defocus_blur,5,partial_channel,0.1,1.0,,10,5,6.640000000000001,0.7773351915358007,5.650000000000002,7.800000000000002,2000.0,0.0,2000,2000,0.11843971631205674,0.010832303116387188,0.10195035460992907,0.1320921985815603,0.04326241134751774,0.010755851693690142,0.028368794326241134,0.05319148936170213,1128.0,0.0,1128,1128,282.0,0.0,282,282,0.8569732215404511,0.15332549105986445,0.7614837683439255,1.1265347453951835,99fc6ef526bc821b82a48435c0a11457653382b1512fd893fda45260071da58a
E1,defocus_blur,5,partial_channel,0.2,1.0,,10,5,15.48,2.3918089388577846,12.650000000000002,19.200000000000003,2000.0,0.0,2000,2000,0.2707446808510638,0.04166949590515209,0.22429078014184398,0.33687943262411346,0.06099290780141843,0.0029668795267165783,0.05673758865248227,0.06382978723404255,1128.0,0.0,1128,1128,282.0,0.0,282,282,2.0161735208034512,0.28730544438878003,1.721790290594101,2.4925736489892008,99fc6ef526bc821b82a48435c0a11457653382b1512fd893fda45260071da58a
E1,defocus_blur,5,partial_channel,0.01,1.0,,11,5,1.020000000000001,0.6620045317065442,0.2500000000000002,2.0000000000000018,2000.0,0.0,2000,2000,0.02092198581560284,0.008608881834262564,0.01152482269503546,0.03368794326241135,0.021276595744680847,0.007092198581560283,0.014184397163120567,0.031914893617021274,1128.0,0.0,1128,1128,282.0,0.0,282,282,0.11006158331632614,0.08317924279130265,0.0476615691781044,0.2476023678779602,99fc6ef526bc821b82a48435c0a11457653382b1512fd893fda45260071da58a
E1,defocus_blur,5,partial_channel,0.05,1.0,,11,5,3.2300000000000013,0.3474910070778804,2.7500000000000027,3.7000000000000006,2000.0,0.0,2000,2000,0.05921985815602837,0.005960190182259437,0.051418439716312055,0.0673758865248227,0.031205673758865245,0.0015858638138296374,0.028368794326241134,0.031914893617021274,1128.0,0.0,1128,1128,282.0,0.0,282,282,0.4340454344034194,0.13232847528440198,0.3055819252729416,0.653995644390583,99fc6ef526bc821b82a48435c0a11457653382b1512fd893fda45260071da58a
E1,defocus_blur,5,partial_channel,0.1,1.0,,11,5,6.250000000000002,0.9151502608861561,4.850000000000001,7.400000000000001,2000.0,0.0,2000,2000,0.10975177304964538,0.015010831392752864,0.08865248226950355,0.13031914893617022,0.036170212765957444,0.00682105817789764,0.028368794326241134,0.04609929078014184,1128.0,0.0,1128,1128,282.0,0.0,282,282,0.805081137728691,0.1731353818683925,0.6163218522667885,1.0882192450761794,99fc6ef526bc821b82a48435c0a11457653382b1512fd893fda45260071da58a
E1,defocus_blur,5,partial_channel,0.2,1.0,,11,5,15.120000000000001,2.1646593265454026,12.550000000000002,18.3,2000.0,0.0,2000,2000,0.2631205673758865,0.03979202983700843,0.21808510638297873,0.32358156028368795,0.057446808510638304,0.012637255093053523,0.04609929078014184,0.07092198581560284,1128.0,0.0,1128,1128,282.0,0.0,282,282,1.9455507455945018,0.30314845489239045,1.627276236474514,2.411424361228943,99fc6ef526bc821b82a48435c0a11457653382b1512fd893fda45260071da58a
E1,defocus_blur,5,partial_channel,0.01,1.0,,12,5,1.010000000000001,0.523688838911047,0.5500000000000005,1.8500000000000016,2000.0,0.0,2000,2000,0.019148936170212766,0.008878536140818639,0.010638297872340425,0.03368794326241135,0.017021276595744685,0.008829716026942363,0.010638297872340425,0.031914893617021274,1128.0,0.0,1128,1128,282.0,0.0,282,282,0.10106657261848448,0.06940346305800053,0.049021881520748135,0.220642695248127,99fc6ef526bc821b82a48435c0a11457653382b1512fd893fda45260071da58a
E1,defocus_blur,5,partial_channel,0.05,1.0,,12,5,2.940000000000001,0.7317786550590276,2.0500000000000016,4.050000000000001,2000.0,0.0,2000,2000,0.054964539007092195,0.011877447701218314,0.040780141843971635,0.07358156028368794,0.034042553191489355,0.005377925846845072,0.028368794326241134,0.0425531914893617,1128.0,0.0,1128,1128,282.0,0.0,282,282,0.3850646032452583,0.14060133718207204,0.2756905065774918,0.6221508991122245,99fc6ef526bc821b82a48435c0a11457653382b1512fd893fda45260071da58a
E1,defocus_blur,5,partial_channel,0.1,1.0,,12,5,5.570000000000002,0.8066907709897267,4.400000000000001,6.6000000000000005,2000.0,0.0,2000,2000,0.09804964539007092,0.011466711102485832,0.08244680851063829,0.11436170212765957,0.03333333333333334,0.007769114290853418,0.028368794326241134,0.04609929078014184,1128.0,0.0,1128,1128,282.0,0.0,282,282,0.7149677430391311,0.1825823101984946,0.4925087560415268,0.9986209881901741,99fc6ef526bc821b82a48435c0a11457653382b1512fd893fda45260071da58a
E1,defocus_blur,5,partial_channel,0.2,1.0,,12,5,13.450000000000003,1.5366359360629305,11.300000000000002,15.55,2000.0,0.0,2000,2000,0.23262411347517728,0.028136515828396772,0.1950354609929078,0.2721631205673759,0.05035460992907802,0.010459490215427395,0.03900709219858156,0.0673758865248227,1128.0,0.0,1128,1128,282.0,0.0,282,282,1.7953612623095512,0.28049164409900346,1.4959158518910407,2.2247752301096915,99fc6ef526bc821b82a48435c0a11457653382b1512fd893fda45260071da58a
E1,defocus_blur,5,partial_channel,0.01,1.0,,13,5,0.6700000000000006,0.18574175621006728,0.40000000000000036,0.9000000000000008,2000.0,0.0,2000,2000,0.014893617021276595,0.0017052645444744106,0.013297872340425532,0.01773049645390071,0.024113475177304965,0.004623547805108261,0.01773049645390071,0.028368794326241134,1128.0,0.0,1128,1128,282.0,0.0,282,282,0.08719911780357362,0.011858317186128295,0.07617561542987823,0.1063533369898796,99fc6ef526bc821b82a48435c0a11457653382b1512fd893fda45260071da58a
E1,defocus_blur,5,partial_channel,0.05,1.0,,13,5,3.420000000000001,0.49949974974968653,2.650000000000002,3.9500000000000006,2000.0,0.0,2000,2000,0.06524822695035461,0.006224641731043251,0.05673758865248227,0.07092198581560284,0.04680851063829787,0.011867518106866318,0.028368794326241134,0.06028368794326241,1128.0,0.0,1128,1128,282.0,0.0,282,282,0.44139891545772547,0.08198475877900788,0.3249078148603439,0.5413524000644684,99fc6ef526bc821b82a48435c0a11457653382b1512fd893fda45260071da58a
E1,defocus_blur,5,partial_channel,0.1,1.0,,13,5,7.42,0.9045717218662105,6.4,8.600000000000001,2000.0,0.0,2000,2000,0.13617021276595745,0.015477413363684535,0.12234042553191489,0.16046099290780141,0.06950354609929078,0.010216212972260946,0.06028368794326241,0.0851063829787234,1128.0,0.0,1128,1128,282.0,0.0,282,282,0.9316219242453576,0.10154292663407337,0.7831453337669373,1.0494525573849678,99fc6ef526bc821b82a48435c0a11457653382b1512fd893fda45260071da58a
E1,defocus_blur,5,partial_channel,0.2,1.0,,13,5,15.51,0.6158327695080867,14.549999999999999,16.2,2000.0,0.0,2000,2000,0.2714539007092199,0.010664123499074873,0.2579787234042553,0.28634751773049644,0.07304964539007092,0.01886444833797218,0.05319148936170213,0.10283687943262411,1128.0,0.0,1128,1128,282.0,0.0,282,282,2.0164332102537155,0.09949573228554537,1.906258082985878,2.175672688484192,99fc6ef526bc821b82a48435c0a11457653382b1512fd893fda45260071da58a
E1,defocus_blur,5,partial_channel,0.01,1.0,,14,5,0.7100000000000006,0.17818529681205478,0.4500000000000004,0.9000000000000008,2000.0,0.0,2000,2000,0.016312056737588655,0.0031091627511968412,0.012411347517730497,0.020390070921985817,0.021276595744680847,0.010638297872340424,0.010638297872340425,0.031914893617021274,1128.0,0.0,1128,1128,282.0,0.0,282,282,0.09680263783931731,0.021685873034504217,0.07182336270809174,0.12412301069498062,99fc6ef526bc821b82a48435c0a11457653382b1512fd893fda45260071da58a
E1,defocus_blur,5,partial_channel,0.05,1.0,,14,5,3.3800000000000003,0.4117037770047772,2.7000000000000024,3.7500000000000004,2000.0,0.0,2000,2000,0.06400709219858156,0.006186647632045353,0.05851063829787234,0.0726950354609929,0.043262411347517724,0.014491359391278403,0.024822695035460994,0.05673758865248227,1128.0,0.0,1128,1128,282.0,0.0,282,282,0.46180768033266073,0.09964895717142536,0.31842758727073667,0.5633752937912941,99fc6ef526bc821b82a48435c0a11457653382b1512fd893fda45260071da58a
E1,defocus_blur,5,partial_channel,0.1,1.0,,14,5,7.6,0.7228416147400483,6.8500000000000005,8.600000000000001,2000.0,0.0,2000,2000,0.13528368794326243,0.011704142315293892,0.125,0.15425531914893617,0.05460992907801419,0.01110104669680747,0.0425531914893617,0.07092198581560284,1128.0,0.0,1128,1128,282.0,0.0,282,282,0.9833427619934081,0.11247670129846365,0.8660863708257676,1.1464218682646752,99fc6ef526bc821b82a48435c0a11457653382b1512fd893fda45260071da58a
E1,defocus_blur,5,partial_channel,0.2,1.0,,14,5,16.21,0.7461568199782144,15.35,17.150000000000002,2000.0,0.0,2000,2000,0.27978723404255323,0.01410939835626435,0.26773049645390073,0.2987588652482269,0.06808510638297874,0.014050789188765213,0.04964539007092199,0.08156028368794327,1128.0,0.0,1128,1128,282.0,0.0,282,282,2.124479859113693,0.1136854577792469,1.9682515984773636,2.269443712770939,99fc6ef526bc821b82a48435c0a11457653382b1512fd893fda45260071da58a
E1,defocus_blur,5,partial_channel,0.01,1.0,,15,5,0.7300000000000006,0.08366600265340762,0.6000000000000005,0.8000000000000007,2000.0,0.0,2000,2000,0.014893617021276595,0.002294712607366097,0.012411347517730497,0.01773049645390071,0.011347517730496453,0.006343455255318552,0.0035460992907801418,0.01773049645390071,1128.0,0.0,1128,1128,282.0,0.0,282,282,0.10222753932476043,0.016243294572136514,0.0844378581047058,0.12691341590881347,99fc6ef526bc821b82a48435c0a11457653382b1512fd893fda45260071da58a
E1,defocus_blur,5,partial_channel,0.05,1.0,,15,5,3.56,0.18506755523321758,3.3000000000000003,3.7500000000000004,2000.0,0.0,2000,2000,0.06524822695035462,0.005154057394946326,0.057624113475177305,0.07180851063829788,0.02836879432624113,0.006634144302790677,0.02127659574468085,0.03900709219858156,1128.0,0.0,1128,1128,282.0,0.0,282,282,0.5338302287936211,0.03922232293301912,0.5004040699601173,0.5866144535541534,99fc6ef526bc821b82a48435c0a11457653382b1512fd893fda45260071da58a
E1,defocus_blur,5,partial_channel,0.1,1.0,,15,5,8.3,0.8388980867781253,7.600000000000001,9.6,2000.0,0.0,2000,2000,0.14627659574468085,0.015621462931477034,0.1320921985815603,0.1702127659574468,0.03404255319148936,0.00816373364058251,0.02127659574468085,0.0425531914893617,1128.0,0.0,1128,1128,282.0,0.0,282,282,1.1794920439362524,0.1257550297067061,1.0817804952263832,1.3932744786143303,99fc6ef526bc821b82a48435c0a11457653382b1512fd893fda45260071da58a
E1,defocus_blur,5,partial_channel,0.2,1.0,,15,5,18.28,0.6310705190388793,17.35,19.000000000000004,2000.0,0.0,2000,2000,0.3150709219858156,0.012389164573246937,0.2969858156028369,0.33067375886524825,0.04468085106382979,0.013642116355795278,0.024822695035460994,0.06028368794326241,1128.0,0.0,1128,1128,282.0,0.0,282,282,2.3367904651284217,0.10543686472918132,2.175140016078949,2.44963282597065,99fc6ef526bc821b82a48435c0a11457653382b1512fd893fda45260071da58a
E1,defocus_blur,5,none,0.01,1.0,,0,1,0.0,,0.0,0.0,2000.0,,2000,2000,0.0,,0.0,0.0,0.0,,0.0,0.0,1128.0,,1128,1128,282.0,,282,282,0.0,,0.0,0.0,99fc6ef526bc821b82a48435c0a11457653382b1512fd893fda45260071da58a
E1,defocus_blur,5,none,0.01,1.0,,1,1,0.0,,0.0,0.0,2000.0,,2000,2000,0.0,,0.0,0.0,0.0,,0.0,0.0,1128.0,,1128,1128,282.0,,282,282,0.0,,0.0,0.0,99fc6ef526bc821b82a48435c0a11457653382b1512fd893fda45260071da58a
E1,defocus_blur,5,none,0.01,1.0,,2,1,0.0,,0.0,0.0,2000.0,,2000,2000,0.0,,0.0,0.0,0.0,,0.0,0.0,1128.0,,1128,1128,282.0,,282,282,0.0,,0.0,0.0,99fc6ef526bc821b82a48435c0a11457653382b1512fd893fda45260071da58a
E1,defocus_blur,5,none,0.01,1.0,,3,1,0.0,,0.0,0.0,2000.0,,2000,2000,0.0,,0.0,0.0,0.0,,0.0,0.0,1128.0,,1128,1128,282.0,,282,282,0.0,,0.0,0.0,99fc6ef526bc821b82a48435c0a11457653382b1512fd893fda45260071da58a
E1,defocus_blur,5,none,0.01,1.0,,4,1,0.0,,0.0,0.0,2000.0,,2000,2000,0.0,,0.0,0.0,0.0,,0.0,0.0,1128.0,,1128,1128,282.0,,282,282,0.0,,0.0,0.0,99fc6ef526bc821b82a48435c0a11457653382b1512fd893fda45260071da58a
E1,defocus_blur,5,none,0.01,1.0,,5,1,0.0,,0.0,0.0,2000.0,,2000,2000,0.0,,0.0,0.0,0.0,,0.0,0.0,1128.0,,1128,1128,282.0,,282,282,0.0,,0.0,0.0,99fc6ef526bc821b82a48435c0a11457653382b1512fd893fda45260071da58a
E1,defocus_blur,5,none,0.01,1.0,,6,1,0.0,,0.0,0.0,2000.0,,2000,2000,0.0,,0.0,0.0,0.0,,0.0,0.0,1128.0,,1128,1128,282.0,,282,282,0.0,,0.0,0.0,99fc6ef526bc821b82a48435c0a11457653382b1512fd893fda45260071da58a
E1,defocus_blur,5,none,0.01,1.0,,7,1,0.0,,0.0,0.0,2000.0,,2000,2000,0.0,,0.0,0.0,0.0,,0.0,0.0,1128.0,,1128,1128,282.0,,282,282,0.0,,0.0,0.0,99fc6ef526bc821b82a48435c0a11457653382b1512fd893fda45260071da58a
E1,defocus_blur,5,none,0.01,1.0,,8,1,0.0,,0.0,0.0,2000.0,,2000,2000,0.0,,0.0,0.0,0.0,,0.0,0.0,1128.0,,1128,1128,282.0,,282,282,0.0,,0.0,0.0,99fc6ef526bc821b82a48435c0a11457653382b1512fd893fda45260071da58a
E1,defocus_blur,5,none,0.01,1.0,,9,1,0.0,,0.0,0.0,2000.0,,2000,2000,0.0,,0.0,0.0,0.0,,0.0,0.0,1128.0,,1128,1128,282.0,,282,282,0.0,,0.0,0.0,99fc6ef526bc821b82a48435c0a11457653382b1512fd893fda45260071da58a
E1,defocus_blur,5,none,0.01,1.0,,10,1,0.0,,0.0,0.0,2000.0,,2000,2000,0.0,,0.0,0.0,0.0,,0.0,0.0,1128.0,,1128,1128,282.0,,282,282,0.0,,0.0,0.0,99fc6ef526bc821b82a48435c0a11457653382b1512fd893fda45260071da58a
E1,defocus_blur,5,none,0.01,1.0,,11,1,0.0,,0.0,0.0,2000.0,,2000,2000,0.0,,0.0,0.0,0.0,,0.0,0.0,1128.0,,1128,1128,282.0,,282,282,0.0,,0.0,0.0,99fc6ef526bc821b82a48435c0a11457653382b1512fd893fda45260071da58a
E1,defocus_blur,5,none,0.01,1.0,,12,1,0.0,,0.0,0.0,2000.0,,2000,2000,0.0,,0.0,0.0,0.0,,0.0,0.0,1128.0,,1128,1128,282.0,,282,282,0.0,,0.0,0.0,99fc6ef526bc821b82a48435c0a11457653382b1512fd893fda45260071da58a
E1,defocus_blur,5,none,0.01,1.0,,13,1,0.0,,0.0,0.0,2000.0,,2000,2000,0.0,,0.0,0.0,0.0,,0.0,0.0,1128.0,,1128,1128,282.0,,282,282,0.0,,0.0,0.0,99fc6ef526bc821b82a48435c0a11457653382b1512fd893fda45260071da58a
E1,defocus_blur,5,none,0.01,1.0,,14,1,0.0,,0.0,0.0,2000.0,,2000,2000,0.0,,0.0,0.0,0.0,,0.0,0.0,1128.0,,1128,1128,282.0,,282,282,0.0,,0.0,0.0,99fc6ef526bc821b82a48435c0a11457653382b1512fd893fda45260071da58a
E1,defocus_blur,5,none,0.01,1.0,,15,1,0.0,,0.0,0.0,2000.0,,2000,2000,0.0,,0.0,0.0,0.0,,0.0,0.0,1128.0,,1128,1128,282.0,,282,282,0.0,,0.0,0.0,99fc6ef526bc821b82a48435c0a11457653382b1512fd893fda45260071da58a
E1,defocus_blur,5,clean_to_clean,0.01,1.0,,0,1,55.45,,55.45,55.45,2000.0,,2000,2000,1.0,,1.0,1.0,0.0673758865248227,,0.0673758865248227,0.0673758865248227,1128.0,,1128,1128,282.0,,282,282,8.287109575510025,,8.287109575510025,8.287109575510025,99fc6ef526bc821b82a48435c0a11457653382b1512fd893fda45260071da58a
E1,defocus_blur,5,clean_to_clean,0.01,1.0,,1,1,55.45,,55.45,55.45,2000.0,,2000,2000,1.0,,1.0,1.0,0.0673758865248227,,0.0673758865248227,0.0673758865248227,1128.0,,1128,1128,282.0,,282,282,8.287109575510025,,8.287109575510025,8.287109575510025,99fc6ef526bc821b82a48435c0a11457653382b1512fd893fda45260071da58a
E1,defocus_blur,5,clean_to_clean,0.01,1.0,,2,1,55.45,,55.45,55.45,2000.0,,2000,2000,1.0,,1.0,1.0,0.0673758865248227,,0.0673758865248227,0.0673758865248227,1128.0,,1128,1128,282.0,,282,282,8.287109575510025,,8.287109575510025,8.287109575510025,99fc6ef526bc821b82a48435c0a11457653382b1512fd893fda45260071da58a
E1,defocus_blur,5,clean_to_clean,0.01,1.0,,3,1,55.45,,55.45,55.45,2000.0,,2000,2000,1.0,,1.0,1.0,0.0673758865248227,,0.0673758865248227,0.0673758865248227,1128.0,,1128,1128,282.0,,282,282,8.287109575510025,,8.287109575510025,8.287109575510025,99fc6ef526bc821b82a48435c0a11457653382b1512fd893fda45260071da58a
E1,defocus_blur,5,clean_to_clean,0.01,1.0,,4,1,55.45,,55.45,55.45,2000.0,,2000,2000,1.0,,1.0,1.0,0.0673758865248227,,0.0673758865248227,0.0673758865248227,1128.0,,1128,1128,282.0,,282,282,8.287109575510025,,8.287109575510025,8.287109575510025,99fc6ef526bc821b82a48435c0a11457653382b1512fd893fda45260071da58a
E1,defocus_blur,5,clean_to_clean,0.01,1.0,,5,1,55.45,,55.45,55.45,2000.0,,2000,2000,1.0,,1.0,1.0,0.0673758865248227,,0.0673758865248227,0.0673758865248227,1128.0,,1128,1128,282.0,,282,282,8.287109575510025,,8.287109575510025,8.287109575510025,99fc6ef526bc821b82a48435c0a11457653382b1512fd893fda45260071da58a
E1,defocus_blur,5,clean_to_clean,0.01,1.0,,6,1,55.45,,55.45,55.45,2000.0,,2000,2000,1.0,,1.0,1.0,0.0673758865248227,,0.0673758865248227,0.0673758865248227,1128.0,,1128,1128,282.0,,282,282,8.287109575510025,,8.287109575510025,8.287109575510025,99fc6ef526bc821b82a48435c0a11457653382b1512fd893fda45260071da58a
E1,defocus_blur,5,clean_to_clean,0.01,1.0,,7,1,55.45,,55.45,55.45,2000.0,,2000,2000,1.0,,1.0,1.0,0.0673758865248227,,0.0673758865248227,0.0673758865248227,1128.0,,1128,1128,282.0,,282,282,8.287109575510025,,8.287109575510025,8.287109575510025,99fc6ef526bc821b82a48435c0a11457653382b1512fd893fda45260071da58a
E1,defocus_blur,5,clean_to_clean,0.01,1.0,,8,1,55.45,,55.45,55.45,2000.0,,2000,2000,1.0,,1.0,1.0,0.0673758865248227,,0.0673758865248227,0.0673758865248227,1128.0,,1128,1128,282.0,,282,282,8.287109575510025,,8.287109575510025,8.287109575510025,99fc6ef526bc821b82a48435c0a11457653382b1512fd893fda45260071da58a
E1,defocus_blur,5,clean_to_clean,0.01,1.0,,9,1,55.45,,55.45,55.45,2000.0,,2000,2000,1.0,,1.0,1.0,0.0673758865248227,,0.0673758865248227,0.0673758865248227,1128.0,,1128,1128,282.0,,282,282,8.287109575510025,,8.287109575510025,8.287109575510025,99fc6ef526bc821b82a48435c0a11457653382b1512fd893fda45260071da58a
E1,defocus_blur,5,clean_to_clean,0.01,1.0,,10,1,55.45,,55.45,55.45,2000.0,,2000,2000,1.0,,1.0,1.0,0.0673758865248227,,0.0673758865248227,0.0673758865248227,1128.0,,1128,1128,282.0,,282,282,8.287109575510025,,8.287109575510025,8.287109575510025,99fc6ef526bc821b82a48435c0a11457653382b1512fd893fda45260071da58a
E1,defocus_blur,5,clean_to_clean,0.01,1.0,,11,1,55.45,,55.45,55.45,2000.0,,2000,2000,1.0,,1.0,1.0,0.0673758865248227,,0.0673758865248227,0.0673758865248227,1128.0,,1128,1128,282.0,,282,282,8.287109575510025,,8.287109575510025,8.287109575510025,99fc6ef526bc821b82a48435c0a11457653382b1512fd893fda45260071da58a
E1,defocus_blur,5,clean_to_clean,0.01,1.0,,12,1,55.45,,55.45,55.45,2000.0,,2000,2000,1.0,,1.0,1.0,0.0673758865248227,,0.0673758865248227,0.0673758865248227,1128.0,,1128,1128,282.0,,282,282,8.287109575510025,,8.287109575510025,8.287109575510025,99fc6ef526bc821b82a48435c0a11457653382b1512fd893fda45260071da58a
E1,defocus_blur,5,clean_to_clean,0.01,1.0,,13,1,55.45,,55.45,55.45,2000.0,,2000,2000,1.0,,1.0,1.0,0.0673758865248227,,0.0673758865248227,0.0673758865248227,1128.0,,1128,1128,282.0,,282,282,8.287109575510025,,8.287109575510025,8.287109575510025,99fc6ef526bc821b82a48435c0a11457653382b1512fd893fda45260071da58a
E1,defocus_blur,5,clean_to_clean,0.01,1.0,,14,1,55.45,,55.45,55.45,2000.0,,2000,2000,1.0,,1.0,1.0,0.0673758865248227,,0.0673758865248227,0.0673758865248227,1128.0,,1128,1128,282.0,,282,282,8.287109575510025,,8.287109575510025,8.287109575510025,99fc6ef526bc821b82a48435c0a11457653382b1512fd893fda45260071da58a
E1,defocus_blur,5,clean_to_clean,0.01,1.0,,15,1,55.45,,55.45,55.45,2000.0,,2000,2000,1.0,,1.0,1.0,0.0673758865248227,,0.0673758865248227,0.0673758865248227,1128.0,,1128,1128,282.0,,282,282,8.287109575510025,,8.287109575510025,8.287109575510025,99fc6ef526bc821b82a48435c0a11457653382b1512fd893fda45260071da58a
E1,defocus_blur,5,full_state,0.01,1.0,,0,1,55.45,,55.45,55.45,2000.0,,2000,2000,1.0,,1.0,1.0,0.0673758865248227,,0.0673758865248227,0.0673758865248227,1128.0,,1128,1128,282.0,,282,282,8.287109575510025,,8.287109575510025,8.287109575510025,99fc6ef526bc821b82a48435c0a11457653382b1512fd893fda45260071da58a
E1,defocus_blur,5,full_state,0.01,1.0,,1,1,55.45,,55.45,55.45,2000.0,,2000,2000,1.0,,1.0,1.0,0.0673758865248227,,0.0673758865248227,0.0673758865248227,1128.0,,1128,1128,282.0,,282,282,8.287109575510025,,8.287109575510025,8.287109575510025,99fc6ef526bc821b82a48435c0a11457653382b1512fd893fda45260071da58a
E1,defocus_blur,5,full_state,0.01,1.0,,2,1,55.45,,55.45,55.45,2000.0,,2000,2000,1.0,,1.0,1.0,0.0673758865248227,,0.0673758865248227,0.0673758865248227,1128.0,,1128,1128,282.0,,282,282,8.287109575510025,,8.287109575510025,8.287109575510025,99fc6ef526bc821b82a48435c0a11457653382b1512fd893fda45260071da58a
E1,defocus_blur,5,full_state,0.01,1.0,,3,1,55.45,,55.45,55.45,2000.0,,2000,2000,1.0,,1.0,1.0,0.0673758865248227,,0.0673758865248227,0.0673758865248227,1128.0,,1128,1128,282.0,,282,282,8.287109575510025,,8.287109575510025,8.287109575510025,99fc6ef526bc821b82a48435c0a11457653382b1512fd893fda45260071da58a
E1,defocus_blur,5,full_state,0.01,1.0,,4,1,55.45,,55.45,55.45,2000.0,,2000,2000,1.0,,1.0,1.0,0.0673758865248227,,0.0673758865248227,0.0673758865248227,1128.0,,1128,1128,282.0,,282,282,8.287109575510025,,8.287109575510025,8.287109575510025,99fc6ef526bc821b82a48435c0a11457653382b1512fd893fda45260071da58a
E1,defocus_blur,5,full_state,0.01,1.0,,5,1,55.45,,55.45,55.45,2000.0,,2000,2000,1.0,,1.0,1.0,0.0673758865248227,,0.0673758865248227,0.0673758865248227,1128.0,,1128,1128,282.0,,282,282,8.287109575510025,,8.287109575510025,8.287109575510025,99fc6ef526bc821b82a48435c0a11457653382b1512fd893fda45260071da58a
E1,defocus_blur,5,full_state,0.01,1.0,,6,1,55.45,,55.45,55.45,2000.0,,2000,2000,1.0,,1.0,1.0,0.0673758865248227,,0.0673758865248227,0.0673758865248227,1128.0,,1128,1128,282.0,,282,282,8.287109575510025,,8.287109575510025,8.287109575510025,99fc6ef526bc821b82a48435c0a11457653382b1512fd893fda45260071da58a
E1,defocus_blur,5,full_state,0.01,1.0,,7,1,55.45,,55.45,55.45,2000.0,,2000,2000,1.0,,1.0,1.0,0.0673758865248227,,0.0673758865248227,0.0673758865248227,1128.0,,1128,1128,282.0,,282,282,8.287109575510025,,8.287109575510025,8.287109575510025,99fc6ef526bc821b82a48435c0a11457653382b1512fd893fda45260071da58a
E1,defocus_blur,5,full_state,0.01,1.0,,8,1,55.45,,55.45,55.45,2000.0,,2000,2000,1.0,,1.0,1.0,0.0673758865248227,,0.0673758865248227,0.0673758865248227,1128.0,,1128,1128,282.0,,282,282,8.287109575510025,,8.287109575510025,8.287109575510025,99fc6ef526bc821b82a48435c0a11457653382b1512fd893fda45260071da58a
E1,defocus_blur,5,full_state,0.01,1.0,,9,1,55.45,,55.45,55.45,2000.0,,2000,2000,1.0,,1.0,1.0,0.0673758865248227,,0.0673758865248227,0.0673758865248227,1128.0,,1128,1128,282.0,,282,282,8.287109575510025,,8.287109575510025,8.287109575510025,99fc6ef526bc821b82a48435c0a11457653382b1512fd893fda45260071da58a
E1,defocus_blur,5,full_state,0.01,1.0,,10,1,55.45,,55.45,55.45,2000.0,,2000,2000,1.0,,1.0,1.0,0.0673758865248227,,0.0673758865248227,0.0673758865248227,1128.0,,1128,1128,282.0,,282,282,8.287109575510025,,8.287109575510025,8.287109575510025,99fc6ef526bc821b82a48435c0a11457653382b1512fd893fda45260071da58a
E1,defocus_blur,5,full_state,0.01,1.0,,11,1,55.45,,55.45,55.45,2000.0,,2000,2000,1.0,,1.0,1.0,0.0673758865248227,,0.0673758865248227,0.0673758865248227,1128.0,,1128,1128,282.0,,282,282,8.287109575510025,,8.287109575510025,8.287109575510025,99fc6ef526bc821b82a48435c0a11457653382b1512fd893fda45260071da58a
E1,defocus_blur,5,full_state,0.01,1.0,,12,1,55.45,,55.45,55.45,2000.0,,2000,2000,1.0,,1.0,1.0,0.0673758865248227,,0.0673758865248227,0.0673758865248227,1128.0,,1128,1128,282.0,,282,282,8.287109575510025,,8.287109575510025,8.287109575510025,99fc6ef526bc821b82a48435c0a11457653382b1512fd893fda45260071da58a
E1,defocus_blur,5,full_state,0.01,1.0,,13,1,55.45,,55.45,55.45,2000.0,,2000,2000,1.0,,1.0,1.0,0.0673758865248227,,0.0673758865248227,0.0673758865248227,1128.0,,1128,1128,282.0,,282,282,8.287109575510025,,8.287109575510025,8.287109575510025,99fc6ef526bc821b82a48435c0a11457653382b1512fd893fda45260071da58a
E1,defocus_blur,5,full_state,0.01,1.0,,14,1,55.45,,55.45,55.45,2000.0,,2000,2000,1.0,,1.0,1.0,0.0673758865248227,,0.0673758865248227,0.0673758865248227,1128.0,,1128,1128,282.0,,282,282,8.287109575510025,,8.287109575510025,8.287109575510025,99fc6ef526bc821b82a48435c0a11457653382b1512fd893fda45260071da58a
E1,defocus_blur,5,full_state,0.01,1.0,,15,1,55.45,,55.45,55.45,2000.0,,2000,2000,1.0,,1.0,1.0,0.0673758865248227,,0.0673758865248227,0.0673758865248227,1128.0,,1128,1128,282.0,,282,282,8.287109575510025,,8.287109575510025,8.287109575510025,99fc6ef526bc821b82a48435c0a11457653382b1512fd893fda45260071da58a
E1,defocus_blur,5,random_direction,0.01,1.0,,0,1,0.7000000000000006,,0.7000000000000006,0.7000000000000006,2000.0,,2000,2000,0.026595744680851064,,0.026595744680851064,0.026595744680851064,0.08156028368794327,,0.08156028368794327,0.08156028368794327,1128.0,,1128,1128,282.0,,282,282,0.1890602329969406,,0.1890602329969406,0.1890602329969406,99fc6ef526bc821b82a48435c0a11457653382b1512fd893fda45260071da58a
E1,defocus_blur,5,random_direction,0.01,1.0,,1,1,0.10000000000000009,,0.10000000000000009,0.10000000000000009,2000.0,,2000,2000,0.004432624113475178,,0.004432624113475178,0.004432624113475178,0.014184397163120567,,0.014184397163120567,0.014184397163120567,1128.0,,1128,1128,282.0,,282,282,0.0159134521484375,,0.0159134521484375,0.0159134521484375,99fc6ef526bc821b82a48435c0a11457653382b1512fd893fda45260071da58a
E1,defocus_blur,5,random_direction,0.01,1.0,,2,1,-0.04999999999999727,,-0.04999999999999727,-0.04999999999999727,2000.0,,2000,2000,0.0026595744680851063,,0.0026595744680851063,0.0026595744680851063,0.01773049645390071,,0.01773049645390071,0.01773049645390071,1128.0,,1128,1128,282.0,,282,282,0.009564056038856506,,0.009564056038856506,0.009564056038856506,99fc6ef526bc821b82a48435c0a11457653382b1512fd893fda45260071da58a
E1,defocus_blur,5,random_direction,0.01,1.0,,3,1,-0.09999999999999731,,-0.09999999999999731,-0.09999999999999731,2000.0,,2000,2000,0.005319148936170213,,0.005319148936170213,0.005319148936170213,0.031914893617021274,,0.031914893617021274,0.031914893617021274,1128.0,,1128,1128,282.0,,282,282,0.00852441817522049,,0.00852441817522049,0.00852441817522049,99fc6ef526bc821b82a48435c0a11457653382b1512fd893fda45260071da58a
E1,defocus_blur,5,random_direction,0.01,1.0,,4,1,0.10000000000000009,,0.10000000000000009,0.10000000000000009,2000.0,,2000,2000,0.004432624113475178,,0.004432624113475178,0.004432624113475178,0.01773049645390071,,0.01773049645390071,0.01773049645390071,1128.0,,1128,1128,282.0,,282,282,0.005584066748619079,,0.005584066748619079,0.005584066748619079,99fc6ef526bc821b82a48435c0a11457653382b1512fd893fda45260071da58a
E1,defocus_blur,5,random_direction,0.01,1.0,,5,1,0.050000000000000044,,0.050000000000000044,0.050000000000000044,2000.0,,2000,2000,0.004432624113475178,,0.004432624113475178,0.004432624113475178,0.01773049645390071,,0.01773049645390071,0.01773049645390071,1128.0,,1128,1128,282.0,,282,282,-0.013069377720355987,,-0.013069377720355987,-0.013069377720355987,99fc6ef526bc821b82a48435c0a11457653382b1512fd893fda45260071da58a
E1,defocus_blur,5,random_direction,0.01,1.0,,6,1,0.0,,0.0,0.0,2000.0,,2000,2000,0.0026595744680851063,,0.0026595744680851063,0.0026595744680851063,0.014184397163120567,,0.014184397163120567,0.014184397163120567,1128.0,,1128,1128,282.0,,282,282,0.009012204766273499,,0.009012204766273499,0.009012204766273499,99fc6ef526bc821b82a48435c0a11457653382b1512fd893fda45260071da58a
E1,defocus_blur,5,random_direction,0.01,1.0,,7,1,-0.1999999999999974,,-0.1999999999999974,-0.1999999999999974,2000.0,,2000,2000,0.0035460992907801418,,0.0035460992907801418,0.0035460992907801418,0.031914893617021274,,0.031914893617021274,0.031914893617021274,1128.0,,1128,1128,282.0,,282,282,-0.019625485241413117,,-0.019625485241413117,-0.019625485241413117,99fc6ef526bc821b82a48435c0a11457653382b1512fd893fda45260071da58a
E1,defocus_blur,5,random_direction,0.01,1.0,,8,1,-0.04999999999999727,,-0.04999999999999727,-0.04999999999999727,2000.0,,2000,2000,0.005319148936170213,,0.005319148936170213,0.005319148936170213,0.028368794326241134,,0.028368794326241134,0.028368794326241134,1128.0,,1128,1128,282.0,,282,282,-0.019704748570919035,,-0.019704748570919035,-0.019704748570919035,99fc6ef526bc821b82a48435c0a11457653382b1512fd893fda45260071da58a
E1,defocus_blur,5,random_direction,0.01,1.0,,9,1,0.10000000000000009,,0.10000000000000009,0.10000000000000009,2000.0,,2000,2000,0.005319148936170213,,0.005319148936170213,0.005319148936170213,0.02127659574468085,,0.02127659574468085,0.02127659574468085,1128.0,,1128,1128,282.0,,282,282,-0.011815252840518951,,-0.011815252840518951,-0.011815252840518951,99fc6ef526bc821b82a48435c0a11457653382b1512fd893fda45260071da58a
E1,defocus_blur,5,random_direction,0.01,1.0,,10,1,-0.1999999999999974,,-0.1999999999999974,-0.1999999999999974,2000.0,,2000,2000,0.0017730496453900709,,0.0017730496453900709,0.0017730496453900709,0.024822695035460994,,0.024822695035460994,0.024822695035460994,1128.0,,1128,1128,282.0,,282,282,-0.0066555715203285215,,-0.0066555715203285215,-0.0066555715203285215,99fc6ef526bc821b82a48435c0a11457653382b1512fd893fda45260071da58a
E1,defocus_blur,5,random_direction,0.01,1.0,,11,1,0.0,,0.0,0.0,2000.0,,2000,2000,0.0017730496453900709,,0.0017730496453900709,0.0017730496453900709,0.0070921985815602835,,0.0070921985815602835,0.0070921985815602835,1128.0,,1128,1128,282.0,,282,282,-0.008673340499401093,,-0.008673340499401093,-0.008673340499401093,99fc6ef526bc821b82a48435c0a11457653382b1512fd893fda45260071da58a
E1,defocus_blur,5,random_direction,0.01,1.0,,12,1,0.0,,0.0,0.0,2000.0,,2000,2000,0.004432624113475178,,0.004432624113475178,0.004432624113475178,0.02127659574468085,,0.02127659574468085,0.02127659574468085,1128.0,,1128,1128,282.0,,282,282,-0.001762924313545227,,-0.001762924313545227,-0.001762924313545227,99fc6ef526bc821b82a48435c0a11457653382b1512fd893fda45260071da58a
E1,defocus_blur,5,random_direction,0.01,1.0,,13,1,0.0,,0.0,0.0,2000.0,,2000,2000,0.0008865248226950354,,0.0008865248226950354,0.0008865248226950354,0.0070921985815602835,,0.0070921985815602835,0.0070921985815602835,1128.0,,1128,1128,282.0,,282,282,-0.011033040761947633,,-0.011033040761947633,-0.011033040761947633,99fc6ef526bc821b82a48435c0a11457653382b1512fd893fda45260071da58a
E1,defocus_blur,5,random_direction,0.01,1.0,,14,1,0.050000000000000044,,0.050000000000000044,0.050000000000000044,2000.0,,2000,2000,0.0008865248226950354,,0.0008865248226950354,0.0008865248226950354,0.0035460992907801418,,0.0035460992907801418,0.0035460992907801418,1128.0,,1128,1128,282.0,,282,282,0.0068705323338508605,,0.0068705323338508605,0.0068705323338508605,99fc6ef526bc821b82a48435c0a11457653382b1512fd893fda45260071da58a
E1,defocus_blur,5,random_direction,0.01,1.0,,15,1,0.10000000000000009,,0.10000000000000009,0.10000000000000009,2000.0,,2000,2000,0.0008865248226950354,,0.0008865248226950354,0.0008865248226950354,0.0,,0.0,0.0,1128.0,,1128,1128,282.0,,282,282,-0.0012259576320648193,,-0.0012259576320648193,-0.0012259576320648193,99fc6ef526bc821b82a48435c0a11457653382b1512fd893fda45260071da58a
E1,defocus_blur,5,shuffled_donor,0.01,1.0,,0,1,-0.49999999999999767,,-0.49999999999999767,-0.49999999999999767,2000.0,,2000,2000,0.023936170212765957,,0.023936170212765957,0.023936170212765957,0.14893617021276595,,0.14893617021276595,0.14893617021276595,1128.0,,1128,1128,282.0,,282,282,-0.09629069101810456,,-0.09629069101810456,-0.09629069101810456,99fc6ef526bc821b82a48435c0a11457653382b1512fd893fda45260071da58a
E1,defocus_blur,5,shuffled_donor,0.01,1.0,,1,1,0.20000000000000018,,0.20000000000000018,0.20000000000000018,2000.0,,2000,2000,0.012411347517730497,,0.012411347517730497,0.012411347517730497,0.03900709219858156,,0.03900709219858156,0.03900709219858156,1128.0,,1128,1128,282.0,,282,282,0.038117560267448426,,0.038117560267448426,0.038117560267448426,99fc6ef526bc821b82a48435c0a11457653382b1512fd893fda45260071da58a
E1,defocus_blur,5,shuffled_donor,0.01,1.0,,2,1,0.20000000000000018,,0.20000000000000018,0.20000000000000018,2000.0,,2000,2000,0.013297872340425532,,0.013297872340425532,0.013297872340425532,0.03900709219858156,,0.03900709219858156,0.03900709219858156,1128.0,,1128,1128,282.0,,282,282,0.031289519250392916,,0.031289519250392916,0.031289519250392916,99fc6ef526bc821b82a48435c0a11457653382b1512fd893fda45260071da58a
E1,defocus_blur,5,shuffled_donor,0.01,1.0,,3,1,-0.04999999999999727,,-0.04999999999999727,-0.04999999999999727,2000.0,,2000,2000,0.015070921985815602,,0.015070921985815602,0.015070921985815602,0.08156028368794327,,0.08156028368794327,0.08156028368794327,1128.0,,1128,1128,282.0,,282,282,-0.07199485784769058,,-0.07199485784769058,-0.07199485784769058,99fc6ef526bc821b82a48435c0a11457653382b1512fd893fda45260071da58a
E1,defocus_blur,5,shuffled_donor,0.01,1.0,,4,1,0.050000000000000044,,0.050000000000000044,0.050000000000000044,2000.0,,2000,2000,0.012411347517730497,,0.012411347517730497,0.012411347517730497,0.06382978723404255,,0.06382978723404255,0.06382978723404255,1128.0,,1128,1128,282.0,,282,282,-0.08487703114748,,-0.08487703114748,-0.08487703114748,99fc6ef526bc821b82a48435c0a11457653382b1512fd893fda45260071da58a
E1,defocus_blur,5,shuffled_donor,0.01,1.0,,5,1,0.15000000000000013,,0.15000000000000013,0.15000000000000013,2000.0,,2000,2000,0.015070921985815602,,0.015070921985815602,0.015070921985815602,0.0673758865248227,,0.0673758865248227,0.0673758865248227,1128.0,,1128,1128,282.0,,282,282,-0.08092982667684555,,-0.08092982667684555,-0.08092982667684555,99fc6ef526bc821b82a48435c0a11457653382b1512fd893fda45260071da58a
E1,defocus_blur,5,shuffled_donor,0.01,1.0,,6,1,-0.04999999999999727,,-0.04999999999999727,-0.04999999999999727,2000.0,,2000,2000,0.014184397163120567,,0.014184397163120567,0.014184397163120567,0.07446808510638298,,0.07446808510638298,0.07446808510638298,1128.0,,1128,1128,282.0,,282,282,-0.05695779949426651,,-0.05695779949426651,-0.05695779949426651,99fc6ef526bc821b82a48435c0a11457653382b1512fd893fda45260071da58a
E1,defocus_blur,5,shuffled_donor,0.01,1.0,,7,1,-0.14999999999999736,,-0.14999999999999736,-0.14999999999999736,2000.0,,2000,2000,0.015070921985815602,,0.015070921985815602,0.015070921985815602,0.07446808510638298,,0.07446808510638298,0.07446808510638298,1128.0,,1128,1128,282.0,,282,282,-0.042011069238185886,,-0.042011069238185886,-0.042011069238185886,99fc6ef526bc821b82a48435c0a11457653382b1512fd893fda45260071da58a
E1,defocus_blur,5,shuffled_donor,0.01,1.0,,8,1,-0.49999999999999767,,-0.49999999999999767,-0.49999999999999767,2000.0,,2000,2000,0.0070921985815602835,,0.0070921985815602835,0.0070921985815602835,0.0673758865248227,,0.0673758865248227,0.0673758865248227,1128.0,,1128,1128,282.0,,282,282,-0.0333706134557724,,-0.0333706134557724,-0.0333706134557724,99fc6ef526bc821b82a48435c0a11457653382b1512fd893fda45260071da58a
E1,defocus_blur,5,shuffled_donor,0.01,1.0,,9,1,-0.24999999999999745,,-0.24999999999999745,-0.24999999999999745,2000.0,,2000,2000,0.0070921985815602835,,0.0070921985815602835,0.0070921985815602835,0.05319148936170213,,0.05319148936170213,0.05319148936170213,1128.0,,1128,1128,282.0,,282,282,-0.04762858861684799,,-0.04762858861684799,-0.04762858861684799,99fc6ef526bc821b82a48435c0a11457653382b1512fd893fda45260071da58a
E1,defocus_blur,5,shuffled_donor,0.01,1.0,,10,1,-0.2999999999999975,,-0.2999999999999975,-0.2999999999999975,2000.0,,2000,2000,0.0070921985815602835,,0.0070921985815602835,0.0070921985815602835,0.05319148936170213,,0.05319148936170213,0.05319148936170213,1128.0,,1128,1128,282.0,,282,282,-0.017201495826244355,,-0.017201495826244355,-0.017201495826244355,99fc6ef526bc821b82a48435c0a11457653382b1512fd893fda45260071da58a
E1,defocus_blur,5,shuffled_donor,0.01,1.0,,11,1,-0.09999999999999731,,-0.09999999999999731,-0.09999999999999731,2000.0,,2000,2000,0.00975177304964539,,0.00975177304964539,0.00975177304964539,0.04964539007092199,,0.04964539007092199,0.04964539007092199,1128.0,,1128,1128,282.0,,282,282,-0.003643290102481842,,-0.003643290102481842,-0.003643290102481842,99fc6ef526bc821b82a48435c0a11457653382b1512fd893fda45260071da58a
E1,defocus_blur,5,shuffled_donor,0.01,1.0,,12,1,-0.24999999999999745,,-0.24999999999999745,-0.24999999999999745,2000.0,,2000,2000,0.0070921985815602835,,0.0070921985815602835,0.0070921985815602835,0.04609929078014184,,0.04609929078014184,0.04609929078014184,1128.0,,1128,1128,282.0,,282,282,-0.01046702641248703,,-0.01046702641248703,-0.01046702641248703,99fc6ef526bc821b82a48435c0a11457653382b1512fd893fda45260071da58a
E1,defocus_blur,5,shuffled_donor,0.01,1.0,,13,1,0.15000000000000013,,0.15000000000000013,0.15000000000000013,2000.0,,2000,2000,0.008865248226950355,,0.008865248226950355,0.008865248226950355,0.031914893617021274,,0.031914893617021274,0.031914893617021274,1128.0,,1128,1128,282.0,,282,282,-0.025417784988880157,,-0.025417784988880157,-0.025417784988880157,99fc6ef526bc821b82a48435c0a11457653382b1512fd893fda45260071da58a
E1,defocus_blur,5,shuffled_donor,0.01,1.0,,14,1,-0.04999999999999727,,-0.04999999999999727,-0.04999999999999727,2000.0,,2000,2000,0.0062056737588652485,,0.0062056737588652485,0.0062056737588652485,0.031914893617021274,,0.031914893617021274,0.031914893617021274,1128.0,,1128,1128,282.0,,282,282,-0.011391016483306884,,-0.011391016483306884,-0.011391016483306884,99fc6ef526bc821b82a48435c0a11457653382b1512fd893fda45260071da58a
E1,defocus_blur,5,shuffled_donor,0.01,1.0,,15,1,0.10000000000000009,,0.10000000000000009,0.10000000000000009,2000.0,,2000,2000,0.0062056737588652485,,0.0062056737588652485,0.0062056737588652485,0.01773049645390071,,0.01773049645390071,0.01773049645390071,1128.0,,1128,1128,282.0,,282,282,-0.005147081017494202,,-0.005147081017494202,-0.005147081017494202,99fc6ef526bc821b82a48435c0a11457653382b1512fd893fda45260071da58a
E1,contrast,1,partial_channel,0.01,1.0,,0,5,-0.06000000000000005,0.163554272337958,-0.24999999999999467,0.14999999999999458,2000.0,0.0,2000,2000,0.08285714285714285,0.038332593899996395,0.04285714285714286,0.14285714285714285,0.010472727272727272,0.0027502066038093144,0.007272727272727273,0.01309090909090909,70.0,0.0,70,70,1375.0,0.0,1375,1375,0.011151782846450806,0.01735974007671603,-0.01194368749856949,0.030653671979904176,99fc6ef526bc821b82a48435c0a11457653382b1512fd893fda45260071da58a
E1,contrast,1,partial_channel,0.05,1.0,,0,5,-0.4100000000000015,0.5272570530585609,-0.9000000000000008,0.44999999999999485,2000.0,0.0,2000,2000,0.18285714285714286,0.06340668863192042,0.12857142857142856,0.2857142857142857,0.0256,0.006071747335197614,0.01890909090909091,0.03418181818181818,70.0,0.0,70,70,1375.0,0.0,1375,1375,-0.03033916165828705,0.033437844867012206,-0.06992282110452652,0.012735806524753571,99fc6ef526bc821b82a48435c0a11457653382b1512fd893fda45260071da58a
E1,contrast,1,partial_channel,0.1,1.0,,0,5,-0.40000000000000036,0.42573465914815745,-0.8000000000000007,0.24999999999999467,2000.0,0.0,2000,2000,0.27714285714285714,0.10131784700855512,0.14285714285714285,0.4142857142857143,0.03389090909090909,0.00780929727740865,0.028363636363636365,0.04727272727272727,70.0,0.0,70,70,1375.0,0.0,1375,1375,-0.06374276130199431,0.05918753758138283,-0.153163451731205,0.010659003496170045,99fc6ef526bc821b82a48435c0a11457653382b1512fd893fda45260071da58a
E1,contrast,1,partial_channel,0.2,1.0,,0,5,-1.1599999999999988,0.8466108905512603,-2.649999999999997,-0.6000000000000005,2000.0,0.0,2000,2000,0.34285714285714286,0.07284313590846836,0.2571428571428571,0.45714285714285713,0.05643636363636363,0.014945410307388635,0.04145454545454545,0.08145454545454546,70.0,0.0,70,70,1375.0,0.0,1375,1375,-0.2939589589118958,0.18623496228931732,-0.6111770087480545,-0.1297784599661827,99fc6ef526bc821b82a48435c0a11457653382b1512fd893fda45260071da58a
E1,contrast,1,partial_channel,0.01,1.0,,1,5,-0.049999999999996714,0.14577379737113075,-0.14999999999999458,0.20000000000000018,2000.0,0.0,2000,2000,0.07428571428571429,0.03257644071711823,0.04285714285714286,0.11428571428571428,0.007854545454545456,0.0009482476225749309,0.006545454545454545,0.008727272727272728,70.0,0.0,70,70,1375.0,0.0,1375,1375,0.004641245591640472,0.021398349604595777,-0.02076818859577179,0.025285010516643523,99fc6ef526bc821b82a48435c0a11457653382b1512fd893fda45260071da58a
E1,contrast,1,partial_channel,0.05,1.0,,1,5,-0.3399999999999981,0.3879432948254139,-0.7000000000000006,0.24999999999999467,2000.0,0.0,2000,2000,0.14857142857142858,0.07185586479976738,0.08571428571428572,0.2571428571428571,0.02050909090909091,0.0017363398380092112,0.01818181818181818,0.022545454545454546,70.0,0.0,70,70,1375.0,0.0,1375,1375,-0.018987208032608033,0.02057801045800321,-0.04986958545446396,0.0011713616847991942,99fc6ef526bc821b82a48435c0a11457653382b1512fd893fda45260071da58a
E1,contrast,1,partial_channel,0.1,1.0,,1,5,-0.239999999999998,0.30903074280724635,-0.649999999999995,0.14999999999999458,2000.0,0.0,2000,2000,0.26,0.11266710944645915,0.15714285714285714,0.42857142857142855,0.027200000000000002,0.004351498269571373,0.024727272727272726,0.03490909090909091,70.0,0.0,70,70,1375.0,0.0,1375,1375,-0.02990133767127991,0.026318153205176116,-0.052615808606147764,0.009097747266292573,99fc6ef526bc821b82a48435c0a11457653382b1512fd893fda45260071da58a
E1,contrast,1,partial_channel,0.2,1.0,,1,5,-0.6600000000000006,0.9983736775376221,-2.0499999999999963,0.30000000000000027,2000.0,0.0,2000,2000,0.32857142857142857,0.08081220356417686,0.24285714285714285,0.45714285714285713,0.04436363636363636,0.012267002031587634,0.03490909090909091,0.06254545454545454,70.0,0.0,70,70,1375.0,0.0,1375,1375,-0.13478117357492447,0.10935579812739595,-0.32534344255924225,-0.06004010385274887,99fc6ef526bc821b82a48435c0a11457653382b1512fd893fda45260071da58a
E1,contrast,1,partial_channel,0.01,1.0,,2,5,-0.08999999999999897,0.18506755523321494,-0.30000000000000027,0.14999999999999458,2000.0,0.0,2000,2000,0.07428571428571429,0.03257644071711823,0.02857142857142857,0.11428571428571428,0.008,0.0014545454545454549,0.006545454545454545,0.010181818181818183,70.0,0.0,70,70,1375.0,0.0,1375,1375,0.0020073881268501278,0.023526914069322936,-0.02385747182369232,0.027388435781002043,99fc6ef526bc821b82a48435c0a11457653382b1512fd893fda45260071da58a
E1,contrast,1,partial_channel,0.05,1.0,,2,5,-0.27999999999999803,0.2280350850198251,-0.5000000000000004,0.04999999999999449,2000.0,0.0,2000,2000,0.15714285714285717,0.04285714285714286,0.11428571428571428,0.21428571428571427,0.018472727272727273,0.002750206603809315,0.015272727272727273,0.022545454545454546,70.0,0.0,70,70,1375.0,0.0,1375,1375,-0.014521091103553773,0.013291018641508388,-0.033291106760501864,-0.002474687397480011,99fc6ef526bc821b82a48435c0a11457653382b1512fd893fda45260071da58a
E1,contrast,1,partial_channel,0.1,1.0,,2,5,-0.32999999999999696,0.27522717889045867,-0.649999999999995,-0.04999999999999449,2000.0,0.0,2000,2000,0.2542857142857143,0.0877147510457643,0.18571428571428572,0.4,0.027054545454545453,0.003016209651393123,0.02327272727272727,0.03127272727272727,70.0,0.0,70,70,1375.0,0.0,1375,1375,-0.029095404958724973,0.02445330390994695,-0.06541562783718109,0.0026039151549339295,99fc6ef526bc821b82a48435c0a11457653382b1512fd893fda45260071da58a
E1,contrast,1,partial_channel,0.2,1.0,,2,5,-0.5499999999999994,0.8062257748298559,-1.9000000000000017,0.20000000000000018,2000.0,0.0,2000,2000,0.32857142857142857,0.08451542547285167,0.2571428571428571,0.45714285714285713,0.040581818181818184,0.009432141286908204,0.032,0.05672727272727273,70.0,0.0,70,70,1375.0,0.0,1375,1375,-0.10678946230411528,0.09461312287437758,-0.2622659255862236,-0.037148291289806366,99fc6ef526bc821b82a48435c0a11457653382b1512fd893fda45260071da58a
E1,contrast,1,partial_channel,0.01,1.0,,3,5,-0.06999999999999895,0.14832396974191356,-0.30000000000000027,0.10000000000000009,2000.0,0.0,2000,2000,0.05142857142857142,0.02595128874940707,0.014285714285714285,0.08571428571428572,0.006981818181818182,0.0015933747127423019,0.005818181818181818,0.008727272727272728,70.0,0.0,70,70,1375.0,0.0,1375,1375,-0.003446842300891876,0.004989520699358247,-0.009596357405185699,0.004324209332466126,99fc6ef526bc821b82a48435c0a11457653382b1512fd893fda45260071da58a
E1,contrast,1,partial_channel,0.05,1.0,,3,5,-0.2299999999999991,0.2514955267991821,-0.44999999999999485,0.14999999999999458,2000.0,0.0,2000,2000,0.13428571428571429,0.016288220358559116,0.11428571428571428,0.15714285714285714,0.017454545454545455,0.0027693720384959672,0.013818181818181818,0.020363636363636365,70.0,0.0,70,70,1375.0,0.0,1375,1375,-0.013275437355041502,0.02144623465010867,-0.04770542079210281,0.004745312988758087,99fc6ef526bc821b82a48435c0a11457653382b1512fd893fda45260071da58a
E1,contrast,1,partial_channel,0.1,1.0,,3,5,-0.30000000000000027,0.45138675213169266,-0.8000000000000007,0.24999999999999467,2000.0,0.0,2000,2000,0.2257142857142857,0.050910084803444174,0.14285714285714285,0.2714285714285714,0.02530909090909091,0.0058949481103009295,0.01890909090909091,0.032,70.0,0.0,70,70,1375.0,0.0,1375,1375,-0.015021026825904848,0.025437030619497206,-0.05766262316703796,0.007454321026802063,99fc6ef526bc821b82a48435c0a11457653382b1512fd893fda45260071da58a
E1,contrast,1,partial_channel,0.2,1.0,,3,5,-0.4499999999999993,0.20615528128088323,-0.8000000000000007,-0.30000000000000027,2000.0,0.0,2000,2000,0.27142857142857146,0.048445214165180495,0.24285714285714285,0.35714285714285715,0.030254545454545458,0.002750206603809314,0.027636363636363636,0.03418181818181818,70.0,0.0,70,70,1375.0,0.0,1375,1375,-0.0049993194937706,0.05410660724212625,-0.09042103970050812,0.0375058114528656,99fc6ef526bc821b82a48435c0a11457653382b1512fd893fda45260071da58a
E1,contrast,1,partial_channel,0.01,1.0,,4,5,-0.039999999999997815,0.138744369255115,-0.14999999999999458,0.20000000000000018,2000.0,0.0,2000,2000,0.06,0.018626292586293284,0.04285714285714286,0.08571428571428572,0.0061090909090909095,0.0018254400578925285,0.004363636363636364,0.008727272727272728,70.0,0.0,70,70,1375.0,0.0,1375,1375,0.0011194651722908021,0.007910080635420034,-0.0056692506074905395,0.01478256392478943,99fc6ef526bc821b82a48435c0a11457653382b1512fd893fda45260071da58a
E1,contrast,1,partial_channel,0.05,1.0,,4,5,-0.08000000000000007,0.17175564037317198,-0.34999999999999476,0.04999999999999449,2000.0,0.0,2000,2000,0.12285714285714286,0.025951288749407067,0.1,0.15714285714285714,0.0144,0.003308891102858858,0.01090909090909091,0.01818181818181818,70.0,0.0,70,70,1375.0,0.0,1375,1375,-0.00043681911230087305,0.016866901680349874,-0.028490128934383394,0.015739535450935364,99fc6ef526bc821b82a48435c0a11457653382b1512fd893fda45260071da58a
E1,contrast,1,partial_channel,0.1,1.0,,4,5,-0.19999999999999796,0.5184110338331932,-1.0000000000000009,0.30000000000000027,2000.0,0.0,2000,2000,0.18857142857142856,0.04672979209656036,0.11428571428571428,0.24285714285714285,0.021236363636363637,0.006071747335197615,0.015272727272727273,0.027636363636363636,70.0,0.0,70,70,1375.0,0.0,1375,1375,0.022070055007934568,0.03209866240446224,-0.02066496342420578,0.06680329793691635,99fc6ef526bc821b82a48435c0a11457653382b1512fd893fda45260071da58a
E1,contrast,1,partial_channel,0.2,1.0,,4,5,-0.06000000000000005,0.2073644135332774,-0.20000000000000018,0.30000000000000027,2000.0,0.0,2000,2000,0.2828571428571428,0.04989785484735138,0.22857142857142856,0.34285714285714286,0.024581818181818184,0.003503009332012304,0.02181818181818182,0.030545454545454546,70.0,0.0,70,70,1375.0,0.0,1375,1375,0.04195004335641861,0.05190515506670429,-0.02929466336965561,0.1029306806921959,99fc6ef526bc821b82a48435c0a11457653382b1512fd893fda45260071da58a
E1,contrast,1,partial_channel,0.01,1.0,,5,5,-0.06999999999999895,0.0908295106229236,-0.20000000000000018,0.04999999999999449,2000.0,0.0,2000,2000,0.04285714285714286,0.02258769757263128,0.014285714285714285,0.07142857142857142,0.005672727272727272,0.0017363398380092106,0.0036363636363636364,0.008,70.0,0.0,70,70,1375.0,0.0,1375,1375,0.0006524237394332881,0.009001987689671037,-0.006350679934024811,0.01628033638000488,99fc6ef526bc821b82a48435c0a11457653382b1512fd893fda45260071da58a
E1,contrast,1,partial_channel,0.05,1.0,,5,5,-0.18999999999999906,0.1431782106327621,-0.34999999999999476,0.0,2000.0,0.0,2000,2000,0.10285714285714287,0.018626292586293277,0.08571428571428572,0.12857142857142856,0.014400000000000001,0.001882498778988332,0.012363636363636363,0.016727272727272726,70.0,0.0,70,70,1375.0,0.0,1375,1375,-0.0007576424360275263,0.017847245318483404,-0.029683037638664245,0.01547511875629425,99fc6ef526bc821b82a48435c0a11457653382b1512fd893fda45260071da58a
E1,contrast,1,partial_channel,0.1,1.0,,5,5,-0.20999999999999908,0.2987473849257923,-0.7000000000000006,0.04999999999999449,2000.0,0.0,2000,2000,0.18857142857142856,0.058379476404864426,0.12857142857142856,0.2857142857142857,0.020654545454545453,0.0048405996486672685,0.015272727272727273,0.02618181818181818,70.0,0.0,70,70,1375.0,0.0,1375,1375,0.02253500529527664,0.03170473599132351,-0.020054140210151672,0.06076318502426147,99fc6ef526bc821b82a48435c0a11457653382b1512fd893fda45260071da58a
E1,contrast,1,partial_channel,0.2,1.0,,5,5,-0.08000000000000007,0.34928498393145474,-0.5499999999999949,0.24999999999999467,2000.0,0.0,2000,2000,0.26857142857142857,0.06340668863192042,0.2,0.37142857142857144,0.023854545454545455,0.002881689128168574,0.020363636363636365,0.02618181818181818,70.0,0.0,70,70,1375.0,0.0,1375,1375,0.03997029491662979,0.05455221228503662,-0.033276386320590975,0.09734614950418473,99fc6ef526bc821b82a48435c0a11457653382b1512fd893fda45260071da58a
E1,contrast,1,partial_channel,0.01,1.0,,6,5,-0.049999999999998934,0.16955824957812776,-0.24999999999999467,0.14999999999999458,2000.0,0.0,2000,2000,0.037142857142857144,0.02166535841157586,0.014285714285714285,0.05714285714285714,0.005381818181818182,0.001964982703433643,0.0036363636363636364,0.008727272727272728,70.0,0.0,70,70,1375.0,0.0,1375,1375,0.002925961124897003,0.008558035837105174,-0.0021698225140571593,0.018079433143138885,99fc6ef526bc821b82a48435c0a11457653382b1512fd893fda45260071da58a
E1,contrast,1,partial_channel,0.05,1.0,,6,5,-0.08999999999999897,0.12449899597988788,-0.30000000000000027,0.0,2000.0,0.0,2000,2000,0.09428571428571428,0.02784798384231132,0.05714285714285714,0.12857142857142856,0.012654545454545455,0.0016743075539231037,0.01090909090909091,0.015272727272727273,70.0,0.0,70,70,1375.0,0.0,1375,1375,0.0039139136433601375,0.01894619217178037,-0.025137695014476776,0.022008767068386077,99fc6ef526bc821b82a48435c0a11457653382b1512fd893fda45260071da58a
E1,contrast,1,partial_channel,0.1,1.0,,6,5,-0.1399999999999979,0.2815137652051826,-0.5499999999999949,0.20000000000000018,2000.0,0.0,2000,2000,0.16857142857142857,0.06806359571183769,0.11428571428571428,0.2857142857142857,0.01861818181818182,0.005481147252775788,0.013818181818181818,0.027636363636363636,70.0,0.0,70,70,1375.0,0.0,1375,1375,0.024301349234580993,0.02995909714113639,-0.01600428104400635,0.05755961012840271,99fc6ef526bc821b82a48435c0a11457653382b1512fd893fda45260071da58a
E1,contrast,1,partial_channel,0.2,1.0,,6,5,0.15999999999999792,0.23822258499143223,-0.20000000000000018,0.40000000000000036,2000.0,0.0,2000,2000,0.2742857142857143,0.08654360703349119,0.22857142857142856,0.42857142857142855,0.021527272727272728,0.0041968110680010206,0.016727272727272726,0.02690909090909091,70.0,0.0,70,70,1375.0,0.0,1375,1375,0.04085843745470047,0.05071408375204994,-0.02692466014623642,0.09295038223266601,99fc6ef526bc821b82a48435c0a11457653382b1512fd893fda45260071da58a
E1,contrast,1,partial_channel,0.01,1.0,,7,5,-0.07999999999999785,0.1440486029088781,-0.24999999999999467,0.10000000000000009,2000.0,0.0,2000,2000,0.06285714285714286,0.041156743688251236,0.02857142857142857,0.11428571428571428,0.00770909090909091,0.0036217889739603585,0.002909090909090909,0.011636363636363636,70.0,0.0,70,70,1375.0,0.0,1375,1375,0.010466526305675506,0.009141319956657758,0.0011872528195381164,0.023222030520439148,99fc6ef526bc821b82a48435c0a11457653382b1512fd893fda45260071da58a
E1,contrast,1,partial_channel,0.05,1.0,,7,5,-0.2100000000000013,0.294533529500459,-0.5499999999999949,0.04999999999999449,2000.0,0.0,2000,2000,0.11714285714285715,0.04886466107567734,0.05714285714285714,0.15714285714285714,0.013236363636363638,0.004668161901347261,0.008,0.019636363636363636,70.0,0.0,70,70,1375.0,0.0,1375,1375,0.02080925085544586,0.016073778943781574,0.005943248867988586,0.04780255764722824,99fc6ef526bc821b82a48435c0a11457653382b1512fd893fda45260071da58a
E1,contrast,1,partial_channel,0.1,1.0,,7,5,-0.06999999999999895,0.19235384061671376,-0.30000000000000027,0.20000000000000018,2000.0,0.0,2000,2000,0.19714285714285715,0.029277002188455994,0.17142857142857143,0.24285714285714285,0.01629090909090909,0.002750206603809315,0.01309090909090909,0.01890909090909091,70.0,0.0,70,70,1375.0,0.0,1375,1375,0.03734480987787246,0.03076328883245193,0.011337806403636932,0.07507321804761886,99fc6ef526bc821b82a48435c0a11457653382b1512fd893fda45260071da58a
E1,contrast,1,partial_channel,0.2,1.0,,7,5,0.050000000000001155,0.3335416016031553,-0.34999999999999476,0.40000000000000036,2000.0,0.0,2000,2000,0.27714285714285714,0.06111214181773554,0.22857142857142856,0.35714285714285715,0.022545454545454546,0.00267217062849074,0.01818181818181818,0.024727272727272726,70.0,0.0,70,70,1375.0,0.0,1375,1375,0.04424570423364639,0.03225438495921904,0.018788223445415496,0.09765438878536224,99fc6ef526bc821b82a48435c0a11457653382b1512fd893fda45260071da58a
E1,contrast,1,partial_channel,0.01,1.0,,8,5,-0.10999999999999899,0.18165902124585012,-0.30000000000000027,0.10000000000000009,2000.0,0.0,2000,2000,0.04857142857142857,0.049073040106621904,0.0,0.11428571428571428,0.0062545454545454545,0.0035105508032428133,0.002181818181818182,0.009454545454545455,70.0,0.0,70,70,1375.0,0.0,1375,1375,0.01294826112985611,0.01073070164359231,-0.00014773672819137573,0.024326255083084107,99fc6ef526bc821b82a48435c0a11457653382b1512fd893fda45260071da58a
E1,contrast,1,partial_channel,0.05,1.0,,8,5,-0.17999999999999794,0.42219663665168927,-0.649999999999995,0.40000000000000036,2000.0,0.0,2000,2000,0.12571428571428572,0.032576440717118224,0.07142857142857142,0.15714285714285714,0.012363636363636363,0.005703413505948408,0.007272727272727273,0.02109090909090909,70.0,0.0,70,70,1375.0,0.0,1375,1375,0.02433252642154694,0.009020311429176607,0.01576269954442978,0.03811398679018021,99fc6ef526bc821b82a48435c0a11457653382b1512fd893fda45260071da58a
E1,contrast,1,partial_channel,0.1,1.0,,8,5,-0.09999999999999787,0.21794494717702942,-0.34999999999999476,0.14999999999999458,2000.0,0.0,2000,2000,0.19142857142857142,0.04472135954999579,0.17142857142857143,0.2714285714285714,0.017163636363636364,0.0034343909681796648,0.011636363636363636,0.020363636363636365,70.0,0.0,70,70,1375.0,0.0,1375,1375,0.04311787803173066,0.024162925281532858,0.015702519416809082,0.06917510563135147,99fc6ef526bc821b82a48435c0a11457653382b1512fd893fda45260071da58a
E1,contrast,1,partial_channel,0.2,1.0,,8,5,0.030000000000001137,0.21095023109728953,-0.10000000000000009,0.40000000000000036,2000.0,0.0,2000,2000,0.2914285714285714,0.0759967775901165,0.18571428571428572,0.37142857142857144,0.02007272727272727,0.0028447428677247917,0.017454545454545455,0.024727272727272726,70.0,0.0,70,70,1375.0,0.0,1375,1375,0.06974603292942047,0.02428161391967726,0.03767172867059708,0.10033590131998062,99fc6ef526bc821b82a48435c0a11457653382b1512fd893fda45260071da58a
E1,contrast,1,partial_channel,0.01,1.0,,9,5,-0.17999999999999794,0.16046806535881278,-0.40000000000000036,0.0,2000.0,0.0,2000,2000,0.04285714285714286,0.03642156795423417,0.0,0.08571428571428572,0.006545454545454546,0.002909090909090909,0.0036363636363636364,0.009454545454545455,70.0,0.0,70,70,1375.0,0.0,1375,1375,0.013968378770351408,0.01094661755919225,0.0007375205755233764,0.024800799906253813,99fc6ef526bc821b82a48435c0a11457653382b1512fd893fda45260071da58a
E1,contrast,1,partial_channel,0.05,1.0,,9,5,-0.2499999999999969,0.1968501968502933,-0.44999999999999485,0.0,2000.0,0.0,2000,2000,0.10285714285714284,0.0444926042925641,0.05714285714285714,0.15714285714285714,0.011927272727272727,0.004785653491305338,0.007272727272727273,0.019636363636363636,70.0,0.0,70,70,1375.0,0.0,1375,1375,0.024811156010627743,0.0054976131940388155,0.019756159782409667,0.033966153264045715,99fc6ef526bc821b82a48435c0a11457653382b1512fd893fda45260071da58a
E1,contrast,1,partial_channel,0.1,1.0,,9,5,-0.2799999999999958,0.2167948338867896,-0.5000000000000004,-0.04999999999999449,2000.0,0.0,2000,2000,0.16857142857142854,0.039641248358604594,0.12857142857142856,0.22857142857142856,0.017599999999999998,0.0036144796043023064,0.012363636363636363,0.02181818181818182,70.0,0.0,70,70,1375.0,0.0,1375,1375,0.04785574630498886,0.01724203788423491,0.025246326088905334,0.06597559255361557,99fc6ef526bc821b82a48435c0a11457653382b1512fd893fda45260071da58a
E1,contrast,1,partial_channel,0.2,1.0,,9,5,0.0,0.1695582495781302,-0.20000000000000018,0.20000000000000018,2000.0,0.0,2000,2000,0.2914285714285714,0.07798482322260675,0.18571428571428572,0.38571428571428573,0.0208,0.0037649975579766657,0.016727272727272726,0.024,70.0,0.0,70,70,1375.0,0.0,1375,1375,0.07547806597948074,0.017941487090148648,0.04922916465997696,0.0980510425567627,99fc6ef526bc821b82a48435c0a11457653382b1512fd893fda45260071da58a
E1,contrast,1,partial_channel,0.01,1.0,,10,5,-0.11000000000000121,0.2770379035438973,-0.44999999999999485,0.24999999999999467,2000.0,0.0,2000,2000,0.05142857142857142,0.05010193690500052,0.0,0.12857142857142856,0.006254545454545455,0.0032361593398235623,0.002181818181818182,0.010181818181818183,70.0,0.0,70,70,1375.0,0.0,1375,1375,0.015104610383510589,0.011013930978462979,0.004330723583698273,0.028518138706684112,99fc6ef526bc821b82a48435c0a11457653382b1512fd893fda45260071da58a
E1,contrast,1,partial_channel,0.05,1.0,,10,5,-0.22999999999999687,0.2588435821108918,-0.5499999999999949,0.14999999999999458,2000.0,0.0,2000,2000,0.10285714285714287,0.036977654587270814,0.05714285714285714,0.15714285714285714,0.011636363636363636,0.0045126085985421295,0.005090909090909091,0.017454545454545455,70.0,0.0,70,70,1375.0,0.0,1375,1375,0.027029183757305147,0.009730592994098215,0.01950393158197403,0.04347502213716507,99fc6ef526bc821b82a48435c0a11457653382b1512fd893fda45260071da58a
E1,contrast,1,partial_channel,0.1,1.0,,10,5,-0.09999999999999787,0.3605551275463954,-0.44999999999999485,0.40000000000000036,2000.0,0.0,2000,2000,0.18,0.03585685828003181,0.15714285714285714,0.24285714285714285,0.016436363636363638,0.004411854803811811,0.008727272727272728,0.019636363636363636,70.0,0.0,70,70,1375.0,0.0,1375,1375,0.050957082581520076,0.0216924499104688,0.02423025345802307,0.07346359366178512,99fc6ef526bc821b82a48435c0a11457653382b1512fd893fda45260071da58a
E1,contrast,1,partial_channel,0.2,1.0,,10,5,-0.06999999999999895,0.20186629238186105,-0.30000000000000027,0.14999999999999458,2000.0,0.0,2000,2000,0.2885714285714286,0.055695967684622656,0.22857142857142856,0.34285714285714286,0.020654545454545453,0.0027502066038093144,0.016727272727272726,0.02327272727272727,70.0,0.0,70,70,1375.0,0.0,1375,1375,0.07699266059398652,0.02203651874010299,0.0503756542801857,0.10833469927310943,99fc6ef526bc821b82a48435c0a11457653382b1512fd893fda45260071da58a
E1,contrast,1,partial_channel,0.01,1.0,,11,5,-0.06999999999999895,0.2636285265292801,-0.34999999999999476,0.30000000000000027,2000.0,0.0,2000,2000,0.05142857142857142,0.05495824017620384,0.0,0.14285714285714285,0.005527272727272727,0.002157439559882375,0.002909090909090909,0.008,70.0,0.0,70,70,1375.0,0.0,1375,1375,0.016738056564331055,0.01060901921266444,0.005652468979358673,0.029664172351360322,99fc6ef526bc821b82a48435c0a11457653382b1512fd893fda45260071da58a
E1,contrast,1,partial_channel,0.05,1.0,,11,5,-0.129999999999999,0.27973201461398395,-0.34999999999999476,0.20000000000000018,2000.0,0.0,2000,2000,0.10857142857142858,0.04237827706911807,0.05714285714285714,0.17142857142857143,0.01018181818181818,0.004453617714151233,0.005090909090909091,0.016727272727272726,70.0,0.0,70,70,1375.0,0.0,1375,1375,0.02993346837759018,0.010207271230460715,0.020585054814815523,0.047184085369110104,99fc6ef526bc821b82a48435c0a11457653382b1512fd893fda45260071da58a
E1,contrast,1,partial_channel,0.1,1.0,,11,5,-0.129999999999999,0.22527760652137258,-0.44999999999999485,0.14999999999999458,2000.0,0.0,2000,2000,0.17714285714285713,0.03859787453173228,0.12857142857142856,0.22857142857142856,0.016,0.0022998382983042765,0.01309090909090909,0.01890909090909091,70.0,0.0,70,70,1375.0,0.0,1375,1375,0.05378910230398178,0.017933672474148638,0.03305689126253128,0.07313489347696304,99fc6ef526bc821b82a48435c0a11457653382b1512fd893fda45260071da58a
E1,contrast,1,partial_channel,0.2,1.0,,11,5,-0.020000000000000018,0.2588435821108911,-0.34999999999999476,0.20000000000000018,2000.0,0.0,2000,2000,0.2828571428571428,0.05837947640486443,0.21428571428571427,0.34285714285714286,0.019927272727272727,0.003936689048065268,0.014545454545454545,0.025454545454545455,70.0,0.0,70,70,1375.0,0.0,1375,1375,0.08291111855506897,0.01844344615915036,0.058714056313037874,0.10728266203403473,99fc6ef526bc821b82a48435c0a11457653382b1512fd893fda45260071da58a
E1,contrast,1,partial_channel,0.01,1.0,,12,5,-0.020000000000002238,0.18907670401188806,-0.20000000000000018,0.24999999999999467,2000.0,0.0,2000,2000,0.06285714285714286,0.061941381110510854,0.0,0.14285714285714285,0.005090909090909091,0.00154277843167974,0.002909090909090909,0.006545454545454545,70.0,0.0,70,70,1375.0,0.0,1375,1375,0.014872340571880341,0.009866491702641984,0.0016618505120277404,0.025316524267196654,99fc6ef526bc821b82a48435c0a11457653382b1512fd893fda45260071da58a
E1,contrast,1,partial_channel,0.05,1.0,,12,5,-0.129999999999999,0.3817721833764189,-0.5000000000000004,0.44999999999999485,2000.0,0.0,2000,2000,0.10857142857142858,0.05767608353767529,0.04285714285714286,0.17142857142857143,0.00989090909090909,0.0035105508032428124,0.005090909090909091,0.01309090909090909,70.0,0.0,70,70,1375.0,0.0,1375,1375,0.030342708241939548,0.01180774379746444,0.013643446028232574,0.04667969274520874,99fc6ef526bc821b82a48435c0a11457653382b1512fd893fda45260071da58a
E1,contrast,1,partial_channel,0.1,1.0,,12,5,-0.129999999999999,0.2413503677229406,-0.5499999999999949,0.04999999999999449,2000.0,0.0,2000,2000,0.18857142857142856,0.03557114170853924,0.12857142857142856,0.21428571428571427,0.016145454545454543,0.002691891712483163,0.011636363636363636,0.01818181818181818,70.0,0.0,70,70,1375.0,0.0,1375,1375,0.050681290066242224,0.014749517110362325,0.03812498879432678,0.06838743907213211,99fc6ef526bc821b82a48435c0a11457653382b1512fd893fda45260071da58a
E1,contrast,1,partial_channel,0.2,1.0,,12,5,-2.220446049250313e-15,0.12747548783981755,-0.20000000000000018,0.14999999999999458,2000.0,0.0,2000,2000,0.26285714285714284,0.06027149459922567,0.18571428571428572,0.32857142857142857,0.018763636363636364,0.0028816891281685745,0.013818181818181818,0.02109090909090909,70.0,0.0,70,70,1375.0,0.0,1375,1375,0.08589494448900223,0.017497351816123306,0.06150584250688553,0.11058402502536774,99fc6ef526bc821b82a48435c0a11457653382b1512fd893fda45260071da58a
E1,contrast,1,partial_channel,0.01,1.0,,13,5,-0.040000000000000036,0.12942179105544582,-0.20000000000000018,0.14999999999999458,2000.0,0.0,2000,2000,0.02571428571428571,0.01862629258629328,0.014285714285714285,0.05714285714285714,0.003781818181818182,0.0013989370226670068,0.002181818181818182,0.005818181818181818,70.0,0.0,70,70,1375.0,0.0,1375,1375,0.004000786352157592,0.0023645415366611734,0.0012250320315361023,0.006811690926551819,99fc6ef526bc821b82a48435c0a11457653382b1512fd893fda45260071da58a
E1,contrast,1,partial_channel,0.05,1.0,,13,5,0.020000000000002238,0.10368220676663682,-0.04999999999999449,0.20000000000000018,2000.0,0.0,2000,2000,0.09714285714285713,0.03697765458727081,0.05714285714285714,0.14285714285714285,0.00829090909090909,0.001102963700952953,0.006545454545454545,0.009454545454545455,70.0,0.0,70,70,1375.0,0.0,1375,1375,0.023210651445388794,0.0034458500359344406,0.01802618592977524,0.027013315737247467,99fc6ef526bc821b82a48435c0a11457653382b1512fd893fda45260071da58a
E1,contrast,1,partial_channel,0.1,1.0,,13,5,-0.08000000000000007,0.34387497728098465,-0.649999999999995,0.24999999999999467,2000.0,0.0,2000,2000,0.12857142857142856,0.020203050891044214,0.1,0.15714285714285714,0.0128,0.004101199179599035,0.008727272727272728,0.019636363636363636,70.0,0.0,70,70,1375.0,0.0,1375,1375,0.04079502474069595,0.010398194839786028,0.02948883044719696,0.0512192959189415,99fc6ef526bc821b82a48435c0a11457653382b1512fd893fda45260071da58a
E1,contrast,1,partial_channel,0.2,1.0,,13,5,-0.2200000000000002,0.18907670401188909,-0.40000000000000036,0.04999999999999449,2000.0,0.0,2000,2000,0.21428571428571427,0.036421567954234166,0.17142857142857143,0.2571428571428571,0.019927272727272727,0.0016743075539231047,0.01818181818181818,0.02181818181818182,70.0,0.0,70,70,1375.0,0.0,1375,1375,0.08167472230196,0.00709545863227161,0.07007286036014557,0.08863396769762039,99fc6ef526bc821b82a48435c0a11457653382b1512fd893fda45260071da58a
E1,contrast,1,partial_channel,0.01,1.0,,14,5,0.05999999999999783,0.08215838362577532,0.0,0.20000000000000018,2000.0,0.0,2000,2000,0.02571428571428571,0.011952286093343936,0.014285714285714285,0.04285714285714286,0.001890909090909091,0.0009757387538180901,0.0007272727272727272,0.002909090909090909,70.0,0.0,70,70,1375.0,0.0,1375,1375,0.003020333743095398,0.003415373352495792,-0.0003494735360145569,0.00807639467716217,99fc6ef526bc821b82a48435c0a11457653382b1512fd893fda45260071da58a
E1,contrast,1,partial_channel,0.05,1.0,,14,5,0.020000000000000018,0.2636285265292763,-0.34999999999999476,0.24999999999999467,2000.0,0.0,2000,2000,0.09142857142857144,0.03585685828003181,0.05714285714285714,0.14285714285714285,0.0064,0.0024876554729435737,0.004363636363636364,0.009454545454545455,70.0,0.0,70,70,1375.0,0.0,1375,1375,0.020790035879611972,0.0044253413718248116,0.017455314040184022,0.02805740886926651,99fc6ef526bc821b82a48435c0a11457653382b1512fd893fda45260071da58a
E1,contrast,1,partial_channel,0.1,1.0,,14,5,-0.07999999999999785,0.1440486029088781,-0.24999999999999467,0.10000000000000009,2000.0,0.0,2000,2000,0.13999999999999999,0.023473823893078553,0.11428571428571428,0.17142857142857143,0.011636363636363636,0.0032928673229590606,0.006545454545454545,0.014545454545454545,70.0,0.0,70,70,1375.0,0.0,1375,1375,0.037000939536094665,0.009391731181536717,0.026212841510772706,0.051924276411533354,99fc6ef526bc821b82a48435c0a11457653382b1512fd893fda45260071da58a
E1,contrast,1,partial_channel,0.2,1.0,,14,5,0.0,0.2622022120425349,-0.44999999999999485,0.20000000000000018,2000.0,0.0,2000,2000,0.22857142857142856,0.039123039821797566,0.18571428571428572,0.2571428571428571,0.016290909090909092,0.0031533794019896443,0.011636363636363636,0.020363636363636365,70.0,0.0,70,70,1375.0,0.0,1375,1375,0.08064652552604676,0.008926602840898534,0.0690902556180954,0.09328761333227158,99fc6ef526bc821b82a48435c0a11457653382b1512fd893fda45260071da58a
E1,contrast,1,partial_channel,0.01,1.0,,15,5,0.060000000000002274,0.10839741694339128,-0.04999999999999449,0.20000000000000018,2000.0,0.0,2000,2000,0.017142857142857144,0.01862629258629328,0.0,0.04285714285714286,0.0007272727272727272,0.00051425947722658,0.0,0.0014545454545454545,70.0,0.0,70,70,1375.0,0.0,1375,1375,0.0036292725205421448,0.0021713076337590742,0.0008604342341423035,0.00546478009223938,99fc6ef526bc821b82a48435c0a11457653382b1512fd893fda45260071da58a
E1,contrast,1,partial_channel,0.05,1.0,,15,5,0.06999999999999895,0.1923538406167087,-0.14999999999999458,0.34999999999999476,2000.0,0.0,2000,2000,0.07714285714285715,0.03859787453173227,0.04285714285714286,0.14285714285714285,0.0037818181818181813,0.002433920077190038,0.0007272727272727272,0.006545454545454545,70.0,0.0,70,70,1375.0,0.0,1375,1375,0.019318029153347016,0.006032302043555526,0.010246737778186799,0.02562495630979538,99fc6ef526bc821b82a48435c0a11457653382b1512fd893fda45260071da58a
E1,contrast,1,partial_channel,0.1,1.0,,15,5,0.009999999999998899,0.3189827581547287,-0.40000000000000036,0.34999999999999476,2000.0,0.0,2000,2000,0.12,0.02595128874940707,0.08571428571428572,0.15714285714285714,0.0077090909090909085,0.003548017721498318,0.004363636363636364,0.01309090909090909,70.0,0.0,70,70,1375.0,0.0,1375,1375,0.039675156593322755,0.009372624064258515,0.02394513589143753,0.04871748703718185,99fc6ef526bc821b82a48435c0a11457653382b1512fd893fda45260071da58a
E1,contrast,1,partial_channel,0.2,1.0,,15,5,0.15000000000000124,0.23717082451262514,-0.14999999999999458,0.40000000000000036,2000.0,0.0,2000,2000,0.22857142857142856,0.01749635530559412,0.2,0.24285714285714285,0.012072727272727273,0.0021574395598823745,0.008727272727272728,0.014545454545454545,70.0,0.0,70,70,1375.0,0.0,1375,1375,0.08533107454776764,0.0152224478644089,0.05920991766452789,0.09852697402238846,99fc6ef526bc821b82a48435c0a11457653382b1512fd893fda45260071da58a
E1,contrast,1,none,0.01,1.0,,0,1,0.0,,0.0,0.0,2000.0,,2000,2000,0.0,,0.0,0.0,0.0,,0.0,0.0,70.0,,70,70,1375.0,,1375,1375,0.0,,0.0,0.0,99fc6ef526bc821b82a48435c0a11457653382b1512fd893fda45260071da58a
E1,contrast,1,none,0.01,1.0,,1,1,0.0,,0.0,0.0,2000.0,,2000,2000,0.0,,0.0,0.0,0.0,,0.0,0.0,70.0,,70,70,1375.0,,1375,1375,0.0,,0.0,0.0,99fc6ef526bc821b82a48435c0a11457653382b1512fd893fda45260071da58a
E1,contrast,1,none,0.01,1.0,,2,1,0.0,,0.0,0.0,2000.0,,2000,2000,0.0,,0.0,0.0,0.0,,0.0,0.0,70.0,,70,70,1375.0,,1375,1375,0.0,,0.0,0.0,99fc6ef526bc821b82a48435c0a11457653382b1512fd893fda45260071da58a
E1,contrast,1,none,0.01,1.0,,3,1,0.0,,0.0,0.0,2000.0,,2000,2000,0.0,,0.0,0.0,0.0,,0.0,0.0,70.0,,70,70,1375.0,,1375,1375,0.0,,0.0,0.0,99fc6ef526bc821b82a48435c0a11457653382b1512fd893fda45260071da58a
E1,contrast,1,none,0.01,1.0,,4,1,0.0,,0.0,0.0,2000.0,,2000,2000,0.0,,0.0,0.0,0.0,,0.0,0.0,70.0,,70,70,1375.0,,1375,1375,0.0,,0.0,0.0,99fc6ef526bc821b82a48435c0a11457653382b1512fd893fda45260071da58a
E1,contrast,1,none,0.01,1.0,,5,1,0.0,,0.0,0.0,2000.0,,2000,2000,0.0,,0.0,0.0,0.0,,0.0,0.0,70.0,,70,70,1375.0,,1375,1375,0.0,,0.0,0.0,99fc6ef526bc821b82a48435c0a11457653382b1512fd893fda45260071da58a
E1,contrast,1,none,0.01,1.0,,6,1,0.0,,0.0,0.0,2000.0,,2000,2000,0.0,,0.0,0.0,0.0,,0.0,0.0,70.0,,70,70,1375.0,,1375,1375,0.0,,0.0,0.0,99fc6ef526bc821b82a48435c0a11457653382b1512fd893fda45260071da58a
E1,contrast,1,none,0.01,1.0,,7,1,0.0,,0.0,0.0,2000.0,,2000,2000,0.0,,0.0,0.0,0.0,,0.0,0.0,70.0,,70,70,1375.0,,1375,1375,0.0,,0.0,0.0,99fc6ef526bc821b82a48435c0a11457653382b1512fd893fda45260071da58a
E1,contrast,1,none,0.01,1.0,,8,1,0.0,,0.0,0.0,2000.0,,2000,2000,0.0,,0.0,0.0,0.0,,0.0,0.0,70.0,,70,70,1375.0,,1375,1375,0.0,,0.0,0.0,99fc6ef526bc821b82a48435c0a11457653382b1512fd893fda45260071da58a
E1,contrast,1,none,0.01,1.0,,9,1,0.0,,0.0,0.0,2000.0,,2000,2000,0.0,,0.0,0.0,0.0,,0.0,0.0,70.0,,70,70,1375.0,,1375,1375,0.0,,0.0,0.0,99fc6ef526bc821b82a48435c0a11457653382b1512fd893fda45260071da58a
E1,contrast,1,none,0.01,1.0,,10,1,0.0,,0.0,0.0,2000.0,,2000,2000,0.0,,0.0,0.0,0.0,,0.0,0.0,70.0,,70,70,1375.0,,1375,1375,0.0,,0.0,0.0,99fc6ef526bc821b82a48435c0a11457653382b1512fd893fda45260071da58a
E1,contrast,1,none,0.01,1.0,,11,1,0.0,,0.0,0.0,2000.0,,2000,2000,0.0,,0.0,0.0,0.0,,0.0,0.0,70.0,,70,70,1375.0,,1375,1375,0.0,,0.0,0.0,99fc6ef526bc821b82a48435c0a11457653382b1512fd893fda45260071da58a
E1,contrast,1,none,0.01,1.0,,12,1,0.0,,0.0,0.0,2000.0,,2000,2000,0.0,,0.0,0.0,0.0,,0.0,0.0,70.0,,70,70,1375.0,,1375,1375,0.0,,0.0,0.0,99fc6ef526bc821b82a48435c0a11457653382b1512fd893fda45260071da58a
E1,contrast,1,none,0.01,1.0,,13,1,0.0,,0.0,0.0,2000.0,,2000,2000,0.0,,0.0,0.0,0.0,,0.0,0.0,70.0,,70,70,1375.0,,1375,1375,0.0,,0.0,0.0,99fc6ef526bc821b82a48435c0a11457653382b1512fd893fda45260071da58a
E1,contrast,1,none,0.01,1.0,,14,1,0.0,,0.0,0.0,2000.0,,2000,2000,0.0,,0.0,0.0,0.0,,0.0,0.0,70.0,,70,70,1375.0,,1375,1375,0.0,,0.0,0.0,99fc6ef526bc821b82a48435c0a11457653382b1512fd893fda45260071da58a
E1,contrast,1,none,0.01,1.0,,15,1,0.0,,0.0,0.0,2000.0,,2000,2000,0.0,,0.0,0.0,0.0,,0.0,0.0,70.0,,70,70,1375.0,,1375,1375,0.0,,0.0,0.0,99fc6ef526bc821b82a48435c0a11457653382b1512fd893fda45260071da58a
E1,contrast,1,clean_to_clean,0.01,1.0,,0,1,0.8000000000000007,,0.8000000000000007,0.8000000000000007,2000.0,,2000,2000,1.0,,1.0,1.0,0.03927272727272727,,0.03927272727272727,0.03927272727272727,70.0,,70,70,1375.0,,1375,1375,0.2502002509832382,,0.2502002509832382,0.2502002509832382,99fc6ef526bc821b82a48435c0a11457653382b1512fd893fda45260071da58a
E1,contrast,1,clean_to_clean,0.01,1.0,,1,1,0.8000000000000007,,0.8000000000000007,0.8000000000000007,2000.0,,2000,2000,1.0,,1.0,1.0,0.03927272727272727,,0.03927272727272727,0.03927272727272727,70.0,,70,70,1375.0,,1375,1375,0.2502002509832382,,0.2502002509832382,0.2502002509832382,99fc6ef526bc821b82a48435c0a11457653382b1512fd893fda45260071da58a
E1,contrast,1,clean_to_clean,0.01,1.0,,2,1,0.8000000000000007,,0.8000000000000007,0.8000000000000007,2000.0,,2000,2000,1.0,,1.0,1.0,0.03927272727272727,,0.03927272727272727,0.03927272727272727,70.0,,70,70,1375.0,,1375,1375,0.2502002509832382,,0.2502002509832382,0.2502002509832382,99fc6ef526bc821b82a48435c0a11457653382b1512fd893fda45260071da58a
E1,contrast,1,clean_to_clean,0.01,1.0,,3,1,0.8000000000000007,,0.8000000000000007,0.8000000000000007,2000.0,,2000,2000,1.0,,1.0,1.0,0.03927272727272727,,0.03927272727272727,0.03927272727272727,70.0,,70,70,1375.0,,1375,1375,0.2502002509832382,,0.2502002509832382,0.2502002509832382,99fc6ef526bc821b82a48435c0a11457653382b1512fd893fda45260071da58a
E1,contrast,1,clean_to_clean,0.01,1.0,,4,1,0.8000000000000007,,0.8000000000000007,0.8000000000000007,2000.0,,2000,2000,1.0,,1.0,1.0,0.03927272727272727,,0.03927272727272727,0.03927272727272727,70.0,,70,70,1375.0,,1375,1375,0.2502002509832382,,0.2502002509832382,0.2502002509832382,99fc6ef526bc821b82a48435c0a11457653382b1512fd893fda45260071da58a
E1,contrast,1,clean_to_clean,0.01,1.0,,5,1,0.8000000000000007,,0.8000000000000007,0.8000000000000007,2000.0,,2000,2000,1.0,,1.0,1.0,0.03927272727272727,,0.03927272727272727,0.03927272727272727,70.0,,70,70,1375.0,,1375,1375,0.2502002509832382,,0.2502002509832382,0.2502002509832382,99fc6ef526bc821b82a48435c0a11457653382b1512fd893fda45260071da58a
E1,contrast,1,clean_to_clean,0.01,1.0,,6,1,0.8000000000000007,,0.8000000000000007,0.8000000000000007,2000.0,,2000,2000,1.0,,1.0,1.0,0.03927272727272727,,0.03927272727272727,0.03927272727272727,70.0,,70,70,1375.0,,1375,1375,0.2502002509832382,,0.2502002509832382,0.2502002509832382,99fc6ef526bc821b82a48435c0a11457653382b1512fd893fda45260071da58a
E1,contrast,1,clean_to_clean,0.01,1.0,,7,1,0.8000000000000007,,0.8000000000000007,0.8000000000000007,2000.0,,2000,2000,1.0,,1.0,1.0,0.03927272727272727,,0.03927272727272727,0.03927272727272727,70.0,,70,70,1375.0,,1375,1375,0.2502002509832382,,0.2502002509832382,0.2502002509832382,99fc6ef526bc821b82a48435c0a11457653382b1512fd893fda45260071da58a
E1,contrast,1,clean_to_clean,0.01,1.0,,8,1,0.8000000000000007,,0.8000000000000007,0.8000000000000007,2000.0,,2000,2000,1.0,,1.0,1.0,0.03927272727272727,,0.03927272727272727,0.03927272727272727,70.0,,70,70,1375.0,,1375,1375,0.2502002509832382,,0.2502002509832382,0.2502002509832382,99fc6ef526bc821b82a48435c0a11457653382b1512fd893fda45260071da58a
E1,contrast,1,clean_to_clean,0.01,1.0,,9,1,0.8000000000000007,,0.8000000000000007,0.8000000000000007,2000.0,,2000,2000,1.0,,1.0,1.0,0.03927272727272727,,0.03927272727272727,0.03927272727272727,70.0,,70,70,1375.0,,1375,1375,0.2502002509832382,,0.2502002509832382,0.2502002509832382,99fc6ef526bc821b82a48435c0a11457653382b1512fd893fda45260071da58a
E1,contrast,1,clean_to_clean,0.01,1.0,,10,1,0.8000000000000007,,0.8000000000000007,0.8000000000000007,2000.0,,2000,2000,1.0,,1.0,1.0,0.03927272727272727,,0.03927272727272727,0.03927272727272727,70.0,,70,70,1375.0,,1375,1375,0.2502002509832382,,0.2502002509832382,0.2502002509832382,99fc6ef526bc821b82a48435c0a11457653382b1512fd893fda45260071da58a
E1,contrast,1,clean_to_clean,0.01,1.0,,11,1,0.8000000000000007,,0.8000000000000007,0.8000000000000007,2000.0,,2000,2000,1.0,,1.0,1.0,0.03927272727272727,,0.03927272727272727,0.03927272727272727,70.0,,70,70,1375.0,,1375,1375,0.2502002509832382,,0.2502002509832382,0.2502002509832382,99fc6ef526bc821b82a48435c0a11457653382b1512fd893fda45260071da58a
E1,contrast,1,clean_to_clean,0.01,1.0,,12,1,0.8000000000000007,,0.8000000000000007,0.8000000000000007,2000.0,,2000,2000,1.0,,1.0,1.0,0.03927272727272727,,0.03927272727272727,0.03927272727272727,70.0,,70,70,1375.0,,1375,1375,0.2502002509832382,,0.2502002509832382,0.2502002509832382,99fc6ef526bc821b82a48435c0a11457653382b1512fd893fda45260071da58a
E1,contrast,1,clean_to_clean,0.01,1.0,,13,1,0.8000000000000007,,0.8000000000000007,0.8000000000000007,2000.0,,2000,2000,1.0,,1.0,1.0,0.03927272727272727,,0.03927272727272727,0.03927272727272727,70.0,,70,70,1375.0,,1375,1375,0.2502002509832382,,0.2502002509832382,0.2502002509832382,99fc6ef526bc821b82a48435c0a11457653382b1512fd893fda45260071da58a
E1,contrast,1,clean_to_clean,0.01,1.0,,14,1,0.8000000000000007,,0.8000000000000007,0.8000000000000007,2000.0,,2000,2000,1.0,,1.0,1.0,0.03927272727272727,,0.03927272727272727,0.03927272727272727,70.0,,70,70,1375.0,,1375,1375,0.2502002509832382,,0.2502002509832382,0.2502002509832382,99fc6ef526bc821b82a48435c0a11457653382b1512fd893fda45260071da58a
E1,contrast,1,clean_to_clean,0.01,1.0,,15,1,0.8000000000000007,,0.8000000000000007,0.8000000000000007,2000.0,,2000,2000,1.0,,1.0,1.0,0.03927272727272727,,0.03927272727272727,0.03927272727272727,70.0,,70,70,1375.0,,1375,1375,0.2502002509832382,,0.2502002509832382,0.2502002509832382,99fc6ef526bc821b82a48435c0a11457653382b1512fd893fda45260071da58a
E1,contrast,1,full_state,0.01,1.0,,0,1,0.8000000000000007,,0.8000000000000007,0.8000000000000007,2000.0,,2000,2000,1.0,,1.0,1.0,0.03927272727272727,,0.03927272727272727,0.03927272727272727,70.0,,70,70,1375.0,,1375,1375,0.2502002509832382,,0.2502002509832382,0.2502002509832382,99fc6ef526bc821b82a48435c0a11457653382b1512fd893fda45260071da58a
E1,contrast,1,full_state,0.01,1.0,,1,1,0.8000000000000007,,0.8000000000000007,0.8000000000000007,2000.0,,2000,2000,1.0,,1.0,1.0,0.03927272727272727,,0.03927272727272727,0.03927272727272727,70.0,,70,70,1375.0,,1375,1375,0.2502002509832382,,0.2502002509832382,0.2502002509832382,99fc6ef526bc821b82a48435c0a11457653382b1512fd893fda45260071da58a
E1,contrast,1,full_state,0.01,1.0,,2,1,0.8000000000000007,,0.8000000000000007,0.8000000000000007,2000.0,,2000,2000,1.0,,1.0,1.0,0.03927272727272727,,0.03927272727272727,0.03927272727272727,70.0,,70,70,1375.0,,1375,1375,0.2502002509832382,,0.2502002509832382,0.2502002509832382,99fc6ef526bc821b82a48435c0a11457653382b1512fd893fda45260071da58a
E1,contrast,1,full_state,0.01,1.0,,3,1,0.8000000000000007,,0.8000000000000007,0.8000000000000007,2000.0,,2000,2000,1.0,,1.0,1.0,0.03927272727272727,,0.03927272727272727,0.03927272727272727,70.0,,70,70,1375.0,,1375,1375,0.2502002509832382,,0.2502002509832382,0.2502002509832382,99fc6ef526bc821b82a48435c0a11457653382b1512fd893fda45260071da58a
E1,contrast,1,full_state,0.01,1.0,,4,1,0.8000000000000007,,0.8000000000000007,0.8000000000000007,2000.0,,2000,2000,1.0,,1.0,1.0,0.03927272727272727,,0.03927272727272727,0.03927272727272727,70.0,,70,70,1375.0,,1375,1375,0.2502002509832382,,0.2502002509832382,0.2502002509832382,99fc6ef526bc821b82a48435c0a11457653382b1512fd893fda45260071da58a
E1,contrast,1,full_state,0.01,1.0,,5,1,0.8000000000000007,,0.8000000000000007,0.8000000000000007,2000.0,,2000,2000,1.0,,1.0,1.0,0.03927272727272727,,0.03927272727272727,0.03927272727272727,70.0,,70,70,1375.0,,1375,1375,0.2502002509832382,,0.2502002509832382,0.2502002509832382,99fc6ef526bc821b82a48435c0a11457653382b1512fd893fda45260071da58a
E1,contrast,1,full_state,0.01,1.0,,6,1,0.8000000000000007,,0.8000000000000007,0.8000000000000007,2000.0,,2000,2000,1.0,,1.0,1.0,0.03927272727272727,,0.03927272727272727,0.03927272727272727,70.0,,70,70,1375.0,,1375,1375,0.2502002509832382,,0.2502002509832382,0.2502002509832382,99fc6ef526bc821b82a48435c0a11457653382b1512fd893fda45260071da58a
E1,contrast,1,full_state,0.01,1.0,,7,1,0.8000000000000007,,0.8000000000000007,0.8000000000000007,2000.0,,2000,2000,1.0,,1.0,1.0,0.03927272727272727,,0.03927272727272727,0.03927272727272727,70.0,,70,70,1375.0,,1375,1375,0.2502002509832382,,0.2502002509832382,0.2502002509832382,99fc6ef526bc821b82a48435c0a11457653382b1512fd893fda45260071da58a
E1,contrast,1,full_state,0.01,1.0,,8,1,0.8000000000000007,,0.8000000000000007,0.8000000000000007,2000.0,,2000,2000,1.0,,1.0,1.0,0.03927272727272727,,0.03927272727272727,0.03927272727272727,70.0,,70,70,1375.0,,1375,1375,0.2502002509832382,,0.2502002509832382,0.2502002509832382,99fc6ef526bc821b82a48435c0a11457653382b1512fd893fda45260071da58a
E1,contrast,1,full_state,0.01,1.0,,9,1,0.8000000000000007,,0.8000000000000007,0.8000000000000007,2000.0,,2000,2000,1.0,,1.0,1.0,0.03927272727272727,,0.03927272727272727,0.03927272727272727,70.0,,70,70,1375.0,,1375,1375,0.2502002509832382,,0.2502002509832382,0.2502002509832382,99fc6ef526bc821b82a48435c0a11457653382b1512fd893fda45260071da58a
E1,contrast,1,full_state,0.01,1.0,,10,1,0.8000000000000007,,0.8000000000000007,0.8000000000000007,2000.0,,2000,2000,1.0,,1.0,1.0,0.03927272727272727,,0.03927272727272727,0.03927272727272727,70.0,,70,70,1375.0,,1375,1375,0.2502002509832382,,0.2502002509832382,0.2502002509832382,99fc6ef526bc821b82a48435c0a11457653382b1512fd893fda45260071da58a
E1,contrast,1,full_state,0.01,1.0,,11,1,0.8000000000000007,,0.8000000000000007,0.8000000000000007,2000.0,,2000,2000,1.0,,1.0,1.0,0.03927272727272727,,0.03927272727272727,0.03927272727272727,70.0,,70,70,1375.0,,1375,1375,0.2502002509832382,,0.2502002509832382,0.2502002509832382,99fc6ef526bc821b82a48435c0a11457653382b1512fd893fda45260071da58a
E1,contrast,1,full_state,0.01,1.0,,12,1,0.8000000000000007,,0.8000000000000007,0.8000000000000007,2000.0,,2000,2000,1.0,,1.0,1.0,0.03927272727272727,,0.03927272727272727,0.03927272727272727,70.0,,70,70,1375.0,,1375,1375,0.2502002509832382,,0.2502002509832382,0.2502002509832382,99fc6ef526bc821b82a48435c0a11457653382b1512fd893fda45260071da58a
E1,contrast,1,full_state,0.01,1.0,,13,1,0.8000000000000007,,0.8000000000000007,0.8000000000000007,2000.0,,2000,2000,1.0,,1.0,1.0,0.03927272727272727,,0.03927272727272727,0.03927272727272727,70.0,,70,70,1375.0,,1375,1375,0.2502002509832382,,0.2502002509832382,0.2502002509832382,99fc6ef526bc821b82a48435c0a11457653382b1512fd893fda45260071da58a
E1,contrast,1,full_state,0.01,1.0,,14,1,0.8000000000000007,,0.8000000000000007,0.8000000000000007,2000.0,,2000,2000,1.0,,1.0,1.0,0.03927272727272727,,0.03927272727272727,0.03927272727272727,70.0,,70,70,1375.0,,1375,1375,0.2502002509832382,,0.2502002509832382,0.2502002509832382,99fc6ef526bc821b82a48435c0a11457653382b1512fd893fda45260071da58a
E1,contrast,1,full_state,0.01,1.0,,15,1,0.8000000000000007,,0.8000000000000007,0.8000000000000007,2000.0,,2000,2000,1.0,,1.0,1.0,0.03927272727272727,,0.03927272727272727,0.03927272727272727,70.0,,70,70,1375.0,,1375,1375,0.2502002509832382,,0.2502002509832382,0.2502002509832382,99fc6ef526bc821b82a48435c0a11457653382b1512fd893fda45260071da58a
E1,contrast,1,random_direction,0.01,1.0,,0,1,-0.34999999999999476,,-0.34999999999999476,-0.34999999999999476,2000.0,,2000,2000,0.014285714285714285,,0.014285714285714285,0.014285714285714285,0.006545454545454545,,0.006545454545454545,0.006545454545454545,70.0,,70,70,1375.0,,1375,1375,-0.010541293144226074,,-0.010541293144226074,-0.010541293144226074,99fc6ef526bc821b82a48435c0a11457653382b1512fd893fda45260071da58a
E1,contrast,1,random_direction,0.01,1.0,,1,1,-0.10000000000000009,,-0.10000000000000009,-0.10000000000000009,2000.0,,2000,2000,0.0,,0.0,0.0,0.002909090909090909,,0.002909090909090909,0.002909090909090909,70.0,,70,70,1375.0,,1375,1375,-0.002667716205120087,,-0.002667716205120087,-0.002667716205120087,99fc6ef526bc821b82a48435c0a11457653382b1512fd893fda45260071da58a
E1,contrast,1,random_direction,0.01,1.0,,2,1,-0.24999999999999467,,-0.24999999999999467,-0.24999999999999467,2000.0,,2000,2000,0.014285714285714285,,0.014285714285714285,0.014285714285714285,0.004363636363636364,,0.004363636363636364,0.004363636363636364,70.0,,70,70,1375.0,,1375,1375,-0.0027813513278961183,,-0.0027813513278961183,-0.0027813513278961183,99fc6ef526bc821b82a48435c0a11457653382b1512fd893fda45260071da58a
E1,contrast,1,random_direction,0.01,1.0,,3,1,-0.14999999999999458,,-0.14999999999999458,-0.14999999999999458,2000.0,,2000,2000,0.014285714285714285,,0.014285714285714285,0.014285714285714285,0.002909090909090909,,0.002909090909090909,0.002909090909090909,70.0,,70,70,1375.0,,1375,1375,-0.004816338777542114,,-0.004816338777542114,-0.004816338777542114,99fc6ef526bc821b82a48435c0a11457653382b1512fd893fda45260071da58a
E1,contrast,1,random_direction,0.01,1.0,,4,1,0.10000000000000009,,0.10000000000000009,0.10000000000000009,2000.0,,2000,2000,0.04285714285714286,,0.04285714285714286,0.04285714285714286,0.0007272727272727272,,0.0007272727272727272,0.0007272727272727272,70.0,,70,70,1375.0,,1375,1375,-0.002861246407032013,,-0.002861246407032013,-0.002861246407032013,99fc6ef526bc821b82a48435c0a11457653382b1512fd893fda45260071da58a
E1,contrast,1,random_direction,0.01,1.0,,5,1,-0.04999999999999449,,-0.04999999999999449,-0.04999999999999449,2000.0,,2000,2000,0.02857142857142857,,0.02857142857142857,0.02857142857142857,0.002181818181818182,,0.002181818181818182,0.002181818181818182,70.0,,70,70,1375.0,,1375,1375,-0.004598441839218139,,-0.004598441839218139,-0.004598441839218139,99fc6ef526bc821b82a48435c0a11457653382b1512fd893fda45260071da58a
E1,contrast,1,random_direction,0.01,1.0,,6,1,0.0,,0.0,0.0,2000.0,,2000,2000,0.04285714285714286,,0.04285714285714286,0.04285714285714286,0.002909090909090909,,0.002909090909090909,0.002909090909090909,70.0,,70,70,1375.0,,1375,1375,-0.0031509765982627867,,-0.0031509765982627867,-0.0031509765982627867,99fc6ef526bc821b82a48435c0a11457653382b1512fd893fda45260071da58a
E1,contrast,1,random_direction,0.01,1.0,,7,1,-0.10000000000000009,,-0.10000000000000009,-0.10000000000000009,2000.0,,2000,2000,0.014285714285714285,,0.014285714285714285,0.014285714285714285,0.002909090909090909,,0.002909090909090909,0.002909090909090909,70.0,,70,70,1375.0,,1375,1375,-0.0032413819432258605,,-0.0032413819432258605,-0.0032413819432258605,99fc6ef526bc821b82a48435c0a11457653382b1512fd893fda45260071da58a
E1,contrast,1,random_direction,0.01,1.0,,8,1,-0.24999999999999467,,-0.24999999999999467,-0.24999999999999467,2000.0,,2000,2000,0.0,,0.0,0.0,0.004363636363636364,,0.004363636363636364,0.004363636363636364,70.0,,70,70,1375.0,,1375,1375,-0.0028864952325820922,,-0.0028864952325820922,-0.0028864952325820922,99fc6ef526bc821b82a48435c0a11457653382b1512fd893fda45260071da58a
E1,contrast,1,random_direction,0.01,1.0,,9,1,-0.14999999999999458,,-0.14999999999999458,-0.14999999999999458,2000.0,,2000,2000,0.014285714285714285,,0.014285714285714285,0.014285714285714285,0.004363636363636364,,0.004363636363636364,0.004363636363636364,70.0,,70,70,1375.0,,1375,1375,-0.0015221344232559204,,-0.0015221344232559204,-0.0015221344232559204,99fc6ef526bc821b82a48435c0a11457653382b1512fd893fda45260071da58a
E1,contrast,1,random_direction,0.01,1.0,,10,1,-0.10000000000000009,,-0.10000000000000009,-0.10000000000000009,2000.0,,2000,2000,0.0,,0.0,0.0,0.002909090909090909,,0.002909090909090909,0.002909090909090909,70.0,,70,70,1375.0,,1375,1375,-0.0013051723837852478,,-0.0013051723837852478,-0.0013051723837852478,99fc6ef526bc821b82a48435c0a11457653382b1512fd893fda45260071da58a
E1,contrast,1,random_direction,0.01,1.0,,11,1,-0.04999999999999449,,-0.04999999999999449,-0.04999999999999449,2000.0,,2000,2000,0.0,,0.0,0.0,0.002181818181818182,,0.002181818181818182,0.002181818181818182,70.0,,70,70,1375.0,,1375,1375,-0.0005929791927337647,,-0.0005929791927337647,-0.0005929791927337647,99fc6ef526bc821b82a48435c0a11457653382b1512fd893fda45260071da58a
E1,contrast,1,random_direction,0.01,1.0,,12,1,-0.24999999999999467,,-0.24999999999999467,-0.24999999999999467,2000.0,,2000,2000,0.014285714285714285,,0.014285714285714285,0.014285714285714285,0.005090909090909091,,0.005090909090909091,0.005090909090909091,70.0,,70,70,1375.0,,1375,1375,-0.0009495832324028015,,-0.0009495832324028015,-0.0009495832324028015,99fc6ef526bc821b82a48435c0a11457653382b1512fd893fda45260071da58a
E1,contrast,1,random_direction,0.01,1.0,,13,1,0.10000000000000009,,0.10000000000000009,0.10000000000000009,2000.0,,2000,2000,0.02857142857142857,,0.02857142857142857,0.02857142857142857,0.0014545454545454545,,0.0014545454545454545,0.0014545454545454545,70.0,,70,70,1375.0,,1375,1375,0.001061209201812744,,0.001061209201812744,0.001061209201812744,99fc6ef526bc821b82a48435c0a11457653382b1512fd893fda45260071da58a
E1,contrast,1,random_direction,0.01,1.0,,14,1,-0.04999999999999449,,-0.04999999999999449,-0.04999999999999449,2000.0,,2000,2000,0.0,,0.0,0.0,0.0007272727272727272,,0.0007272727272727272,0.0007272727272727272,70.0,,70,70,1375.0,,1375,1375,0.00016229546070098877,,0.00016229546070098877,0.00016229546070098877,99fc6ef526bc821b82a48435c0a11457653382b1512fd893fda45260071da58a
E1,contrast,1,random_direction,0.01,1.0,,15,1,-0.04999999999999449,,-0.04999999999999449,-0.04999999999999449,2000.0,,2000,2000,0.0,,0.0,0.0,0.0007272727272727272,,0.0007272727272727272,0.0007272727272727272,70.0,,70,70,1375.0,,1375,1375,0.0006033962965011596,,0.0006033962965011596,0.0006033962965011596,99fc6ef526bc821b82a48435c0a11457653382b1512fd893fda45260071da58a
E1,contrast,1,shuffled_donor,0.01,1.0,,0,1,-0.5499999999999949,,-0.5499999999999949,-0.5499999999999949,2000.0,,2000,2000,0.2,,0.2,0.2,0.03563636363636364,,0.03563636363636364,0.03563636363636364,70.0,,70,70,1375.0,,1375,1375,-0.1525416249036789,,-0.1525416249036789,-0.1525416249036789,99fc6ef526bc821b82a48435c0a11457653382b1512fd893fda45260071da58a
E1,contrast,1,shuffled_donor,0.01,1.0,,1,1,0.0,,0.0,0.0,2000.0,,2000,2000,0.11428571428571428,,0.11428571428571428,0.11428571428571428,0.01818181818181818,,0.01818181818181818,0.01818181818181818,70.0,,70,70,1375.0,,1375,1375,-0.048794958591461185,,-0.048794958591461185,-0.048794958591461185,99fc6ef526bc821b82a48435c0a11457653382b1512fd893fda45260071da58a
E1,contrast,1,shuffled_donor,0.01,1.0,,2,1,0.10000000000000009,,0.10000000000000009,0.10000000000000009,2000.0,,2000,2000,0.12857142857142856,,0.12857142857142856,0.12857142857142856,0.013818181818181818,,0.013818181818181818,0.013818181818181818,70.0,,70,70,1375.0,,1375,1375,-0.036088786005973816,,-0.036088786005973816,-0.036088786005973816,99fc6ef526bc821b82a48435c0a11457653382b1512fd893fda45260071da58a
E1,contrast,1,shuffled_donor,0.01,1.0,,3,1,-0.8000000000000007,,-0.8000000000000007,-0.8000000000000007,2000.0,,2000,2000,0.11428571428571428,,0.11428571428571428,0.11428571428571428,0.024,,0.024,0.024,70.0,,70,70,1375.0,,1375,1375,-0.061925745606422423,,-0.061925745606422423,-0.061925745606422423,99fc6ef526bc821b82a48435c0a11457653382b1512fd893fda45260071da58a
E1,contrast,1,shuffled_donor,0.01,1.0,,4,1,-0.5000000000000004,,-0.5000000000000004,-0.5000000000000004,2000.0,,2000,2000,0.11428571428571428,,0.11428571428571428,0.11428571428571428,0.019636363636363636,,0.019636363636363636,0.019636363636363636,70.0,,70,70,1375.0,,1375,1375,-0.035026099622249604,,-0.035026099622249604,-0.035026099622249604,99fc6ef526bc821b82a48435c0a11457653382b1512fd893fda45260071da58a
E1,contrast,1,shuffled_donor,0.01,1.0,,5,1,-0.5499999999999949,,-0.5499999999999949,-0.5499999999999949,2000.0,,2000,2000,0.11428571428571428,,0.11428571428571428,0.11428571428571428,0.020363636363636365,,0.020363636363636365,0.020363636363636365,70.0,,70,70,1375.0,,1375,1375,-0.030929636359214783,,-0.030929636359214783,-0.030929636359214783,99fc6ef526bc821b82a48435c0a11457653382b1512fd893fda45260071da58a
E1,contrast,1,shuffled_donor,0.01,1.0,,6,1,-0.649999999999995,,-0.649999999999995,-0.649999999999995,2000.0,,2000,2000,0.11428571428571428,,0.11428571428571428,0.11428571428571428,0.02109090909090909,,0.02109090909090909,0.02109090909090909,70.0,,70,70,1375.0,,1375,1375,-0.021348246335983277,,-0.021348246335983277,-0.021348246335983277,99fc6ef526bc821b82a48435c0a11457653382b1512fd893fda45260071da58a
E1,contrast,1,shuffled_donor,0.01,1.0,,7,1,-0.10000000000000009,,-0.10000000000000009,-0.10000000000000009,2000.0,,2000,2000,0.11428571428571428,,0.11428571428571428,0.11428571428571428,0.015272727272727273,,0.015272727272727273,0.015272727272727273,70.0,,70,70,1375.0,,1375,1375,-0.011996381103992463,,-0.011996381103992463,-0.011996381103992463,99fc6ef526bc821b82a48435c0a11457653382b1512fd893fda45260071da58a
E1,contrast,1,shuffled_donor,0.01,1.0,,8,1,-0.30000000000000027,,-0.30000000000000027,-0.30000000000000027,2000.0,,2000,2000,0.1,,0.1,0.1,0.016,,0.016,0.016,70.0,,70,70,1375.0,,1375,1375,-0.018976679444313048,,-0.018976679444313048,-0.018976679444313048,99fc6ef526bc821b82a48435c0a11457653382b1512fd893fda45260071da58a
E1,contrast,1,shuffled_donor,0.01,1.0,,9,1,-0.14999999999999458,,-0.14999999999999458,-0.14999999999999458,2000.0,,2000,2000,0.12857142857142856,,0.12857142857142856,0.12857142857142856,0.015272727272727273,,0.015272727272727273,0.015272727272727273,70.0,,70,70,1375.0,,1375,1375,-0.012194802820682525,,-0.012194802820682525,-0.012194802820682525,99fc6ef526bc821b82a48435c0a11457653382b1512fd893fda45260071da58a
E1,contrast,1,shuffled_donor,0.01,1.0,,10,1,-0.44999999999999485,,-0.44999999999999485,-0.44999999999999485,2000.0,,2000,2000,0.11428571428571428,,0.11428571428571428,0.11428571428571428,0.017454545454545455,,0.017454545454545455,0.017454545454545455,70.0,,70,70,1375.0,,1375,1375,-0.011854722142219543,,-0.011854722142219543,-0.011854722142219543,99fc6ef526bc821b82a48435c0a11457653382b1512fd893fda45260071da58a
E1,contrast,1,shuffled_donor,0.01,1.0,,11,1,-0.5499999999999949,,-0.5499999999999949,-0.5499999999999949,2000.0,,2000,2000,0.1,,0.1,0.1,0.01818181818181818,,0.01818181818181818,0.01818181818181818,70.0,,70,70,1375.0,,1375,1375,-0.015058649778366089,,-0.015058649778366089,-0.015058649778366089,99fc6ef526bc821b82a48435c0a11457653382b1512fd893fda45260071da58a
E1,contrast,1,shuffled_donor,0.01,1.0,,12,1,-0.5499999999999949,,-0.5499999999999949,-0.5499999999999949,2000.0,,2000,2000,0.07142857142857142,,0.07142857142857142,0.07142857142857142,0.017454545454545455,,0.017454545454545455,0.017454545454545455,70.0,,70,70,1375.0,,1375,1375,-0.023598793029785157,,-0.023598793029785157,-0.023598793029785157,99fc6ef526bc821b82a48435c0a11457653382b1512fd893fda45260071da58a
E1,contrast,1,shuffled_donor,0.01,1.0,,13,1,-0.44999999999999485,,-0.44999999999999485,-0.44999999999999485,2000.0,,2000,2000,0.07142857142857142,,0.07142857142857142,0.07142857142857142,0.011636363636363636,,0.011636363636363636,0.011636363636363636,70.0,,70,70,1375.0,,1375,1375,-0.03367651444673538,,-0.03367651444673538,-0.03367651444673538,99fc6ef526bc821b82a48435c0a11457653382b1512fd893fda45260071da58a
E1,contrast,1,shuffled_donor,0.01,1.0,,14,1,-0.10000000000000009,,-0.10000000000000009,-0.10000000000000009,2000.0,,2000,2000,0.08571428571428572,,0.08571428571428572,0.08571428571428572,0.010181818181818183,,0.010181818181818183,0.010181818181818183,70.0,,70,70,1375.0,,1375,1375,-0.03893712651729584,,-0.03893712651729584,-0.03893712651729584,99fc6ef526bc821b82a48435c0a11457653382b1512fd893fda45260071da58a
E1,contrast,1,shuffled_donor,0.01,1.0,,15,1,0.0,,0.0,0.0,2000.0,,2000,2000,0.05714285714285714,,0.05714285714285714,0.05714285714285714,0.007272727272727273,,0.007272727272727273,0.007272727272727273,70.0,,70,70,1375.0,,1375,1375,-0.05479153126478195,,-0.05479153126478195,-0.05479153126478195,99fc6ef526bc821b82a48435c0a11457653382b1512fd893fda45260071da58a
E1,contrast,3,partial_channel,0.01,1.0,,0,5,-0.18000000000000238,0.16807736313971494,-0.40000000000000036,0.04999999999999449,2000.0,0.0,2000,2000,0.09516129032258065,0.04750540798394562,0.04032258064516129,0.1532258064516129,0.01906906906906907,0.006066697853104181,0.012762762762762763,0.026276276276276277,124.0,0.0,124,124,1332.0,0.0,1332,1332,0.003603180766105652,0.03668986103891152,-0.024569362819194793,0.05607449793815613,99fc6ef526bc821b82a48435c0a11457653382b1512fd893fda45260071da58a
E1,contrast,3,partial_channel,0.05,1.0,,0,5,-1.0100000000000042,0.3895510236156495,-1.4500000000000068,-0.6000000000000005,2000.0,0.0,2000,2000,0.2209677419354839,0.0440236905288909,0.16129032258064516,0.27419354838709675,0.05225225225225225,0.010756977242992249,0.036036036036036036,0.06156156156156156,124.0,0.0,124,124,1332.0,0.0,1332,1332,-0.1736127629995346,0.04361211715526034,-0.20895372068881987,-0.11544214981794357,99fc6ef526bc821b82a48435c0a11457653382b1512fd893fda45260071da58a
E1,contrast,3,partial_channel,0.1,1.0,,0,5,-1.850000000000005,0.8753570700005787,-2.6000000000000023,-0.550000000000006,2000.0,0.0,2000,2000,0.2693548387096774,0.06951407077261275,0.20161290322580644,0.3709677419354839,0.07327327327327328,0.014121300323785562,0.054804804804804805,0.09234234234234234,124.0,0.0,124,124,1332.0,0.0,1332,1332,-0.32073910901546476,0.12255060384427469,-0.46768128871917725,-0.14797443574666977,99fc6ef526bc821b82a48435c0a11457653382b1512fd893fda45260071da58a
E1,contrast,3,partial_channel,0.2,1.0,,0,5,-5.0800000000000045,3.7457642744839146,-11.650000000000006,-2.500000000000002,2000.0,0.0,2000,2000,0.2967741935483871,0.06993381738283484,0.22580645161290322,0.3709677419354839,0.12822822822822824,0.055887834334523816,0.08108108108108109,0.22447447447447447,124.0,0.0,124,124,1332.0,0.0,1332,1332,-1.0213895044088361,0.705519926170913,-2.2457418475747106,-0.473727284014225,99fc6ef526bc821b82a48435c0a11457653382b1512fd893fda45260071da58a
E1,contrast,3,partial_channel,0.01,1.0,,1,5,-0.19000000000000128,0.2792848008753783,-0.5000000000000004,0.20000000000000018,2000.0,0.0,2000,2000,0.07741935483870968,0.03934293844403376,0.04032258064516129,0.13709677419354838,0.015165165165165168,0.003246508755321269,0.00975975975975976,0.018018018018018018,124.0,0.0,124,124,1332.0,0.0,1332,1332,0.006401275193691254,0.044648789777312785,-0.05578629416227341,0.05914016878604889,99fc6ef526bc821b82a48435c0a11457653382b1512fd893fda45260071da58a
E1,contrast,3,partial_channel,0.05,1.0,,1,5,-0.46000000000000263,0.17818529681205617,-0.7500000000000062,-0.30000000000000027,2000.0,0.0,2000,2000,0.18870967741935485,0.048588291391587324,0.13709677419354838,0.24193548387096775,0.035735735735735734,0.005297981610924129,0.02927927927927928,0.04054054054054054,124.0,0.0,124,124,1332.0,0.0,1332,1332,-0.05690273109674453,0.04747737408308252,-0.1221158007979393,0.004579194188117981,99fc6ef526bc821b82a48435c0a11457653382b1512fd893fda45260071da58a
E1,contrast,3,partial_channel,0.1,1.0,,1,5,-0.5200000000000027,0.6006246748178102,-1.1500000000000066,0.24999999999999467,2000.0,0.0,2000,2000,0.2467741935483871,0.06615853000643124,0.1774193548387097,0.3548387096774194,0.046546546546546545,0.008224062425002496,0.038288288288288286,0.05780780780780781,124.0,0.0,124,124,1332.0,0.0,1332,1332,-0.08827845683097839,0.06955219592847692,-0.1836288576722145,-0.0023254583477973936,99fc6ef526bc821b82a48435c0a11457653382b1512fd893fda45260071da58a
E1,contrast,3,partial_channel,0.2,1.0,,1,5,-1.650000000000005,1.456451166362951,-4.200000000000004,-0.5000000000000004,2000.0,0.0,2000,2000,0.3435483870967742,0.06566517092200735,0.28225806451612906,0.43548387096774194,0.07612612612612613,0.02014895294125611,0.060810810810810814,0.1111111111111111,124.0,0.0,124,124,1332.0,0.0,1332,1332,-0.32942696356773377,0.30170455802935253,-0.8564093423485756,-0.11657082599401473,99fc6ef526bc821b82a48435c0a11457653382b1512fd893fda45260071da58a
E1,contrast,3,partial_channel,0.01,1.0,,2,5,-0.21000000000000352,0.3110466202999135,-0.7000000000000006,0.04999999999999449,2000.0,0.0,2000,2000,0.07096774193548386,0.035794098421245396,0.03225806451612903,0.12903225806451613,0.014414414414414415,0.003805943500191164,0.010510510510510511,0.01876876876876877,124.0,0.0,124,124,1332.0,0.0,1332,1332,-0.0009560763120651267,0.04824103159726598,-0.0635634418129921,0.061682455360889434,99fc6ef526bc821b82a48435c0a11457653382b1512fd893fda45260071da58a
E1,contrast,3,partial_channel,0.05,1.0,,2,5,-0.08000000000000229,0.05700877125495792,-0.15000000000000568,0.0,2000.0,0.0,2000,2000,0.18225806451612903,0.021789122719526287,0.16129032258064516,0.20967741935483872,0.02957957957957958,0.003031025411139092,0.025525525525525526,0.033783783783783786,124.0,0.0,124,124,1332.0,0.0,1332,1332,-0.031709399771690364,0.0374573510107384,-0.07998981696367263,0.008817343056201936,99fc6ef526bc821b82a48435c0a11457653382b1512fd893fda45260071da58a
E1,contrast,3,partial_channel,0.1,1.0,,2,5,-0.37000000000000366,0.3290136775272425,-0.8000000000000007,0.10000000000000009,2000.0,0.0,2000,2000,0.2564516129032258,0.07421984106350671,0.18548387096774194,0.3709677419354839,0.04279279279279279,0.007656185455845024,0.03678678678678678,0.054804804804804805,124.0,0.0,124,124,1332.0,0.0,1332,1332,-0.054814439940452576,0.07010234556278698,-0.17684594309329987,0.0015035239458084106,99fc6ef526bc821b82a48435c0a11457653382b1512fd893fda45260071da58a
E1,contrast,3,partial_channel,0.2,1.0,,2,5,-0.8900000000000041,1.20695898853275,-3.0000000000000027,0.0,2000.0,0.0,2000,2000,0.35,0.07535037823740695,0.2661290322580645,0.45161290322580644,0.06546546546546547,0.01828505817221729,0.0518018018018018,0.09759759759759759,124.0,0.0,124,124,1332.0,0.0,1332,1332,-0.2160327763915062,0.2534344595495929,-0.6369240763187408,-0.013619956374168397,99fc6ef526bc821b82a48435c0a11457653382b1512fd893fda45260071da58a
E1,contrast,3,partial_channel,0.01,1.0,,3,5,-0.060000000000002274,0.2631539473388149,-0.30000000000000027,0.24999999999999467,2000.0,0.0,2000,2000,0.06612903225806452,0.03756714418984554,0.03225806451612903,0.12096774193548387,0.010210210210210211,0.005108416167028228,0.0037537537537537537,0.018018018018018018,124.0,0.0,124,124,1332.0,0.0,1332,1332,-0.0015858689188957213,0.018629772764451033,-0.02195096379518509,0.0257807257771492,99fc6ef526bc821b82a48435c0a11457653382b1512fd893fda45260071da58a
E1,contrast,3,partial_channel,0.05,1.0,,3,5,-0.030000000000001137,0.25396850198400567,-0.30000000000000027,0.20000000000000018,2000.0,0.0,2000,2000,0.1564516129032258,0.040563794645029974,0.0967741935483871,0.20967741935483872,0.025825825825825828,0.004736279368044296,0.02177177177177177,0.03228228228228228,124.0,0.0,124,124,1332.0,0.0,1332,1332,-0.024791586554050442,0.05423404087815628,-0.10880250382423401,0.026393312871456145,99fc6ef526bc821b82a48435c0a11457653382b1512fd893fda45260071da58a
E1,contrast,3,partial_channel,0.1,1.0,,3,5,-0.060000000000004494,0.4588027898781782,-0.6500000000000061,0.44999999999999485,2000.0,0.0,2000,2000,0.22741935483870965,0.032956156035004104,0.1774193548387097,0.2661290322580645,0.03423423423423423,0.0059018750771872505,0.02702702702702703,0.04279279279279279,124.0,0.0,124,124,1332.0,0.0,1332,1332,-0.024616185450553888,0.08112686607179886,-0.16816526407003402,0.02495147007703781,99fc6ef526bc821b82a48435c0a11457653382b1512fd893fda45260071da58a
E1,contrast,3,partial_channel,0.2,1.0,,3,5,-0.11000000000000121,0.6786015030929425,-0.9000000000000008,0.9000000000000008,2000.0,0.0,2000,2000,0.2951612903225806,0.05604693662546469,0.22580645161290322,0.3629032258064516,0.04564564564564565,0.006131386483211838,0.036036036036036036,0.052552552552552555,124.0,0.0,124,124,1332.0,0.0,1332,1332,0.0025235395669937154,0.1411875051871299,-0.22659866797924041,0.10758816879987716,99fc6ef526bc821b82a48435c0a11457653382b1512fd893fda45260071da58a
E1,contrast,3,partial_channel,0.01,1.0,,4,5,0.09999999999999787,0.2573907535246774,-0.15000000000000568,0.5000000000000004,2000.0,0.0,2000,2000,0.06935483870967743,0.03496690869141742,0.016129032258064516,0.11290322580645161,0.00795795795795796,0.003382546644465108,0.0037537537537537537,0.012762762762762763,124.0,0.0,124,124,1332.0,0.0,1332,1332,0.007169604384899139,0.024828505222637895,-0.011763040482997894,0.04912625658512115,99fc6ef526bc821b82a48435c0a11457653382b1512fd893fda45260071da58a
E1,contrast,3,partial_channel,0.05,1.0,,4,5,0.06999999999999673,0.39147158262126786,-0.2500000000000058,0.649999999999995,2000.0,0.0,2000,2000,0.14516129032258066,0.028512370209134982,0.10483870967741936,0.1774193548387097,0.01981981981981982,0.004299645964947855,0.014264264264264264,0.026276276276276277,124.0,0.0,124,124,1332.0,0.0,1332,1332,0.015270299363136291,0.040418152096270504,-0.04367607313394546,0.05347165644168854,99fc6ef526bc821b82a48435c0a11457653382b1512fd893fda45260071da58a
E1,contrast,3,partial_channel,0.1,1.0,,4,5,0.389999999999997,0.5424481542046194,-0.10000000000000009,1.1499999999999955,2000.0,0.0,2000,2000,0.23548387096774195,0.038843853479975154,0.1935483870967742,0.2903225806451613,0.026726726726726723,0.008386930957218583,0.017267267267267267,0.038288288288288286,124.0,0.0,124,124,1332.0,0.0,1332,1332,0.06586997895240784,0.06946187883637983,-0.042736453413963316,0.1457398852109909,99fc6ef526bc821b82a48435c0a11457653382b1512fd893fda45260071da58a
E1,contrast,3,partial_channel,0.2,1.0,,4,5,0.5799999999999983,0.6350196847342595,-0.20000000000000018,1.4499999999999957,2000.0,0.0,2000,2000,0.3129032258064516,0.0750909957869986,0.24193548387096775,0.41935483870967744,0.03393393393393393,0.005552511137267447,0.024774774774774775,0.03903903903903904,124.0,0.0,124,124,1332.0,0.0,1332,1332,0.11209646961688995,0.13594920864777066,-0.07631910210847855,0.25282798290252684,99fc6ef526bc821b82a48435c0a11457653382b1512fd893fda45260071da58a
E1,contrast,3,partial_channel,0.01,1.0,,5,5,0.10999999999999677,0.2274862633215478,-0.2500000000000058,0.34999999999999476,2000.0,0.0,2000,2000,0.07096774193548386,0.028739564001944294,0.04032258064516129,0.10483870967741936,0.008108108108108109,0.002727612931619362,0.0037537537537537537,0.01126126126126126,124.0,0.0,124,124,1332.0,0.0,1332,1332,0.007383689665794374,0.0282632371774791,-0.018059120953083038,0.05411096650362015,99fc6ef526bc821b82a48435c0a11457653382b1512fd893fda45260071da58a
E1,contrast,3,partial_channel,0.05,1.0,,5,5,0.07999999999999785,0.317411404962079,-0.35000000000000586,0.5000000000000004,2000.0,0.0,2000,2000,0.13548387096774195,0.02511679274580232,0.11290322580645161,0.1774193548387097,0.018168168168168165,0.004325783871137518,0.015015015015015015,0.025525525525525526,124.0,0.0,124,124,1332.0,0.0,1332,1332,0.01528759936094284,0.04070932589322702,-0.037809370994567874,0.063955526471138,99fc6ef526bc821b82a48435c0a11457653382b1512fd893fda45260071da58a
E1,contrast,3,partial_channel,0.1,1.0,,5,5,0.2899999999999969,0.5561025085359725,-0.35000000000000586,1.0499999999999954,2000.0,0.0,2000,2000,0.2258064516129032,0.045974815528191056,0.18548387096774194,0.2903225806451613,0.026276276276276277,0.006213568077044613,0.01876876876876877,0.033783783783783786,124.0,0.0,124,124,1332.0,0.0,1332,1332,0.06816904654502869,0.07080516981253293,-0.04147384124994278,0.14293665254116059,99fc6ef526bc821b82a48435c0a11457653382b1512fd893fda45260071da58a
E1,contrast,3,partial_channel,0.2,1.0,,5,5,0.5799999999999983,0.621087755474217,-0.2500000000000058,1.3499999999999956,2000.0,0.0,2000,2000,0.3145161290322581,0.06795282075142227,0.24193548387096775,0.4112903225806452,0.03318318318318318,0.0049344374550014955,0.026276276276276277,0.03978978978978979,124.0,0.0,124,124,1332.0,0.0,1332,1332,0.11098274725675583,0.14178462342762158,-0.07761752939224244,0.2497434349656105,99fc6ef526bc821b82a48435c0a11457653382b1512fd893fda45260071da58a
E1,contrast,3,partial_channel,0.01,1.0,,6,5,0.17999999999999794,0.2612470095522637,-0.10000000000000009,0.6000000000000005,2000.0,0.0,2000,2000,0.06612903225806452,0.025116792745802318,0.04032258064516129,0.0967741935483871,0.006606606606606608,0.002455769854924343,0.0037537537537537537,0.00975975975975976,124.0,0.0,124,124,1332.0,0.0,1332,1332,0.012013128983974455,0.024640645455892465,-0.006642529904842377,0.05460860252380371,99fc6ef526bc821b82a48435c0a11457653382b1512fd893fda45260071da58a
E1,contrast,3,partial_channel,0.05,1.0,,6,5,0.21999999999999797,0.28853076092507063,-0.050000000000005596,0.6000000000000005,2000.0,0.0,2000,2000,0.13870967741935483,0.02816814386544029,0.10483870967741936,0.1693548387096774,0.016966966966966965,0.0037008280912511223,0.014264264264264264,0.023273273273273273,124.0,0.0,124,124,1332.0,0.0,1332,1332,0.029520970559120185,0.045703131136310124,-0.03325044196844101,0.0793228396177292,99fc6ef526bc821b82a48435c0a11457653382b1512fd893fda45260071da58a
E1,contrast,3,partial_channel,0.1,1.0,,6,5,0.43999999999999817,0.6994640805645415,-0.5000000000000004,1.3499999999999956,2000.0,0.0,2000,2000,0.22741935483870965,0.06536736815857884,0.1532258064516129,0.31451612903225806,0.023873873873873873,0.007401656182502244,0.015015015015015015,0.03303303303303303,124.0,0.0,124,124,1332.0,0.0,1332,1332,0.08619001104831696,0.07648276951563164,-0.023214455842971802,0.175054291844368,99fc6ef526bc821b82a48435c0a11457653382b1512fd893fda45260071da58a
E1,contrast,3,partial_channel,0.2,1.0,,6,5,0.7299999999999995,0.628092349897689,-0.10000000000000009,1.4000000000000012,2000.0,0.0,2000,2000,0.317741935483871,0.07747813628693839,0.23387096774193547,0.43548387096774194,0.03153153153153153,0.00528199972953089,0.024774774774774775,0.03903903903903904,124.0,0.0,124,124,1332.0,0.0,1332,1332,0.1394965346813202,0.13161159423644922,-0.032070416867733,0.27791673892736435,99fc6ef526bc821b82a48435c0a11457653382b1512fd893fda45260071da58a
E1,contrast,3,partial_channel,0.01,1.0,,7,5,0.42999999999999705,0.261247009552262,0.14999999999999458,0.8499999999999952,2000.0,0.0,2000,2000,0.1032258064516129,0.039672173794351104,0.056451612903225805,0.16129032258064516,0.008258258258258258,0.0036393992923546012,0.0045045045045045045,0.012762762762762763,124.0,0.0,124,124,1332.0,0.0,1332,1332,0.057725772404670715,0.043190400024158304,0.006894041121006012,0.11412718379497529,99fc6ef526bc821b82a48435c0a11457653382b1512fd893fda45260071da58a
E1,contrast,3,partial_channel,0.05,1.0,,7,5,0.4899999999999993,0.20736441353327698,0.30000000000000027,0.8000000000000007,2000.0,0.0,2000,2000,0.15806451612903225,0.034966908691417414,0.10483870967741936,0.20161290322580644,0.013813813813813813,0.004332293707583636,0.006756756756756757,0.018018018018018018,124.0,0.0,124,124,1332.0,0.0,1332,1332,0.0898692447423935,0.04606721278989879,0.02979741930961609,0.15604802310466767,99fc6ef526bc821b82a48435c0a11457653382b1512fd893fda45260071da58a
E1,contrast,3,partial_channel,0.1,1.0,,7,5,0.6699999999999995,0.31543620591174915,0.20000000000000018,0.9499999999999953,2000.0,0.0,2000,2000,0.23870967741935484,0.01672293657526429,0.22580645161290322,0.2661290322580645,0.01891891891891892,0.003616094468105795,0.014264264264264264,0.024024024024024024,124.0,0.0,124,124,1332.0,0.0,1332,1332,0.14336980894804002,0.04515206428033244,0.08777849370241166,0.20295148825645445,99fc6ef526bc821b82a48435c0a11457653382b1512fd893fda45260071da58a
E1,contrast,3,partial_channel,0.2,1.0,,7,5,0.6999999999999984,0.49623583103197894,0.30000000000000027,1.5499999999999958,2000.0,0.0,2000,2000,0.3241935483870968,0.04244418505464763,0.28225806451612906,0.3870967741935484,0.029129129129129128,0.0029747166300538963,0.024774774774774775,0.03228228228228228,124.0,0.0,124,124,1332.0,0.0,1332,1332,0.1972681396245956,0.07408397182108453,0.12341421204805374,0.31609900522232054,99fc6ef526bc821b82a48435c0a11457653382b1512fd893fda45260071da58a
E1,contrast,3,partial_channel,0.01,1.0,,8,5,0.29999999999999805,0.13693063937629063,0.10000000000000009,0.44999999999999485,2000.0,0.0,2000,2000,0.07741935483870968,0.030496242582562963,0.04838709677419355,0.12903225806451613,0.006756756756756757,0.0028587736883873534,0.0037537537537537537,0.00975975975975976,124.0,0.0,124,124,1332.0,0.0,1332,1332,0.049225826072692866,0.046432778031478175,0.004747244536876679,0.11194462716579437,99fc6ef526bc821b82a48435c0a11457653382b1512fd893fda45260071da58a
E1,contrast,3,partial_channel,0.05,1.0,,8,5,0.4699999999999971,0.5837379549078534,-0.35000000000000586,1.3000000000000012,2000.0,0.0,2000,2000,0.15161290322580645,0.026379721344832456,0.12096774193548387,0.1935483870967742,0.01231231231231231,0.00719311685705915,0.0007507507507507507,0.01876876876876877,124.0,0.0,124,124,1332.0,0.0,1332,1332,0.0862263664007187,0.040244338303057285,0.05230492359399796,0.14724193650484085,99fc6ef526bc821b82a48435c0a11457653382b1512fd893fda45260071da58a
E1,contrast,3,partial_channel,0.1,1.0,,8,5,0.6099999999999994,0.66181568431097,0.10000000000000009,1.749999999999996,2000.0,0.0,2000,2000,0.2161290322580645,0.058265780219962725,0.1693548387096774,0.31451612903225806,0.01876876876876877,0.00400791225676851,0.012762762762762763,0.02177177177177177,124.0,0.0,124,124,1332.0,0.0,1332,1332,0.14697987841367718,0.051905613797569645,0.09942567497491836,0.20621112340688705,99fc6ef526bc821b82a48435c0a11457653382b1512fd893fda45260071da58a
E1,contrast,3,partial_channel,0.2,1.0,,8,5,0.8899999999999973,0.38632887544163796,0.5000000000000004,1.4000000000000012,2000.0,0.0,2000,2000,0.32903225806451614,0.026379721344832456,0.2903225806451613,0.3629032258064516,0.025675675675675674,0.003842787955576494,0.021021021021021023,0.03003003003003003,124.0,0.0,124,124,1332.0,0.0,1332,1332,0.23293921575546261,0.05658352420637374,0.18300342428684235,0.31817009997367857,99fc6ef526bc821b82a48435c0a11457653382b1512fd893fda45260071da58a
E1,contrast,3,partial_channel,0.01,1.0,,9,5,0.3999999999999959,0.15000000000000013,0.14999999999999458,0.5499999999999949,2000.0,0.0,2000,2000,0.08225806451612902,0.02816814386544029,0.056451612903225805,0.12903225806451613,0.005705705705705706,0.0026859675405402875,0.0022522522522522522,0.008258258258258258,124.0,0.0,124,124,1332.0,0.0,1332,1332,0.0504920058131218,0.047507211156948934,0.006252469003200531,0.11937995678186417,99fc6ef526bc821b82a48435c0a11457653382b1512fd893fda45260071da58a
E1,contrast,3,partial_channel,0.05,1.0,,9,5,0.4799999999999982,0.3850324661635679,-0.20000000000000018,0.7499999999999951,2000.0,0.0,2000,2000,0.13870967741935486,0.03392852252897198,0.0967741935483871,0.1774193548387097,0.010810810810810811,0.004882766528981712,0.0045045045045045045,0.015015015015015015,124.0,0.0,124,124,1332.0,0.0,1332,1332,0.08737892777919769,0.03897680536136792,0.05752397918701172,0.14752109241485595,99fc6ef526bc821b82a48435c0a11457653382b1512fd893fda45260071da58a
E1,contrast,3,partial_channel,0.1,1.0,,9,5,0.6299999999999994,0.45221676218379875,0.30000000000000027,1.3499999999999956,2000.0,0.0,2000,2000,0.2096774193548387,0.0327582193735321,0.1693548387096774,0.25806451612903225,0.017267267267267267,0.0033152255504233664,0.012762762762762763,0.021021021021021023,124.0,0.0,124,124,1332.0,0.0,1332,1332,0.15563282321691513,0.044649105605957924,0.117731389939785,0.20693087178468705,99fc6ef526bc821b82a48435c0a11457653382b1512fd893fda45260071da58a
E1,contrast,3,partial_channel,0.2,1.0,,9,5,1.15,0.3535533905932721,0.7000000000000006,1.649999999999996,2000.0,0.0,2000,2000,0.3274193548387097,0.052450363037126135,0.27419354838709675,0.3951612903225806,0.021471471471471472,0.003623879395239391,0.015765765765765764,0.025525525525525526,124.0,0.0,124,124,1332.0,0.0,1332,1332,0.24963055925369262,0.05025357622957262,0.20706837916374207,0.3252389495968819,99fc6ef526bc821b82a48435c0a11457653382b1512fd893fda45260071da58a
E1,contrast,3,partial_channel,0.01,1.0,,10,5,0.28999999999999915,0.13416407864998894,0.14999999999999458,0.5000000000000004,2000.0,0.0,2000,2000,0.06774193548387097,0.028852490032255353,0.03225806451612903,0.10483870967741936,0.005855855855855856,0.002878421848750873,0.0022522522522522522,0.009009009009009009,124.0,0.0,124,124,1332.0,0.0,1332,1332,0.05103425532579422,0.04834866928926012,0.012713835418224335,0.12621280020475387,99fc6ef526bc821b82a48435c0a11457653382b1512fd893fda45260071da58a
E1,contrast,3,partial_channel,0.05,1.0,,10,5,0.3599999999999959,0.3248076353782356,-0.15000000000000568,0.649999999999995,2000.0,0.0,2000,2000,0.12580645161290321,0.03102481300269571,0.08870967741935484,0.1693548387096774,0.01096096096096096,0.0028881958050557574,0.0075075075075075074,0.014264264264264264,124.0,0.0,124,124,1332.0,0.0,1332,1332,0.08913951098918915,0.046186566164526065,0.05135233074426651,0.16556278175115585,99fc6ef526bc821b82a48435c0a11457653382b1512fd893fda45260071da58a
E1,contrast,3,partial_channel,0.1,1.0,,10,5,0.8699999999999953,0.46583258795408505,0.5499999999999949,1.649999999999996,2000.0,0.0,2000,2000,0.2209677419354839,0.03892747866499088,0.18548387096774194,0.28225806451612906,0.016216216216216217,0.00202841682974569,0.012762762762762763,0.018018018018018018,124.0,0.0,124,124,1332.0,0.0,1332,1332,0.15982353670597077,0.05399054297599208,0.11772517597675324,0.21984494262933732,99fc6ef526bc821b82a48435c0a11457653382b1512fd893fda45260071da58a
E1,contrast,3,partial_channel,0.2,1.0,,10,5,1.0699999999999976,0.45634416836418573,0.5499999999999949,1.5000000000000013,2000.0,0.0,2000,2000,0.3306451612903225,0.036513649750554114,0.27419354838709675,0.3629032258064516,0.022822822822822823,0.00420018039960942,0.016516516516516516,0.02702702702702703,124.0,0.0,124,124,1332.0,0.0,1332,1332,0.2505193593144417,0.0641233779821928,0.19318078958988188,0.3437982524633408,99fc6ef526bc821b82a48435c0a11457653382b1512fd893fda45260071da58a
E1,contrast,3,partial_channel,0.01,1.0,,11,5,0.2799999999999958,0.09746794344809144,0.14999999999999458,0.40000000000000036,2000.0,0.0,2000,2000,0.06612903225806452,0.03245905128628727,0.03225806451612903,0.10483870967741936,0.005855855855855856,0.0030679905017571393,0.0022522522522522522,0.009009009009009009,124.0,0.0,124,124,1332.0,0.0,1332,1332,0.04930027987957001,0.044858335916506065,0.015830742061138152,0.11907198631763458,99fc6ef526bc821b82a48435c0a11457653382b1512fd893fda45260071da58a
E1,contrast,3,partial_channel,0.05,1.0,,11,5,0.4099999999999948,0.3361547262794325,-0.050000000000005596,0.8499999999999952,2000.0,0.0,2000,2000,0.12580645161290321,0.03850753673004297,0.08870967741935484,0.18548387096774194,0.010360360360360362,0.002778792120618881,0.006756756756756757,0.013513513513513514,124.0,0.0,124,124,1332.0,0.0,1332,1332,0.0890910693883896,0.044378543086329804,0.04940336436033249,0.16251456308364867,99fc6ef526bc821b82a48435c0a11457653382b1512fd893fda45260071da58a
E1,contrast,3,partial_channel,0.1,1.0,,11,5,0.7499999999999996,0.33911649915626413,0.40000000000000036,1.3000000000000012,2000.0,0.0,2000,2000,0.2064516129032258,0.023233645630464414,0.18548387096774194,0.24193548387096775,0.015015015015015015,0.0027584343950261014,0.012012012012012012,0.017267267267267267,124.0,0.0,124,124,1332.0,0.0,1332,1332,0.15714234502315522,0.05268437857489043,0.10962898206710815,0.21586292111873626,99fc6ef526bc821b82a48435c0a11457653382b1512fd893fda45260071da58a
E1,contrast,3,partial_channel,0.2,1.0,,11,5,1.2199999999999989,0.321325380261193,0.8000000000000007,1.5000000000000013,2000.0,0.0,2000,2000,0.332258064516129,0.03799748061093468,0.2661290322580645,0.3629032258064516,0.02072072072072072,0.0025789135191167673,0.016516516516516516,0.023273273273273273,124.0,0.0,124,124,1332.0,0.0,1332,1332,0.24839911024570466,0.0590851159371742,0.20615673983097077,0.33593480902910233,99fc6ef526bc821b82a48435c0a11457653382b1512fd893fda45260071da58a
E1,contrast,3,partial_channel,0.01,1.0,,12,5,0.3599999999999959,0.19493588689618044,0.04999999999999449,0.5499999999999949,2000.0,0.0,2000,2000,0.06612903225806452,0.027584889316914628,0.04032258064516129,0.10483870967741936,0.004954954954954955,0.0017283580230062071,0.003003003003003003,0.006756756756756757,124.0,0.0,124,124,1332.0,0.0,1332,1332,0.043940945851802825,0.038226656987679214,0.01407333117723465,0.10349890923500062,99fc6ef526bc821b82a48435c0a11457653382b1512fd893fda45260071da58a
E1,contrast,3,partial_channel,0.05,1.0,,12,5,0.41999999999999593,0.27294688127912425,-0.050000000000005596,0.649999999999995,2000.0,0.0,2000,2000,0.11935483870967742,0.03295615603500412,0.06451612903225806,0.14516129032258066,0.00930930930930931,0.002936577660001193,0.0045045045045045045,0.012012012012012012,124.0,0.0,124,124,1332.0,0.0,1332,1332,0.08590851511955261,0.04291647888525919,0.03652497810125351,0.1521719789505005,99fc6ef526bc821b82a48435c0a11457653382b1512fd893fda45260071da58a
E1,contrast,3,partial_channel,0.1,1.0,,12,5,0.6899999999999995,0.3049590136395399,0.34999999999999476,1.100000000000001,2000.0,0.0,2000,2000,0.1870967741935484,0.015512406501347864,0.1693548387096774,0.20967741935483872,0.013813813813813813,0.0036238793952393903,0.009009009009009009,0.01876876876876877,124.0,0.0,124,124,1332.0,0.0,1332,1332,0.14846308665275573,0.0448958864536712,0.0990753316283226,0.2000261464715004,99fc6ef526bc821b82a48435c0a11457653382b1512fd893fda45260071da58a
E1,contrast,3,partial_channel,0.2,1.0,,12,5,1.1199999999999988,0.33279122584587556,0.7499999999999951,1.5000000000000013,2000.0,0.0,2000,2000,0.3145161290322581,0.02674697411576935,0.2903225806451613,0.3548387096774194,0.02117117117117117,0.002878421848750873,0.01876876876876877,0.025525525525525526,124.0,0.0,124,124,1332.0,0.0,1332,1332,0.25160211037397384,0.04998585392368052,0.21490014040470123,0.3331668168306351,99fc6ef526bc821b82a48435c0a11457653382b1512fd893fda45260071da58a
E1,contrast,3,partial_channel,0.01,1.0,,13,5,0.1499999999999968,0.06123724356958177,0.04999999999999449,0.20000000000000018,2000.0,0.0,2000,2000,0.05,0.01051484258903653,0.03225806451612903,0.056451612903225805,0.0045045045045045045,0.00167872971283768,0.0022522522522522522,0.006756756756756757,124.0,0.0,124,124,1332.0,0.0,1332,1332,0.013229478645324705,0.004930905884958023,0.007762947857379914,0.02093708711862564,99fc6ef526bc821b82a48435c0a11457653382b1512fd893fda45260071da58a
E1,contrast,3,partial_channel,0.05,1.0,,13,5,0.17999999999999572,0.24392621835300798,-0.10000000000000009,0.44999999999999485,2000.0,0.0,2000,2000,0.10483870967741934,0.015087328172475573,0.08870967741935484,0.12096774193548387,0.011411411411411412,0.0033321833365123348,0.0075075075075075074,0.015015015015015015,124.0,0.0,124,124,1332.0,0.0,1332,1332,0.06960594576597215,0.008164564356168805,0.05896996849775314,0.08141146337985992,99fc6ef526bc821b82a48435c0a11457653382b1512fd893fda45260071da58a
E1,contrast,3,partial_channel,0.1,1.0,,13,5,0.4799999999999982,0.225277606521378,0.24999999999999467,0.8000000000000007,2000.0,0.0,2000,2000,0.17258064516129032,0.043278735048383025,0.12903225806451613,0.22580645161290322,0.016216216216216214,0.003031025411139092,0.013513513513513514,0.021021021021021023,124.0,0.0,124,124,1332.0,0.0,1332,1332,0.1180950892686844,0.013770798277665192,0.10156966823339462,0.13930504608154298,99fc6ef526bc821b82a48435c0a11457653382b1512fd893fda45260071da58a
E1,contrast,3,partial_channel,0.2,1.0,,13,5,0.6599999999999984,0.21035683967962596,0.44999999999999485,0.9499999999999953,2000.0,0.0,2000,2000,0.2661290322580645,0.025502239194906285,0.24193548387096775,0.3064516129032258,0.022372372372372374,0.002455769854924343,0.01876876876876877,0.025525525525525526,124.0,0.0,124,124,1332.0,0.0,1332,1332,0.22642793459892271,0.008779520392638693,0.21764688688516617,0.23777985721826553,99fc6ef526bc821b82a48435c0a11457653382b1512fd893fda45260071da58a
E1,contrast,3,partial_channel,0.01,1.0,,14,5,0.07999999999999785,0.13509256086106472,-0.15000000000000568,0.20000000000000018,2000.0,0.0,2000,2000,0.029032258064516127,0.01349451655700122,0.008064516129032258,0.04032258064516129,0.002702702702702703,0.0008559875563807342,0.0015015015015015015,0.0037537537537537537,124.0,0.0,124,124,1332.0,0.0,1332,1332,0.011012061357498168,0.0042918213253857205,0.005954038977622986,0.017679003298282623,99fc6ef526bc821b82a48435c0a11457653382b1512fd893fda45260071da58a
E1,contrast,3,partial_channel,0.05,1.0,,14,5,0.349999999999997,0.20916500663352106,0.14999999999999458,0.7000000000000006,2000.0,0.0,2000,2000,0.09516129032258065,0.02378690516734295,0.056451612903225805,0.12096774193548387,0.00795795795795796,0.0018843694291308007,0.005255255255255256,0.00975975975975976,124.0,0.0,124,124,1332.0,0.0,1332,1332,0.06118756937980652,0.007937006447504532,0.05026473718881607,0.06866550904512406,99fc6ef526bc821b82a48435c0a11457653382b1512fd893fda45260071da58a
E1,contrast,3,partial_channel,0.1,1.0,,14,5,0.44999999999999707,0.24238399287081608,0.10000000000000009,0.7000000000000006,2000.0,0.0,2000,2000,0.14677419354838708,0.02378690516734294,0.12096774193548387,0.1693548387096774,0.012612612612612612,0.0009788592200003976,0.012012012012012012,0.014264264264264264,124.0,0.0,124,124,1332.0,0.0,1332,1332,0.10602132152318955,0.010553968815705363,0.09793722289800644,0.12340395301580429,99fc6ef526bc821b82a48435c0a11457653382b1512fd893fda45260071da58a
E1,contrast,3,partial_channel,0.2,1.0,,14,5,0.9399999999999986,0.14747881203752433,0.8000000000000007,1.1499999999999955,2000.0,0.0,2000,2000,0.26129032258064516,0.02650270439541128,0.23387096774193547,0.2903225806451613,0.017117117117117116,0.0019432701359676857,0.014264264264264264,0.01951951951951952,124.0,0.0,124,124,1332.0,0.0,1332,1332,0.2141377941608429,0.01687201620089523,0.1985372114777565,0.24097433108091354,99fc6ef526bc821b82a48435c0a11457653382b1512fd893fda45260071da58a
E1,contrast,3,partial_channel,0.01,1.0,,15,5,0.1499999999999968,0.1060660171779796,0.0,0.24999999999999467,2000.0,0.0,2000,2000,0.024193548387096774,0.013968151673942558,0.0,0.03225806451612903,0.0010510510510510509,0.0008559875563807342,0.0,0.0022522522522522522,124.0,0.0,124,124,1332.0,0.0,1332,1332,0.009632546818256378,0.002672273779690533,0.006645175874233246,0.011992660760879516,99fc6ef526bc821b82a48435c0a11457653382b1512fd893fda45260071da58a
E1,contrast,3,partial_channel,0.05,1.0,,15,5,0.2999999999999958,0.2549509756796389,0.14999999999999458,0.7499999999999951,2000.0,0.0,2000,2000,0.07580645161290323,0.025881946025614864,0.056451612903225805,0.12096774193548387,0.005105105105105106,0.0019432701359676854,0.003003003003003003,0.0075075075075075074,124.0,0.0,124,124,1332.0,0.0,1332,1332,0.0519210256099701,0.006235765659685004,0.04398160034418106,0.05988190937042236,99fc6ef526bc821b82a48435c0a11457653382b1512fd893fda45260071da58a
E1,contrast,3,partial_channel,0.1,1.0,,15,5,0.6399999999999983,0.3070016286601775,0.34999999999999476,1.100000000000001,2000.0,0.0,2000,2000,0.1467741935483871,0.02511679274580232,0.12096774193548387,0.1774193548387097,0.008108108108108109,0.0027276129316193623,0.0045045045045045045,0.010510510510510511,124.0,0.0,124,124,1332.0,0.0,1332,1332,0.10228397125005721,0.009970820415332109,0.0866919949054718,0.11206634759902954,99fc6ef526bc821b82a48435c0a11457653382b1512fd893fda45260071da58a
E1,contrast,3,partial_channel,0.2,1.0,,15,5,1.0399999999999987,0.29874738492579467,0.7000000000000006,1.4000000000000012,2000.0,0.0,2000,2000,0.25806451612903225,0.038253358792359436,0.20967741935483872,0.3064516129032258,0.013063063063063063,0.002409430410792975,0.00975975975975976,0.015015015015015015,124.0,0.0,124,124,1332.0,0.0,1332,1332,0.2098257735490799,0.019269974115083865,0.18046767693758012,0.23239276134967804,99fc6ef526bc821b82a48435c0a11457653382b1512fd893fda45260071da58a
E1,contrast,3,none,0.01,1.0,,0,1,0.0,,0.0,0.0,2000.0,,2000,2000,0.0,,0.0,0.0,0.0,,0.0,0.0,124.0,,124,124,1332.0,,1332,1332,0.0,,0.0,0.0,99fc6ef526bc821b82a48435c0a11457653382b1512fd893fda45260071da58a
E1,contrast,3,none,0.01,1.0,,1,1,0.0,,0.0,0.0,2000.0,,2000,2000,0.0,,0.0,0.0,0.0,,0.0,0.0,124.0,,124,124,1332.0,,1332,1332,0.0,,0.0,0.0,99fc6ef526bc821b82a48435c0a11457653382b1512fd893fda45260071da58a
E1,contrast,3,none,0.01,1.0,,2,1,0.0,,0.0,0.0,2000.0,,2000,2000,0.0,,0.0,0.0,0.0,,0.0,0.0,124.0,,124,124,1332.0,,1332,1332,0.0,,0.0,0.0,99fc6ef526bc821b82a48435c0a11457653382b1512fd893fda45260071da58a
E1,contrast,3,none,0.01,1.0,,3,1,0.0,,0.0,0.0,2000.0,,2000,2000,0.0,,0.0,0.0,0.0,,0.0,0.0,124.0,,124,124,1332.0,,1332,1332,0.0,,0.0,0.0,99fc6ef526bc821b82a48435c0a11457653382b1512fd893fda45260071da58a
E1,contrast,3,none,0.01,1.0,,4,1,0.0,,0.0,0.0,2000.0,,2000,2000,0.0,,0.0,0.0,0.0,,0.0,0.0,124.0,,124,124,1332.0,,1332,1332,0.0,,0.0,0.0,99fc6ef526bc821b82a48435c0a11457653382b1512fd893fda45260071da58a
E1,contrast,3,none,0.01,1.0,,5,1,0.0,,0.0,0.0,2000.0,,2000,2000,0.0,,0.0,0.0,0.0,,0.0,0.0,124.0,,124,124,1332.0,,1332,1332,0.0,,0.0,0.0,99fc6ef526bc821b82a48435c0a11457653382b1512fd893fda45260071da58a
E1,contrast,3,none,0.01,1.0,,6,1,0.0,,0.0,0.0,2000.0,,2000,2000,0.0,,0.0,0.0,0.0,,0.0,0.0,124.0,,124,124,1332.0,,1332,1332,0.0,,0.0,0.0,99fc6ef526bc821b82a48435c0a11457653382b1512fd893fda45260071da58a
E1,contrast,3,none,0.01,1.0,,7,1,0.0,,0.0,0.0,2000.0,,2000,2000,0.0,,0.0,0.0,0.0,,0.0,0.0,124.0,,124,124,1332.0,,1332,1332,0.0,,0.0,0.0,99fc6ef526bc821b82a48435c0a11457653382b1512fd893fda45260071da58a
E1,contrast,3,none,0.01,1.0,,8,1,0.0,,0.0,0.0,2000.0,,2000,2000,0.0,,0.0,0.0,0.0,,0.0,0.0,124.0,,124,124,1332.0,,1332,1332,0.0,,0.0,0.0,99fc6ef526bc821b82a48435c0a11457653382b1512fd893fda45260071da58a
E1,contrast,3,none,0.01,1.0,,9,1,0.0,,0.0,0.0,2000.0,,2000,2000,0.0,,0.0,0.0,0.0,,0.0,0.0,124.0,,124,124,1332.0,,1332,1332,0.0,,0.0,0.0,99fc6ef526bc821b82a48435c0a11457653382b1512fd893fda45260071da58a
E1,contrast,3,none,0.01,1.0,,10,1,0.0,,0.0,0.0,2000.0,,2000,2000,0.0,,0.0,0.0,0.0,,0.0,0.0,124.0,,124,124,1332.0,,1332,1332,0.0,,0.0,0.0,99fc6ef526bc821b82a48435c0a11457653382b1512fd893fda45260071da58a
E1,contrast,3,none,0.01,1.0,,11,1,0.0,,0.0,0.0,2000.0,,2000,2000,0.0,,0.0,0.0,0.0,,0.0,0.0,124.0,,124,124,1332.0,,1332,1332,0.0,,0.0,0.0,99fc6ef526bc821b82a48435c0a11457653382b1512fd893fda45260071da58a
E1,contrast,3,none,0.01,1.0,,12,1,0.0,,0.0,0.0,2000.0,,2000,2000,0.0,,0.0,0.0,0.0,,0.0,0.0,124.0,,124,124,1332.0,,1332,1332,0.0,,0.0,0.0,99fc6ef526bc821b82a48435c0a11457653382b1512fd893fda45260071da58a
E1,contrast,3,none,0.01,1.0,,13,1,0.0,,0.0,0.0,2000.0,,2000,2000,0.0,,0.0,0.0,0.0,,0.0,0.0,124.0,,124,124,1332.0,,1332,1332,0.0,,0.0,0.0,99fc6ef526bc821b82a48435c0a11457653382b1512fd893fda45260071da58a
E1,contrast,3,none,0.01,1.0,,14,1,0.0,,0.0,0.0,2000.0,,2000,2000,0.0,,0.0,0.0,0.0,,0.0,0.0,124.0,,124,124,1332.0,,1332,1332,0.0,,0.0,0.0,99fc6ef526bc821b82a48435c0a11457653382b1512fd893fda45260071da58a
E1,contrast,3,none,0.01,1.0,,15,1,0.0,,0.0,0.0,2000.0,,2000,2000,0.0,,0.0,0.0,0.0,,0.0,0.0,124.0,,124,124,1332.0,,1332,1332,0.0,,0.0,0.0,99fc6ef526bc821b82a48435c0a11457653382b1512fd893fda45260071da58a
E1,contrast,3,clean_to_clean,0.01,1.0,,0,1,2.949999999999997,,2.949999999999997,2.949999999999997,2000.0,,2000,2000,1.0,,1.0,1.0,0.048798798798798795,,0.048798798798798795,0.048798798798798795,124.0,,124,124,1332.0,,1332,1332,0.7185006253123284,,0.7185006253123284,0.7185006253123284,99fc6ef526bc821b82a48435c0a11457653382b1512fd893fda45260071da58a
E1,contrast,3,clean_to_clean,0.01,1.0,,1,1,2.949999999999997,,2.949999999999997,2.949999999999997,2000.0,,2000,2000,1.0,,1.0,1.0,0.048798798798798795,,0.048798798798798795,0.048798798798798795,124.0,,124,124,1332.0,,1332,1332,0.7185006253123284,,0.7185006253123284,0.7185006253123284,99fc6ef526bc821b82a48435c0a11457653382b1512fd893fda45260071da58a
E1,contrast,3,clean_to_clean,0.01,1.0,,2,1,2.949999999999997,,2.949999999999997,2.949999999999997,2000.0,,2000,2000,1.0,,1.0,1.0,0.048798798798798795,,0.048798798798798795,0.048798798798798795,124.0,,124,124,1332.0,,1332,1332,0.7185006253123284,,0.7185006253123284,0.7185006253123284,99fc6ef526bc821b82a48435c0a11457653382b1512fd893fda45260071da58a
E1,contrast,3,clean_to_clean,0.01,1.0,,3,1,2.949999999999997,,2.949999999999997,2.949999999999997,2000.0,,2000,2000,1.0,,1.0,1.0,0.048798798798798795,,0.048798798798798795,0.048798798798798795,124.0,,124,124,1332.0,,1332,1332,0.7185006253123284,,0.7185006253123284,0.7185006253123284,99fc6ef526bc821b82a48435c0a11457653382b1512fd893fda45260071da58a
E1,contrast,3,clean_to_clean,0.01,1.0,,4,1,2.949999999999997,,2.949999999999997,2.949999999999997,2000.0,,2000,2000,1.0,,1.0,1.0,0.048798798798798795,,0.048798798798798795,0.048798798798798795,124.0,,124,124,1332.0,,1332,1332,0.7185006253123284,,0.7185006253123284,0.7185006253123284,99fc6ef526bc821b82a48435c0a11457653382b1512fd893fda45260071da58a
E1,contrast,3,clean_to_clean,0.01,1.0,,5,1,2.949999999999997,,2.949999999999997,2.949999999999997,2000.0,,2000,2000,1.0,,1.0,1.0,0.048798798798798795,,0.048798798798798795,0.048798798798798795,124.0,,124,124,1332.0,,1332,1332,0.7185006253123284,,0.7185006253123284,0.7185006253123284,99fc6ef526bc821b82a48435c0a11457653382b1512fd893fda45260071da58a
E1,contrast,3,clean_to_clean,0.01,1.0,,6,1,2.949999999999997,,2.949999999999997,2.949999999999997,2000.0,,2000,2000,1.0,,1.0,1.0,0.048798798798798795,,0.048798798798798795,0.048798798798798795,124.0,,124,124,1332.0,,1332,1332,0.7185006253123284,,0.7185006253123284,0.7185006253123284,99fc6ef526bc821b82a48435c0a11457653382b1512fd893fda45260071da58a
E1,contrast,3,clean_to_clean,0.01,1.0,,7,1,2.949999999999997,,2.949999999999997,2.949999999999997,2000.0,,2000,2000,1.0,,1.0,1.0,0.048798798798798795,,0.048798798798798795,0.048798798798798795,124.0,,124,124,1332.0,,1332,1332,0.7185006253123284,,0.7185006253123284,0.7185006253123284,99fc6ef526bc821b82a48435c0a11457653382b1512fd893fda45260071da58a
E1,contrast,3,clean_to_clean,0.01,1.0,,8,1,2.949999999999997,,2.949999999999997,2.949999999999997,2000.0,,2000,2000,1.0,,1.0,1.0,0.048798798798798795,,0.048798798798798795,0.048798798798798795,124.0,,124,124,1332.0,,1332,1332,0.7185006253123284,,0.7185006253123284,0.7185006253123284,99fc6ef526bc821b82a48435c0a11457653382b1512fd893fda45260071da58a
E1,contrast,3,clean_to_clean,0.01,1.0,,9,1,2.949999999999997,,2.949999999999997,2.949999999999997,2000.0,,2000,2000,1.0,,1.0,1.0,0.048798798798798795,,0.048798798798798795,0.048798798798798795,124.0,,124,124,1332.0,,1332,1332,0.7185006253123284,,0.7185006253123284,0.7185006253123284,99fc6ef526bc821b82a48435c0a11457653382b1512fd893fda45260071da58a
E1,contrast,3,clean_to_clean,0.01,1.0,,10,1,2.949999999999997,,2.949999999999997,2.949999999999997,2000.0,,2000,2000,1.0,,1.0,1.0,0.048798798798798795,,0.048798798798798795,0.048798798798798795,124.0,,124,124,1332.0,,1332,1332,0.7185006253123284,,0.7185006253123284,0.7185006253123284,99fc6ef526bc821b82a48435c0a11457653382b1512fd893fda45260071da58a
E1,contrast,3,clean_to_clean,0.01,1.0,,11,1,2.949999999999997,,2.949999999999997,2.949999999999997,2000.0,,2000,2000,1.0,,1.0,1.0,0.048798798798798795,,0.048798798798798795,0.048798798798798795,124.0,,124,124,1332.0,,1332,1332,0.7185006253123284,,0.7185006253123284,0.7185006253123284,99fc6ef526bc821b82a48435c0a11457653382b1512fd893fda45260071da58a
E1,contrast,3,clean_to_clean,0.01,1.0,,12,1,2.949999999999997,,2.949999999999997,2.949999999999997,2000.0,,2000,2000,1.0,,1.0,1.0,0.048798798798798795,,0.048798798798798795,0.048798798798798795,124.0,,124,124,1332.0,,1332,1332,0.7185006253123284,,0.7185006253123284,0.7185006253123284,99fc6ef526bc821b82a48435c0a11457653382b1512fd893fda45260071da58a
E1,contrast,3,clean_to_clean,0.01,1.0,,13,1,2.949999999999997,,2.949999999999997,2.949999999999997,2000.0,,2000,2000,1.0,,1.0,1.0,0.048798798798798795,,0.048798798798798795,0.048798798798798795,124.0,,124,124,1332.0,,1332,1332,0.7185006253123284,,0.7185006253123284,0.7185006253123284,99fc6ef526bc821b82a48435c0a11457653382b1512fd893fda45260071da58a
E1,contrast,3,clean_to_clean,0.01,1.0,,14,1,2.949999999999997,,2.949999999999997,2.949999999999997,2000.0,,2000,2000,1.0,,1.0,1.0,0.048798798798798795,,0.048798798798798795,0.048798798798798795,124.0,,124,124,1332.0,,1332,1332,0.7185006253123284,,0.7185006253123284,0.7185006253123284,99fc6ef526bc821b82a48435c0a11457653382b1512fd893fda45260071da58a
E1,contrast,3,clean_to_clean,0.01,1.0,,15,1,2.949999999999997,,2.949999999999997,2.949999999999997,2000.0,,2000,2000,1.0,,1.0,1.0,0.048798798798798795,,0.048798798798798795,0.048798798798798795,124.0,,124,124,1332.0,,1332,1332,0.7185006253123284,,0.7185006253123284,0.7185006253123284,99fc6ef526bc821b82a48435c0a11457653382b1512fd893fda45260071da58a
E1,contrast,3,full_state,0.01,1.0,,0,1,2.949999999999997,,2.949999999999997,2.949999999999997,2000.0,,2000,2000,1.0,,1.0,1.0,0.048798798798798795,,0.048798798798798795,0.048798798798798795,124.0,,124,124,1332.0,,1332,1332,0.7185006253123284,,0.7185006253123284,0.7185006253123284,99fc6ef526bc821b82a48435c0a11457653382b1512fd893fda45260071da58a
E1,contrast,3,full_state,0.01,1.0,,1,1,2.949999999999997,,2.949999999999997,2.949999999999997,2000.0,,2000,2000,1.0,,1.0,1.0,0.048798798798798795,,0.048798798798798795,0.048798798798798795,124.0,,124,124,1332.0,,1332,1332,0.7185006253123284,,0.7185006253123284,0.7185006253123284,99fc6ef526bc821b82a48435c0a11457653382b1512fd893fda45260071da58a
E1,contrast,3,full_state,0.01,1.0,,2,1,2.949999999999997,,2.949999999999997,2.949999999999997,2000.0,,2000,2000,1.0,,1.0,1.0,0.048798798798798795,,0.048798798798798795,0.048798798798798795,124.0,,124,124,1332.0,,1332,1332,0.7185006253123284,,0.7185006253123284,0.7185006253123284,99fc6ef526bc821b82a48435c0a11457653382b1512fd893fda45260071da58a
E1,contrast,3,full_state,0.01,1.0,,3,1,2.949999999999997,,2.949999999999997,2.949999999999997,2000.0,,2000,2000,1.0,,1.0,1.0,0.048798798798798795,,0.048798798798798795,0.048798798798798795,124.0,,124,124,1332.0,,1332,1332,0.7185006253123284,,0.7185006253123284,0.7185006253123284,99fc6ef526bc821b82a48435c0a11457653382b1512fd893fda45260071da58a
E1,contrast,3,full_state,0.01,1.0,,4,1,2.949999999999997,,2.949999999999997,2.949999999999997,2000.0,,2000,2000,1.0,,1.0,1.0,0.048798798798798795,,0.048798798798798795,0.048798798798798795,124.0,,124,124,1332.0,,1332,1332,0.7185006253123284,,0.7185006253123284,0.7185006253123284,99fc6ef526bc821b82a48435c0a11457653382b1512fd893fda45260071da58a
E1,contrast,3,full_state,0.01,1.0,,5,1,2.949999999999997,,2.949999999999997,2.949999999999997,2000.0,,2000,2000,1.0,,1.0,1.0,0.048798798798798795,,0.048798798798798795,0.048798798798798795,124.0,,124,124,1332.0,,1332,1332,0.7185006253123284,,0.7185006253123284,0.7185006253123284,99fc6ef526bc821b82a48435c0a11457653382b1512fd893fda45260071da58a
E1,contrast,3,full_state,0.01,1.0,,6,1,2.949999999999997,,2.949999999999997,2.949999999999997,2000.0,,2000,2000,1.0,,1.0,1.0,0.048798798798798795,,0.048798798798798795,0.048798798798798795,124.0,,124,124,1332.0,,1332,1332,0.7185006253123284,,0.7185006253123284,0.7185006253123284,99fc6ef526bc821b82a48435c0a11457653382b1512fd893fda45260071da58a
E1,contrast,3,full_state,0.01,1.0,,7,1,2.949999999999997,,2.949999999999997,2.949999999999997,2000.0,,2000,2000,1.0,,1.0,1.0,0.048798798798798795,,0.048798798798798795,0.048798798798798795,124.0,,124,124,1332.0,,1332,1332,0.7185006253123284,,0.7185006253123284,0.7185006253123284,99fc6ef526bc821b82a48435c0a11457653382b1512fd893fda45260071da58a
E1,contrast,3,full_state,0.01,1.0,,8,1,2.949999999999997,,2.949999999999997,2.949999999999997,2000.0,,2000,2000,1.0,,1.0,1.0,0.048798798798798795,,0.048798798798798795,0.048798798798798795,124.0,,124,124,1332.0,,1332,1332,0.7185006253123284,,0.7185006253123284,0.7185006253123284,99fc6ef526bc821b82a48435c0a11457653382b1512fd893fda45260071da58a
E1,contrast,3,full_state,0.01,1.0,,9,1,2.949999999999997,,2.949999999999997,2.949999999999997,2000.0,,2000,2000,1.0,,1.0,1.0,0.048798798798798795,,0.048798798798798795,0.048798798798798795,124.0,,124,124,1332.0,,1332,1332,0.7185006253123284,,0.7185006253123284,0.7185006253123284,99fc6ef526bc821b82a48435c0a11457653382b1512fd893fda45260071da58a
E1,contrast,3,full_state,0.01,1.0,,10,1,2.949999999999997,,2.949999999999997,2.949999999999997,2000.0,,2000,2000,1.0,,1.0,1.0,0.048798798798798795,,0.048798798798798795,0.048798798798798795,124.0,,124,124,1332.0,,1332,1332,0.7185006253123284,,0.7185006253123284,0.7185006253123284,99fc6ef526bc821b82a48435c0a11457653382b1512fd893fda45260071da58a
E1,contrast,3,full_state,0.01,1.0,,11,1,2.949999999999997,,2.949999999999997,2.949999999999997,2000.0,,2000,2000,1.0,,1.0,1.0,0.048798798798798795,,0.048798798798798795,0.048798798798798795,124.0,,124,124,1332.0,,1332,1332,0.7185006253123284,,0.7185006253123284,0.7185006253123284,99fc6ef526bc821b82a48435c0a11457653382b1512fd893fda45260071da58a
E1,contrast,3,full_state,0.01,1.0,,12,1,2.949999999999997,,2.949999999999997,2.949999999999997,2000.0,,2000,2000,1.0,,1.0,1.0,0.048798798798798795,,0.048798798798798795,0.048798798798798795,124.0,,124,124,1332.0,,1332,1332,0.7185006253123284,,0.7185006253123284,0.7185006253123284,99fc6ef526bc821b82a48435c0a11457653382b1512fd893fda45260071da58a
E1,contrast,3,full_state,0.01,1.0,,13,1,2.949999999999997,,2.949999999999997,2.949999999999997,2000.0,,2000,2000,1.0,,1.0,1.0,0.048798798798798795,,0.048798798798798795,0.048798798798798795,124.0,,124,124,1332.0,,1332,1332,0.7185006253123284,,0.7185006253123284,0.7185006253123284,99fc6ef526bc821b82a48435c0a11457653382b1512fd893fda45260071da58a
E1,contrast,3,full_state,0.01,1.0,,14,1,2.949999999999997,,2.949999999999997,2.949999999999997,2000.0,,2000,2000,1.0,,1.0,1.0,0.048798798798798795,,0.048798798798798795,0.048798798798798795,124.0,,124,124,1332.0,,1332,1332,0.7185006253123284,,0.7185006253123284,0.7185006253123284,99fc6ef526bc821b82a48435c0a11457653382b1512fd893fda45260071da58a
E1,contrast,3,full_state,0.01,1.0,,15,1,2.949999999999997,,2.949999999999997,2.949999999999997,2000.0,,2000,2000,1.0,,1.0,1.0,0.048798798798798795,,0.048798798798798795,0.048798798798798795,124.0,,124,124,1332.0,,1332,1332,0.7185006253123284,,0.7185006253123284,0.7185006253123284,99fc6ef526bc821b82a48435c0a11457653382b1512fd893fda45260071da58a
E1,contrast,3,random_direction,0.01,1.0,,0,1,-0.30000000000000027,,-0.30000000000000027,-0.30000000000000027,2000.0,,2000,2000,0.04032258064516129,,0.04032258064516129,0.04032258064516129,0.015765765765765764,,0.015765765765765764,0.015765765765765764,124.0,,124,124,1332.0,,1332,1332,-0.04248779910802841,,-0.04248779910802841,-0.04248779910802841,99fc6ef526bc821b82a48435c0a11457653382b1512fd893fda45260071da58a
E1,contrast,3,random_direction,0.01,1.0,,1,1,-0.15000000000000568,,-0.15000000000000568,-0.15000000000000568,2000.0,,2000,2000,0.016129032258064516,,0.016129032258064516,0.016129032258064516,0.005255255255255256,,0.005255255255255256,0.005255255255255256,124.0,,124,124,1332.0,,1332,1332,-0.002771380364894867,,-0.002771380364894867,-0.002771380364894867,99fc6ef526bc821b82a48435c0a11457653382b1512fd893fda45260071da58a
E1,contrast,3,random_direction,0.01,1.0,,2,1,0.04999999999999449,,0.04999999999999449,0.04999999999999449,2000.0,,2000,2000,0.03225806451612903,,0.03225806451612903,0.03225806451612903,0.0045045045045045045,,0.0045045045045045045,0.0045045045045045045,124.0,,124,124,1332.0,,1332,1332,-0.0037792872190475463,,-0.0037792872190475463,-0.0037792872190475463,99fc6ef526bc821b82a48435c0a11457653382b1512fd893fda45260071da58a
E1,contrast,3,random_direction,0.01,1.0,,3,1,0.10000000000000009,,0.10000000000000009,0.10000000000000009,2000.0,,2000,2000,0.03225806451612903,,0.03225806451612903,0.03225806451612903,0.0037537537537537537,,0.0037537537537537537,0.0037537537537537537,124.0,,124,124,1332.0,,1332,1332,-0.003991620361804962,,-0.003991620361804962,-0.003991620361804962,99fc6ef526bc821b82a48435c0a11457653382b1512fd893fda45260071da58a
E1,contrast,3,random_direction,0.01,1.0,,4,1,0.14999999999999458,,0.14999999999999458,0.14999999999999458,2000.0,,2000,2000,0.03225806451612903,,0.03225806451612903,0.03225806451612903,0.003003003003003003,,0.003003003003003003,0.003003003003003003,124.0,,124,124,1332.0,,1332,1332,-0.0030800846815109252,,-0.0030800846815109252,-0.0030800846815109252,99fc6ef526bc821b82a48435c0a11457653382b1512fd893fda45260071da58a
E1,contrast,3,random_direction,0.01,1.0,,5,1,0.14999999999999458,,0.14999999999999458,0.14999999999999458,2000.0,,2000,2000,0.024193548387096774,,0.024193548387096774,0.024193548387096774,0.0037537537537537537,,0.0037537537537537537,0.0037537537537537537,124.0,,124,124,1332.0,,1332,1332,-0.004350917637348175,,-0.004350917637348175,-0.004350917637348175,99fc6ef526bc821b82a48435c0a11457653382b1512fd893fda45260071da58a
E1,contrast,3,random_direction,0.01,1.0,,6,1,-0.050000000000005596,,-0.050000000000005596,-0.050000000000005596,2000.0,,2000,2000,0.016129032258064516,,0.016129032258064516,0.016129032258064516,0.0045045045045045045,,0.0045045045045045045,0.0045045045045045045,124.0,,124,124,1332.0,,1332,1332,-0.0016771652698516846,,-0.0016771652698516846,-0.0016771652698516846,99fc6ef526bc821b82a48435c0a11457653382b1512fd893fda45260071da58a
E1,contrast,3,random_direction,0.01,1.0,,7,1,0.04999999999999449,,0.04999999999999449,0.04999999999999449,2000.0,,2000,2000,0.024193548387096774,,0.024193548387096774,0.024193548387096774,0.003003003003003003,,0.003003003003003003,0.003003003003003003,124.0,,124,124,1332.0,,1332,1332,-0.000811277449131012,,-0.000811277449131012,-0.000811277449131012,99fc6ef526bc821b82a48435c0a11457653382b1512fd893fda45260071da58a
E1,contrast,3,random_direction,0.01,1.0,,8,1,0.0,,0.0,0.0,2000.0,,2000,2000,0.04032258064516129,,0.04032258064516129,0.04032258064516129,0.0045045045045045045,,0.0045045045045045045,0.0045045045045045045,124.0,,124,124,1332.0,,1332,1332,-0.0018529555797576905,,-0.0018529555797576905,-0.0018529555797576905,99fc6ef526bc821b82a48435c0a11457653382b1512fd893fda45260071da58a
E1,contrast,3,random_direction,0.01,1.0,,9,1,0.10000000000000009,,0.10000000000000009,0.10000000000000009,2000.0,,2000,2000,0.03225806451612903,,0.03225806451612903,0.03225806451612903,0.0022522522522522522,,0.0022522522522522522,0.0022522522522522522,124.0,,124,124,1332.0,,1332,1332,-0.0011952387690544128,,-0.0011952387690544128,-0.0011952387690544128,99fc6ef526bc821b82a48435c0a11457653382b1512fd893fda45260071da58a
E1,contrast,3,random_direction,0.01,1.0,,10,1,0.20000000000000018,,0.20000000000000018,0.20000000000000018,2000.0,,2000,2000,0.024193548387096774,,0.024193548387096774,0.024193548387096774,0.0007507507507507507,,0.0007507507507507507,0.0007507507507507507,124.0,,124,124,1332.0,,1332,1332,-0.002134524583816528,,-0.002134524583816528,-0.002134524583816528,99fc6ef526bc821b82a48435c0a11457653382b1512fd893fda45260071da58a
E1,contrast,3,random_direction,0.01,1.0,,11,1,0.10000000000000009,,0.10000000000000009,0.10000000000000009,2000.0,,2000,2000,0.024193548387096774,,0.024193548387096774,0.024193548387096774,0.003003003003003003,,0.003003003003003003,0.003003003003003003,124.0,,124,124,1332.0,,1332,1332,0.00047312986850738523,,0.00047312986850738523,0.00047312986850738523,99fc6ef526bc821b82a48435c0a11457653382b1512fd893fda45260071da58a
E1,contrast,3,random_direction,0.01,1.0,,12,1,0.20000000000000018,,0.20000000000000018,0.20000000000000018,2000.0,,2000,2000,0.03225806451612903,,0.03225806451612903,0.03225806451612903,0.0022522522522522522,,0.0022522522522522522,0.0022522522522522522,124.0,,124,124,1332.0,,1332,1332,0.00021542048454284668,,0.00021542048454284668,0.00021542048454284668,99fc6ef526bc821b82a48435c0a11457653382b1512fd893fda45260071da58a
E1,contrast,3,random_direction,0.01,1.0,,13,1,-0.050000000000005596,,-0.050000000000005596,-0.050000000000005596,2000.0,,2000,2000,0.008064516129032258,,0.008064516129032258,0.008064516129032258,0.0037537537537537537,,0.0037537537537537537,0.0037537537537537537,124.0,,124,124,1332.0,,1332,1332,0.0019892961978912353,,0.0019892961978912353,0.0019892961978912353,99fc6ef526bc821b82a48435c0a11457653382b1512fd893fda45260071da58a
E1,contrast,3,random_direction,0.01,1.0,,14,1,0.14999999999999458,,0.14999999999999458,0.14999999999999458,2000.0,,2000,2000,0.016129032258064516,,0.016129032258064516,0.016129032258064516,0.0007507507507507507,,0.0007507507507507507,0.0007507507507507507,124.0,,124,124,1332.0,,1332,1332,-0.0009121463298797607,,-0.0009121463298797607,-0.0009121463298797607,99fc6ef526bc821b82a48435c0a11457653382b1512fd893fda45260071da58a
E1,contrast,3,random_direction,0.01,1.0,,15,1,0.14999999999999458,,0.14999999999999458,0.14999999999999458,2000.0,,2000,2000,0.008064516129032258,,0.008064516129032258,0.008064516129032258,0.0,,0.0,0.0,124.0,,124,124,1332.0,,1332,1332,0.0006316070556640625,,0.0006316070556640625,0.0006316070556640625,99fc6ef526bc821b82a48435c0a11457653382b1512fd893fda45260071da58a
E1,contrast,3,shuffled_donor,0.01,1.0,,0,1,-1.8000000000000016,,-1.8000000000000016,-1.8000000000000016,2000.0,,2000,2000,0.18548387096774194,,0.18548387096774194,0.18548387096774194,0.057057057057057055,,0.057057057057057055,0.057057057057057055,124.0,,124,124,1332.0,,1332,1332,-0.3654651539325714,,-0.3654651539325714,-0.3654651539325714,99fc6ef526bc821b82a48435c0a11457653382b1512fd893fda45260071da58a
E1,contrast,3,shuffled_donor,0.01,1.0,,1,1,-0.050000000000005596,,-0.050000000000005596,-0.050000000000005596,2000.0,,2000,2000,0.08870967741935484,,0.08870967741935484,0.08870967741935484,0.01951951951951952,,0.01951951951951952,0.01951951951951952,124.0,,124,124,1332.0,,1332,1332,-0.0840040237903595,,-0.0840040237903595,-0.0840040237903595,99fc6ef526bc821b82a48435c0a11457653382b1512fd893fda45260071da58a
E1,contrast,3,shuffled_donor,0.01,1.0,,2,1,-0.20000000000000018,,-0.20000000000000018,-0.20000000000000018,2000.0,,2000,2000,0.08064516129032258,,0.08064516129032258,0.08064516129032258,0.01951951951951952,,0.01951951951951952,0.01951951951951952,124.0,,124,124,1332.0,,1332,1332,-0.06670023024082183,,-0.06670023024082183,-0.06670023024082183,99fc6ef526bc821b82a48435c0a11457653382b1512fd893fda45260071da58a
E1,contrast,3,shuffled_donor,0.01,1.0,,3,1,-0.35000000000000586,,-0.35000000000000586,-0.35000000000000586,2000.0,,2000,2000,0.11290322580645161,,0.11290322580645161,0.11290322580645161,0.02177177177177177,,0.02177177177177177,0.02177177177177177,124.0,,124,124,1332.0,,1332,1332,-0.1219330502152443,,-0.1219330502152443,-0.1219330502152443,99fc6ef526bc821b82a48435c0a11457653382b1512fd893fda45260071da58a
E1,contrast,3,shuffled_donor,0.01,1.0,,4,1,-0.550000000000006,,-0.550000000000006,-0.550000000000006,2000.0,,2000,2000,0.13709677419354838,,0.13709677419354838,0.13709677419354838,0.024774774774774775,,0.024774774774774775,0.024774774774774775,124.0,,124,124,1332.0,,1332,1332,-0.09001656758785248,,-0.09001656758785248,-0.09001656758785248,99fc6ef526bc821b82a48435c0a11457653382b1512fd893fda45260071da58a
E1,contrast,3,shuffled_donor,0.01,1.0,,5,1,-0.30000000000000027,,-0.30000000000000027,-0.30000000000000027,2000.0,,2000,2000,0.13709677419354838,,0.13709677419354838,0.13709677419354838,0.02252252252252252,,0.02252252252252252,0.02252252252252252,124.0,,124,124,1332.0,,1332,1332,-0.089687145113945,,-0.089687145113945,-0.089687145113945,99fc6ef526bc821b82a48435c0a11457653382b1512fd893fda45260071da58a
E1,contrast,3,shuffled_donor,0.01,1.0,,6,1,-0.45000000000000595,,-0.45000000000000595,-0.45000000000000595,2000.0,,2000,2000,0.0967741935483871,,0.0967741935483871,0.0967741935483871,0.02252252252252252,,0.02252252252252252,0.02252252252252252,124.0,,124,124,1332.0,,1332,1332,-0.06384014087915421,,-0.06384014087915421,-0.06384014087915421,99fc6ef526bc821b82a48435c0a11457653382b1512fd893fda45260071da58a
E1,contrast,3,shuffled_donor,0.01,1.0,,7,1,-0.20000000000000018,,-0.20000000000000018,-0.20000000000000018,2000.0,,2000,2000,0.08870967741935484,,0.08870967741935484,0.08870967741935484,0.017267267267267267,,0.017267267267267267,0.017267267267267267,124.0,,124,124,1332.0,,1332,1332,-0.019837052643299102,,-0.019837052643299102,-0.019837052643299102,99fc6ef526bc821b82a48435c0a11457653382b1512fd893fda45260071da58a
E1,contrast,3,shuffled_donor,0.01,1.0,,8,1,-0.15000000000000568,,-0.15000000000000568,-0.15000000000000568,2000.0,,2000,2000,0.0967741935483871,,0.0967741935483871,0.0967741935483871,0.016516516516516516,,0.016516516516516516,0.016516516516516516,124.0,,124,124,1332.0,,1332,1332,-0.024957866072654725,,-0.024957866072654725,-0.024957866072654725,99fc6ef526bc821b82a48435c0a11457653382b1512fd893fda45260071da58a
E1,contrast,3,shuffled_donor,0.01,1.0,,9,1,-0.10000000000000009,,-0.10000000000000009,-0.10000000000000009,2000.0,,2000,2000,0.08870967741935484,,0.08870967741935484,0.08870967741935484,0.013513513513513514,,0.013513513513513514,0.013513513513513514,124.0,,124,124,1332.0,,1332,1332,-0.02342877835035324,,-0.02342877835035324,-0.02342877835035324,99fc6ef526bc821b82a48435c0a11457653382b1512fd893fda45260071da58a
E1,contrast,3,shuffled_donor,0.01,1.0,,10,1,0.04999999999999449,,0.04999999999999449,0.04999999999999449,2000.0,,2000,2000,0.07258064516129033,,0.07258064516129033,0.07258064516129033,0.01126126126126126,,0.01126126126126126,0.01126126126126126,124.0,,124,124,1332.0,,1332,1332,-0.015794925451278686,,-0.015794925451278686,-0.015794925451278686,99fc6ef526bc821b82a48435c0a11457653382b1512fd893fda45260071da58a
E1,contrast,3,shuffled_donor,0.01,1.0,,11,1,-0.10000000000000009,,-0.10000000000000009,-0.10000000000000009,2000.0,,2000,2000,0.08064516129032258,,0.08064516129032258,0.08064516129032258,0.013513513513513514,,0.013513513513513514,0.013513513513513514,124.0,,124,124,1332.0,,1332,1332,-0.014657301485538482,,-0.014657301485538482,-0.014657301485538482,99fc6ef526bc821b82a48435c0a11457653382b1512fd893fda45260071da58a
E1,contrast,3,shuffled_donor,0.01,1.0,,12,1,0.04999999999999449,,0.04999999999999449,0.04999999999999449,2000.0,,2000,2000,0.08870967741935484,,0.08870967741935484,0.08870967741935484,0.01126126126126126,,0.01126126126126126,0.01126126126126126,124.0,,124,124,1332.0,,1332,1332,-0.023588340163230897,,-0.023588340163230897,-0.023588340163230897,99fc6ef526bc821b82a48435c0a11457653382b1512fd893fda45260071da58a
E1,contrast,3,shuffled_donor,0.01,1.0,,13,1,-0.40000000000000036,,-0.40000000000000036,-0.40000000000000036,2000.0,,2000,2000,0.03225806451612903,,0.03225806451612903,0.03225806451612903,0.013513513513513514,,0.013513513513513514,0.013513513513513514,124.0,,124,124,1332.0,,1332,1332,-0.04334800881147385,,-0.04334800881147385,-0.04334800881147385,99fc6ef526bc821b82a48435c0a11457653382b1512fd893fda45260071da58a
E1,contrast,3,shuffled_donor,0.01,1.0,,14,1,-0.35000000000000586,,-0.35000000000000586,-0.35000000000000586,2000.0,,2000,2000,0.04838709677419355,,0.04838709677419355,0.04838709677419355,0.012762762762762763,,0.012762762762762763,0.012762762762762763,124.0,,124,124,1332.0,,1332,1332,-0.04411632937192917,,-0.04411632937192917,-0.04411632937192917,99fc6ef526bc821b82a48435c0a11457653382b1512fd893fda45260071da58a
E1,contrast,3,shuffled_donor,0.01,1.0,,15,1,-0.2500000000000058,,-0.2500000000000058,-0.2500000000000058,2000.0,,2000,2000,0.04032258064516129,,0.04032258064516129,0.04032258064516129,0.01126126126126126,,0.01126126126126126,0.01126126126126126,124.0,,124,124,1332.0,,1332,1332,-0.051979395389556884,,-0.051979395389556884,-0.051979395389556884,99fc6ef526bc821b82a48435c0a11457653382b1512fd893fda45260071da58a
E1,contrast,5,partial_channel,0.01,1.0,,0,5,-1.6500000000000026,1.3910427743243565,-3.200000000000003,-0.20000000000000018,2000.0,0.0,2000,2000,0.10861244019138756,0.04683743763735425,0.03588516746411483,0.15789473684210525,0.08897485493230174,0.02621050335177496,0.05609284332688588,0.1286266924564797,418.0,0.0,418,418,1034.0,0.0,1034,1034,-0.25272223663330073,0.17903289857681365,-0.44925077790021894,-0.05608101546764374,99fc6ef526bc821b82a48435c0a11457653382b1512fd893fda45260071da58a
E1,contrast,5,partial_channel,0.05,1.0,,0,5,-10.440000000000001,4.039399707877397,-16.650000000000002,-6.05,2000.0,0.0,2000,2000,0.13492822966507179,0.05248457068097198,0.08373205741626795,0.19617224880382775,0.28065764023210826,0.05912247840569568,0.21760154738878143,0.3771760154738878,418.0,0.0,418,418,1034.0,0.0,1034,1034,-1.5763832791209222,0.5415064677433575,-2.3834216343164445,-0.9335017794370651,99fc6ef526bc821b82a48435c0a11457653382b1512fd893fda45260071da58a
E1,contrast,5,partial_channel,0.1,1.0,,0,5,-11.98,3.422645175883706,-14.650000000000002,-7.1000000000000005,2000.0,0.0,2000,2000,0.17272727272727273,0.03892249655505593,0.13636363636363635,0.23205741626794257,0.32591876208897486,0.05029013539651837,0.2572533849129594,0.3781431334622824,418.0,0.0,418,418,1034.0,0.0,1034,1034,-1.7626020573496821,0.4603253551291282,-2.147305359482765,-1.0205190439224243,99fc6ef526bc821b82a48435c0a11457653382b1512fd893fda45260071da58a
E1,contrast,5,partial_channel,0.2,1.0,,0,5,-16.310000000000002,10.58792944819713,-35.0,-9.300000000000002,2000.0,0.0,2000,2000,0.1851674641148325,0.07322293946909576,0.05741626794258373,0.23205741626794257,0.4156673114119923,0.1704412041913979,0.30851063829787234,0.7156673114119922,418.0,0.0,418,418,1034.0,0.0,1034,1034,-2.5220231645107267,1.8110250061333393,-5.73038322532177,-1.3482855264544487,99fc6ef526bc821b82a48435c0a11457653382b1512fd893fda45260071da58a
E1,contrast,5,partial_channel,0.01,1.0,,1,5,0.2899999999999969,0.9269573884488989,-1.0500000000000065,1.3000000000000012,2000.0,0.0,2000,2000,0.09569377990430622,0.02344009323237491,0.0645933014354067,0.1291866028708134,0.04274661508704062,0.012297999504071047,0.027079303675048357,0.05705996131528046,418.0,0.0,418,418,1034.0,0.0,1034,1034,-0.004128274047374725,0.10821510032802112,-0.14558166283369064,0.09792590254545212,99fc6ef526bc821b82a48435c0a11457653382b1512fd893fda45260071da58a
E1,contrast,5,partial_channel,0.05,1.0,,1,5,-1.3500000000000012,1.361065758881621,-2.400000000000002,0.7000000000000006,2000.0,0.0,2000,2000,0.16985645933014354,0.03767467882302302,0.1339712918660287,0.215311004784689,0.1125725338491296,0.015023050329372263,0.086073500967118,0.12282398452611218,418.0,0.0,418,418,1034.0,0.0,1034,1034,-0.12568740550279617,0.24183258390039353,-0.33189854824542997,0.1633081065416336,99fc6ef526bc821b82a48435c0a11457653382b1512fd893fda45260071da58a
E1,contrast,5,partial_channel,0.1,1.0,,1,5,-0.6100000000000028,1.7739081148695404,-3.150000000000003,1.200000000000001,2000.0,0.0,2000,2000,0.24641148325358855,0.05952083877810876,0.18660287081339713,0.3349282296650718,0.1332688588007737,0.019848314943698726,0.109284332688588,0.1518375241779497,418.0,0.0,418,418,1034.0,0.0,1034,1034,-0.10885772836208343,0.22188891427660767,-0.4530828403830528,0.10901238495111465,99fc6ef526bc821b82a48435c0a11457653382b1512fd893fda45260071da58a
E1,contrast,5,partial_channel,0.2,1.0,,1,5,-1.4200000000000024,7.127727548103954,-13.65,4.100000000000003,2000.0,0.0,2000,2000,0.33540669856459326,0.11268679056377835,0.17942583732057416,0.45454545454545453,0.18781431334622822,0.09267039423224194,0.12669245647969052,0.3520309477756286,418.0,0.0,418,418,1034.0,0.0,1034,1034,-0.16451373678445816,1.0134857697587527,-1.9193194202184678,0.5963069314956665,99fc6ef526bc821b82a48435c0a11457653382b1512fd893fda45260071da58a
E1,contrast,5,partial_channel,0.01,1.0,,2,5,0.06999999999999451,0.840832920383117,-1.1500000000000066,0.9499999999999953,2000.0,0.0,2000,2000,0.08660287081339713,0.030185282862368424,0.05502392344497608,0.13636363636363635,0.042746615087040626,0.013036377405999703,0.024177949709864602,0.05609284332688588,418.0,0.0,418,418,1034.0,0.0,1034,1034,-0.011900650024414067,0.11836091796569549,-0.15315763169527055,0.11147858130931854,99fc6ef526bc821b82a48435c0a11457653382b1512fd893fda45260071da58a
E1,contrast,5,partial_channel,0.05,1.0,,2,5,0.09999999999999894,1.6050700919274545,-1.8500000000000016,2.200000000000002,2000.0,0.0,2000,2000,0.17799043062200956,0.055428097445261545,0.11004784688995216,0.2607655502392344,0.08529980657640232,0.011451265079780025,0.06963249516441006,0.09671179883945841,418.0,0.0,418,418,1034.0,0.0,1034,1034,0.038873446393013,0.23884091281165068,-0.19506494909524918,0.36763302093744277,99fc6ef526bc821b82a48435c0a11457653382b1512fd893fda45260071da58a
E1,contrast,5,partial_channel,0.1,1.0,,2,5,0.9599999999999997,2.0812856603551566,-2.450000000000002,3.1499999999999972,2000.0,0.0,2000,2000,0.25741626794258377,0.08393004616878003,0.16028708133971292,0.38516746411483255,0.10386847195357833,0.016939755548016494,0.08800773694390715,0.12959381044487428,418.0,0.0,418,418,1034.0,0.0,1034,1034,0.1421588723182678,0.293248317929064,-0.341030986905098,0.45546570992469787,99fc6ef526bc821b82a48435c0a11457653382b1512fd893fda45260071da58a
E1,contrast,5,partial_channel,0.2,1.0,,2,5,1.3399999999999979,4.173038461361218,-4.450000000000004,5.799999999999994,2000.0,0.0,2000,2000,0.3578947368421053,0.10465789449075551,0.22966507177033493,0.48564593301435405,0.14197292069632494,0.04532782038524001,0.109284332688588,0.2205029013539652,418.0,0.0,418,418,1034.0,0.0,1034,1034,0.2720486701130867,0.5752431843374114,-0.5667969796657563,0.8455678704977035,99fc6ef526bc821b82a48435c0a11457653382b1512fd893fda45260071da58a
E1,contrast,5,partial_channel,0.01,1.0,,3,5,0.14999999999999902,0.6324555320336762,-0.40000000000000036,1.200000000000001,2000.0,0.0,2000,2000,0.06555023923444976,0.019987175669096097,0.0430622009569378,0.09569377990430622,0.031528046421663444,0.01139394698260978,0.01644100580270793,0.04642166344294004,418.0,0.0,418,418,1034.0,0.0,1034,1034,0.031238173842430113,0.06731006073351982,-0.04791757273674011,0.13382618683576583,99fc6ef526bc821b82a48435c0a11457653382b1512fd893fda45260071da58a
E1,contrast,5,partial_channel,0.05,1.0,,3,5,0.5699999999999972,1.2240302283849043,-0.7500000000000062,2.3499999999999965,2000.0,0.0,2000,2000,0.17320574162679425,0.045599115348089546,0.11004784688995216,0.23205741626794257,0.0746615087040619,0.01449709542015724,0.061895551257253385,0.09864603481624758,418.0,0.0,418,418,1034.0,0.0,1034,1034,0.140167305624485,0.16792849635069948,-0.10664346528053284,0.34673311799764633,99fc6ef526bc821b82a48435c0a11457653382b1512fd893fda45260071da58a
E1,contrast,5,partial_channel,0.1,1.0,,3,5,1.559999999999997,3.7711735573956284,-3.400000000000003,6.699999999999995,2000.0,0.0,2000,2000,0.2641148325358852,0.10660841128773534,0.14114832535885166,0.4043062200956938,0.09690522243713734,0.027941175167514706,0.0609284332688588,0.13829787234042554,418.0,0.0,418,418,1034.0,0.0,1034,1034,0.3401104084730148,0.5286318265489546,-0.3532791048288345,1.0426206309199333,99fc6ef526bc821b82a48435c0a11457653382b1512fd893fda45260071da58a
E1,contrast,5,partial_channel,0.2,1.0,,3,5,3.409999999999998,3.5483094566286053,-1.0000000000000009,8.399999999999997,2000.0,0.0,2000,2000,0.35263157894736846,0.10942982274538929,0.23444976076555024,0.5095693779904307,0.10193423597678916,0.02297388730541101,0.07156673114119923,0.1344294003868472,418.0,0.0,418,418,1034.0,0.0,1034,1034,0.6125931626439095,0.6236546535085649,-0.20012709945440293,1.4977334063053132,99fc6ef526bc821b82a48435c0a11457653382b1512fd893fda45260071da58a
E1,contrast,5,partial_channel,0.01,1.0,,4,5,0.28999999999999915,0.7619055059520194,-0.5000000000000004,1.3000000000000012,2000.0,0.0,2000,2000,0.058851674641148335,0.018266611644804854,0.03827751196172249,0.07894736842105263,0.025338491295938105,0.012125669646930352,0.014506769825918761,0.043520309477756286,418.0,0.0,418,418,1034.0,0.0,1034,1034,0.07620507401227952,0.0954755229577361,-0.038738836050033566,0.175653324842453,99fc6ef526bc821b82a48435c0a11457653382b1512fd893fda45260071da58a
E1,contrast,5,partial_channel,0.05,1.0,,4,5,1.399999999999997,0.7889866919029779,0.5499999999999949,2.6000000000000023,2000.0,0.0,2000,2000,0.16794258373205742,0.04267502712973174,0.11961722488038277,0.23444976076555024,0.056479690522243706,0.0066161049812329085,0.05029013539651837,0.06576402321083172,418.0,0.0,418,418,1034.0,0.0,1034,1034,0.2594667775392533,0.08636180932286851,0.17668631798028947,0.390187183380127,99fc6ef526bc821b82a48435c0a11457653382b1512fd893fda45260071da58a
E1,contrast,5,partial_channel,0.1,1.0,,4,5,3.1499999999999995,2.333720206022994,0.7499999999999951,6.550000000000001,2000.0,0.0,2000,2000,0.269377990430622,0.09558306993004272,0.17703349282296652,0.4043062200956938,0.06827852998065764,0.00793390495241535,0.0551257253384913,0.07446808510638298,418.0,0.0,418,418,1034.0,0.0,1034,1034,0.5498017909646034,0.40290144748805806,0.16264354252815247,1.1150531364679337,99fc6ef526bc821b82a48435c0a11457653382b1512fd893fda45260071da58a
E1,contrast,5,partial_channel,0.2,1.0,,4,5,4.979999999999995,2.758305639337309,1.4499999999999957,8.899999999999997,2000.0,0.0,2000,2000,0.3732057416267943,0.09170827264154427,0.2822966507177033,0.5167464114832536,0.07794970986460348,0.015131610998536127,0.06286266924564797,0.10058027079303675,418.0,0.0,418,418,1034.0,0.0,1034,1034,0.939182457077503,0.43488964142676884,0.3674368858933449,1.575648103415966,99fc6ef526bc821b82a48435c0a11457653382b1512fd893fda45260071da58a
E1,contrast,5,partial_channel,0.01,1.0,,5,5,0.13999999999999568,0.7700649323271376,-0.6000000000000005,1.1499999999999955,2000.0,0.0,2000,2000,0.05980861244019139,0.021860845553226153,0.028708133971291867,0.08373205741626795,0.026692456479690523,0.012282779201823225,0.013539651837524178,0.043520309477756286,418.0,0.0,418,418,1034.0,0.0,1034,1034,0.07808559443950654,0.09330450598000113,-0.03351771938800812,0.17773191177845002,99fc6ef526bc821b82a48435c0a11457653382b1512fd893fda45260071da58a
E1,contrast,5,partial_channel,0.05,1.0,,5,5,1.609999999999998,0.8940078299433409,0.6000000000000005,2.7000000000000024,2000.0,0.0,2000,2000,0.17272727272727273,0.029899521148264104,0.1339712918660287,0.215311004784689,0.05512572533849129,0.011340463635936722,0.03868471953578337,0.07059961315280464,418.0,0.0,418,418,1034.0,0.0,1034,1034,0.26403898011446003,0.10056302392704625,0.16685344529151916,0.41442495775222776,99fc6ef526bc821b82a48435c0a11457653382b1512fd893fda45260071da58a
E1,contrast,5,partial_channel,0.1,1.0,,5,5,3.330000000000002,2.4898795151573103,0.8000000000000007,6.65,2000.0,0.0,2000,2000,0.2679425837320574,0.09889964884494921,0.16507177033492823,0.39473684210526316,0.06557059961315279,0.009942988907137233,0.05125725338491296,0.07640232108317214,418.0,0.0,418,418,1034.0,0.0,1034,1034,0.5563376864552498,0.37130094860460056,0.1702989885210991,1.0638965438604355,99fc6ef526bc821b82a48435c0a11457653382b1512fd893fda45260071da58a
E1,contrast,5,partial_channel,0.2,1.0,,5,5,5.299999999999997,2.6617663308412296,1.7000000000000015,8.499999999999996,2000.0,0.0,2000,2000,0.3751196172248804,0.08651228443236841,0.2751196172248804,0.49282296650717705,0.07446808510638296,0.016023250992051152,0.05899419729206963,0.097678916827853,418.0,0.0,418,418,1034.0,0.0,1034,1034,0.9506563106298447,0.40035939272577564,0.4311058480143547,1.4956497505307198,99fc6ef526bc821b82a48435c0a11457653382b1512fd893fda45260071da58a
E1,contrast,5,partial_channel,0.01,1.0,,6,5,0.18999999999999906,0.6168468205316461,-0.6000000000000005,0.8000000000000007,2000.0,0.0,2000,2000,0.05023923444976077,0.0160483347667449,0.028708133971291867,0.07177033492822966,0.021856866537717602,0.008364312692626557,0.013539651837524178,0.03481624758220503,418.0,0.0,418,418,1034.0,0.0,1034,1034,0.06278788408041,0.07122611597819635,-0.00888608604669571,0.14028681880235672,99fc6ef526bc821b82a48435c0a11457653382b1512fd893fda45260071da58a
E1,contrast,5,partial_channel,0.05,1.0,,6,5,1.7299999999999982,0.9801785551622718,0.8000000000000007,3.3499999999999974,2000.0,0.0,2000,2000,0.16555023923444975,0.04092937184400564,0.1339712918660287,0.23684210526315788,0.04796905222437137,0.008166279238910851,0.04061895551257253,0.061895551257253385,418.0,0.0,418,418,1034.0,0.0,1034,1034,0.3041191207289696,0.14145017822280403,0.1750452753305435,0.5450102273821831,99fc6ef526bc821b82a48435c0a11457653382b1512fd893fda45260071da58a
E1,contrast,5,partial_channel,0.1,1.0,,6,5,3.4899999999999975,2.514309050216381,0.34999999999999476,7.299999999999995,2000.0,0.0,2000,2000,0.26889952153110047,0.08979422153259713,0.16985645933014354,0.4043062200956938,0.05918762088974856,0.011014111007743087,0.048355899419729204,0.07543520309477757,418.0,0.0,418,418,1034.0,0.0,1034,1034,0.6181443465113641,0.3574014260818321,0.20093512791395188,1.1777295585274696,99fc6ef526bc821b82a48435c0a11457653382b1512fd893fda45260071da58a
E1,contrast,5,partial_channel,0.2,1.0,,6,5,6.039999999999998,2.7971860860514806,2.100000000000002,9.650000000000002,2000.0,0.0,2000,2000,0.3956937799043062,0.09703898986911336,0.2631578947368421,0.5263157894736842,0.0678916827852998,0.012240825789011017,0.05222437137330754,0.08123791102514506,418.0,0.0,418,418,1034.0,0.0,1034,1034,1.0587621562242508,0.44374731890407354,0.46768785011768343,1.6691576260328294,99fc6ef526bc821b82a48435c0a11457653382b1512fd893fda45260071da58a
E1,contrast,5,partial_channel,0.01,1.0,,7,5,2.329999999999999,1.1971841963540963,0.5499999999999949,3.400000000000003,2000.0,0.0,2000,2000,0.14114832535885166,0.06580034707882808,0.050239234449760764,0.21770334928229665,0.021083172147001932,0.006609032713063787,0.014506769825918761,0.030947775628626693,418.0,0.0,418,418,1034.0,0.0,1034,1034,0.3338077459931374,0.19246046174263576,0.08317595583200454,0.5622478286027909,99fc6ef526bc821b82a48435c0a11457653382b1512fd893fda45260071da58a
E1,contrast,5,partial_channel,0.05,1.0,,7,5,2.949999999999999,2.0189725109569996,0.04999999999999449,5.049999999999999,2000.0,0.0,2000,2000,0.20382775119617222,0.07879134938665484,0.08851674641148326,0.291866028708134,0.039845261121856865,0.007718789144771727,0.029013539651837523,0.05029013539651837,418.0,0.0,418,418,1034.0,0.0,1034,1034,0.5173517020702362,0.268190305329291,0.10123247164487839,0.8111408022642136,99fc6ef526bc821b82a48435c0a11457653382b1512fd893fda45260071da58a
E1,contrast,5,partial_channel,0.1,1.0,,7,5,5.1899999999999995,0.9201901977308802,3.7000000000000033,5.949999999999999,2000.0,0.0,2000,2000,0.3114832535885167,0.02334222185196261,0.2799043062200957,0.3397129186602871,0.04622823984526112,0.012709417022049913,0.035783365570599614,0.06673114119922631,418.0,0.0,418,418,1034.0,0.0,1034,1034,0.8210098652243614,0.12851664768916551,0.6385320902466775,0.9532074395418167,99fc6ef526bc821b82a48435c0a11457653382b1512fd893fda45260071da58a
E1,contrast,5,partial_channel,0.2,1.0,,7,5,7.159999999999999,1.7469258713523006,4.400000000000004,8.699999999999996,2000.0,0.0,2000,2000,0.43110047846889954,0.056925735523937496,0.3397129186602871,0.49282296650717705,0.059767891682785304,0.011872333492784454,0.047388781431334626,0.07736943907156674,418.0,0.0,418,418,1034.0,0.0,1034,1034,1.239982334983349,0.37896348639843175,0.6776284770965576,1.659021551668644,99fc6ef526bc821b82a48435c0a11457653382b1512fd893fda45260071da58a
E1,contrast,5,partial_channel,0.01,1.0,,8,5,1.639999999999997,1.4918109799837254,-0.050000000000005596,3.2499999999999973,2000.0,0.0,2000,2000,0.10478468899521531,0.06530706124063536,0.03588516746411483,0.17942583732057416,0.017988394584139263,0.004357400512986,0.010638297872340425,0.02127659574468085,418.0,0.0,418,418,1034.0,0.0,1034,1034,0.2322133833527565,0.1899727471465478,0.019707816421985627,0.4498862901329994,99fc6ef526bc821b82a48435c0a11457653382b1512fd893fda45260071da58a
E1,contrast,5,partial_channel,0.05,1.0,,8,5,2.759999999999998,1.5097185168103329,1.100000000000001,4.699999999999993,2000.0,0.0,2000,2000,0.17655502392344496,0.058168910681068456,0.11244019138755981,0.2535885167464115,0.029013539651837526,0.005597600049705139,0.02127659574468085,0.033849129593810444,418.0,0.0,418,418,1034.0,0.0,1034,1034,0.4514977547883987,0.2051026712681405,0.2052898486852646,0.6686322227716446,99fc6ef526bc821b82a48435c0a11457653382b1512fd893fda45260071da58a
E1,contrast,5,partial_channel,0.1,1.0,,8,5,4.979999999999999,1.0692286939658868,3.6499999999999977,6.399999999999995,2000.0,0.0,2000,2000,0.29521531100478465,0.03735429711824275,0.2607655502392344,0.3444976076555024,0.040038684719535776,0.008251732691567327,0.029013539651837523,0.048355899419729204,418.0,0.0,418,418,1034.0,0.0,1034,1034,0.7810357285976409,0.13215301861322298,0.6437776353359222,0.947038909137249,99fc6ef526bc821b82a48435c0a11457653382b1512fd893fda45260071da58a
E1,contrast,5,partial_channel,0.2,1.0,,8,5,7.56,0.685930025585703,6.75,8.450000000000003,2000.0,0.0,2000,2000,0.41387559808612445,0.021795295643885878,0.3923444976076555,0.44258373205741625,0.044100580270793034,0.004357400512985999,0.03868471953578337,0.05029013539651837,418.0,0.0,418,418,1034.0,0.0,1034,1034,1.2579631719708442,0.1315292869198733,1.1269837507009506,1.440648613333702,99fc6ef526bc821b82a48435c0a11457653382b1512fd893fda45260071da58a
E1,contrast,5,partial_channel,0.01,1.0,,9,5,1.6999999999999993,1.4075688260259254,0.20000000000000018,3.500000000000003,2000.0,0.0,2000,2000,0.10574162679425839,0.06855642912758697,0.03588516746411483,0.18181818181818182,0.016634429400386848,0.0051810813291987895,0.009671179883945842,0.024177949709864602,418.0,0.0,418,418,1034.0,0.0,1034,1034,0.23020399810075762,0.1877167557676633,0.043344916224479675,0.4536588782668114,99fc6ef526bc821b82a48435c0a11457653382b1512fd893fda45260071da58a
E1,contrast,5,partial_channel,0.05,1.0,,9,5,2.6500000000000012,1.3435028842544416,1.200000000000001,4.100000000000003,2000.0,0.0,2000,2000,0.16842105263157894,0.05547970168085481,0.11244019138755981,0.24162679425837322,0.027466150870406193,0.004864516959365296,0.022243713733075435,0.03288201160541586,418.0,0.0,418,418,1034.0,0.0,1034,1034,0.437804287302494,0.19011175423029555,0.2072677274942398,0.6554102339744567,99fc6ef526bc821b82a48435c0a11457653382b1512fd893fda45260071da58a
E1,contrast,5,partial_channel,0.1,1.0,,9,5,5.029999999999999,0.8105553651663785,4.149999999999999,6.05,2000.0,0.0,2000,2000,0.28995215311004785,0.028827503026587698,0.2607655502392344,0.3253588516746411,0.0367504835589942,0.00453618545437469,0.031914893617021274,0.041586073500967116,418.0,0.0,418,418,1034.0,0.0,1034,1034,0.7870878376483917,0.12048671195375443,0.660022857606411,0.9412603246569633,99fc6ef526bc821b82a48435c0a11457653382b1512fd893fda45260071da58a
E1,contrast,5,partial_channel,0.2,1.0,,9,5,8.009999999999998,0.782943165242537,6.699999999999995,8.599999999999996,2000.0,0.0,2000,2000,0.41770334928229663,0.0288374281441228,0.3708133971291866,0.44019138755980863,0.03868471953578336,0.0030582956094471745,0.033849129593810444,0.041586073500967116,418.0,0.0,418,418,1034.0,0.0,1034,1034,1.2867257905483247,0.11983716363444522,1.160925580084324,1.455253119289875,99fc6ef526bc821b82a48435c0a11457653382b1512fd893fda45260071da58a
E1,contrast,5,partial_channel,0.01,1.0,,10,5,1.509999999999998,1.319753764912232,0.04999999999999449,3.1000000000000028,2000.0,0.0,2000,2000,0.09712918660287082,0.0642735306523582,0.03349282296650718,0.16985645933014354,0.016054158607350096,0.004816208741968562,0.008704061895551257,0.02127659574468085,418.0,0.0,418,418,1034.0,0.0,1034,1034,0.22146904313564303,0.18679728446110816,0.05240164524316788,0.4662991707921028,99fc6ef526bc821b82a48435c0a11457653382b1512fd893fda45260071da58a
E1,contrast,5,partial_channel,0.05,1.0,,10,5,2.689999999999999,1.3644595999882165,1.4000000000000012,4.200000000000004,2000.0,0.0,2000,2000,0.17177033492822966,0.05863440658586764,0.11722488038277512,0.2511961722488038,0.0276595744680851,0.005144849546719686,0.020309477756286266,0.031914893617021274,418.0,0.0,418,418,1034.0,0.0,1034,1034,0.4260425113797187,0.18155245731051403,0.2265198263525963,0.6607364546656609,99fc6ef526bc821b82a48435c0a11457653382b1512fd893fda45260071da58a
E1,contrast,5,partial_channel,0.1,1.0,,10,5,5.0299999999999985,0.863568179126581,4.149999999999999,5.949999999999999,2000.0,0.0,2000,2000,0.2779904306220096,0.0354196277958311,0.23684210526315788,0.3157894736842105,0.03114119922630561,0.0034465241162873225,0.02804642166344294,0.03481624758220503,418.0,0.0,418,418,1034.0,0.0,1034,1034,0.7645253825426102,0.14863653465089216,0.6157588719725609,0.9516481072902679,99fc6ef526bc821b82a48435c0a11457653382b1512fd893fda45260071da58a
E1,contrast,5,partial_channel,0.2,1.0,,10,5,7.809999999999997,0.8157818335805243,6.499999999999995,8.599999999999996,2000.0,0.0,2000,2000,0.41291866028708135,0.03304554382742968,0.3708133971291866,0.4473684210526316,0.039845261121856865,0.004452945622135915,0.033849129593810444,0.045454545454545456,418.0,0.0,418,418,1034.0,0.0,1034,1034,1.2608422326445579,0.14640551450643954,1.1265610963702202,1.475490441441536,99fc6ef526bc821b82a48435c0a11457653382b1512fd893fda45260071da58a
E1,contrast,5,partial_channel,0.01,1.0,,11,5,1.3699999999999979,1.3259901960421876,0.04999999999999449,3.1499999999999972,2000.0,0.0,2000,2000,0.08995215311004785,0.06271867721647253,0.03110047846889952,0.16267942583732056,0.016054158607350093,0.006215191107566587,0.006769825918762089,0.024177949709864602,418.0,0.0,418,418,1034.0,0.0,1034,1034,0.20530462821722031,0.16792994374631545,0.052860526621341705,0.4221127598285675,99fc6ef526bc821b82a48435c0a11457653382b1512fd893fda45260071da58a
E1,contrast,5,partial_channel,0.05,1.0,,11,5,2.58,1.2075802250782386,1.2499999999999956,3.9000000000000035,2000.0,0.0,2000,2000,0.16172248803827752,0.05401615089147044,0.1076555023923445,0.23444976076555024,0.024177949709864605,0.004215569577892334,0.019342359767891684,0.029013539651837523,418.0,0.0,418,418,1034.0,0.0,1034,1034,0.41197675366401676,0.16864108770831962,0.22342165350914,0.6192072995901108,99fc6ef526bc821b82a48435c0a11457653382b1512fd893fda45260071da58a
E1,contrast,5,partial_channel,0.1,1.0,,11,5,4.709999999999996,0.9895706139533439,3.5499999999999976,5.599999999999994,2000.0,0.0,2000,2000,0.2679425837320574,0.04242619103102441,0.21052631578947367,0.3014354066985646,0.031721470019342356,0.002852588240571108,0.029013539651837523,0.035783365570599614,418.0,0.0,418,418,1034.0,0.0,1034,1034,0.7418440162658692,0.1333619859436487,0.5858721076846123,0.9025209519267082,99fc6ef526bc821b82a48435c0a11457653382b1512fd893fda45260071da58a
E1,contrast,5,partial_channel,0.2,1.0,,11,5,7.7299999999999995,0.9464407007309009,6.25,8.499999999999996,2000.0,0.0,2000,2000,0.4028708133971291,0.0370851981323363,0.3588516746411483,0.43301435406698563,0.036170212765957444,0.004668285642610123,0.031914893617021274,0.0425531914893617,418.0,0.0,418,418,1034.0,0.0,1034,1034,1.2454877960324287,0.1554374482075252,1.0692365933060646,1.4584091982245446,99fc6ef526bc821b82a48435c0a11457653382b1512fd893fda45260071da58a
E1,contrast,5,partial_channel,0.01,1.0,,12,5,0.9999999999999986,0.9842509842514774,0.10000000000000009,2.300000000000002,2000.0,0.0,2000,2000,0.07320574162679426,0.049162533905883654,0.03349282296650718,0.14114832535885166,0.015280464216634426,0.0049028208339019635,0.007736943907156673,0.020309477756286266,418.0,0.0,418,418,1034.0,0.0,1034,1034,0.16931888440847398,0.1318314683000398,0.0524870600104332,0.3399372354745865,99fc6ef526bc821b82a48435c0a11457653382b1512fd893fda45260071da58a
E1,contrast,5,partial_channel,0.05,1.0,,12,5,2.1499999999999964,1.1247221879202003,0.5499999999999949,3.4499999999999975,2000.0,0.0,2000,2000,0.1421052631578947,0.047293449925939014,0.09808612440191387,0.20813397129186603,0.024177949709864605,0.00788660852529018,0.015473887814313346,0.035783365570599614,418.0,0.0,418,418,1034.0,0.0,1034,1034,0.3743118136882782,0.14126811408892262,0.23188065922260284,0.5615029141902924,99fc6ef526bc821b82a48435c0a11457653382b1512fd893fda45260071da58a
E1,contrast,5,partial_channel,0.1,1.0,,12,5,4.229999999999999,0.9018037480516472,3.049999999999997,5.35,2000.0,0.0,2000,2000,0.24784688995215315,0.0317199981702722,0.20813397129186603,0.2799043062200957,0.03249516441005803,0.008137595345440089,0.022243713733075435,0.043520309477756286,418.0,0.0,418,418,1034.0,0.0,1034,1034,0.6864428102731704,0.10833563443289784,0.5582956917881966,0.8079278819561004,99fc6ef526bc821b82a48435c0a11457653382b1512fd893fda45260071da58a
E1,contrast,5,partial_channel,0.2,1.0,,12,5,7.419999999999997,0.662004531706543,6.550000000000001,8.099999999999996,2000.0,0.0,2000,2000,0.38660287081339717,0.021769020413545125,0.35645933014354064,0.40669856459330145,0.033849129593810444,0.0032796566649541926,0.029013539651837523,0.037717601547388784,418.0,0.0,418,418,1034.0,0.0,1034,1034,1.2079554010391234,0.13079328385752254,1.063703108906746,1.4054074960947036,99fc6ef526bc821b82a48435c0a11457653382b1512fd893fda45260071da58a
E1,contrast,5,partial_channel,0.01,1.0,,13,5,0.20999999999999908,0.18165902124585165,-0.050000000000005596,0.40000000000000036,2000.0,0.0,2000,2000,0.027751196172248804,0.005761528506599184,0.0215311004784689,0.03588516746411483,0.009477756286266925,0.002683643505901665,0.006769825918762089,0.013539651837524178,418.0,0.0,418,418,1034.0,0.0,1034,1034,0.06022814754247665,0.010432901254519546,0.048576384425163266,0.07593372738361359,99fc6ef526bc821b82a48435c0a11457653382b1512fd893fda45260071da58a
E1,contrast,5,partial_channel,0.05,1.0,,13,5,1.7800000000000016,0.2588435821108959,1.5000000000000013,2.100000000000002,2000.0,0.0,2000,2000,0.11291866028708135,0.006638486567230434,0.10526315789473684,0.12200956937799043,0.021083172147001936,0.0029334140982791293,0.0183752417794971,0.025145067698259187,418.0,0.0,418,418,1034.0,0.0,1034,1034,0.286204467344284,0.025854589696894276,0.2583889306783676,0.3176829150915146,99fc6ef526bc821b82a48435c0a11457653382b1512fd893fda45260071da58a
E1,contrast,5,partial_channel,0.1,1.0,,13,5,3.4700000000000015,0.21679483388678703,3.200000000000003,3.7000000000000033,2000.0,0.0,2000,2000,0.20861244019138758,0.009172387326641539,0.19617224880382775,0.21770334928229665,0.03094777562862669,0.0023689455926336335,0.02804642166344294,0.033849129593810444,418.0,0.0,418,418,1034.0,0.0,1034,1034,0.5327519281864166,0.04821020689115481,0.48550764775276184,0.6092345106005669,99fc6ef526bc821b82a48435c0a11457653382b1512fd893fda45260071da58a
E1,contrast,5,partial_channel,0.2,1.0,,13,5,6.009999999999995,0.4159326868617077,5.499999999999994,6.599999999999994,2000.0,0.0,2000,2000,0.3435406698564593,0.017950556442396227,0.3277511961722488,0.3684210526315789,0.04332688588007737,0.0036443798223243303,0.039651837524177946,0.047388781431334626,418.0,0.0,418,418,1034.0,0.0,1034,1034,1.0330128876805307,0.04299530034285751,0.9676248605251312,1.0712541031241416,99fc6ef526bc821b82a48435c0a11457653382b1512fd893fda45260071da58a
E1,contrast,5,partial_channel,0.01,1.0,,14,5,0.21999999999999797,0.13509256086106142,0.10000000000000009,0.44999999999999485,2000.0,0.0,2000,2000,0.02200956937799043,0.004601766521930944,0.01674641148325359,0.028708133971291867,0.008123791102514506,0.0020054585448092575,0.005802707930367505,0.010638297872340425,418.0,0.0,418,418,1034.0,0.0,1034,1034,0.06143113859891891,0.018509828373412935,0.03727136117219925,0.08854400849342346,99fc6ef526bc821b82a48435c0a11457653382b1512fd893fda45260071da58a
E1,contrast,5,partial_channel,0.05,1.0,,14,5,1.649999999999998,0.49117206760971355,1.1499999999999955,2.200000000000002,2000.0,0.0,2000,2000,0.10813397129186604,0.014492948546278433,0.09330143540669857,0.1291866028708134,0.02011605415860735,0.004237698704101866,0.014506769825918761,0.02611218568665377,418.0,0.0,418,418,1034.0,0.0,1034,1034,0.2839877966761589,0.01927210282351611,0.25859658163785937,0.31051124912500383,99fc6ef526bc821b82a48435c0a11457653382b1512fd893fda45260071da58a
E1,contrast,5,partial_channel,0.1,1.0,,14,5,3.3400000000000007,0.2219234102117209,3.0000000000000027,3.5499999999999976,2000.0,0.0,2000,2000,0.18995215311004784,0.01179306941996769,0.1722488038277512,0.20095693779904306,0.02437137330754352,0.004607786943741428,0.019342359767891684,0.031914893617021274,418.0,0.0,418,418,1034.0,0.0,1034,1034,0.5185099818348885,0.017586042198648087,0.49533493995666505,0.5392265763878822,99fc6ef526bc821b82a48435c0a11457653382b1512fd893fda45260071da58a
E1,contrast,5,partial_channel,0.2,1.0,,14,5,6.169999999999998,0.6467225061802016,5.249999999999999,7.050000000000001,2000.0,0.0,2000,2000,0.3401913875598086,0.01188973554046811,0.3253588516746411,0.35645933014354064,0.035783365570599614,0.004431891387771606,0.029013539651837523,0.04061895551257253,418.0,0.0,418,418,1034.0,0.0,1034,1034,1.0211519656181336,0.05919255868536863,0.9296871061325074,1.073836668074131,99fc6ef526bc821b82a48435c0a11457653382b1512fd893fda45260071da58a
E1,contrast,5,partial_channel,0.01,1.0,,15,5,0.30999999999999694,0.1474788120375243,0.20000000000000018,0.5499999999999949,2000.0,0.0,2000,2000,0.019138755980861243,0.005860023308093728,0.014354066985645933,0.028708133971291867,0.003868471953578336,0.0009671179883945843,0.0029013539651837525,0.004835589941972921,418.0,0.0,418,418,1034.0,0.0,1034,1034,0.05487145175933837,0.00937981761342857,0.04560630798339844,0.06982819300889968,99fc6ef526bc821b82a48435c0a11457653382b1512fd893fda45260071da58a
E1,contrast,5,partial_channel,0.05,1.0,,15,5,1.5199999999999991,0.12549900398011302,1.3499999999999956,1.7000000000000015,2000.0,0.0,2000,2000,0.09138755980861243,0.006192430194040569,0.08133971291866028,0.09808612440191387,0.012572533849129592,0.0016750974928132272,0.009671179883945842,0.013539651837524178,418.0,0.0,418,418,1034.0,0.0,1034,1034,0.2567835658073426,0.013425919659753639,0.2378509365916252,0.2722085945606232,99fc6ef526bc821b82a48435c0a11457653382b1512fd893fda45260071da58a
E1,contrast,5,partial_channel,0.1,1.0,,15,5,3.6700000000000004,0.24647515087732755,3.3499999999999974,4.0000000000000036,2000.0,0.0,2000,2000,0.18708133971291868,0.009015044823644385,0.17703349282296652,0.19617224880382775,0.01276595744680851,0.003163525577136581,0.009671179883945842,0.017408123791102514,418.0,0.0,418,418,1034.0,0.0,1034,1034,0.5120949328899383,0.0287221535610936,0.4657342141866684,0.543707026541233,99fc6ef526bc821b82a48435c0a11457653382b1512fd893fda45260071da58a
E1,contrast,5,partial_channel,0.2,1.0,,15,5,7.010000000000001,0.502991053598372,6.45,7.650000000000001,2000.0,0.0,2000,2000,0.3535885167464115,0.02032789070454353,0.33014354066985646,0.3684210526315789,0.019148936170212766,0.003446524116287323,0.013539651837524178,0.022243713733075435,418.0,0.0,418,418,1034.0,0.0,1034,1034,0.9968929712772369,0.04046508573577545,0.9368845048546791,1.0394231280088424,99fc6ef526bc821b82a48435c0a11457653382b1512fd893fda45260071da58a
E1,contrast,5,none,0.01,1.0,,0,1,0.0,,0.0,0.0,2000.0,,2000,2000,0.0,,0.0,0.0,0.0,,0.0,0.0,418.0,,418,418,1034.0,,1034,1034,0.0,,0.0,0.0,99fc6ef526bc821b82a48435c0a11457653382b1512fd893fda45260071da58a
E1,contrast,5,none,0.01,1.0,,1,1,0.0,,0.0,0.0,2000.0,,2000,2000,0.0,,0.0,0.0,0.0,,0.0,0.0,418.0,,418,418,1034.0,,1034,1034,0.0,,0.0,0.0,99fc6ef526bc821b82a48435c0a11457653382b1512fd893fda45260071da58a
E1,contrast,5,none,0.01,1.0,,2,1,0.0,,0.0,0.0,2000.0,,2000,2000,0.0,,0.0,0.0,0.0,,0.0,0.0,418.0,,418,418,1034.0,,1034,1034,0.0,,0.0,0.0,99fc6ef526bc821b82a48435c0a11457653382b1512fd893fda45260071da58a
E1,contrast,5,none,0.01,1.0,,3,1,0.0,,0.0,0.0,2000.0,,2000,2000,0.0,,0.0,0.0,0.0,,0.0,0.0,418.0,,418,418,1034.0,,1034,1034,0.0,,0.0,0.0,99fc6ef526bc821b82a48435c0a11457653382b1512fd893fda45260071da58a
E1,contrast,5,none,0.01,1.0,,4,1,0.0,,0.0,0.0,2000.0,,2000,2000,0.0,,0.0,0.0,0.0,,0.0,0.0,418.0,,418,418,1034.0,,1034,1034,0.0,,0.0,0.0,99fc6ef526bc821b82a48435c0a11457653382b1512fd893fda45260071da58a
E1,contrast,5,none,0.01,1.0,,5,1,0.0,,0.0,0.0,2000.0,,2000,2000,0.0,,0.0,0.0,0.0,,0.0,0.0,418.0,,418,418,1034.0,,1034,1034,0.0,,0.0,0.0,99fc6ef526bc821b82a48435c0a11457653382b1512fd893fda45260071da58a
E1,contrast,5,none,0.01,1.0,,6,1,0.0,,0.0,0.0,2000.0,,2000,2000,0.0,,0.0,0.0,0.0,,0.0,0.0,418.0,,418,418,1034.0,,1034,1034,0.0,,0.0,0.0,99fc6ef526bc821b82a48435c0a11457653382b1512fd893fda45260071da58a
E1,contrast,5,none,0.01,1.0,,7,1,0.0,,0.0,0.0,2000.0,,2000,2000,0.0,,0.0,0.0,0.0,,0.0,0.0,418.0,,418,418,1034.0,,1034,1034,0.0,,0.0,0.0,99fc6ef526bc821b82a48435c0a11457653382b1512fd893fda45260071da58a
E1,contrast,5,none,0.01,1.0,,8,1,0.0,,0.0,0.0,2000.0,,2000,2000,0.0,,0.0,0.0,0.0,,0.0,0.0,418.0,,418,418,1034.0,,1034,1034,0.0,,0.0,0.0,99fc6ef526bc821b82a48435c0a11457653382b1512fd893fda45260071da58a
E1,contrast,5,none,0.01,1.0,,9,1,0.0,,0.0,0.0,2000.0,,2000,2000,0.0,,0.0,0.0,0.0,,0.0,0.0,418.0,,418,418,1034.0,,1034,1034,0.0,,0.0,0.0,99fc6ef526bc821b82a48435c0a11457653382b1512fd893fda45260071da58a
E1,contrast,5,none,0.01,1.0,,10,1,0.0,,0.0,0.0,2000.0,,2000,2000,0.0,,0.0,0.0,0.0,,0.0,0.0,418.0,,418,418,1034.0,,1034,1034,0.0,,0.0,0.0,99fc6ef526bc821b82a48435c0a11457653382b1512fd893fda45260071da58a
E1,contrast,5,none,0.01,1.0,,11,1,0.0,,0.0,0.0,2000.0,,2000,2000,0.0,,0.0,0.0,0.0,,0.0,0.0,418.0,,418,418,1034.0,,1034,1034,0.0,,0.0,0.0,99fc6ef526bc821b82a48435c0a11457653382b1512fd893fda45260071da58a
E1,contrast,5,none,0.01,1.0,,12,1,0.0,,0.0,0.0,2000.0,,2000,2000,0.0,,0.0,0.0,0.0,,0.0,0.0,418.0,,418,418,1034.0,,1034,1034,0.0,,0.0,0.0,99fc6ef526bc821b82a48435c0a11457653382b1512fd893fda45260071da58a
E1,contrast,5,none,0.01,1.0,,13,1,0.0,,0.0,0.0,2000.0,,2000,2000,0.0,,0.0,0.0,0.0,,0.0,0.0,418.0,,418,418,1034.0,,1034,1034,0.0,,0.0,0.0,99fc6ef526bc821b82a48435c0a11457653382b1512fd893fda45260071da58a
E1,contrast,5,none,0.01,1.0,,14,1,0.0,,0.0,0.0,2000.0,,2000,2000,0.0,,0.0,0.0,0.0,,0.0,0.0,418.0,,418,418,1034.0,,1034,1034,0.0,,0.0,0.0,99fc6ef526bc821b82a48435c0a11457653382b1512fd893fda45260071da58a
E1,contrast,5,none,0.01,1.0,,15,1,0.0,,0.0,0.0,2000.0,,2000,2000,0.0,,0.0,0.0,0.0,,0.0,0.0,418.0,,418,418,1034.0,,1034,1034,0.0,,0.0,0.0,99fc6ef526bc821b82a48435c0a11457653382b1512fd893fda45260071da58a
E1,contrast,5,clean_to_clean,0.01,1.0,,0,1,17.849999999999998,,17.849999999999998,17.849999999999998,2000.0,,2000,2000,1.0,,1.0,1.0,0.05899419729206963,,0.05899419729206963,0.05899419729206963,418.0,,418,418,1034.0,,1034,1034,3.570237464785576,,3.570237464785576,3.570237464785576,99fc6ef526bc821b82a48435c0a11457653382b1512fd893fda45260071da58a
E1,contrast,5,clean_to_clean,0.01,1.0,,1,1,17.849999999999998,,17.849999999999998,17.849999999999998,2000.0,,2000,2000,1.0,,1.0,1.0,0.05899419729206963,,0.05899419729206963,0.05899419729206963,418.0,,418,418,1034.0,,1034,1034,3.570237464785576,,3.570237464785576,3.570237464785576,99fc6ef526bc821b82a48435c0a11457653382b1512fd893fda45260071da58a
E1,contrast,5,clean_to_clean,0.01,1.0,,2,1,17.849999999999998,,17.849999999999998,17.849999999999998,2000.0,,2000,2000,1.0,,1.0,1.0,0.05899419729206963,,0.05899419729206963,0.05899419729206963,418.0,,418,418,1034.0,,1034,1034,3.570237464785576,,3.570237464785576,3.570237464785576,99fc6ef526bc821b82a48435c0a11457653382b1512fd893fda45260071da58a
E1,contrast,5,clean_to_clean,0.01,1.0,,3,1,17.849999999999998,,17.849999999999998,17.849999999999998,2000.0,,2000,2000,1.0,,1.0,1.0,0.05899419729206963,,0.05899419729206963,0.05899419729206963,418.0,,418,418,1034.0,,1034,1034,3.570237464785576,,3.570237464785576,3.570237464785576,99fc6ef526bc821b82a48435c0a11457653382b1512fd893fda45260071da58a
E1,contrast,5,clean_to_clean,0.01,1.0,,4,1,17.849999999999998,,17.849999999999998,17.849999999999998,2000.0,,2000,2000,1.0,,1.0,1.0,0.05899419729206963,,0.05899419729206963,0.05899419729206963,418.0,,418,418,1034.0,,1034,1034,3.570237464785576,,3.570237464785576,3.570237464785576,99fc6ef526bc821b82a48435c0a11457653382b1512fd893fda45260071da58a
E1,contrast,5,clean_to_clean,0.01,1.0,,5,1,17.849999999999998,,17.849999999999998,17.849999999999998,2000.0,,2000,2000,1.0,,1.0,1.0,0.05899419729206963,,0.05899419729206963,0.05899419729206963,418.0,,418,418,1034.0,,1034,1034,3.570237464785576,,3.570237464785576,3.570237464785576,99fc6ef526bc821b82a48435c0a11457653382b1512fd893fda45260071da58a
E1,contrast,5,clean_to_clean,0.01,1.0,,6,1,17.849999999999998,,17.849999999999998,17.849999999999998,2000.0,,2000,2000,1.0,,1.0,1.0,0.05899419729206963,,0.05899419729206963,0.05899419729206963,418.0,,418,418,1034.0,,1034,1034,3.570237464785576,,3.570237464785576,3.570237464785576,99fc6ef526bc821b82a48435c0a11457653382b1512fd893fda45260071da58a
E1,contrast,5,clean_to_clean,0.01,1.0,,7,1,17.849999999999998,,17.849999999999998,17.849999999999998,2000.0,,2000,2000,1.0,,1.0,1.0,0.05899419729206963,,0.05899419729206963,0.05899419729206963,418.0,,418,418,1034.0,,1034,1034,3.570237464785576,,3.570237464785576,3.570237464785576,99fc6ef526bc821b82a48435c0a11457653382b1512fd893fda45260071da58a
E1,contrast,5,clean_to_clean,0.01,1.0,,8,1,17.849999999999998,,17.849999999999998,17.849999999999998,2000.0,,2000,2000,1.0,,1.0,1.0,0.05899419729206963,,0.05899419729206963,0.05899419729206963,418.0,,418,418,1034.0,,1034,1034,3.570237464785576,,3.570237464785576,3.570237464785576,99fc6ef526bc821b82a48435c0a11457653382b1512fd893fda45260071da58a
E1,contrast,5,clean_to_clean,0.01,1.0,,9,1,17.849999999999998,,17.849999999999998,17.849999999999998,2000.0,,2000,2000,1.0,,1.0,1.0,0.05899419729206963,,0.05899419729206963,0.05899419729206963,418.0,,418,418,1034.0,,1034,1034,3.570237464785576,,3.570237464785576,3.570237464785576,99fc6ef526bc821b82a48435c0a11457653382b1512fd893fda45260071da58a
E1,contrast,5,clean_to_clean,0.01,1.0,,10,1,17.849999999999998,,17.849999999999998,17.849999999999998,2000.0,,2000,2000,1.0,,1.0,1.0,0.05899419729206963,,0.05899419729206963,0.05899419729206963,418.0,,418,418,1034.0,,1034,1034,3.570237464785576,,3.570237464785576,3.570237464785576,99fc6ef526bc821b82a48435c0a11457653382b1512fd893fda45260071da58a
E1,contrast,5,clean_to_clean,0.01,1.0,,11,1,17.849999999999998,,17.849999999999998,17.849999999999998,2000.0,,2000,2000,1.0,,1.0,1.0,0.05899419729206963,,0.05899419729206963,0.05899419729206963,418.0,,418,418,1034.0,,1034,1034,3.570237464785576,,3.570237464785576,3.570237464785576,99fc6ef526bc821b82a48435c0a11457653382b1512fd893fda45260071da58a
E1,contrast,5,clean_to_clean,0.01,1.0,,12,1,17.849999999999998,,17.849999999999998,17.849999999999998,2000.0,,2000,2000,1.0,,1.0,1.0,0.05899419729206963,,0.05899419729206963,0.05899419729206963,418.0,,418,418,1034.0,,1034,1034,3.570237464785576,,3.570237464785576,3.570237464785576,99fc6ef526bc821b82a48435c0a11457653382b1512fd893fda45260071da58a
E1,contrast,5,clean_to_clean,0.01,1.0,,13,1,17.849999999999998,,17.849999999999998,17.849999999999998,2000.0,,2000,2000,1.0,,1.0,1.0,0.05899419729206963,,0.05899419729206963,0.05899419729206963,418.0,,418,418,1034.0,,1034,1034,3.570237464785576,,3.570237464785576,3.570237464785576,99fc6ef526bc821b82a48435c0a11457653382b1512fd893fda45260071da58a
E1,contrast,5,clean_to_clean,0.01,1.0,,14,1,17.849999999999998,,17.849999999999998,17.849999999999998,2000.0,,2000,2000,1.0,,1.0,1.0,0.05899419729206963,,0.05899419729206963,0.05899419729206963,418.0,,418,418,1034.0,,1034,1034,3.570237464785576,,3.570237464785576,3.570237464785576,99fc6ef526bc821b82a48435c0a11457653382b1512fd893fda45260071da58a
E1,contrast,5,clean_to_clean,0.01,1.0,,15,1,17.849999999999998,,17.849999999999998,17.849999999999998,2000.0,,2000,2000,1.0,,1.0,1.0,0.05899419729206963,,0.05899419729206963,0.05899419729206963,418.0,,418,418,1034.0,,1034,1034,3.570237464785576,,3.570237464785576,3.570237464785576,99fc6ef526bc821b82a48435c0a11457653382b1512fd893fda45260071da58a
E1,contrast,5,full_state,0.01,1.0,,0,1,17.849999999999998,,17.849999999999998,17.849999999999998,2000.0,,2000,2000,1.0,,1.0,1.0,0.05899419729206963,,0.05899419729206963,0.05899419729206963,418.0,,418,418,1034.0,,1034,1034,3.570237464785576,,3.570237464785576,3.570237464785576,99fc6ef526bc821b82a48435c0a11457653382b1512fd893fda45260071da58a
E1,contrast,5,full_state,0.01,1.0,,1,1,17.849999999999998,,17.849999999999998,17.849999999999998,2000.0,,2000,2000,1.0,,1.0,1.0,0.05899419729206963,,0.05899419729206963,0.05899419729206963,418.0,,418,418,1034.0,,1034,1034,3.570237464785576,,3.570237464785576,3.570237464785576,99fc6ef526bc821b82a48435c0a11457653382b1512fd893fda45260071da58a
E1,contrast,5,full_state,0.01,1.0,,2,1,17.849999999999998,,17.849999999999998,17.849999999999998,2000.0,,2000,2000,1.0,,1.0,1.0,0.05899419729206963,,0.05899419729206963,0.05899419729206963,418.0,,418,418,1034.0,,1034,1034,3.570237464785576,,3.570237464785576,3.570237464785576,99fc6ef526bc821b82a48435c0a11457653382b1512fd893fda45260071da58a
E1,contrast,5,full_state,0.01,1.0,,3,1,17.849999999999998,,17.849999999999998,17.849999999999998,2000.0,,2000,2000,1.0,,1.0,1.0,0.05899419729206963,,0.05899419729206963,0.05899419729206963,418.0,,418,418,1034.0,,1034,1034,3.570237464785576,,3.570237464785576,3.570237464785576,99fc6ef526bc821b82a48435c0a11457653382b1512fd893fda45260071da58a
E1,contrast,5,full_state,0.01,1.0,,4,1,17.849999999999998,,17.849999999999998,17.849999999999998,2000.0,,2000,2000,1.0,,1.0,1.0,0.05899419729206963,,0.05899419729206963,0.05899419729206963,418.0,,418,418,1034.0,,1034,1034,3.570237464785576,,3.570237464785576,3.570237464785576,99fc6ef526bc821b82a48435c0a11457653382b1512fd893fda45260071da58a
E1,contrast,5,full_state,0.01,1.0,,5,1,17.849999999999998,,17.849999999999998,17.849999999999998,2000.0,,2000,2000,1.0,,1.0,1.0,0.05899419729206963,,0.05899419729206963,0.05899419729206963,418.0,,418,418,1034.0,,1034,1034,3.570237464785576,,3.570237464785576,3.570237464785576,99fc6ef526bc821b82a48435c0a11457653382b1512fd893fda45260071da58a
E1,contrast,5,full_state,0.01,1.0,,6,1,17.849999999999998,,17.849999999999998,17.849999999999998,2000.0,,2000,2000,1.0,,1.0,1.0,0.05899419729206963,,0.05899419729206963,0.05899419729206963,418.0,,418,418,1034.0,,1034,1034,3.570237464785576,,3.570237464785576,3.570237464785576,99fc6ef526bc821b82a48435c0a11457653382b1512fd893fda45260071da58a
E1,contrast,5,full_state,0.01,1.0,,7,1,17.849999999999998,,17.849999999999998,17.849999999999998,2000.0,,2000,2000,1.0,,1.0,1.0,0.05899419729206963,,0.05899419729206963,0.05899419729206963,418.0,,418,418,1034.0,,1034,1034,3.570237464785576,,3.570237464785576,3.570237464785576,99fc6ef526bc821b82a48435c0a11457653382b1512fd893fda45260071da58a
E1,contrast,5,full_state,0.01,1.0,,8,1,17.849999999999998,,17.849999999999998,17.849999999999998,2000.0,,2000,2000,1.0,,1.0,1.0,0.05899419729206963,,0.05899419729206963,0.05899419729206963,418.0,,418,418,1034.0,,1034,1034,3.570237464785576,,3.570237464785576,3.570237464785576,99fc6ef526bc821b82a48435c0a11457653382b1512fd893fda45260071da58a
E1,contrast,5,full_state,0.01,1.0,,9,1,17.849999999999998,,17.849999999999998,17.849999999999998,2000.0,,2000,2000,1.0,,1.0,1.0,0.05899419729206963,,0.05899419729206963,0.05899419729206963,418.0,,418,418,1034.0,,1034,1034,3.570237464785576,,3.570237464785576,3.570237464785576,99fc6ef526bc821b82a48435c0a11457653382b1512fd893fda45260071da58a
E1,contrast,5,full_state,0.01,1.0,,10,1,17.849999999999998,,17.849999999999998,17.849999999999998,2000.0,,2000,2000,1.0,,1.0,1.0,0.05899419729206963,,0.05899419729206963,0.05899419729206963,418.0,,418,418,1034.0,,1034,1034,3.570237464785576,,3.570237464785576,3.570237464785576,99fc6ef526bc821b82a48435c0a11457653382b1512fd893fda45260071da58a
E1,contrast,5,full_state,0.01,1.0,,11,1,17.849999999999998,,17.849999999999998,17.849999999999998,2000.0,,2000,2000,1.0,,1.0,1.0,0.05899419729206963,,0.05899419729206963,0.05899419729206963,418.0,,418,418,1034.0,,1034,1034,3.570237464785576,,3.570237464785576,3.570237464785576,99fc6ef526bc821b82a48435c0a11457653382b1512fd893fda45260071da58a
E1,contrast,5,full_state,0.01,1.0,,12,1,17.849999999999998,,17.849999999999998,17.849999999999998,2000.0,,2000,2000,1.0,,1.0,1.0,0.05899419729206963,,0.05899419729206963,0.05899419729206963,418.0,,418,418,1034.0,,1034,1034,3.570237464785576,,3.570237464785576,3.570237464785576,99fc6ef526bc821b82a48435c0a11457653382b1512fd893fda45260071da58a
E1,contrast,5,full_state,0.01,1.0,,13,1,17.849999999999998,,17.849999999999998,17.849999999999998,2000.0,,2000,2000,1.0,,1.0,1.0,0.05899419729206963,,0.05899419729206963,0.05899419729206963,418.0,,418,418,1034.0,,1034,1034,3.570237464785576,,3.570237464785576,3.570237464785576,99fc6ef526bc821b82a48435c0a11457653382b1512fd893fda45260071da58a
E1,contrast,5,full_state,0.01,1.0,,14,1,17.849999999999998,,17.849999999999998,17.849999999999998,2000.0,,2000,2000,1.0,,1.0,1.0,0.05899419729206963,,0.05899419729206963,0.05899419729206963,418.0,,418,418,1034.0,,1034,1034,3.570237464785576,,3.570237464785576,3.570237464785576,99fc6ef526bc821b82a48435c0a11457653382b1512fd893fda45260071da58a
E1,contrast,5,full_state,0.01,1.0,,15,1,17.849999999999998,,17.849999999999998,17.849999999999998,2000.0,,2000,2000,1.0,,1.0,1.0,0.05899419729206963,,0.05899419729206963,0.05899419729206963,418.0,,418,418,1034.0,,1034,1034,3.570237464785576,,3.570237464785576,3.570237464785576,99fc6ef526bc821b82a48435c0a11457653382b1512fd893fda45260071da58a
E1,contrast,5,random_direction,0.01,1.0,,0,1,-4.150000000000004,,-4.150000000000004,-4.150000000000004,2000.0,,2000,2000,0.07177033492822966,,0.07177033492822966,0.07177033492822966,0.1218568665377176,,0.1218568665377176,0.1218568665377176,418.0,,418,418,1034.0,,1034,1034,-0.619898737847805,,-0.619898737847805,-0.619898737847805,99fc6ef526bc821b82a48435c0a11457653382b1512fd893fda45260071da58a
E1,contrast,5,random_direction,0.01,1.0,,1,1,-0.10000000000000009,,-0.10000000000000009,-0.10000000000000009,2000.0,,2000,2000,0.011961722488038277,,0.011961722488038277,0.011961722488038277,0.012572533849129593,,0.012572533849129593,0.012572533849129593,418.0,,418,418,1034.0,,1034,1034,-0.012445715308189392,,-0.012445715308189392,-0.012445715308189392,99fc6ef526bc821b82a48435c0a11457653382b1512fd893fda45260071da58a
E1,contrast,5,random_direction,0.01,1.0,,2,1,-0.050000000000005596,,-0.050000000000005596,-0.050000000000005596,2000.0,,2000,2000,0.011961722488038277,,0.011961722488038277,0.011961722488038277,0.009671179883945842,,0.009671179883945842,0.009671179883945842,418.0,,418,418,1034.0,,1034,1034,-0.005567268848419189,,-0.005567268848419189,-0.005567268848419189,99fc6ef526bc821b82a48435c0a11457653382b1512fd893fda45260071da58a
E1,contrast,5,random_direction,0.01,1.0,,3,1,0.0,,0.0,0.0,2000.0,,2000,2000,0.02631578947368421,,0.02631578947368421,0.02631578947368421,0.015473887814313346,,0.015473887814313346,0.015473887814313346,418.0,,418,418,1034.0,,1034,1034,-0.00018327856063842773,,-0.00018327856063842773,-0.00018327856063842773,99fc6ef526bc821b82a48435c0a11457653382b1512fd893fda45260071da58a
E1,contrast,5,random_direction,0.01,1.0,,4,1,0.04999999999999449,,0.04999999999999449,0.04999999999999449,2000.0,,2000,2000,0.02631578947368421,,0.02631578947368421,0.02631578947368421,0.012572533849129593,,0.012572533849129593,0.012572533849129593,418.0,,418,418,1034.0,,1034,1034,-0.0033363087177276612,,-0.0033363087177276612,-0.0033363087177276612,99fc6ef526bc821b82a48435c0a11457653382b1512fd893fda45260071da58a
E1,contrast,5,random_direction,0.01,1.0,,5,1,-0.10000000000000009,,-0.10000000000000009,-0.10000000000000009,2000.0,,2000,2000,0.023923444976076555,,0.023923444976076555,0.023923444976076555,0.013539651837524178,,0.013539651837524178,0.013539651837524178,418.0,,418,418,1034.0,,1034,1034,-0.004077790796756744,,-0.004077790796756744,-0.004077790796756744,99fc6ef526bc821b82a48435c0a11457653382b1512fd893fda45260071da58a
E1,contrast,5,random_direction,0.01,1.0,,6,1,0.30000000000000027,,0.30000000000000027,0.30000000000000027,2000.0,,2000,2000,0.02631578947368421,,0.02631578947368421,0.02631578947368421,0.008704061895551257,,0.008704061895551257,0.008704061895551257,418.0,,418,418,1034.0,,1034,1034,0.018307239294052122,,0.018307239294052122,0.018307239294052122,99fc6ef526bc821b82a48435c0a11457653382b1512fd893fda45260071da58a
E1,contrast,5,random_direction,0.01,1.0,,7,1,0.04999999999999449,,0.04999999999999449,0.04999999999999449,2000.0,,2000,2000,0.01674641148325359,,0.01674641148325359,0.01674641148325359,0.008704061895551257,,0.008704061895551257,0.008704061895551257,418.0,,418,418,1034.0,,1034,1034,0.008371392548084259,,0.008371392548084259,0.008371392548084259,99fc6ef526bc821b82a48435c0a11457653382b1512fd893fda45260071da58a
E1,contrast,5,random_direction,0.01,1.0,,8,1,-0.30000000000000027,,-0.30000000000000027,-0.30000000000000027,2000.0,,2000,2000,0.009569377990430622,,0.009569377990430622,0.009569377990430622,0.01160541586073501,,0.01160541586073501,0.01160541586073501,418.0,,418,418,1034.0,,1034,1034,0.0002267487645149231,,0.0002267487645149231,0.0002267487645149231,99fc6ef526bc821b82a48435c0a11457653382b1512fd893fda45260071da58a
E1,contrast,5,random_direction,0.01,1.0,,9,1,0.14999999999999458,,0.14999999999999458,0.14999999999999458,2000.0,,2000,2000,0.011961722488038277,,0.011961722488038277,0.011961722488038277,0.005802707930367505,,0.005802707930367505,0.005802707930367505,418.0,,418,418,1034.0,,1034,1034,0.008075473487377166,,0.008075473487377166,0.008075473487377166,99fc6ef526bc821b82a48435c0a11457653382b1512fd893fda45260071da58a
E1,contrast,5,random_direction,0.01,1.0,,10,1,0.04999999999999449,,0.04999999999999449,0.04999999999999449,2000.0,,2000,2000,0.011961722488038277,,0.011961722488038277,0.011961722488038277,0.007736943907156673,,0.007736943907156673,0.007736943907156673,418.0,,418,418,1034.0,,1034,1034,0.008528264164924622,,0.008528264164924622,0.008528264164924622,99fc6ef526bc821b82a48435c0a11457653382b1512fd893fda45260071da58a
E1,contrast,5,random_direction,0.01,1.0,,11,1,0.04999999999999449,,0.04999999999999449,0.04999999999999449,2000.0,,2000,2000,0.009569377990430622,,0.009569377990430622,0.009569377990430622,0.005802707930367505,,0.005802707930367505,0.005802707930367505,418.0,,418,418,1034.0,,1034,1034,0.008112302660942077,,0.008112302660942077,0.008112302660942077,99fc6ef526bc821b82a48435c0a11457653382b1512fd893fda45260071da58a
E1,contrast,5,random_direction,0.01,1.0,,12,1,-0.050000000000005596,,-0.050000000000005596,-0.050000000000005596,2000.0,,2000,2000,0.007177033492822967,,0.007177033492822967,0.007177033492822967,0.006769825918762089,,0.006769825918762089,0.006769825918762089,418.0,,418,418,1034.0,,1034,1034,-0.0009206988215446473,,-0.0009206988215446473,-0.0009206988215446473,99fc6ef526bc821b82a48435c0a11457653382b1512fd893fda45260071da58a
E1,contrast,5,random_direction,0.01,1.0,,13,1,-0.10000000000000009,,-0.10000000000000009,-0.10000000000000009,2000.0,,2000,2000,0.004784688995215311,,0.004784688995215311,0.004784688995215311,0.004835589941972921,,0.004835589941972921,0.004835589941972921,418.0,,418,418,1034.0,,1034,1034,0.002647714078426361,,0.002647714078426361,0.002647714078426361,99fc6ef526bc821b82a48435c0a11457653382b1512fd893fda45260071da58a
E1,contrast,5,random_direction,0.01,1.0,,14,1,-0.050000000000005596,,-0.050000000000005596,-0.050000000000005596,2000.0,,2000,2000,0.004784688995215311,,0.004784688995215311,0.004784688995215311,0.0029013539651837525,,0.0029013539651837525,0.0029013539651837525,418.0,,418,418,1034.0,,1034,1034,0.0012498513460159303,,0.0012498513460159303,0.0012498513460159303,99fc6ef526bc821b82a48435c0a11457653382b1512fd893fda45260071da58a
E1,contrast,5,random_direction,0.01,1.0,,15,1,-0.10000000000000009,,-0.10000000000000009,-0.10000000000000009,2000.0,,2000,2000,0.004784688995215311,,0.004784688995215311,0.004784688995215311,0.0038684719535783366,,0.0038684719535783366,0.0038684719535783366,418.0,,418,418,1034.0,,1034,1034,6.091982126235962e-05,,6.091982126235962e-05,6.091982126235962e-05,99fc6ef526bc821b82a48435c0a11457653382b1512fd893fda45260071da58a
E1,contrast,5,shuffled_donor,0.01,1.0,,0,1,-9.350000000000003,,-9.350000000000003,-9.350000000000003,2000.0,,2000,2000,0.07416267942583732,,0.07416267942583732,0.07416267942583732,0.218568665377176,,0.218568665377176,0.218568665377176,418.0,,418,418,1034.0,,1034,1034,-1.3561215623021126,,-1.3561215623021126,-1.3561215623021126,99fc6ef526bc821b82a48435c0a11457653382b1512fd893fda45260071da58a
E1,contrast,5,shuffled_donor,0.01,1.0,,1,1,-0.050000000000005596,,-0.050000000000005596,-0.050000000000005596,2000.0,,2000,2000,0.07177033492822966,,0.07177033492822966,0.07177033492822966,0.039651837524177946,,0.039651837524177946,0.039651837524177946,418.0,,418,418,1034.0,,1034,1034,-0.12834321284294128,,-0.12834321284294128,-0.12834321284294128,99fc6ef526bc821b82a48435c0a11457653382b1512fd893fda45260071da58a
E1,contrast,5,shuffled_donor,0.01,1.0,,2,1,-0.30000000000000027,,-0.30000000000000027,-0.30000000000000027,2000.0,,2000,2000,0.04784688995215311,,0.04784688995215311,0.04784688995215311,0.03868471953578337,,0.03868471953578337,0.03868471953578337,418.0,,418,418,1034.0,,1034,1034,-0.09991104483604431,,-0.09991104483604431,-0.09991104483604431,99fc6ef526bc821b82a48435c0a11457653382b1512fd893fda45260071da58a
E1,contrast,5,shuffled_donor,0.01,1.0,,3,1,-2.150000000000002,,-2.150000000000002,-2.150000000000002,2000.0,,2000,2000,0.050239234449760764,,0.050239234449760764,0.050239234449760764,0.07059961315280464,,0.07059961315280464,0.07059961315280464,418.0,,418,418,1034.0,,1034,1034,-0.262094445347786,,-0.262094445347786,-0.262094445347786,99fc6ef526bc821b82a48435c0a11457653382b1512fd893fda45260071da58a
E1,contrast,5,shuffled_donor,0.01,1.0,,4,1,0.30000000000000027,,0.30000000000000027,0.30000000000000027,2000.0,,2000,2000,0.07416267942583732,,0.07416267942583732,0.07416267942583732,0.03288201160541586,,0.03288201160541586,0.03288201160541586,418.0,,418,418,1034.0,,1034,1034,-0.013003375709056854,,-0.013003375709056854,-0.013003375709056854,99fc6ef526bc821b82a48435c0a11457653382b1512fd893fda45260071da58a
E1,contrast,5,shuffled_donor,0.01,1.0,,5,1,-0.050000000000005596,,-0.050000000000005596,-0.050000000000005596,2000.0,,2000,2000,0.0645933014354067,,0.0645933014354067,0.0645933014354067,0.03481624758220503,,0.03481624758220503,0.03481624758220503,418.0,,418,418,1034.0,,1034,1034,-0.027632917642593385,,-0.027632917642593385,-0.027632917642593385,99fc6ef526bc821b82a48435c0a11457653382b1512fd893fda45260071da58a
E1,contrast,5,shuffled_donor,0.01,1.0,,6,1,-0.10000000000000009,,-0.10000000000000009,-0.10000000000000009,2000.0,,2000,2000,0.06220095693779904,,0.06220095693779904,0.06220095693779904,0.03481624758220503,,0.03481624758220503,0.03481624758220503,418.0,,418,418,1034.0,,1034,1034,-0.015176443576812745,,-0.015176443576812745,-0.015176443576812745,99fc6ef526bc821b82a48435c0a11457653382b1512fd893fda45260071da58a
E1,contrast,5,shuffled_donor,0.01,1.0,,7,1,0.34999999999999476,,0.34999999999999476,0.34999999999999476,2000.0,,2000,2000,0.07416267942583732,,0.07416267942583732,0.07416267942583732,0.033849129593810444,,0.033849129593810444,0.033849129593810444,418.0,,418,418,1034.0,,1034,1034,0.06504634100198746,,0.06504634100198746,0.06504634100198746,99fc6ef526bc821b82a48435c0a11457653382b1512fd893fda45260071da58a
E1,contrast,5,shuffled_donor,0.01,1.0,,8,1,-0.40000000000000036,,-0.40000000000000036,-0.40000000000000036,2000.0,,2000,2000,0.05980861244019139,,0.05980861244019139,0.05980861244019139,0.0367504835589942,,0.0367504835589942,0.0367504835589942,418.0,,418,418,1034.0,,1034,1034,0.01593465930223465,,0.01593465930223465,0.01593465930223465,99fc6ef526bc821b82a48435c0a11457653382b1512fd893fda45260071da58a
E1,contrast,5,shuffled_donor,0.01,1.0,,9,1,-0.35000000000000586,,-0.35000000000000586,-0.35000000000000586,2000.0,,2000,2000,0.04784688995215311,,0.04784688995215311,0.04784688995215311,0.031914893617021274,,0.031914893617021274,0.031914893617021274,418.0,,418,418,1034.0,,1034,1034,-0.007685366988182068,,-0.007685366988182068,-0.007685366988182068,99fc6ef526bc821b82a48435c0a11457653382b1512fd893fda45260071da58a
E1,contrast,5,shuffled_donor,0.01,1.0,,10,1,-0.20000000000000018,,-0.20000000000000018,-0.20000000000000018,2000.0,,2000,2000,0.05263157894736842,,0.05263157894736842,0.05263157894736842,0.029980657640232108,,0.029980657640232108,0.029980657640232108,418.0,,418,418,1034.0,,1034,1034,-0.00538702917098999,,-0.00538702917098999,-0.00538702917098999,99fc6ef526bc821b82a48435c0a11457653382b1512fd893fda45260071da58a
E1,contrast,5,shuffled_donor,0.01,1.0,,11,1,-0.5000000000000004,,-0.5000000000000004,-0.5000000000000004,2000.0,,2000,2000,0.045454545454545456,,0.045454545454545456,0.045454545454545456,0.031914893617021274,,0.031914893617021274,0.031914893617021274,418.0,,418,418,1034.0,,1034,1034,-0.016876781404018402,,-0.016876781404018402,-0.016876781404018402,99fc6ef526bc821b82a48435c0a11457653382b1512fd893fda45260071da58a
E1,contrast,5,shuffled_donor,0.01,1.0,,12,1,-0.35000000000000586,,-0.35000000000000586,-0.35000000000000586,2000.0,,2000,2000,0.03827751196172249,,0.03827751196172249,0.03827751196172249,0.029013539651837523,,0.029013539651837523,0.029013539651837523,418.0,,418,418,1034.0,,1034,1034,-0.03125248438119888,,-0.03125248438119888,-0.03125248438119888,99fc6ef526bc821b82a48435c0a11457653382b1512fd893fda45260071da58a
E1,contrast,5,shuffled_donor,0.01,1.0,,13,1,-0.550000000000006,,-0.550000000000006,-0.550000000000006,2000.0,,2000,2000,0.0215311004784689,,0.0215311004784689,0.0215311004784689,0.025145067698259187,,0.025145067698259187,0.025145067698259187,418.0,,418,418,1034.0,,1034,1034,-0.039674963891506196,,-0.039674963891506196,-0.039674963891506196,99fc6ef526bc821b82a48435c0a11457653382b1512fd893fda45260071da58a
E1,contrast,5,shuffled_donor,0.01,1.0,,14,1,-0.050000000000005596,,-0.050000000000005596,-0.050000000000005596,2000.0,,2000,2000,0.02631578947368421,,0.02631578947368421,0.02631578947368421,0.017408123791102514,,0.017408123791102514,0.017408123791102514,418.0,,418,418,1034.0,,1034,1034,-0.03762630832195282,,-0.03762630832195282,-0.03762630832195282,99fc6ef526bc821b82a48435c0a11457653382b1512fd893fda45260071da58a
E1,contrast,5,shuffled_donor,0.01,1.0,,15,1,-0.10000000000000009,,-0.10000000000000009,-0.10000000000000009,2000.0,,2000,2000,0.009569377990430622,,0.009569377990430622,0.009569377990430622,0.01160541586073501,,0.01160541586073501,0.01160541586073501,418.0,,418,418,1034.0,,1034,1034,-0.02567787426710129,,-0.02567787426710129,-0.02567787426710129,99fc6ef526bc821b82a48435c0a11457653382b1512fd893fda45260071da58a
E1,jpeg_compression,1,partial_channel,0.01,1.0,,0,5,0.21999999999999797,0.3213253802611939,-0.10000000000000009,0.7000000000000006,2000.0,0.0,2000,2000,0.030718954248366015,0.016274378559462396,0.013071895424836602,0.05228758169934641,0.006233766233766235,0.0018770115488033591,0.004329004329004329,0.008658008658008658,306.0,0.0,306,306,1155.0,0.0,1155,1155,0.025055437159538268,0.01113843148919084,0.01459209668636322,0.04348258316516876,99fc6ef526bc821b82a48435c0a11457653382b1512fd893fda45260071da58a
E1,jpeg_compression,1,partial_channel,0.05,1.0,,0,5,0.7599999999999985,0.23291629397704205,0.5000000000000004,1.0499999999999954,2000.0,0.0,2000,2000,0.08496732026143791,0.020277244519592903,0.058823529411764705,0.10457516339869281,0.01523809523809524,0.0022577324347022153,0.012987012987012988,0.01818181818181818,306.0,0.0,306,306,1155.0,0.0,1155,1155,0.1216434939980507,0.0224968756883851,0.09083870977163315,0.14896951168775557,99fc6ef526bc821b82a48435c0a11457653382b1512fd893fda45260071da58a
E1,jpeg_compression,1,partial_channel,0.1,1.0,,0,5,1.5599999999999992,0.9496051811147623,0.40000000000000036,2.9000000000000026,2000.0,0.0,2000,2000,0.14183006535947712,0.06431352622318882,0.06535947712418301,0.23202614379084968,0.01922077922077922,0.003430582295438779,0.01471861471861472,0.023376623376623377,306.0,0.0,306,306,1155.0,0.0,1155,1155,0.23425585858821868,0.08092818953445115,0.16631937098503113,0.3700644164085388,99fc6ef526bc821b82a48435c0a11457653382b1512fd893fda45260071da58a
E1,jpeg_compression,1,partial_channel,0.2,1.0,,0,5,3.5100000000000025,0.9646242791885375,2.1499999999999964,4.400000000000004,2000.0,0.0,2000,2000,0.27189542483660134,0.05416364752673908,0.1830065359477124,0.31699346405228757,0.023203463203463205,0.005557335596841979,0.01904761904761905,0.0329004329004329,306.0,0.0,306,306,1155.0,0.0,1155,1155,0.4792644705057144,0.08016083874093555,0.3571985194683075,0.5504435525536537,99fc6ef526bc821b82a48435c0a11457653382b1512fd893fda45260071da58a
E1,jpeg_compression,1,partial_channel,0.01,1.0,,1,5,0.30999999999999694,0.18506755523321522,0.10000000000000009,0.5499999999999949,2000.0,0.0,2000,2000,0.04183006535947712,0.018829882733186837,0.02287581699346405,0.0718954248366013,0.008311688311688312,0.005985934551495621,0.003463203463203463,0.01818181818181818,306.0,0.0,306,306,1155.0,0.0,1155,1155,0.029840057027339932,0.014366934643279745,0.016460108041763306,0.05066212546825409,99fc6ef526bc821b82a48435c0a11457653382b1512fd893fda45260071da58a
E1,jpeg_compression,1,partial_channel,0.05,1.0,,1,5,0.9499999999999975,0.416833300013326,0.6000000000000005,1.649999999999996,2000.0,0.0,2000,2000,0.0954248366013072,0.031549067676201754,0.06209150326797386,0.14705882352941177,0.014891774891774892,0.0041702492047765525,0.009523809523809525,0.019913419913419914,306.0,0.0,306,306,1155.0,0.0,1155,1155,0.12601499252319337,0.024706590244530188,0.1022271803021431,0.16118261271715165,99fc6ef526bc821b82a48435c0a11457653382b1512fd893fda45260071da58a
E1,jpeg_compression,1,partial_channel,0.1,1.0,,1,5,1.419999999999999,0.5729310604252508,0.44999999999999485,1.9000000000000017,2000.0,0.0,2000,2000,0.13137254901960782,0.033358954654051885,0.0784313725490196,0.16339869281045752,0.018354978354978353,0.0011288662173511085,0.017316017316017316,0.019913419913419914,306.0,0.0,306,306,1155.0,0.0,1155,1155,0.22132725487947463,0.0462038830029794,0.1587493854165077,0.26876872992515566,99fc6ef526bc821b82a48435c0a11457653382b1512fd893fda45260071da58a
E1,jpeg_compression,1,partial_channel,0.2,1.0,,1,5,3.4099999999999993,0.9296504719516888,1.9000000000000017,4.249999999999998,2000.0,0.0,2000,2000,0.2607843137254902,0.0608492870820293,0.16666666666666666,0.3137254901960784,0.02285714285714286,0.003900910935435086,0.01904761904761905,0.02943722943722944,306.0,0.0,306,306,1155.0,0.0,1155,1155,0.46805430119037633,0.07999431107110212,0.32886505776643754,0.525148436665535,99fc6ef526bc821b82a48435c0a11457653382b1512fd893fda45260071da58a
E1,jpeg_compression,1,partial_channel,0.01,1.0,,2,5,0.20999999999999686,0.20432816741702417,0.0,0.5499999999999949,2000.0,0.0,2000,2000,0.03202614379084967,0.01141454195854443,0.016339869281045753,0.0457516339869281,0.008138528138528138,0.004996203652382168,0.003463203463203463,0.01645021645021645,306.0,0.0,306,306,1155.0,0.0,1155,1155,0.025096878457069392,0.008288379293318033,0.01602990126609802,0.03540578347444534,99fc6ef526bc821b82a48435c0a11457653382b1512fd893fda45260071da58a
E1,jpeg_compression,1,partial_channel,0.05,1.0,,2,5,0.7799999999999963,0.26832815729997406,0.44999999999999485,1.0499999999999954,2000.0,0.0,2000,2000,0.08823529411764705,0.021052448899877656,0.0718954248366013,0.12418300653594772,0.015064935064935064,0.0037037661707718505,0.009523809523809525,0.019913419913419914,306.0,0.0,306,306,1155.0,0.0,1155,1155,0.1148087126016617,0.012646677095387214,0.09980728155374527,0.13367444503307344,99fc6ef526bc821b82a48435c0a11457653382b1512fd893fda45260071da58a
E1,jpeg_compression,1,partial_channel,0.1,1.0,,2,5,1.419999999999997,0.33837848631377326,0.9499999999999953,1.849999999999996,2000.0,0.0,2000,2000,0.1326797385620915,0.03215261144117344,0.08496732026143791,0.16993464052287582,0.018354978354978353,0.0019743297404314075,0.01645021645021645,0.02077922077922078,306.0,0.0,306,306,1155.0,0.0,1155,1155,0.2077121761202812,0.045011408090387284,0.15736045455932618,0.26634311747550965,99fc6ef526bc821b82a48435c0a11457653382b1512fd893fda45260071da58a
E1,jpeg_compression,1,partial_channel,0.2,1.0,,2,5,3.0999999999999988,0.6244997998398402,2.2499999999999964,3.849999999999998,2000.0,0.0,2000,2000,0.24640522875816995,0.048339508724446006,0.16993464052287582,0.29411764705882354,0.025108225108225107,0.005194805194805194,0.019913419913419914,0.033766233766233764,306.0,0.0,306,306,1155.0,0.0,1155,1155,0.45501463712453843,0.07304300071121386,0.3249955505132675,0.49577151507139205,99fc6ef526bc821b82a48435c0a11457653382b1512fd893fda45260071da58a
E1,jpeg_compression,1,partial_channel,0.01,1.0,,3,5,0.05999999999999783,0.09617692030835566,-0.10000000000000009,0.14999999999999458,2000.0,0.0,2000,2000,0.022875816993464047,0.008331731231360759,0.013071895424836602,0.032679738562091505,0.00658008658008658,0.002778667798420989,0.003463203463203463,0.01038961038961039,306.0,0.0,306,306,1155.0,0.0,1155,1155,0.01366339647769928,0.007626342947163009,0.0018898144960403443,0.021753880858421327,99fc6ef526bc821b82a48435c0a11457653382b1512fd893fda45260071da58a
E1,jpeg_compression,1,partial_channel,0.05,1.0,,3,5,0.7099999999999995,0.3847076812334267,0.30000000000000027,1.3000000000000012,2000.0,0.0,2000,2000,0.09673202614379085,0.024629338145642835,0.06209150326797386,0.12745098039215685,0.019047619047619053,0.005807968772726727,0.012987012987012988,0.02683982683982684,306.0,0.0,306,306,1155.0,0.0,1155,1155,0.11679084292650224,0.0377023297780064,0.07074384361505509,0.17216899245977402,99fc6ef526bc821b82a48435c0a11457653382b1512fd893fda45260071da58a
E1,jpeg_compression,1,partial_channel,0.1,1.0,,3,5,1.8699999999999986,0.5007494383421736,1.3499999999999956,2.7000000000000024,2000.0,0.0,2000,2000,0.15751633986928104,0.03469289418847115,0.10457516339869281,0.19934640522875818,0.018354978354978353,0.0026261040498879824,0.01471861471861472,0.021645021645021644,306.0,0.0,306,306,1155.0,0.0,1155,1155,0.2533884509205818,0.07275161702240218,0.17769447690248488,0.3516484766602516,99fc6ef526bc821b82a48435c0a11457653382b1512fd893fda45260071da58a
E1,jpeg_compression,1,partial_channel,0.2,1.0,,3,5,3.75,0.7044501401802691,3.049999999999997,4.749999999999998,2000.0,0.0,2000,2000,0.29281045751633983,0.041824958838630466,0.23202614379084968,0.34967320261437906,0.025800865800865803,0.005916657857409484,0.01904761904761905,0.032034632034632034,306.0,0.0,306,306,1155.0,0.0,1155,1155,0.5330912468910218,0.0826175541591518,0.41536423391103744,0.6470412672162056,99fc6ef526bc821b82a48435c0a11457653382b1512fd893fda45260071da58a
E1,jpeg_compression,1,partial_channel,0.01,1.0,,4,5,0.13999999999999568,0.292403830344268,-0.10000000000000009,0.5499999999999949,2000.0,0.0,2000,2000,0.03137254901960784,0.013592571466068902,0.016339869281045753,0.049019607843137254,0.007792207792207792,0.0037739384792559944,0.004329004329004329,0.013852813852813853,306.0,0.0,306,306,1155.0,0.0,1155,1155,0.011908232355117798,0.014230702704767022,-0.012832861304283141,0.022926885604858397,99fc6ef526bc821b82a48435c0a11457653382b1512fd893fda45260071da58a
E1,jpeg_compression,1,partial_channel,0.05,1.0,,4,5,1.3099999999999978,0.7659960835409012,0.8000000000000007,2.649999999999997,2000.0,0.0,2000,2000,0.12810457516339868,0.05158846342659116,0.0784313725490196,0.21568627450980393,0.01904761904761905,0.0032395302049990833,0.013852813852813853,0.021645021645021644,306.0,0.0,306,306,1155.0,0.0,1155,1155,0.16288611288070678,0.1295580116265739,0.08542759215831756,0.39194810658693313,99fc6ef526bc821b82a48435c0a11457653382b1512fd893fda45260071da58a
E1,jpeg_compression,1,partial_channel,0.1,1.0,,4,5,2.2799999999999976,0.7014271166700079,1.649999999999996,3.4499999999999975,2000.0,0.0,2000,2000,0.1915032679738562,0.0706441922966787,0.13398692810457516,0.3104575163398693,0.023376623376623377,0.007887821280644414,0.015584415584415584,0.03636363636363636,306.0,0.0,306,306,1155.0,0.0,1155,1155,0.32494015934467313,0.12526074282048424,0.22001438212394714,0.5372012501955032,99fc6ef526bc821b82a48435c0a11457653382b1512fd893fda45260071da58a
E1,jpeg_compression,1,partial_channel,0.2,1.0,,4,5,4.2,0.44721359549995865,3.4499999999999975,4.649999999999999,2000.0,0.0,2000,2000,0.32222222222222224,0.045081459489041555,0.27450980392156865,0.3954248366013072,0.028225108225108226,0.008043098987008548,0.019913419913419914,0.04069264069264069,306.0,0.0,306,306,1155.0,0.0,1155,1155,0.592033988893032,0.12677931170238022,0.5182016360163688,0.818053345143795,99fc6ef526bc821b82a48435c0a11457653382b1512fd893fda45260071da58a
E1,jpeg_compression,1,partial_channel,0.01,1.0,,5,5,0.1499999999999968,0.09354143466934713,0.04999999999999449,0.24999999999999467,2000.0,0.0,2000,2000,0.027450980392156866,0.004956127741210166,0.02287581699346405,0.032679738562091505,0.006926406926406926,0.0022073677548020715,0.004329004329004329,0.009523809523809525,306.0,0.0,306,306,1155.0,0.0,1155,1155,0.011822507715225219,0.015692323460183122,-0.015019895911216736,0.02176152116060257,99fc6ef526bc821b82a48435c0a11457653382b1512fd893fda45260071da58a
E1,jpeg_compression,1,partial_channel,0.05,1.0,,5,5,1.2599999999999967,0.8820430828479986,0.5499999999999949,2.749999999999997,2000.0,0.0,2000,2000,0.1189542483660131,0.055295431001569015,0.0784313725490196,0.21241830065359477,0.017835497835497836,0.0018968746580265493,0.015584415584415584,0.02077922077922078,306.0,0.0,306,306,1155.0,0.0,1155,1155,0.16436682518720624,0.1353620046405795,0.08086027652025223,0.4029013273715973,99fc6ef526bc821b82a48435c0a11457653382b1512fd893fda45260071da58a
E1,jpeg_compression,1,partial_channel,0.1,1.0,,5,5,2.2099999999999964,0.7503332592921635,1.5499999999999958,3.4499999999999975,2000.0,0.0,2000,2000,0.1915032679738562,0.06542480395420758,0.13071895424836602,0.29411764705882354,0.02251082251082251,0.005611030907712433,0.01818181818181818,0.03116883116883117,306.0,0.0,306,306,1155.0,0.0,1155,1155,0.3269841964244843,0.1406425096888461,0.21883140254020692,0.5632216880917549,99fc6ef526bc821b82a48435c0a11457653382b1512fd893fda45260071da58a
E1,jpeg_compression,1,partial_channel,0.2,1.0,,5,5,4.029999999999999,0.58800510201868,3.200000000000003,4.849999999999999,2000.0,0.0,2000,2000,0.303921568627451,0.04747006224292141,0.2647058823529412,0.38562091503267976,0.025800865800865803,0.005026121306909088,0.02077922077922078,0.032034632034632034,306.0,0.0,306,306,1155.0,0.0,1155,1155,0.5977409173488617,0.1609936735440375,0.5031063499450683,0.8833604026436805,99fc6ef526bc821b82a48435c0a11457653382b1512fd893fda45260071da58a
E1,jpeg_compression,1,partial_channel,0.01,1.0,,6,5,0.12999999999999678,0.20796634343085332,-0.10000000000000009,0.44999999999999485,2000.0,0.0,2000,2000,0.026143790849673203,0.006932419423397525,0.016339869281045753,0.032679738562091505,0.006060606060606061,0.0029360735857685144,0.0025974025974025974,0.009523809523809525,306.0,0.0,306,306,1155.0,0.0,1155,1155,0.014980145144462585,0.012257065603191198,-0.003022873044013977,0.02728960692882538,99fc6ef526bc821b82a48435c0a11457653382b1512fd893fda45260071da58a
E1,jpeg_compression,1,partial_channel,0.05,1.0,,6,5,1.3900000000000001,1.0514276009312307,0.7000000000000006,3.200000000000003,2000.0,0.0,2000,2000,0.12483660130718954,0.05806519173756644,0.08169934640522876,0.2222222222222222,0.01575757575757576,0.000724380975354178,0.01471861471861472,0.01645021645021645,306.0,0.0,306,306,1155.0,0.0,1155,1155,0.17856178359985347,0.14848005384638308,0.0856598390340805,0.43779013258218763,99fc6ef526bc821b82a48435c0a11457653382b1512fd893fda45260071da58a
E1,jpeg_compression,1,partial_channel,0.1,1.0,,6,5,2.1999999999999993,0.7491662031885864,1.5499999999999958,3.400000000000003,2000.0,0.0,2000,2000,0.18169934640522875,0.06280124122191534,0.13398692810457516,0.2875816993464052,0.019393939393939394,0.005287768479516007,0.015584415584415584,0.02857142857142857,306.0,0.0,306,306,1155.0,0.0,1155,1155,0.33195346873998643,0.1526867164802786,0.2177068995833397,0.5888483321070671,99fc6ef526bc821b82a48435c0a11457653382b1512fd893fda45260071da58a
E1,jpeg_compression,1,partial_channel,0.2,1.0,,6,5,4.049999999999998,0.6846531968814548,3.400000000000003,5.199999999999994,2000.0,0.0,2000,2000,0.30261437908496736,0.05277550127630417,0.2679738562091503,0.3954248366013072,0.024761904761904763,0.0039009109354350853,0.019913419913419914,0.030303030303030304,306.0,0.0,306,306,1155.0,0.0,1155,1155,0.6079568049073221,0.16770119731715055,0.5198949381113053,0.9074009785652161,99fc6ef526bc821b82a48435c0a11457653382b1512fd893fda45260071da58a
E1,jpeg_compression,1,partial_channel,0.01,1.0,,7,5,0.259999999999998,0.17102631376486857,0.0,0.44999999999999485,2000.0,0.0,2000,2000,0.029411764705882353,0.008004868440467904,0.0196078431372549,0.0392156862745098,0.006233766233766234,0.0014226559935199118,0.004329004329004329,0.007792207792207792,306.0,0.0,306,306,1155.0,0.0,1155,1155,0.025730010569095612,0.012292025318311839,0.009847911179065704,0.04008920156955719,99fc6ef526bc821b82a48435c0a11457653382b1512fd893fda45260071da58a
E1,jpeg_compression,1,partial_channel,0.05,1.0,,7,5,0.9599999999999987,0.3305298776207707,0.649999999999995,1.5000000000000013,2000.0,0.0,2000,2000,0.09281045751633987,0.013592571466068905,0.07516339869281045,0.10784313725490197,0.013333333333333332,0.004088560676404363,0.009523809523809525,0.01904761904761905,306.0,0.0,306,306,1155.0,0.0,1155,1155,0.12491461468935014,0.04616744259245182,0.07104560983180999,0.19535288405418397,99fc6ef526bc821b82a48435c0a11457653382b1512fd893fda45260071da58a
E1,jpeg_compression,1,partial_channel,0.1,1.0,,7,5,2.409999999999999,1.4838295050308188,1.100000000000001,4.100000000000003,2000.0,0.0,2000,2000,0.20915032679738563,0.11985046288164869,0.10457516339869281,0.3431372549019608,0.021298701298701296,0.008158766399577314,0.012121212121212121,0.03116883116883117,306.0,0.0,306,306,1155.0,0.0,1155,1155,0.34420706685781477,0.19610841703720325,0.18692164957523347,0.5845475336313247,99fc6ef526bc821b82a48435c0a11457653382b1512fd893fda45260071da58a
E1,jpeg_compression,1,partial_channel,0.2,1.0,,7,5,4.54,1.7749647883831385,2.500000000000002,6.15,2000.0,0.0,2000,2000,0.35359477124183003,0.14077724355809348,0.19934640522875818,0.4869281045751634,0.02787878787878788,0.008837956817437122,0.01471861471861472,0.0380952380952381,306.0,0.0,306,306,1155.0,0.0,1155,1155,0.7425813382625581,0.34025206408465003,0.3836937374472618,1.2016278802156448,99fc6ef526bc821b82a48435c0a11457653382b1512fd893fda45260071da58a
E1,jpeg_compression,1,partial_channel,0.01,1.0,,8,5,0.369999999999997,0.2970690155502581,0.04999999999999449,0.7499999999999951,2000.0,0.0,2000,2000,0.03594771241830065,0.013274572556594706,0.02287581699346405,0.05555555555555555,0.006060606060606061,0.0022073677548020715,0.003463203463203463,0.008658008658008658,306.0,0.0,306,306,1155.0,0.0,1155,1155,0.029735309410095216,0.012135935955016936,0.019955843448638915,0.05007332730293274,99fc6ef526bc821b82a48435c0a11457653382b1512fd893fda45260071da58a
E1,jpeg_compression,1,partial_channel,0.05,1.0,,8,5,1.0199999999999965,0.27294688127912226,0.7000000000000006,1.3499999999999956,2000.0,0.0,2000,2000,0.09607843137254901,0.02112840506567923,0.0718954248366013,0.12745098039215685,0.012467532467532468,0.0029741236428255705,0.009523809523809525,0.01645021645021645,306.0,0.0,306,306,1155.0,0.0,1155,1155,0.13268326530456545,0.03475461541631867,0.10461564320325852,0.17963115161657334,99fc6ef526bc821b82a48435c0a11457653382b1512fd893fda45260071da58a
E1,jpeg_compression,1,partial_channel,0.1,1.0,,8,5,2.8099999999999974,1.9191143790821867,1.2499999999999956,4.949999999999999,2000.0,0.0,2000,2000,0.22941176470588234,0.13413430440965726,0.12091503267973856,0.3758169934640523,0.020432900432900435,0.0028453119870398245,0.017316017316017316,0.023376623376623377,306.0,0.0,306,306,1155.0,0.0,1155,1155,0.38925328944921495,0.219386968463811,0.21082239693403243,0.6429956575036049,99fc6ef526bc821b82a48435c0a11457653382b1512fd893fda45260071da58a
E1,jpeg_compression,1,partial_channel,0.2,1.0,,8,5,4.969999999999999,2.1571393093632127,2.7000000000000024,7.450000000000001,2000.0,0.0,2000,2000,0.37647058823529406,0.16207634864851236,0.19934640522875818,0.5424836601307189,0.02787878787878788,0.008358454293435269,0.01645021645021645,0.0354978354978355,306.0,0.0,306,306,1155.0,0.0,1155,1155,0.8266804039359095,0.42845365372691385,0.4208354360461235,1.4587442317008972,99fc6ef526bc821b82a48435c0a11457653382b1512fd893fda45260071da58a
E1,jpeg_compression,1,partial_channel,0.01,1.0,,9,5,0.239999999999998,0.1474788120375243,0.0,0.34999999999999476,2000.0,0.0,2000,2000,0.02941176470588235,0.008331731231360759,0.0196078431372549,0.0392156862745098,0.005541125541125541,0.0016877565965037168,0.004329004329004329,0.007792207792207792,306.0,0.0,306,306,1155.0,0.0,1155,1155,0.02978961892127991,0.010530301101220522,0.02311565351486206,0.04841650515794754,99fc6ef526bc821b82a48435c0a11457653382b1512fd893fda45260071da58a
E1,jpeg_compression,1,partial_channel,0.05,1.0,,9,5,1.13,0.3271085446759227,0.8000000000000007,1.5000000000000013,2000.0,0.0,2000,2000,0.09738562091503268,0.02197089714244655,0.07516339869281045,0.12091503267973856,0.011948051948051949,0.0035381500851432986,0.007792207792207792,0.017316017316017316,306.0,0.0,306,306,1155.0,0.0,1155,1155,0.1319609178185463,0.030780559792228997,0.10373703825473786,0.17138965368270875,99fc6ef526bc821b82a48435c0a11457653382b1512fd893fda45260071da58a
E1,jpeg_compression,1,partial_channel,0.1,1.0,,9,5,2.8200000000000003,1.605692996808544,1.6000000000000014,4.700000000000005,2000.0,0.0,2000,2000,0.22549019607843138,0.1283486071023234,0.12745098039215685,0.369281045751634,0.019567099567099566,0.006525175300923558,0.012121212121212121,0.027705627705627706,306.0,0.0,306,306,1155.0,0.0,1155,1155,0.3943429046154022,0.22384497335197434,0.2131318870782852,0.638798080444336,99fc6ef526bc821b82a48435c0a11457653382b1512fd893fda45260071da58a
E1,jpeg_compression,1,partial_channel,0.2,1.0,,9,5,5.1999999999999975,1.8874586088176875,2.949999999999997,7.399999999999995,2000.0,0.0,2000,2000,0.3823529411764706,0.13951224971331086,0.23202614379084968,0.5490196078431373,0.024935064935064935,0.007801821870870171,0.012987012987012988,0.033766233766233764,306.0,0.0,306,306,1155.0,0.0,1155,1155,0.8353468613505364,0.419179754975831,0.43851175481081006,1.4388441342115401,99fc6ef526bc821b82a48435c0a11457653382b1512fd893fda45260071da58a
E1,jpeg_compression,1,partial_channel,0.01,1.0,,10,5,0.30999999999999694,0.2162174831043966,0.14999999999999458,0.649999999999995,2000.0,0.0,2000,2000,0.03006535947712418,0.012948766507293432,0.0196078431372549,0.0457516339869281,0.005541125541125541,0.0011615937545453453,0.004329004329004329,0.006926406926406926,306.0,0.0,306,306,1155.0,0.0,1155,1155,0.03411696642637253,0.009915740964452637,0.02280920749902725,0.04505931240320206,99fc6ef526bc821b82a48435c0a11457653382b1512fd893fda45260071da58a
E1,jpeg_compression,1,partial_channel,0.05,1.0,,10,5,1.0299999999999976,0.3751666296460823,0.6000000000000005,1.6000000000000014,2000.0,0.0,2000,2000,0.09673202614379085,0.019958733966800615,0.0784313725490196,0.12418300653594772,0.012640692640692642,0.003495520214404562,0.009523809523809525,0.01818181818181818,306.0,0.0,306,306,1155.0,0.0,1155,1155,0.13660035147666932,0.03285628716176969,0.1118522134423256,0.19093092900514602,99fc6ef526bc821b82a48435c0a11457653382b1512fd893fda45260071da58a
E1,jpeg_compression,1,partial_channel,0.1,1.0,,10,5,3.0699999999999976,1.994241710525579,1.4499999999999957,5.299999999999994,2000.0,0.0,2000,2000,0.22941176470588234,0.1355795668916236,0.11764705882352941,0.38562091503267976,0.017662337662337664,0.003386598652053324,0.013852813852813853,0.021645021645021644,306.0,0.0,306,306,1155.0,0.0,1155,1155,0.4004171351313591,0.2216857200230826,0.22256730937957764,0.652851734161377,99fc6ef526bc821b82a48435c0a11457653382b1512fd893fda45260071da58a
E1,jpeg_compression,1,partial_channel,0.2,1.0,,10,5,5.299999999999998,1.966913826277093,2.9000000000000026,7.350000000000001,2000.0,0.0,2000,2000,0.3862745098039216,0.1442987168950307,0.22875816993464052,0.5490196078431373,0.02545454545454546,0.007878312149663948,0.015584415584415584,0.03636363636363636,306.0,0.0,306,306,1155.0,0.0,1155,1155,0.8310114622235298,0.4063902768516669,0.42281578975915907,1.4074411737918853,99fc6ef526bc821b82a48435c0a11457653382b1512fd893fda45260071da58a
E1,jpeg_compression,1,partial_channel,0.01,1.0,,11,5,0.23999999999999577,0.08944271909998949,0.10000000000000009,0.34999999999999476,2000.0,0.0,2000,2000,0.02875816993464052,0.006286073222768413,0.02287581699346405,0.0392156862745098,0.0058874458874458874,0.0009484373290132746,0.004329004329004329,0.006926406926406926,306.0,0.0,306,306,1155.0,0.0,1155,1155,0.03362513655424118,0.01048926485605617,0.01966619747877121,0.04595456522703171,99fc6ef526bc821b82a48435c0a11457653382b1512fd893fda45260071da58a
E1,jpeg_compression,1,partial_channel,0.05,1.0,,11,5,1.1599999999999966,0.40062451248020514,0.7499999999999951,1.8000000000000016,2000.0,0.0,2000,2000,0.10130718954248366,0.022758804374483854,0.0784313725490196,0.13398692810457516,0.01142857142857143,0.002765146220375985,0.007792207792207792,0.01471861471861472,306.0,0.0,306,306,1155.0,0.0,1155,1155,0.13448761255741118,0.033859686090137994,0.10634946596622467,0.19086214065551757,99fc6ef526bc821b82a48435c0a11457653382b1512fd893fda45260071da58a
E1,jpeg_compression,1,partial_channel,0.1,1.0,,11,5,3.0599999999999987,1.731112359149458,1.2499999999999956,5.199999999999994,2000.0,0.0,2000,2000,0.23006535947712417,0.11977469700497337,0.13398692810457516,0.38562091503267976,0.017316017316017316,0.0040145534612535515,0.011255411255411256,0.021645021645021644,306.0,0.0,306,306,1155.0,0.0,1155,1155,0.3963225538492202,0.2169612864833069,0.20806427747011186,0.6483171253204346,99fc6ef526bc821b82a48435c0a11457653382b1512fd893fda45260071da58a
E1,jpeg_compression,1,partial_channel,0.2,1.0,,11,5,5.16,1.985384093821644,2.7000000000000024,6.699999999999995,2000.0,0.0,2000,2000,0.38169934640522885,0.1408151694844687,0.2222222222222222,0.5261437908496732,0.02441558441558441,0.007123810365618774,0.01818181818181818,0.03636363636363636,306.0,0.0,306,306,1155.0,0.0,1155,1155,0.8268877503871919,0.38878460476565974,0.4461617605090141,1.3716932092905045,99fc6ef526bc821b82a48435c0a11457653382b1512fd893fda45260071da58a
E1,jpeg_compression,1,partial_channel,0.01,1.0,,12,5,0.2799999999999958,0.22803508501982792,0.04999999999999449,0.649999999999995,2000.0,0.0,2000,2000,0.03202614379084967,0.0062860732227684145,0.026143790849673203,0.042483660130718956,0.005714285714285714,0.0022577324347022158,0.0017316017316017316,0.006926406926406926,306.0,0.0,306,306,1155.0,0.0,1155,1155,0.030708227145671847,0.006702195015019637,0.02296681123971939,0.03883234804868698,99fc6ef526bc821b82a48435c0a11457653382b1512fd893fda45260071da58a
E1,jpeg_compression,1,partial_channel,0.05,1.0,,12,5,1.1399999999999988,0.4435651023243397,0.8000000000000007,1.8000000000000016,2000.0,0.0,2000,2000,0.0934640522875817,0.02516552066428557,0.0718954248366013,0.13071895424836602,0.01038961038961039,0.0022073677548020715,0.006926406926406926,0.012987012987012988,306.0,0.0,306,306,1155.0,0.0,1155,1155,0.1324719799876213,0.03658504643893208,0.09613910853862763,0.19230381548404693,99fc6ef526bc821b82a48435c0a11457653382b1512fd893fda45260071da58a
E1,jpeg_compression,1,partial_channel,0.1,1.0,,12,5,2.9700000000000015,1.4897986441126865,1.6000000000000014,4.849999999999999,2000.0,0.0,2000,2000,0.21895424836601304,0.11652973418088518,0.12091503267973856,0.369281045751634,0.016103896103896103,0.0047658385955057616,0.012121212121212121,0.022510822510822513,306.0,0.0,306,306,1155.0,0.0,1155,1155,0.3856354249238968,0.200687000001334,0.20757809537649155,0.618173703789711,99fc6ef526bc821b82a48435c0a11457653382b1512fd893fda45260071da58a
E1,jpeg_compression,1,partial_channel,0.2,1.0,,12,5,4.979999999999998,1.8696924880846024,2.9000000000000026,6.899999999999995,2000.0,0.0,2000,2000,0.3673202614379085,0.1368184782741937,0.21895424836601307,0.5196078431372549,0.02354978354978355,0.0063740821885042275,0.017316017316017316,0.033766233766233764,306.0,0.0,306,306,1155.0,0.0,1155,1155,0.8113237006545067,0.37999050372294263,0.44274937254190444,1.349885012626648,99fc6ef526bc821b82a48435c0a11457653382b1512fd893fda45260071da58a
E1,jpeg_compression,1,partial_channel,0.01,1.0,,13,5,0.4499999999999993,0.050000000000000044,0.40000000000000036,0.5000000000000004,2000.0,0.0,2000,2000,0.03921568627450981,0.004621612948931684,0.03594771241830065,0.0457516339869281,0.004502164502164502,0.0009484373290132746,0.003463203463203463,0.006060606060606061,306.0,0.0,306,306,1155.0,0.0,1155,1155,0.026877133452892304,0.0070026447090012125,0.020670563995838165,0.03854380255937576,99fc6ef526bc821b82a48435c0a11457653382b1512fd893fda45260071da58a
E1,jpeg_compression,1,partial_channel,0.05,1.0,,13,5,0.9999999999999964,0.46097722286464715,0.649999999999995,1.8000000000000016,2000.0,0.0,2000,2000,0.10457516339869281,0.026649520310947857,0.08496732026143791,0.1503267973856209,0.015064935064935064,0.0013130520249439912,0.012987012987012988,0.01645021645021645,306.0,0.0,306,306,1155.0,0.0,1155,1155,0.15935570157766343,0.062005338235395564,0.10316743570566177,0.2580754864811897,99fc6ef526bc821b82a48435c0a11457653382b1512fd893fda45260071da58a
E1,jpeg_compression,1,partial_channel,0.1,1.0,,13,5,2.0399999999999996,0.7821444879304611,1.200000000000001,3.0000000000000027,2000.0,0.0,2000,2000,0.1803921568627451,0.049582821111190015,0.13398692810457516,0.23529411764705882,0.018528138528138526,0.001448761950708356,0.017316017316017316,0.02077922077922078,306.0,0.0,306,306,1155.0,0.0,1155,1155,0.35027713658809667,0.1930840942032974,0.17292686063051224,0.6567909889221192,99fc6ef526bc821b82a48435c0a11457653382b1512fd893fda45260071da58a
E1,jpeg_compression,1,partial_channel,0.2,1.0,,13,5,3.8800000000000012,0.3684426685388129,3.3499999999999974,4.300000000000004,2000.0,0.0,2000,2000,0.29673202614379085,0.02372377962468174,0.27450980392156865,0.32679738562091504,0.023722943722943722,0.003601148803997475,0.019913419913419914,0.027705627705627706,306.0,0.0,306,306,1155.0,0.0,1155,1155,0.6134433822989465,0.18700863680428648,0.4406049889326096,0.9065793709754943,99fc6ef526bc821b82a48435c0a11457653382b1512fd893fda45260071da58a
E1,jpeg_compression,1,partial_channel,0.01,1.0,,14,5,0.3499999999999992,0.11180339887498958,0.20000000000000018,0.5000000000000004,2000.0,0.0,2000,2000,0.030718954248366008,0.005936569321759787,0.02287581699346405,0.03594771241830065,0.003636363636363637,0.0015487916727271271,0.0025974025974025974,0.006060606060606061,306.0,0.0,306,306,1155.0,0.0,1155,1155,0.02838227037191391,0.005267601052168968,0.022820176362991332,0.035371427655220035,99fc6ef526bc821b82a48435c0a11457653382b1512fd893fda45260071da58a
E1,jpeg_compression,1,partial_channel,0.05,1.0,,14,5,1.0799999999999965,0.2729468812791235,0.649999999999995,1.3499999999999956,2000.0,0.0,2000,2000,0.1,0.023177285263394957,0.06862745098039216,0.12418300653594772,0.012987012987012988,0.0013689513680382596,0.011255411255411256,0.01471861471861472,306.0,0.0,306,306,1155.0,0.0,1155,1155,0.1529269958615303,0.04205610251622973,0.11315069144964218,0.21554915064573288,99fc6ef526bc821b82a48435c0a11457653382b1512fd893fda45260071da58a
E1,jpeg_compression,1,partial_channel,0.1,1.0,,14,5,1.9599999999999995,0.4435651023243398,1.5499999999999958,2.7000000000000024,2000.0,0.0,2000,2000,0.17320261437908496,0.032515929317209806,0.13398692810457516,0.21568627450980393,0.0187012987012987,0.0024943481023182567,0.015584415584415584,0.021645021645021644,306.0,0.0,306,306,1155.0,0.0,1155,1155,0.3446729825615883,0.14918461919654552,0.23733197671175002,0.6026564666032791,99fc6ef526bc821b82a48435c0a11457653382b1512fd893fda45260071da58a
E1,jpeg_compression,1,partial_channel,0.2,1.0,,14,5,3.8299999999999996,0.27973201461398883,3.4499999999999975,4.149999999999999,2000.0,0.0,2000,2000,0.2934640522875817,0.013153341044116407,0.2777777777777778,0.3137254901960784,0.02354978354978355,0.0014226559935199116,0.021645021645021644,0.025108225108225107,306.0,0.0,306,306,1155.0,0.0,1155,1155,0.6187444024443627,0.1400590025180389,0.4999236786365509,0.8618139826655388,99fc6ef526bc821b82a48435c0a11457653382b1512fd893fda45260071da58a
E1,jpeg_compression,1,partial_channel,0.01,1.0,,15,5,0.3799999999999981,0.10368220676663682,0.30000000000000027,0.5499999999999949,2000.0,0.0,2000,2000,0.027450980392156866,0.005936569321759787,0.0196078431372549,0.03594771241830065,0.001904761904761905,0.0009484373290132746,0.0008658008658008658,0.003463203463203463,306.0,0.0,306,306,1155.0,0.0,1155,1155,0.03230444885492325,0.005828931960934632,0.02439202493429184,0.0381026081442833,99fc6ef526bc821b82a48435c0a11457653382b1512fd893fda45260071da58a
E1,jpeg_compression,1,partial_channel,0.05,1.0,,15,5,1.31,0.3049590136395396,1.0499999999999954,1.8000000000000016,2000.0,0.0,2000,2000,0.1,0.015082327789822651,0.08169934640522876,0.12091503267973856,0.006753246753246752,0.001422655993519912,0.005194805194805195,0.008658008658008658,306.0,0.0,306,306,1155.0,0.0,1155,1155,0.15488254413604735,0.016880018228107557,0.13314719754457474,0.17756279522180557,99fc6ef526bc821b82a48435c0a11457653382b1512fd893fda45260071da58a
E1,jpeg_compression,1,partial_channel,0.1,1.0,,15,5,2.659999999999998,0.41593268686170864,2.1499999999999964,3.2499999999999973,2000.0,0.0,2000,2000,0.1869281045751634,0.01825390855394633,0.16993464052287582,0.20915032679738563,0.009004329004329004,0.0027786677984209893,0.005194805194805195,0.012121212121212121,306.0,0.0,306,306,1155.0,0.0,1155,1155,0.3307280589580536,0.04636831399244762,0.2974950973391533,0.4122931615114212,99fc6ef526bc821b82a48435c0a11457653382b1512fd893fda45260071da58a
E1,jpeg_compression,1,partial_channel,0.2,1.0,,15,5,4.689999999999996,0.4904079934095655,4.049999999999998,5.199999999999994,2000.0,0.0,2000,2000,0.3313725490196079,0.023177285263394968,0.30718954248366015,0.3562091503267974,0.01645021645021645,0.0026685774904627604,0.013852813852813853,0.019913419913419914,306.0,0.0,306,306,1155.0,0.0,1155,1155,0.6482313438415528,0.03810753323562047,0.6154784843921661,0.7131218276619912,99fc6ef526bc821b82a48435c0a11457653382b1512fd893fda45260071da58a
E1,jpeg_compression,1,none,0.01,1.0,,0,1,0.0,,0.0,0.0,2000.0,,2000,2000,0.0,,0.0,0.0,0.0,,0.0,0.0,306.0,,306,306,1155.0,,1155,1155,0.0,,0.0,0.0,99fc6ef526bc821b82a48435c0a11457653382b1512fd893fda45260071da58a
E1,jpeg_compression,1,none,0.01,1.0,,1,1,0.0,,0.0,0.0,2000.0,,2000,2000,0.0,,0.0,0.0,0.0,,0.0,0.0,306.0,,306,306,1155.0,,1155,1155,0.0,,0.0,0.0,99fc6ef526bc821b82a48435c0a11457653382b1512fd893fda45260071da58a
E1,jpeg_compression,1,none,0.01,1.0,,2,1,0.0,,0.0,0.0,2000.0,,2000,2000,0.0,,0.0,0.0,0.0,,0.0,0.0,306.0,,306,306,1155.0,,1155,1155,0.0,,0.0,0.0,99fc6ef526bc821b82a48435c0a11457653382b1512fd893fda45260071da58a
E1,jpeg_compression,1,none,0.01,1.0,,3,1,0.0,,0.0,0.0,2000.0,,2000,2000,0.0,,0.0,0.0,0.0,,0.0,0.0,306.0,,306,306,1155.0,,1155,1155,0.0,,0.0,0.0,99fc6ef526bc821b82a48435c0a11457653382b1512fd893fda45260071da58a
E1,jpeg_compression,1,none,0.01,1.0,,4,1,0.0,,0.0,0.0,2000.0,,2000,2000,0.0,,0.0,0.0,0.0,,0.0,0.0,306.0,,306,306,1155.0,,1155,1155,0.0,,0.0,0.0,99fc6ef526bc821b82a48435c0a11457653382b1512fd893fda45260071da58a
E1,jpeg_compression,1,none,0.01,1.0,,5,1,0.0,,0.0,0.0,2000.0,,2000,2000,0.0,,0.0,0.0,0.0,,0.0,0.0,306.0,,306,306,1155.0,,1155,1155,0.0,,0.0,0.0,99fc6ef526bc821b82a48435c0a11457653382b1512fd893fda45260071da58a
E1,jpeg_compression,1,none,0.01,1.0,,6,1,0.0,,0.0,0.0,2000.0,,2000,2000,0.0,,0.0,0.0,0.0,,0.0,0.0,306.0,,306,306,1155.0,,1155,1155,0.0,,0.0,0.0,99fc6ef526bc821b82a48435c0a11457653382b1512fd893fda45260071da58a
E1,jpeg_compression,1,none,0.01,1.0,,7,1,0.0,,0.0,0.0,2000.0,,2000,2000,0.0,,0.0,0.0,0.0,,0.0,0.0,306.0,,306,306,1155.0,,1155,1155,0.0,,0.0,0.0,99fc6ef526bc821b82a48435c0a11457653382b1512fd893fda45260071da58a
E1,jpeg_compression,1,none,0.01,1.0,,8,1,0.0,,0.0,0.0,2000.0,,2000,2000,0.0,,0.0,0.0,0.0,,0.0,0.0,306.0,,306,306,1155.0,,1155,1155,0.0,,0.0,0.0,99fc6ef526bc821b82a48435c0a11457653382b1512fd893fda45260071da58a
E1,jpeg_compression,1,none,0.01,1.0,,9,1,0.0,,0.0,0.0,2000.0,,2000,2000,0.0,,0.0,0.0,0.0,,0.0,0.0,306.0,,306,306,1155.0,,1155,1155,0.0,,0.0,0.0,99fc6ef526bc821b82a48435c0a11457653382b1512fd893fda45260071da58a
E1,jpeg_compression,1,none,0.01,1.0,,10,1,0.0,,0.0,0.0,2000.0,,2000,2000,0.0,,0.0,0.0,0.0,,0.0,0.0,306.0,,306,306,1155.0,,1155,1155,0.0,,0.0,0.0,99fc6ef526bc821b82a48435c0a11457653382b1512fd893fda45260071da58a
E1,jpeg_compression,1,none,0.01,1.0,,11,1,0.0,,0.0,0.0,2000.0,,2000,2000,0.0,,0.0,0.0,0.0,,0.0,0.0,306.0,,306,306,1155.0,,1155,1155,0.0,,0.0,0.0,99fc6ef526bc821b82a48435c0a11457653382b1512fd893fda45260071da58a
E1,jpeg_compression,1,none,0.01,1.0,,12,1,0.0,,0.0,0.0,2000.0,,2000,2000,0.0,,0.0,0.0,0.0,,0.0,0.0,306.0,,306,306,1155.0,,1155,1155,0.0,,0.0,0.0,99fc6ef526bc821b82a48435c0a11457653382b1512fd893fda45260071da58a
E1,jpeg_compression,1,none,0.01,1.0,,13,1,0.0,,0.0,0.0,2000.0,,2000,2000,0.0,,0.0,0.0,0.0,,0.0,0.0,306.0,,306,306,1155.0,,1155,1155,0.0,,0.0,0.0,99fc6ef526bc821b82a48435c0a11457653382b1512fd893fda45260071da58a
E1,jpeg_compression,1,none,0.01,1.0,,14,1,0.0,,0.0,0.0,2000.0,,2000,2000,0.0,,0.0,0.0,0.0,,0.0,0.0,306.0,,306,306,1155.0,,1155,1155,0.0,,0.0,0.0,99fc6ef526bc821b82a48435c0a11457653382b1512fd893fda45260071da58a
E1,jpeg_compression,1,none,0.01,1.0,,15,1,0.0,,0.0,0.0,2000.0,,2000,2000,0.0,,0.0,0.0,0.0,,0.0,0.0,306.0,,306,306,1155.0,,1155,1155,0.0,,0.0,0.0,99fc6ef526bc821b82a48435c0a11457653382b1512fd893fda45260071da58a
E1,jpeg_compression,1,clean_to_clean,0.01,1.0,,0,1,11.799999999999999,,11.799999999999999,11.799999999999999,2000.0,,2000,2000,1.0,,1.0,1.0,0.06060606060606061,,0.06060606060606061,0.06060606060606061,306.0,,306,306,1155.0,,1155,1155,2.428421858906746,,2.428421858906746,2.428421858906746,99fc6ef526bc821b82a48435c0a11457653382b1512fd893fda45260071da58a
E1,jpeg_compression,1,clean_to_clean,0.01,1.0,,1,1,11.799999999999999,,11.799999999999999,11.799999999999999,2000.0,,2000,2000,1.0,,1.0,1.0,0.06060606060606061,,0.06060606060606061,0.06060606060606061,306.0,,306,306,1155.0,,1155,1155,2.428421858906746,,2.428421858906746,2.428421858906746,99fc6ef526bc821b82a48435c0a11457653382b1512fd893fda45260071da58a
E1,jpeg_compression,1,clean_to_clean,0.01,1.0,,2,1,11.799999999999999,,11.799999999999999,11.799999999999999,2000.0,,2000,2000,1.0,,1.0,1.0,0.06060606060606061,,0.06060606060606061,0.06060606060606061,306.0,,306,306,1155.0,,1155,1155,2.428421858906746,,2.428421858906746,2.428421858906746,99fc6ef526bc821b82a48435c0a11457653382b1512fd893fda45260071da58a
E1,jpeg_compression,1,clean_to_clean,0.01,1.0,,3,1,11.799999999999999,,11.799999999999999,11.799999999999999,2000.0,,2000,2000,1.0,,1.0,1.0,0.06060606060606061,,0.06060606060606061,0.06060606060606061,306.0,,306,306,1155.0,,1155,1155,2.428421858906746,,2.428421858906746,2.428421858906746,99fc6ef526bc821b82a48435c0a11457653382b1512fd893fda45260071da58a
E1,jpeg_compression,1,clean_to_clean,0.01,1.0,,4,1,11.799999999999999,,11.799999999999999,11.799999999999999,2000.0,,2000,2000,1.0,,1.0,1.0,0.06060606060606061,,0.06060606060606061,0.06060606060606061,306.0,,306,306,1155.0,,1155,1155,2.428421858906746,,2.428421858906746,2.428421858906746,99fc6ef526bc821b82a48435c0a11457653382b1512fd893fda45260071da58a
E1,jpeg_compression,1,clean_to_clean,0.01,1.0,,5,1,11.799999999999999,,11.799999999999999,11.799999999999999,2000.0,,2000,2000,1.0,,1.0,1.0,0.06060606060606061,,0.06060606060606061,0.06060606060606061,306.0,,306,306,1155.0,,1155,1155,2.428421858906746,,2.428421858906746,2.428421858906746,99fc6ef526bc821b82a48435c0a11457653382b1512fd893fda45260071da58a
E1,jpeg_compression,1,clean_to_clean,0.01,1.0,,6,1,11.799999999999999,,11.799999999999999,11.799999999999999,2000.0,,2000,2000,1.0,,1.0,1.0,0.06060606060606061,,0.06060606060606061,0.06060606060606061,306.0,,306,306,1155.0,,1155,1155,2.428421858906746,,2.428421858906746,2.428421858906746,99fc6ef526bc821b82a48435c0a11457653382b1512fd893fda45260071da58a
E1,jpeg_compression,1,clean_to_clean,0.01,1.0,,7,1,11.799999999999999,,11.799999999999999,11.799999999999999,2000.0,,2000,2000,1.0,,1.0,1.0,0.06060606060606061,,0.06060606060606061,0.06060606060606061,306.0,,306,306,1155.0,,1155,1155,2.428421858906746,,2.428421858906746,2.428421858906746,99fc6ef526bc821b82a48435c0a11457653382b1512fd893fda45260071da58a
E1,jpeg_compression,1,clean_to_clean,0.01,1.0,,8,1,11.799999999999999,,11.799999999999999,11.799999999999999,2000.0,,2000,2000,1.0,,1.0,1.0,0.06060606060606061,,0.06060606060606061,0.06060606060606061,306.0,,306,306,1155.0,,1155,1155,2.428421858906746,,2.428421858906746,2.428421858906746,99fc6ef526bc821b82a48435c0a11457653382b1512fd893fda45260071da58a
E1,jpeg_compression,1,clean_to_clean,0.01,1.0,,9,1,11.799999999999999,,11.799999999999999,11.799999999999999,2000.0,,2000,2000,1.0,,1.0,1.0,0.06060606060606061,,0.06060606060606061,0.06060606060606061,306.0,,306,306,1155.0,,1155,1155,2.428421858906746,,2.428421858906746,2.428421858906746,99fc6ef526bc821b82a48435c0a11457653382b1512fd893fda45260071da58a
E1,jpeg_compression,1,clean_to_clean,0.01,1.0,,10,1,11.799999999999999,,11.799999999999999,11.799999999999999,2000.0,,2000,2000,1.0,,1.0,1.0,0.06060606060606061,,0.06060606060606061,0.06060606060606061,306.0,,306,306,1155.0,,1155,1155,2.428421858906746,,2.428421858906746,2.428421858906746,99fc6ef526bc821b82a48435c0a11457653382b1512fd893fda45260071da58a
E1,jpeg_compression,1,clean_to_clean,0.01,1.0,,11,1,11.799999999999999,,11.799999999999999,11.799999999999999,2000.0,,2000,2000,1.0,,1.0,1.0,0.06060606060606061,,0.06060606060606061,0.06060606060606061,306.0,,306,306,1155.0,,1155,1155,2.428421858906746,,2.428421858906746,2.428421858906746,99fc6ef526bc821b82a48435c0a11457653382b1512fd893fda45260071da58a
E1,jpeg_compression,1,clean_to_clean,0.01,1.0,,12,1,11.799999999999999,,11.799999999999999,11.799999999999999,2000.0,,2000,2000,1.0,,1.0,1.0,0.06060606060606061,,0.06060606060606061,0.06060606060606061,306.0,,306,306,1155.0,,1155,1155,2.428421858906746,,2.428421858906746,2.428421858906746,99fc6ef526bc821b82a48435c0a11457653382b1512fd893fda45260071da58a
E1,jpeg_compression,1,clean_to_clean,0.01,1.0,,13,1,11.799999999999999,,11.799999999999999,11.799999999999999,2000.0,,2000,2000,1.0,,1.0,1.0,0.06060606060606061,,0.06060606060606061,0.06060606060606061,306.0,,306,306,1155.0,,1155,1155,2.428421858906746,,2.428421858906746,2.428421858906746,99fc6ef526bc821b82a48435c0a11457653382b1512fd893fda45260071da58a
E1,jpeg_compression,1,clean_to_clean,0.01,1.0,,14,1,11.799999999999999,,11.799999999999999,11.799999999999999,2000.0,,2000,2000,1.0,,1.0,1.0,0.06060606060606061,,0.06060606060606061,0.06060606060606061,306.0,,306,306,1155.0,,1155,1155,2.428421858906746,,2.428421858906746,2.428421858906746,99fc6ef526bc821b82a48435c0a11457653382b1512fd893fda45260071da58a
E1,jpeg_compression,1,clean_to_clean,0.01,1.0,,15,1,11.799999999999999,,11.799999999999999,11.799999999999999,2000.0,,2000,2000,1.0,,1.0,1.0,0.06060606060606061,,0.06060606060606061,0.06060606060606061,306.0,,306,306,1155.0,,1155,1155,2.428421858906746,,2.428421858906746,2.428421858906746,99fc6ef526bc821b82a48435c0a11457653382b1512fd893fda45260071da58a
E1,jpeg_compression,1,full_state,0.01,1.0,,0,1,11.799999999999999,,11.799999999999999,11.799999999999999,2000.0,,2000,2000,1.0,,1.0,1.0,0.06060606060606061,,0.06060606060606061,0.06060606060606061,306.0,,306,306,1155.0,,1155,1155,2.428421858906746,,2.428421858906746,2.428421858906746,99fc6ef526bc821b82a48435c0a11457653382b1512fd893fda45260071da58a
E1,jpeg_compression,1,full_state,0.01,1.0,,1,1,11.799999999999999,,11.799999999999999,11.799999999999999,2000.0,,2000,2000,1.0,,1.0,1.0,0.06060606060606061,,0.06060606060606061,0.06060606060606061,306.0,,306,306,1155.0,,1155,1155,2.428421858906746,,2.428421858906746,2.428421858906746,99fc6ef526bc821b82a48435c0a11457653382b1512fd893fda45260071da58a
E1,jpeg_compression,1,full_state,0.01,1.0,,2,1,11.799999999999999,,11.799999999999999,11.799999999999999,2000.0,,2000,2000,1.0,,1.0,1.0,0.06060606060606061,,0.06060606060606061,0.06060606060606061,306.0,,306,306,1155.0,,1155,1155,2.428421858906746,,2.428421858906746,2.428421858906746,99fc6ef526bc821b82a48435c0a11457653382b1512fd893fda45260071da58a
E1,jpeg_compression,1,full_state,0.01,1.0,,3,1,11.799999999999999,,11.799999999999999,11.799999999999999,2000.0,,2000,2000,1.0,,1.0,1.0,0.06060606060606061,,0.06060606060606061,0.06060606060606061,306.0,,306,306,1155.0,,1155,1155,2.428421858906746,,2.428421858906746,2.428421858906746,99fc6ef526bc821b82a48435c0a11457653382b1512fd893fda45260071da58a
E1,jpeg_compression,1,full_state,0.01,1.0,,4,1,11.799999999999999,,11.799999999999999,11.799999999999999,2000.0,,2000,2000,1.0,,1.0,1.0,0.06060606060606061,,0.06060606060606061,0.06060606060606061,306.0,,306,306,1155.0,,1155,1155,2.428421858906746,,2.428421858906746,2.428421858906746,99fc6ef526bc821b82a48435c0a11457653382b1512fd893fda45260071da58a
E1,jpeg_compression,1,full_state,0.01,1.0,,5,1,11.799999999999999,,11.799999999999999,11.799999999999999,2000.0,,2000,2000,1.0,,1.0,1.0,0.06060606060606061,,0.06060606060606061,0.06060606060606061,306.0,,306,306,1155.0,,1155,1155,2.428421858906746,,2.428421858906746,2.428421858906746,99fc6ef526bc821b82a48435c0a11457653382b1512fd893fda45260071da58a
E1,jpeg_compression,1,full_state,0.01,1.0,,6,1,11.799999999999999,,11.799999999999999,11.799999999999999,2000.0,,2000,2000,1.0,,1.0,1.0,0.06060606060606061,,0.06060606060606061,0.06060606060606061,306.0,,306,306,1155.0,,1155,1155,2.428421858906746,,2.428421858906746,2.428421858906746,99fc6ef526bc821b82a48435c0a11457653382b1512fd893fda45260071da58a
E1,jpeg_compression,1,full_state,0.01,1.0,,7,1,11.799999999999999,,11.799999999999999,11.799999999999999,2000.0,,2000,2000,1.0,,1.0,1.0,0.06060606060606061,,0.06060606060606061,0.06060606060606061,306.0,,306,306,1155.0,,1155,1155,2.428421858906746,,2.428421858906746,2.428421858906746,99fc6ef526bc821b82a48435c0a11457653382b1512fd893fda45260071da58a
E1,jpeg_compression,1,full_state,0.01,1.0,,8,1,11.799999999999999,,11.799999999999999,11.799999999999999,2000.0,,2000,2000,1.0,,1.0,1.0,0.06060606060606061,,0.06060606060606061,0.06060606060606061,306.0,,306,306,1155.0,,1155,1155,2.428421858906746,,2.428421858906746,2.428421858906746,99fc6ef526bc821b82a48435c0a11457653382b1512fd893fda45260071da58a
E1,jpeg_compression,1,full_state,0.01,1.0,,9,1,11.799999999999999,,11.799999999999999,11.799999999999999,2000.0,,2000,2000,1.0,,1.0,1.0,0.06060606060606061,,0.06060606060606061,0.06060606060606061,306.0,,306,306,1155.0,,1155,1155,2.428421858906746,,2.428421858906746,2.428421858906746,99fc6ef526bc821b82a48435c0a11457653382b1512fd893fda45260071da58a
E1,jpeg_compression,1,full_state,0.01,1.0,,10,1,11.799999999999999,,11.799999999999999,11.799999999999999,2000.0,,2000,2000,1.0,,1.0,1.0,0.06060606060606061,,0.06060606060606061,0.06060606060606061,306.0,,306,306,1155.0,,1155,1155,2.428421858906746,,2.428421858906746,2.428421858906746,99fc6ef526bc821b82a48435c0a11457653382b1512fd893fda45260071da58a
E1,jpeg_compression,1,full_state,0.01,1.0,,11,1,11.799999999999999,,11.799999999999999,11.799999999999999,2000.0,,2000,2000,1.0,,1.0,1.0,0.06060606060606061,,0.06060606060606061,0.06060606060606061,306.0,,306,306,1155.0,,1155,1155,2.428421858906746,,2.428421858906746,2.428421858906746,99fc6ef526bc821b82a48435c0a11457653382b1512fd893fda45260071da58a
E1,jpeg_compression,1,full_state,0.01,1.0,,12,1,11.799999999999999,,11.799999999999999,11.799999999999999,2000.0,,2000,2000,1.0,,1.0,1.0,0.06060606060606061,,0.06060606060606061,0.06060606060606061,306.0,,306,306,1155.0,,1155,1155,2.428421858906746,,2.428421858906746,2.428421858906746,99fc6ef526bc821b82a48435c0a11457653382b1512fd893fda45260071da58a
E1,jpeg_compression,1,full_state,0.01,1.0,,13,1,11.799999999999999,,11.799999999999999,11.799999999999999,2000.0,,2000,2000,1.0,,1.0,1.0,0.06060606060606061,,0.06060606060606061,0.06060606060606061,306.0,,306,306,1155.0,,1155,1155,2.428421858906746,,2.428421858906746,2.428421858906746,99fc6ef526bc821b82a48435c0a11457653382b1512fd893fda45260071da58a
E1,jpeg_compression,1,full_state,0.01,1.0,,14,1,11.799999999999999,,11.799999999999999,11.799999999999999,2000.0,,2000,2000,1.0,,1.0,1.0,0.06060606060606061,,0.06060606060606061,0.06060606060606061,306.0,,306,306,1155.0,,1155,1155,2.428421858906746,,2.428421858906746,2.428421858906746,99fc6ef526bc821b82a48435c0a11457653382b1512fd893fda45260071da58a
E1,jpeg_compression,1,full_state,0.01,1.0,,15,1,11.799999999999999,,11.799999999999999,11.799999999999999,2000.0,,2000,2000,1.0,,1.0,1.0,0.06060606060606061,,0.06060606060606061,0.06060606060606061,306.0,,306,306,1155.0,,1155,1155,2.428421858906746,,2.428421858906746,2.428421858906746,99fc6ef526bc821b82a48435c0a11457653382b1512fd893fda45260071da58a
E1,jpeg_compression,1,random_direction,0.01,1.0,,0,1,0.04999999999999449,,0.04999999999999449,0.04999999999999449,2000.0,,2000,2000,0.006535947712418301,,0.006535947712418301,0.006535947712418301,0.003463203463203463,,0.003463203463203463,0.003463203463203463,306.0,,306,306,1155.0,,1155,1155,-0.002149301886558533,,-0.002149301886558533,-0.002149301886558533,99fc6ef526bc821b82a48435c0a11457653382b1512fd893fda45260071da58a
E1,jpeg_compression,1,random_direction,0.01,1.0,,1,1,-0.050000000000005596,,-0.050000000000005596,-0.050000000000005596,2000.0,,2000,2000,0.00980392156862745,,0.00980392156862745,0.00980392156862745,0.004329004329004329,,0.004329004329004329,0.004329004329004329,306.0,,306,306,1155.0,,1155,1155,-0.0013843275904655457,,-0.0013843275904655457,-0.0013843275904655457,99fc6ef526bc821b82a48435c0a11457653382b1512fd893fda45260071da58a
E1,jpeg_compression,1,random_direction,0.01,1.0,,2,1,0.04999999999999449,,0.04999999999999449,0.04999999999999449,2000.0,,2000,2000,0.00980392156862745,,0.00980392156862745,0.00980392156862745,0.003463203463203463,,0.003463203463203463,0.003463203463203463,306.0,,306,306,1155.0,,1155,1155,-0.0020089359879493715,,-0.0020089359879493715,-0.0020089359879493715,99fc6ef526bc821b82a48435c0a11457653382b1512fd893fda45260071da58a
E1,jpeg_compression,1,random_direction,0.01,1.0,,3,1,0.0,,0.0,0.0,2000.0,,2000,2000,0.016339869281045753,,0.016339869281045753,0.016339869281045753,0.006926406926406926,,0.006926406926406926,0.006926406926406926,306.0,,306,306,1155.0,,1155,1155,-0.000593575119972229,,-0.000593575119972229,-0.000593575119972229,99fc6ef526bc821b82a48435c0a11457653382b1512fd893fda45260071da58a
E1,jpeg_compression,1,random_direction,0.01,1.0,,4,1,-0.050000000000005596,,-0.050000000000005596,-0.050000000000005596,2000.0,,2000,2000,0.0196078431372549,,0.0196078431372549,0.0196078431372549,0.007792207792207792,,0.007792207792207792,0.007792207792207792,306.0,,306,306,1155.0,,1155,1155,-0.006354965150356293,,-0.006354965150356293,-0.006354965150356293,99fc6ef526bc821b82a48435c0a11457653382b1512fd893fda45260071da58a
E1,jpeg_compression,1,random_direction,0.01,1.0,,5,1,-0.15000000000000568,,-0.15000000000000568,-0.15000000000000568,2000.0,,2000,2000,0.016339869281045753,,0.016339869281045753,0.016339869281045753,0.009523809523809525,,0.009523809523809525,0.009523809523809525,306.0,,306,306,1155.0,,1155,1155,-0.005022521495819092,,-0.005022521495819092,-0.005022521495819092,99fc6ef526bc821b82a48435c0a11457653382b1512fd893fda45260071da58a
E1,jpeg_compression,1,random_direction,0.01,1.0,,6,1,0.0,,0.0,0.0,2000.0,,2000,2000,0.0196078431372549,,0.0196078431372549,0.0196078431372549,0.007792207792207792,,0.007792207792207792,0.007792207792207792,306.0,,306,306,1155.0,,1155,1155,-0.000577963650226593,,-0.000577963650226593,-0.000577963650226593,99fc6ef526bc821b82a48435c0a11457653382b1512fd893fda45260071da58a
E1,jpeg_compression,1,random_direction,0.01,1.0,,7,1,-0.20000000000000018,,-0.20000000000000018,-0.20000000000000018,2000.0,,2000,2000,0.0032679738562091504,,0.0032679738562091504,0.0032679738562091504,0.005194805194805195,,0.005194805194805195,0.005194805194805195,306.0,,306,306,1155.0,,1155,1155,-0.003465449810028076,,-0.003465449810028076,-0.003465449810028076,99fc6ef526bc821b82a48435c0a11457653382b1512fd893fda45260071da58a
E1,jpeg_compression,1,random_direction,0.01,1.0,,8,1,0.14999999999999458,,0.14999999999999458,0.14999999999999458,2000.0,,2000,2000,0.0196078431372549,,0.0196078431372549,0.0196078431372549,0.004329004329004329,,0.004329004329004329,0.004329004329004329,306.0,,306,306,1155.0,,1155,1155,-0.0016926231384277344,,-0.0016926231384277344,-0.0016926231384277344,99fc6ef526bc821b82a48435c0a11457653382b1512fd893fda45260071da58a
E1,jpeg_compression,1,random_direction,0.01,1.0,,9,1,-0.050000000000005596,,-0.050000000000005596,-0.050000000000005596,2000.0,,2000,2000,0.006535947712418301,,0.006535947712418301,0.006535947712418301,0.004329004329004329,,0.004329004329004329,0.004329004329004329,306.0,,306,306,1155.0,,1155,1155,-0.00228996878862381,,-0.00228996878862381,-0.00228996878862381,99fc6ef526bc821b82a48435c0a11457653382b1512fd893fda45260071da58a
E1,jpeg_compression,1,random_direction,0.01,1.0,,10,1,-0.050000000000005596,,-0.050000000000005596,-0.050000000000005596,2000.0,,2000,2000,0.006535947712418301,,0.006535947712418301,0.006535947712418301,0.003463203463203463,,0.003463203463203463,0.003463203463203463,306.0,,306,306,1155.0,,1155,1155,-0.0003088150024414062,,-0.0003088150024414062,-0.0003088150024414062,99fc6ef526bc821b82a48435c0a11457653382b1512fd893fda45260071da58a
E1,jpeg_compression,1,random_direction,0.01,1.0,,11,1,0.0,,0.0,0.0,2000.0,,2000,2000,0.00980392156862745,,0.00980392156862745,0.00980392156862745,0.003463203463203463,,0.003463203463203463,0.003463203463203463,306.0,,306,306,1155.0,,1155,1155,0.0031541560888290405,,0.0031541560888290405,0.0031541560888290405,99fc6ef526bc821b82a48435c0a11457653382b1512fd893fda45260071da58a
E1,jpeg_compression,1,random_direction,0.01,1.0,,12,1,-0.050000000000005596,,-0.050000000000005596,-0.050000000000005596,2000.0,,2000,2000,0.013071895424836602,,0.013071895424836602,0.013071895424836602,0.005194805194805195,,0.005194805194805195,0.005194805194805195,306.0,,306,306,1155.0,,1155,1155,6.187987327575684e-05,,6.187987327575684e-05,6.187987327575684e-05,99fc6ef526bc821b82a48435c0a11457653382b1512fd893fda45260071da58a
E1,jpeg_compression,1,random_direction,0.01,1.0,,13,1,-0.050000000000005596,,-0.050000000000005596,-0.050000000000005596,2000.0,,2000,2000,0.006535947712418301,,0.006535947712418301,0.006535947712418301,0.004329004329004329,,0.004329004329004329,0.004329004329004329,306.0,,306,306,1155.0,,1155,1155,-0.0021231489777565004,,-0.0021231489777565004,-0.0021231489777565004,99fc6ef526bc821b82a48435c0a11457653382b1512fd893fda45260071da58a
E1,jpeg_compression,1,random_direction,0.01,1.0,,14,1,0.10000000000000009,,0.10000000000000009,0.10000000000000009,2000.0,,2000,2000,0.013071895424836602,,0.013071895424836602,0.013071895424836602,0.0017316017316017316,,0.0017316017316017316,0.0017316017316017316,306.0,,306,306,1155.0,,1155,1155,-0.0014794427156448364,,-0.0014794427156448364,-0.0014794427156448364,99fc6ef526bc821b82a48435c0a11457653382b1512fd893fda45260071da58a
E1,jpeg_compression,1,random_direction,0.01,1.0,,15,1,0.10000000000000009,,0.10000000000000009,0.10000000000000009,2000.0,,2000,2000,0.00980392156862745,,0.00980392156862745,0.00980392156862745,0.0008658008658008658,,0.0008658008658008658,0.0008658008658008658,306.0,,306,306,1155.0,,1155,1155,-0.00019400805234909057,,-0.00019400805234909057,-0.00019400805234909057,99fc6ef526bc821b82a48435c0a11457653382b1512fd893fda45260071da58a
E1,jpeg_compression,1,shuffled_donor,0.01,1.0,,0,1,-0.40000000000000036,,-0.40000000000000036,-0.40000000000000036,2000.0,,2000,2000,0.06209150326797386,,0.06209150326797386,0.06209150326797386,0.025108225108225107,,0.025108225108225107,0.025108225108225107,306.0,,306,306,1155.0,,1155,1155,-0.0653153606057167,,-0.0653153606057167,-0.0653153606057167,99fc6ef526bc821b82a48435c0a11457653382b1512fd893fda45260071da58a
E1,jpeg_compression,1,shuffled_donor,0.01,1.0,,1,1,-0.2500000000000058,,-0.2500000000000058,-0.2500000000000058,2000.0,,2000,2000,0.049019607843137254,,0.049019607843137254,0.049019607843137254,0.019913419913419914,,0.019913419913419914,0.019913419913419914,306.0,,306,306,1155.0,,1155,1155,-0.03669953167438507,,-0.03669953167438507,-0.03669953167438507,99fc6ef526bc821b82a48435c0a11457653382b1512fd893fda45260071da58a
E1,jpeg_compression,1,shuffled_donor,0.01,1.0,,2,1,-0.050000000000005596,,-0.050000000000005596,-0.050000000000005596,2000.0,,2000,2000,0.042483660130718956,,0.042483660130718956,0.042483660130718956,0.01645021645021645,,0.01645021645021645,0.01645021645021645,306.0,,306,306,1155.0,,1155,1155,-0.02700584203004837,,-0.02700584203004837,-0.02700584203004837,99fc6ef526bc821b82a48435c0a11457653382b1512fd893fda45260071da58a
E1,jpeg_compression,1,shuffled_donor,0.01,1.0,,3,1,0.30000000000000027,,0.30000000000000027,0.30000000000000027,2000.0,,2000,2000,0.05555555555555555,,0.05555555555555555,0.05555555555555555,0.01471861471861472,,0.01471861471861472,0.01471861471861472,306.0,,306,306,1155.0,,1155,1155,-0.017559761226177216,,-0.017559761226177216,-0.017559761226177216,99fc6ef526bc821b82a48435c0a11457653382b1512fd893fda45260071da58a
E1,jpeg_compression,1,shuffled_donor,0.01,1.0,,4,1,0.24999999999999467,,0.24999999999999467,0.24999999999999467,2000.0,,2000,2000,0.058823529411764705,,0.058823529411764705,0.058823529411764705,0.017316017316017316,,0.017316017316017316,0.017316017316017316,306.0,,306,306,1155.0,,1155,1155,-0.007456114172935486,,-0.007456114172935486,-0.007456114172935486,99fc6ef526bc821b82a48435c0a11457653382b1512fd893fda45260071da58a
E1,jpeg_compression,1,shuffled_donor,0.01,1.0,,5,1,-0.050000000000005596,,-0.050000000000005596,-0.050000000000005596,2000.0,,2000,2000,0.042483660130718956,,0.042483660130718956,0.042483660130718956,0.01645021645021645,,0.01645021645021645,0.01645021645021645,306.0,,306,306,1155.0,,1155,1155,-0.0031232024431228638,,-0.0031232024431228638,-0.0031232024431228638,99fc6ef526bc821b82a48435c0a11457653382b1512fd893fda45260071da58a
E1,jpeg_compression,1,shuffled_donor,0.01,1.0,,6,1,0.14999999999999458,,0.14999999999999458,0.14999999999999458,2000.0,,2000,2000,0.0457516339869281,,0.0457516339869281,0.0457516339869281,0.017316017316017316,,0.017316017316017316,0.017316017316017316,306.0,,306,306,1155.0,,1155,1155,0.006871917068958283,,0.006871917068958283,0.006871917068958283,99fc6ef526bc821b82a48435c0a11457653382b1512fd893fda45260071da58a
E1,jpeg_compression,1,shuffled_donor,0.01,1.0,,7,1,-0.050000000000005596,,-0.050000000000005596,-0.050000000000005596,2000.0,,2000,2000,0.05228758169934641,,0.05228758169934641,0.05228758169934641,0.021645021645021644,,0.021645021645021644,0.021645021645021644,306.0,,306,306,1155.0,,1155,1155,-0.018020456612110138,,-0.018020456612110138,-0.018020456612110138,99fc6ef526bc821b82a48435c0a11457653382b1512fd893fda45260071da58a
E1,jpeg_compression,1,shuffled_donor,0.01,1.0,,8,1,0.04999999999999449,,0.04999999999999449,0.04999999999999449,2000.0,,2000,2000,0.042483660130718956,,0.042483660130718956,0.042483660130718956,0.017316017316017316,,0.017316017316017316,0.017316017316017316,306.0,,306,306,1155.0,,1155,1155,-0.03016880065202713,,-0.03016880065202713,-0.03016880065202713,99fc6ef526bc821b82a48435c0a11457653382b1512fd893fda45260071da58a
E1,jpeg_compression,1,shuffled_donor,0.01,1.0,,9,1,-0.10000000000000009,,-0.10000000000000009,-0.10000000000000009,2000.0,,2000,2000,0.029411764705882353,,0.029411764705882353,0.029411764705882353,0.017316017316017316,,0.017316017316017316,0.017316017316017316,306.0,,306,306,1155.0,,1155,1155,-0.027881134033203126,,-0.027881134033203126,-0.027881134033203126,99fc6ef526bc821b82a48435c0a11457653382b1512fd893fda45260071da58a
E1,jpeg_compression,1,shuffled_donor,0.01,1.0,,10,1,0.14999999999999458,,0.14999999999999458,0.14999999999999458,2000.0,,2000,2000,0.042483660130718956,,0.042483660130718956,0.042483660130718956,0.017316017316017316,,0.017316017316017316,0.017316017316017316,306.0,,306,306,1155.0,,1155,1155,-0.028379295885562896,,-0.028379295885562896,-0.028379295885562896,99fc6ef526bc821b82a48435c0a11457653382b1512fd893fda45260071da58a
E1,jpeg_compression,1,shuffled_donor,0.01,1.0,,11,1,0.14999999999999458,,0.14999999999999458,0.14999999999999458,2000.0,,2000,2000,0.049019607843137254,,0.049019607843137254,0.049019607843137254,0.01645021645021645,,0.01645021645021645,0.01645021645021645,306.0,,306,306,1155.0,,1155,1155,-0.03163007116317749,,-0.03163007116317749,-0.03163007116317749,99fc6ef526bc821b82a48435c0a11457653382b1512fd893fda45260071da58a
E1,jpeg_compression,1,shuffled_donor,0.01,1.0,,12,1,-0.050000000000005596,,-0.050000000000005596,-0.050000000000005596,2000.0,,2000,2000,0.0392156862745098,,0.0392156862745098,0.0392156862745098,0.017316017316017316,,0.017316017316017316,0.017316017316017316,306.0,,306,306,1155.0,,1155,1155,-0.04368735295534134,,-0.04368735295534134,-0.04368735295534134,99fc6ef526bc821b82a48435c0a11457653382b1512fd893fda45260071da58a
E1,jpeg_compression,1,shuffled_donor,0.01,1.0,,13,1,0.10000000000000009,,0.10000000000000009,0.10000000000000009,2000.0,,2000,2000,0.05555555555555555,,0.05555555555555555,0.05555555555555555,0.021645021645021644,,0.021645021645021644,0.021645021645021644,306.0,,306,306,1155.0,,1155,1155,-0.023666288793087006,,-0.023666288793087006,-0.023666288793087006,99fc6ef526bc821b82a48435c0a11457653382b1512fd893fda45260071da58a
E1,jpeg_compression,1,shuffled_donor,0.01,1.0,,14,1,0.5000000000000004,,0.5000000000000004,0.5000000000000004,2000.0,,2000,2000,0.0392156862745098,,0.0392156862745098,0.0392156862745098,0.007792207792207792,,0.007792207792207792,0.007792207792207792,306.0,,306,306,1155.0,,1155,1155,-0.02964361619949341,,-0.02964361619949341,-0.02964361619949341,99fc6ef526bc821b82a48435c0a11457653382b1512fd893fda45260071da58a
E1,jpeg_compression,1,shuffled_donor,0.01,1.0,,15,1,0.20000000000000018,,0.20000000000000018,0.20000000000000018,2000.0,,2000,2000,0.02287581699346405,,0.02287581699346405,0.02287581699346405,0.006926406926406926,,0.006926406926406926,0.006926406926406926,306.0,,306,306,1155.0,,1155,1155,-0.032012748181819914,,-0.032012748181819914,-0.032012748181819914,99fc6ef526bc821b82a48435c0a11457653382b1512fd893fda45260071da58a
E1,jpeg_compression,3,partial_channel,0.01,1.0,,0,5,0.24000000000000465,0.2509980079602215,-0.14999999999999458,0.5000000000000004,2000.0,0.0,2000,2000,0.02572178477690289,0.012366634109595534,0.005249343832020997,0.03674540682414698,0.006991720331186753,0.001395193273974526,0.005519779208831647,0.00827966881324747,381.0,0.0,381,381,1087.0,0.0,1087,1087,0.03520069167613983,0.01527903868128478,0.012823155343532563,0.05577911674976349,99fc6ef526bc821b82a48435c0a11457653382b1512fd893fda45260071da58a
E1,jpeg_compression,3,partial_channel,0.05,1.0,,0,5,0.5100000000000016,0.3130495168499697,0.2500000000000058,0.9000000000000008,2000.0,0.0,2000,2000,0.06981627296587926,0.013201864923841776,0.05774278215223097,0.09186351706036745,0.020055197792088315,0.0033423922952318208,0.015639374425023,0.022999080036798528,381.0,0.0,381,381,1087.0,0.0,1087,1087,0.16178308606147765,0.015883395513835434,0.145845537006855,0.1838794170022011,99fc6ef526bc821b82a48435c0a11457653382b1512fd893fda45260071da58a
E1,jpeg_compression,3,partial_channel,0.1,1.0,,0,5,1.0800000000000032,0.42807709586007775,0.6500000000000061,1.7000000000000015,2000.0,0.0,2000,2000,0.10866141732283463,0.027875943406512872,0.07874015748031496,0.14960629921259844,0.027230910763569455,0.00569337569338208,0.020239190432382703,0.03403863845446182,381.0,0.0,381,381,1087.0,0.0,1087,1087,0.30719300029277796,0.09342458965750337,0.23379959213733673,0.46342086637020113,99fc6ef526bc821b82a48435c0a11457653382b1512fd893fda45260071da58a
E1,jpeg_compression,3,partial_channel,0.2,1.0,,0,5,2.8800000000000003,0.5461226968365294,2.1499999999999964,3.400000000000003,2000.0,0.0,2000,2000,0.20419947506561678,0.027238480449594975,0.16010498687664043,0.2283464566929134,0.03238270469181233,0.004663768852120175,0.027598896044158234,0.03771849126034959,381.0,0.0,381,381,1087.0,0.0,1087,1087,0.63859602342844,0.1028957652874719,0.5061434257030487,0.750430862903595,99fc6ef526bc821b82a48435c0a11457653382b1512fd893fda45260071da58a
E1,jpeg_compression,3,partial_channel,0.01,1.0,,1,5,0.27000000000000135,0.09746794344808801,0.15000000000000568,0.40000000000000036,2000.0,0.0,2000,2000,0.030446194225721784,0.0054426355258078,0.026246719160104987,0.03937007874015748,0.0093836246550138,0.0037594879009572313,0.005519779208831647,0.015639374425023,381.0,0.0,381,381,1087.0,0.0,1087,1087,0.04205885231494903,0.010031409750257042,0.03408695906400681,0.056711664497852324,99fc6ef526bc821b82a48435c0a11457653382b1512fd893fda45260071da58a
E1,jpeg_compression,3,partial_channel,0.05,1.0,,1,5,0.860000000000003,0.4292435206266944,0.550000000000006,1.6000000000000014,2000.0,0.0,2000,2000,0.07874015748031496,0.018278724773207505,0.06299212598425197,0.11023622047244094,0.018215271389144434,0.0027903865479490526,0.015639374425023,0.02207911683532659,381.0,0.0,381,381,1087.0,0.0,1087,1087,0.1809641101360321,0.025599932021456974,0.1524974622130394,0.2223314163684845,99fc6ef526bc821b82a48435c0a11457653382b1512fd893fda45260071da58a
E1,jpeg_compression,3,partial_channel,0.1,1.0,,1,5,1.4000000000000035,0.41683330001332736,0.7000000000000006,1.8000000000000016,2000.0,0.0,2000,2000,0.11706036745406825,0.025079011413314974,0.07874015748031496,0.14435695538057744,0.025758969641214352,0.004645586448188629,0.021159153633854646,0.031278748850046,381.0,0.0,381,381,1087.0,0.0,1087,1087,0.32917065331935885,0.06071348198647654,0.24138031047582625,0.3925571553707123,99fc6ef526bc821b82a48435c0a11457653382b1512fd893fda45260071da58a
E1,jpeg_compression,3,partial_channel,0.2,1.0,,1,5,3.0799999999999983,0.584807660688538,2.4499999999999966,3.949999999999998,2000.0,0.0,2000,2000,0.2015748031496063,0.024297715088783443,0.17060367454068243,0.23622047244094488,0.029990800367985283,0.007084314004849478,0.02483900643974241,0.04231830726770929,381.0,0.0,381,381,1087.0,0.0,1087,1087,0.6641178026437758,0.08744275453726622,0.5425953828096389,0.7863675376176834,99fc6ef526bc821b82a48435c0a11457653382b1512fd893fda45260071da58a
E1,jpeg_compression,3,partial_channel,0.01,1.0,,2,5,0.16000000000000236,0.10839741694339639,0.0,0.2500000000000058,2000.0,0.0,2000,2000,0.02572178477690289,0.005048657234034474,0.02099737532808399,0.03412073490813648,0.008647654093836247,0.0034788721989308254,0.006439742410303588,0.014719411223551058,381.0,0.0,381,381,1087.0,0.0,1087,1087,0.034796748614311215,0.004719931126508638,0.031258772671222686,0.0427614409327507,99fc6ef526bc821b82a48435c0a11457653382b1512fd893fda45260071da58a
E1,jpeg_compression,3,partial_channel,0.05,1.0,,2,5,0.7900000000000018,0.19493588689617988,0.6000000000000005,1.100000000000001,2000.0,0.0,2000,2000,0.08031496062992126,0.006042448521376031,0.07349081364829396,0.08661417322834646,0.019319227230910764,0.004315009898641609,0.015639374425023,0.02667893284268629,381.0,0.0,381,381,1087.0,0.0,1087,1087,0.1635872677922249,0.009931671276218568,0.15068055498600005,0.17660066509246827,99fc6ef526bc821b82a48435c0a11457653382b1512fd893fda45260071da58a
E1,jpeg_compression,3,partial_channel,0.1,1.0,,2,5,1.3000000000000034,0.24748737341529298,1.0000000000000009,1.650000000000007,2000.0,0.0,2000,2000,0.11338582677165354,0.012226577111655769,0.09448818897637795,0.12860892388451445,0.02465501379944802,0.004885342427728336,0.020239190432382703,0.03219871205151794,381.0,0.0,381,381,1087.0,0.0,1087,1087,0.30469160286188124,0.05564311525801959,0.2512945834994316,0.38635386103391645,99fc6ef526bc821b82a48435c0a11457653382b1512fd893fda45260071da58a
E1,jpeg_compression,3,partial_channel,0.2,1.0,,2,5,2.74,0.5628054726102074,2.0000000000000018,3.300000000000003,2000.0,0.0,2000,2000,0.1968503937007874,0.020666687333364336,0.16272965879265092,0.2152230971128609,0.03293468261269549,0.007977730777802686,0.02667893284268629,0.045998160073597055,381.0,0.0,381,381,1087.0,0.0,1087,1087,0.6228790444970131,0.05653422810150104,0.5487211205363274,0.681624428331852,99fc6ef526bc821b82a48435c0a11457653382b1512fd893fda45260071da58a
E1,jpeg_compression,3,partial_channel,0.01,1.0,,3,5,2.220446049250313e-15,0.18371173070873928,-0.20000000000000018,0.2500000000000058,2000.0,0.0,2000,2000,0.01942257217847769,0.004391916149785174,0.013123359580052493,0.023622047244094488,0.009383624655013799,0.0022906898984339894,0.007359705611775529,0.012879484820607176,381.0,0.0,381,381,1087.0,0.0,1087,1087,0.022796375811100007,0.008117156137357228,0.009806957364082337,0.03001694846153259,99fc6ef526bc821b82a48435c0a11457653382b1512fd893fda45260071da58a
E1,jpeg_compression,3,partial_channel,0.05,1.0,,3,5,0.900000000000003,0.3102418411497726,0.6500000000000061,1.3500000000000068,2000.0,0.0,2000,2000,0.08976377952755905,0.01523666695401574,0.07349081364829396,0.11023622047244094,0.022263109475620973,0.005220335219544107,0.01839926402943882,0.031278748850046,381.0,0.0,381,381,1087.0,0.0,1087,1087,0.1630555388212204,0.037410288965052205,0.1098607059121132,0.2150067502260208,99fc6ef526bc821b82a48435c0a11457653382b1512fd893fda45260071da58a
E1,jpeg_compression,3,partial_channel,0.1,1.0,,3,5,1.6400000000000035,0.6618156843109694,0.550000000000006,2.3499999999999965,2000.0,0.0,2000,2000,0.14173228346456695,0.030098018218319467,0.11286089238845144,0.18635170603674542,0.028518859245630173,0.006728950707602481,0.01839926402943882,0.035878564857405704,381.0,0.0,381,381,1087.0,0.0,1087,1087,0.34762596408128743,0.10518126355728823,0.2320121841430664,0.47075952821969985,99fc6ef526bc821b82a48435c0a11457653382b1512fd893fda45260071da58a
E1,jpeg_compression,3,partial_channel,0.2,1.0,,3,5,3.1899999999999973,0.5224940191045258,2.3499999999999965,3.749999999999998,2000.0,0.0,2000,2000,0.23202099737532808,0.023519755188682264,0.1994750656167979,0.2572178477690289,0.03569457221711132,0.005976221442101828,0.028518859245630176,0.045078196872125116,381.0,0.0,381,381,1087.0,0.0,1087,1087,0.6792954652190208,0.09138849155452322,0.5730037299990653,0.7962118231654167,99fc6ef526bc821b82a48435c0a11457653382b1512fd893fda45260071da58a
E1,jpeg_compression,3,partial_channel,0.01,1.0,,4,5,2.220446049250313e-15,0.16955824957813265,-0.20000000000000018,0.20000000000000018,2000.0,0.0,2000,2000,0.02257217847769029,0.013460242944837884,0.007874015748031496,0.03937007874015748,0.011591536338546458,0.001671196147615911,0.010119595216191352,0.013799448022079117,381.0,0.0,381,381,1087.0,0.0,1087,1087,0.01987148858308792,0.02038315207522071,-0.013026737689971923,0.03789838969707489,99fc6ef526bc821b82a48435c0a11457653382b1512fd893fda45260071da58a
E1,jpeg_compression,3,partial_channel,0.05,1.0,,4,5,0.7600000000000029,0.7536577472566669,-0.04999999999999449,1.9499999999999962,2000.0,0.0,2000,2000,0.09868766404199476,0.03348900348081172,0.06299212598425197,0.15223097112860892,0.02778288868445262,0.004572133814089855,0.020239190432382703,0.031278748850046,381.0,0.0,381,381,1087.0,0.0,1087,1087,0.2199131724357605,0.1280679651548935,0.1432471292614937,0.44603989434242247,99fc6ef526bc821b82a48435c0a11457653382b1512fd893fda45260071da58a
E1,jpeg_compression,3,partial_channel,0.1,1.0,,4,5,2.040000000000002,0.5650221234606633,1.4500000000000068,2.749999999999997,2000.0,0.0,2000,2000,0.1695538057742782,0.035583427464739796,0.13648293963254593,0.2283464566929134,0.03183072677092917,0.009121099950649816,0.017479300827966882,0.03955841766329347,381.0,0.0,381,381,1087.0,0.0,1087,1087,0.44383194984197616,0.12556097984963263,0.3293499368429184,0.657671756029129,99fc6ef526bc821b82a48435c0a11457653382b1512fd893fda45260071da58a
E1,jpeg_compression,3,partial_channel,0.2,1.0,,4,5,4.020000000000001,0.633048181420655,3.400000000000003,4.949999999999999,2000.0,0.0,2000,2000,0.2666666666666667,0.04601043131155298,0.23097112860892388,0.34120734908136485,0.03348666053357866,0.005580773095898105,0.027598896044158234,0.04231830726770929,381.0,0.0,381,381,1087.0,0.0,1087,1087,0.7945481529712677,0.11584591601897011,0.6941183152794838,0.9917187169194221,99fc6ef526bc821b82a48435c0a11457653382b1512fd893fda45260071da58a
E1,jpeg_compression,3,partial_channel,0.01,1.0,,5,5,-0.05999999999999783,0.20432816741702853,-0.20000000000000018,0.2500000000000058,2000.0,0.0,2000,2000,0.02204724409448819,0.014916821247646006,0.007874015748031496,0.03937007874015748,0.01140754369825207,0.002309089309661662,0.00827966881324747,0.014719411223551058,381.0,0.0,381,381,1087.0,0.0,1087,1087,0.015959647762775423,0.020203723483988415,-0.0142997927069664,0.03727036935091019,99fc6ef526bc821b82a48435c0a11457653382b1512fd893fda45260071da58a
E1,jpeg_compression,3,partial_channel,0.05,1.0,,5,5,0.9200000000000008,0.6861122357165758,0.40000000000000036,2.0499999999999963,2000.0,0.0,2000,2000,0.09396325459317585,0.03629267405237502,0.05511811023622047,0.14173228346456693,0.023367065317387307,0.005308753650875257,0.017479300827966882,0.029438822447102116,381.0,0.0,381,381,1087.0,0.0,1087,1087,0.20529014474153523,0.13937987968379664,0.11870706272125243,0.448154726266861,99fc6ef526bc821b82a48435c0a11457653382b1512fd893fda45260071da58a
E1,jpeg_compression,3,partial_channel,0.1,1.0,,5,5,1.9700000000000053,0.4906628170138818,1.550000000000007,2.8000000000000025,2000.0,0.0,2000,2000,0.1601049868766404,0.034869633216762265,0.13123359580052493,0.2178477690288714,0.028886844526218952,0.005840136245852392,0.019319227230910764,0.03403863845446182,381.0,0.0,381,381,1087.0,0.0,1087,1087,0.4406028266787529,0.15725839506411304,0.316210430085659,0.7096489163637161,99fc6ef526bc821b82a48435c0a11457653382b1512fd893fda45260071da58a
E1,jpeg_compression,3,partial_channel,0.2,1.0,,5,5,3.85,0.615426681254558,3.2499999999999973,4.849999999999999,2000.0,0.0,2000,2000,0.26036745406824147,0.04498078159845705,0.2204724409448819,0.3359580052493438,0.03422263109475621,0.005260709643236723,0.027598896044158234,0.040478380864765406,381.0,0.0,381,381,1087.0,0.0,1087,1087,0.7920013576149941,0.1765721705880533,0.6825976586341858,1.1010340161323546,99fc6ef526bc821b82a48435c0a11457653382b1512fd893fda45260071da58a
E1,jpeg_compression,3,partial_channel,0.01,1.0,,6,5,0.17000000000000126,0.18574175621006936,0.0,0.45000000000000595,2000.0,0.0,2000,2000,0.026246719160104987,0.010165310619966974,0.015748031496062992,0.03937007874015748,0.009567617295308188,0.0023989705262935225,0.005519779208831647,0.011959521619135235,381.0,0.0,381,381,1087.0,0.0,1087,1087,0.023156505990028383,0.01655410869521915,-0.0001357600688934326,0.04135916548967362,99fc6ef526bc821b82a48435c0a11457653382b1512fd893fda45260071da58a
E1,jpeg_compression,3,partial_channel,0.05,1.0,,6,5,0.9200000000000031,0.7496665925596486,0.15000000000000568,2.1499999999999964,2000.0,0.0,2000,2000,0.09711286089238844,0.02721317762903901,0.07611548556430446,0.13910761154855644,0.0250229990800368,0.005723028892362756,0.01655933762649494,0.03035878564857406,381.0,0.0,381,381,1087.0,0.0,1087,1087,0.21909857054948806,0.1573638349912572,0.12281577432155609,0.49170988500118257,99fc6ef526bc821b82a48435c0a11457653382b1512fd893fda45260071da58a
E1,jpeg_compression,3,partial_channel,0.1,1.0,,6,5,1.9400000000000017,0.8480860805366379,1.0000000000000009,3.2499999999999973,2000.0,0.0,2000,2000,0.16062992125984252,0.05296377220211838,0.11286089238845144,0.2440944881889764,0.030358785648574055,0.008046391759216145,0.01655933762649494,0.03679852805887764,381.0,0.0,381,381,1087.0,0.0,1087,1087,0.45034790810346603,0.1673904568054613,0.3259732311964035,0.7345773074030876,99fc6ef526bc821b82a48435c0a11457653382b1512fd893fda45260071da58a
E1,jpeg_compression,3,partial_channel,0.2,1.0,,6,5,4.01,0.7627253765281432,3.4499999999999975,5.149999999999999,2000.0,0.0,2000,2000,0.26351706036745404,0.04315171364856149,0.22572178477690288,0.3359580052493438,0.03256669733210672,0.0050639775324831235,0.02667893284268629,0.03771849126034959,381.0,0.0,381,381,1087.0,0.0,1087,1087,0.8139384319424631,0.18704605299759725,0.6921066154241562,1.1431281732320786,99fc6ef526bc821b82a48435c0a11457653382b1512fd893fda45260071da58a
E1,jpeg_compression,3,partial_channel,0.01,1.0,,7,5,0.040000000000004476,0.25099800796022254,-0.34999999999999476,0.35000000000000586,2000.0,0.0,2000,2000,0.028346456692913385,0.012505122571728708,0.02099737532808399,0.049868766404199474,0.010671573137074517,0.004295351436956302,0.006439742410303588,0.01655933762649494,381.0,0.0,381,381,1087.0,0.0,1087,1087,0.03631656404733658,0.01967530321355992,0.014788317859172822,0.06769185936450958,99fc6ef526bc821b82a48435c0a11457653382b1512fd893fda45260071da58a
E1,jpeg_compression,3,partial_channel,0.05,1.0,,7,5,0.5600000000000049,0.1884144368141676,0.35000000000000586,0.8500000000000063,2000.0,0.0,2000,2000,0.07926509186351706,0.0163279065774234,0.06036745406824147,0.10236220472440945,0.022631094756209752,0.0043927640796001186,0.01655933762649494,0.025758969641214352,381.0,0.0,381,381,1087.0,0.0,1087,1087,0.18919973586797714,0.07206741376197554,0.11444515264034272,0.299187616109848,99fc6ef526bc821b82a48435c0a11457653382b1512fd893fda45260071da58a
E1,jpeg_compression,3,partial_channel,0.1,1.0,,7,5,2.330000000000001,1.3041280611964428,1.200000000000001,3.849999999999998,2000.0,0.0,2000,2000,0.189501312335958,0.0836278302195386,0.11811023622047244,0.28083989501312334,0.03146274149034038,0.006011521344141505,0.025758969641214352,0.03955841766329347,381.0,0.0,381,381,1087.0,0.0,1087,1087,0.4951446067929267,0.23403763493633345,0.29295835047960284,0.7755569344162941,99fc6ef526bc821b82a48435c0a11457653382b1512fd893fda45260071da58a
E1,jpeg_compression,3,partial_channel,0.2,1.0,,7,5,4.540000000000002,2.2201914331876913,2.100000000000002,6.800000000000006,2000.0,0.0,2000,2000,0.31968503937007875,0.11036737604586205,0.1837270341207349,0.4199475065616798,0.04250229990800368,0.0051386347907153435,0.03679852805887764,0.04783808647654094,381.0,0.0,381,381,1087.0,0.0,1087,1087,1.0009674385428429,0.36311690449445694,0.6100016856193542,1.444785593688488,99fc6ef526bc821b82a48435c0a11457653382b1512fd893fda45260071da58a
E1,jpeg_compression,3,partial_channel,0.01,1.0,,8,5,0.040000000000004476,0.40681691213616034,-0.5499999999999949,0.550000000000006,2000.0,0.0,2000,2000,0.030971128608923888,0.013813855503349884,0.02099737532808399,0.05511811023622047,0.011223551057957682,0.004478624266656148,0.006439742410303588,0.01839926402943882,381.0,0.0,381,381,1087.0,0.0,1087,1087,0.03986743575334549,0.021045027526598103,0.02284340888261795,0.07454504531621933,99fc6ef526bc821b82a48435c0a11457653382b1512fd893fda45260071da58a
E1,jpeg_compression,3,partial_channel,0.05,1.0,,8,5,0.7600000000000029,0.45743852045930905,0.40000000000000036,1.4500000000000068,2000.0,0.0,2000,2000,0.08398950131233596,0.02310605887356825,0.05511811023622047,0.11023622047244094,0.02079116835326587,0.0028799403574054335,0.01655933762649494,0.02391904323827047,381.0,0.0,381,381,1087.0,0.0,1087,1087,0.18949774736166,0.05572083701544446,0.14186525487899782,0.26337320268154146,99fc6ef526bc821b82a48435c0a11457653382b1512fd893fda45260071da58a
E1,jpeg_compression,3,partial_channel,0.1,1.0,,8,5,2.5300000000000016,1.694328775651288,0.9000000000000008,4.649999999999999,2000.0,0.0,2000,2000,0.19055118110236222,0.0891925153782451,0.11023622047244094,0.29658792650918636,0.029254829806807724,0.002381265704792048,0.02667893284268629,0.03311867525298988,381.0,0.0,381,381,1087.0,0.0,1087,1087,0.5313836519837378,0.27437107997231547,0.2864186595082283,0.8340014017224312,99fc6ef526bc821b82a48435c0a11457653382b1512fd893fda45260071da58a
E1,jpeg_compression,3,partial_channel,0.2,1.0,,8,5,4.990000000000001,2.735735732851404,1.9000000000000017,7.750000000000002,2000.0,0.0,2000,2000,0.3338582677165355,0.13520754789066494,0.18110236220472442,0.4776902887139108,0.03919043238270469,0.005618558044011949,0.034958601655933765,0.04875804967801288,381.0,0.0,381,381,1087.0,0.0,1087,1087,1.092970146358013,0.4704594736517914,0.6210402567982674,1.7313407098054885,99fc6ef526bc821b82a48435c0a11457653382b1512fd893fda45260071da58a
E1,jpeg_compression,3,partial_channel,0.01,1.0,,9,5,0.07000000000000339,0.3751666296460808,-0.5499999999999949,0.40000000000000036,2000.0,0.0,2000,2000,0.028346456692913385,0.013044381774056878,0.015748031496062992,0.049868766404199474,0.009935602575896966,0.0048418389574759035,0.005519779208831647,0.017479300827966882,381.0,0.0,381,381,1087.0,0.0,1087,1087,0.04058167862892151,0.018415788881330938,0.027817569136619567,0.07294674241542816,99fc6ef526bc821b82a48435c0a11457653382b1512fd893fda45260071da58a
E1,jpeg_compression,3,partial_channel,0.05,1.0,,9,5,0.9600000000000051,0.5616938667993471,0.20000000000000018,1.550000000000007,2000.0,0.0,2000,2000,0.08556430446194226,0.02096454125744447,0.06299212598425197,0.11023622047244094,0.018583256669733213,0.002865209108076805,0.015639374425023,0.022999080036798528,381.0,0.0,381,381,1087.0,0.0,1087,1087,0.1871988816618919,0.056002883694019345,0.12938804894685746,0.2583066259622574,99fc6ef526bc821b82a48435c0a11457653382b1512fd893fda45260071da58a
E1,jpeg_compression,3,partial_channel,0.1,1.0,,9,5,2.380000000000002,1.519292598547099,1.100000000000001,4.249999999999998,2000.0,0.0,2000,2000,0.1826771653543307,0.08363194890407999,0.11286089238845144,0.2887139107611549,0.028702851885924564,0.001994432694450672,0.025758969641214352,0.031278748850046,381.0,0.0,381,381,1087.0,0.0,1087,1087,0.5302822935819627,0.2726932665388333,0.3057067952156067,0.8278322765231132,99fc6ef526bc821b82a48435c0a11457653382b1512fd893fda45260071da58a
E1,jpeg_compression,3,partial_channel,0.2,1.0,,9,5,5.3,2.804683582866348,2.2499999999999964,8.199999999999996,2000.0,0.0,2000,2000,0.3396325459317585,0.14186102833482434,0.1837270341207349,0.5013123359580053,0.03661453541858326,0.007789866837172602,0.03035878564857406,0.04967801287948482,381.0,0.0,381,381,1087.0,0.0,1087,1087,1.097463196647167,0.45795491652035025,0.6408847674131394,1.701528993487358,99fc6ef526bc821b82a48435c0a11457653382b1512fd893fda45260071da58a
E1,jpeg_compression,3,partial_channel,0.01,1.0,,10,5,0.19000000000000128,0.39433488306260517,-0.44999999999999485,0.5000000000000004,2000.0,0.0,2000,2000,0.029396325459317585,0.01368861397417879,0.013123359580052493,0.047244094488188976,0.009383624655013799,0.0045721338140898545,0.0036798528058877645,0.015639374425023,381.0,0.0,381,381,1087.0,0.0,1087,1087,0.04270569008588791,0.014644194567609837,0.02782682180404663,0.06628554105758667,99fc6ef526bc821b82a48435c0a11457653382b1512fd893fda45260071da58a
E1,jpeg_compression,3,partial_channel,0.05,1.0,,10,5,0.9900000000000043,0.4709033871188451,0.30000000000000027,1.5000000000000013,2000.0,0.0,2000,2000,0.08608923884514437,0.02457960056366017,0.05774278215223097,0.11811023622047244,0.01766329346826127,0.002381265704792048,0.014719411223551058,0.020239190432382703,381.0,0.0,381,381,1087.0,0.0,1087,1087,0.18786989452838898,0.050542249788685725,0.13545720493793487,0.26417169231176374,99fc6ef526bc821b82a48435c0a11457653382b1512fd893fda45260071da58a
E1,jpeg_compression,3,partial_channel,0.1,1.0,,10,5,2.6400000000000046,1.4587666023048347,1.3500000000000068,4.300000000000004,2000.0,0.0,2000,2000,0.18372703412073493,0.08038526420532051,0.11023622047244094,0.28346456692913385,0.024839006439742413,0.002682130586405382,0.022999080036798528,0.029438822447102116,381.0,0.0,381,381,1087.0,0.0,1087,1087,0.5351705328702927,0.2633968008324842,0.3250093698501587,0.8343907433748246,99fc6ef526bc821b82a48435c0a11457653382b1512fd893fda45260071da58a
E1,jpeg_compression,3,partial_channel,0.2,1.0,,10,5,5.270000000000001,2.8263492353210746,2.1499999999999964,8.150000000000002,2000.0,0.0,2000,2000,0.33228346456692914,0.14529165303468436,0.17585301837270342,0.49343832020997375,0.034038638454461825,0.006239494004715059,0.028518859245630176,0.04415823367065318,381.0,0.0,381,381,1087.0,0.0,1087,1087,1.0917977026939394,0.44762006361161394,0.6368937721252441,1.6794335858225822,99fc6ef526bc821b82a48435c0a11457653382b1512fd893fda45260071da58a
E1,jpeg_compression,3,partial_channel,0.01,1.0,,11,5,0.15000000000000124,0.3570714214271428,-0.30000000000000027,0.7000000000000006,2000.0,0.0,2000,2000,0.029396325459317585,0.016008347172679165,0.01837270341207349,0.05774278215223097,0.009383624655013799,0.003146758302941503,0.006439742410303588,0.014719411223551058,381.0,0.0,381,381,1087.0,0.0,1087,1087,0.04447433834075927,0.013687365523841156,0.03159477400779724,0.06691457599401474,99fc6ef526bc821b82a48435c0a11457653382b1512fd893fda45260071da58a
E1,jpeg_compression,3,partial_channel,0.05,1.0,,11,5,1.0300000000000042,0.27973201461399033,0.7000000000000006,1.3500000000000068,2000.0,0.0,2000,2000,0.08136482939632546,0.01617956431225453,0.06036745406824147,0.10236220472440945,0.015271389144434221,0.0029524943028300297,0.011039558417663294,0.019319227230910764,381.0,0.0,381,381,1087.0,0.0,1087,1087,0.1838798977255821,0.046188570133632346,0.13295230597257615,0.2547240930199623,99fc6ef526bc821b82a48435c0a11457653382b1512fd893fda45260071da58a
E1,jpeg_compression,3,partial_channel,0.1,1.0,,11,5,2.500000000000002,1.3214575286402517,1.100000000000001,3.9000000000000035,2000.0,0.0,2000,2000,0.17690288713910762,0.07308191457185582,0.10498687664041995,0.2650918635170604,0.024287028518859246,0.004144942162306831,0.021159153633854646,0.031278748850046,381.0,0.0,381,381,1087.0,0.0,1087,1087,0.5295439906954765,0.25050625258778525,0.3168641735315323,0.8207843856811523,99fc6ef526bc821b82a48435c0a11457653382b1512fd893fda45260071da58a
E1,jpeg_compression,3,partial_channel,0.2,1.0,,11,5,5.3000000000000025,2.389299060394076,2.5499999999999967,8.100000000000007,2000.0,0.0,2000,2000,0.3291338582677166,0.12464566652794423,0.1968503937007874,0.48293963254593175,0.033486660533578655,0.006653057858974996,0.02667893284268629,0.04415823367065318,381.0,0.0,381,381,1087.0,0.0,1087,1087,1.0777661531329157,0.42613821985453226,0.6560327329039574,1.6432324966788292,99fc6ef526bc821b82a48435c0a11457653382b1512fd893fda45260071da58a
E1,jpeg_compression,3,partial_channel,0.01,1.0,,12,5,0.17000000000000348,0.30943496893531786,-0.20000000000000018,0.6500000000000061,2000.0,0.0,2000,2000,0.028346456692913385,0.012084897042752061,0.02099737532808399,0.049868766404199474,0.008647654093836245,0.002729051881175957,0.005519779208831647,0.012879484820607176,381.0,0.0,381,381,1087.0,0.0,1087,1087,0.04113982567787171,0.009182371808053922,0.03182423508167267,0.056343889117240906,99fc6ef526bc821b82a48435c0a11457653382b1512fd893fda45260071da58a
E1,jpeg_compression,3,partial_channel,0.05,1.0,,12,5,0.9500000000000043,0.45961940777125687,0.35000000000000586,1.4500000000000068,2000.0,0.0,2000,2000,0.07559055118110236,0.016847040982552453,0.05511811023622047,0.09186351706036745,0.015639374425023,0.0018399264029438818,0.013799448022079117,0.01839926402943882,381.0,0.0,381,381,1087.0,0.0,1087,1087,0.18127159731388093,0.04944248143119064,0.12370199322700501,0.2581129477620125,99fc6ef526bc821b82a48435c0a11457653382b1512fd893fda45260071da58a
E1,jpeg_compression,3,partial_channel,0.1,1.0,,12,5,2.260000000000002,1.3813037319865618,0.7000000000000006,4.0000000000000036,2000.0,0.0,2000,2000,0.16640419947506563,0.07194186940500898,0.09448818897637795,0.25984251968503935,0.025574977000919964,0.003278478322208917,0.021159153633854646,0.03035878564857406,381.0,0.0,381,381,1087.0,0.0,1087,1087,0.5013680490136145,0.21945620229932528,0.30146410590410233,0.7573193184733391,99fc6ef526bc821b82a48435c0a11457653382b1512fd893fda45260071da58a
E1,jpeg_compression,3,partial_channel,0.2,1.0,,12,5,5.380000000000002,2.3169484241130642,2.300000000000002,8.000000000000007,2000.0,0.0,2000,2000,0.3312335958005249,0.12329534263139925,0.18635170603674542,0.48031496062992124,0.03183072677092916,0.007202789008670977,0.02483900643974241,0.04323827046918123,381.0,0.0,381,381,1087.0,0.0,1087,1087,1.0459708640694618,0.41187732337101896,0.6464003701806068,1.6203629024624824,99fc6ef526bc821b82a48435c0a11457653382b1512fd893fda45260071da58a
E1,jpeg_compression,3,partial_channel,0.01,1.0,,13,5,0.08000000000000229,0.17535677916750309,-0.10000000000000009,0.35000000000000586,2000.0,0.0,2000,2000,0.024146981627296588,0.007961024088243097,0.015748031496062992,0.031496062992125984,0.008831646734130633,0.0019076762974542525,0.007359705611775529,0.011959521619135235,381.0,0.0,381,381,1087.0,0.0,1087,1087,0.03838807784318924,0.009628772665493118,0.02510547858476639,0.0497838676571846,99fc6ef526bc821b82a48435c0a11457653382b1512fd893fda45260071da58a
E1,jpeg_compression,3,partial_channel,0.05,1.0,,13,5,0.6300000000000017,0.7823042886243186,-0.30000000000000027,1.8000000000000016,2000.0,0.0,2000,2000,0.08241469816272966,0.022006586683731847,0.06299212598425197,0.11286089238845144,0.021895124195032197,0.006353743017417483,0.014719411223551058,0.03035878564857406,381.0,0.0,381,381,1087.0,0.0,1087,1087,0.21564476398229598,0.06245956331609457,0.15609352391958237,0.316304004907608,99fc6ef526bc821b82a48435c0a11457653382b1512fd893fda45260071da58a
E1,jpeg_compression,3,partial_channel,0.1,1.0,,13,5,2.020000000000002,0.7918333157931625,1.1500000000000066,2.8000000000000025,2000.0,0.0,2000,2000,0.1590551181102362,0.027377227948357584,0.13123359580052493,0.19160104986876642,0.026494940202391903,0.003759487900957231,0.02207911683532659,0.03035878564857406,381.0,0.0,381,381,1087.0,0.0,1087,1087,0.4500787553787232,0.17957476430508088,0.27629990178346636,0.7302783538103104,99fc6ef526bc821b82a48435c0a11457653382b1512fd893fda45260071da58a
E1,jpeg_compression,3,partial_channel,0.2,1.0,,13,5,3.819999999999999,0.7395944834840258,2.849999999999997,4.549999999999999,2000.0,0.0,2000,2000,0.25984251968503935,0.030098018218319453,0.2178477690288714,0.29396325459317585,0.034222631094756206,0.004383120239032785,0.028518859245630176,0.03955841766329347,381.0,0.0,381,381,1087.0,0.0,1087,1087,0.8223815215349198,0.16614409834978308,0.6745240737199784,1.082572450697422,99fc6ef526bc821b82a48435c0a11457653382b1512fd893fda45260071da58a
E1,jpeg_compression,3,partial_channel,0.01,1.0,,14,5,0.22000000000000464,0.1923538406167152,0.0,0.45000000000000595,2000.0,0.0,2000,2000,0.01942257217847769,0.008004173586339583,0.007874015748031496,0.028871391076115485,0.004967801287948483,0.002215564779906586,0.0018399264029438822,0.007359705611775529,381.0,0.0,381,381,1087.0,0.0,1087,1087,0.04056348594427109,0.010075777342444085,0.032414966225624085,0.05352773827314377,99fc6ef526bc821b82a48435c0a11457653382b1512fd893fda45260071da58a
E1,jpeg_compression,3,partial_channel,0.05,1.0,,14,5,0.8400000000000031,0.3150396800404681,0.5000000000000004,1.3000000000000012,2000.0,0.0,2000,2000,0.08031496062992126,0.0184288605580493,0.05774278215223097,0.10761154855643044,0.017479300827966886,0.0021575049493208045,0.014719411223551058,0.019319227230910764,381.0,0.0,381,381,1087.0,0.0,1087,1087,0.21152293268442154,0.0313170703844863,0.17394746845960618,0.2554298121929169,99fc6ef526bc821b82a48435c0a11457653382b1512fd893fda45260071da58a
E1,jpeg_compression,3,partial_channel,0.1,1.0,,14,5,1.7900000000000027,0.48913188405582025,1.2500000000000067,2.300000000000002,2000.0,0.0,2000,2000,0.13963254593175853,0.024649568255903198,0.11023622047244094,0.17585301837270342,0.02281508739650414,0.0017695845502917519,0.021159153633854646,0.025758969641214352,381.0,0.0,381,381,1087.0,0.0,1087,1087,0.4513357829451561,0.12631796283228242,0.36283064287900924,0.6745896327495575,99fc6ef526bc821b82a48435c0a11457653382b1512fd893fda45260071da58a
E1,jpeg_compression,3,partial_channel,0.2,1.0,,14,5,4.090000000000001,0.5738031021177925,3.4499999999999975,4.749999999999998,2000.0,0.0,2000,2000,0.2635170603674541,0.02307622534418191,0.2388451443569554,0.2887139107611549,0.029806807727690898,0.0031601773757714193,0.02667893284268629,0.03403863845446182,381.0,0.0,381,381,1087.0,0.0,1087,1087,0.8353493787646293,0.1272265933821377,0.7453321666121483,1.057114117026329,99fc6ef526bc821b82a48435c0a11457653382b1512fd893fda45260071da58a
E1,jpeg_compression,3,partial_channel,0.01,1.0,,15,5,0.22000000000000242,0.13509256086106267,0.050000000000005596,0.35000000000000586,2000.0,0.0,2000,2000,0.01994750656167979,0.004767953313539357,0.013123359580052493,0.026246719160104987,0.004047838086476541,0.0013951932739745263,0.0018399264029438822,0.005519779208831647,381.0,0.0,381,381,1087.0,0.0,1087,1087,0.04270591531991959,0.006398431217302492,0.03322768115997315,0.049189351201057434,99fc6ef526bc821b82a48435c0a11457653382b1512fd893fda45260071da58a
E1,jpeg_compression,3,partial_channel,0.05,1.0,,15,5,1.050000000000002,0.406201920231796,0.35000000000000586,1.4000000000000012,2000.0,0.0,2000,2000,0.07664041994750656,0.014542672102042067,0.05249343832020997,0.09186351706036745,0.011039558417663294,0.002345455158046359,0.00827966881324747,0.014719411223551058,381.0,0.0,381,381,1087.0,0.0,1087,1087,0.21694310624599455,0.017452234135812456,0.19335356348752974,0.23216904151439666,99fc6ef526bc821b82a48435c0a11457653382b1512fd893fda45260071da58a
E1,jpeg_compression,3,partial_channel,0.1,1.0,,15,5,2.539999999999998,0.4037325847637269,2.0499999999999963,3.1499999999999972,2000.0,0.0,2000,2000,0.15485564304461946,0.024410859892044983,0.12860892388451445,0.19160104986876642,0.013063477460901566,0.003342392295231821,0.00827966881324747,0.01655933762649494,381.0,0.0,381,381,1087.0,0.0,1087,1087,0.45566951122283933,0.0477110339670673,0.42366658997535706,0.5390753994584083,99fc6ef526bc821b82a48435c0a11457653382b1512fd893fda45260071da58a
E1,jpeg_compression,3,partial_channel,0.2,1.0,,15,5,5.290000000000004,0.4533210782657246,4.600000000000004,5.700000000000005,2000.0,0.0,2000,2000,0.2965879265091863,0.019017554785025505,0.27296587926509186,0.3228346456692913,0.01895124195032199,0.00211791433913916,0.015639374425023,0.021159153633854646,381.0,0.0,381,381,1087.0,0.0,1087,1087,0.8859755931377411,0.043733587437078746,0.8262993056178093,0.9469542034268379,99fc6ef526bc821b82a48435c0a11457653382b1512fd893fda45260071da58a
E1,jpeg_compression,3,none,0.01,1.0,,0,1,0.0,,0.0,0.0,2000.0,,2000,2000,0.0,,0.0,0.0,0.0,,0.0,0.0,381.0,,381,381,1087.0,,1087,1087,0.0,,0.0,0.0,99fc6ef526bc821b82a48435c0a11457653382b1512fd893fda45260071da58a
E1,jpeg_compression,3,none,0.01,1.0,,1,1,0.0,,0.0,0.0,2000.0,,2000,2000,0.0,,0.0,0.0,0.0,,0.0,0.0,381.0,,381,381,1087.0,,1087,1087,0.0,,0.0,0.0,99fc6ef526bc821b82a48435c0a11457653382b1512fd893fda45260071da58a
E1,jpeg_compression,3,none,0.01,1.0,,2,1,0.0,,0.0,0.0,2000.0,,2000,2000,0.0,,0.0,0.0,0.0,,0.0,0.0,381.0,,381,381,1087.0,,1087,1087,0.0,,0.0,0.0,99fc6ef526bc821b82a48435c0a11457653382b1512fd893fda45260071da58a
E1,jpeg_compression,3,none,0.01,1.0,,3,1,0.0,,0.0,0.0,2000.0,,2000,2000,0.0,,0.0,0.0,0.0,,0.0,0.0,381.0,,381,381,1087.0,,1087,1087,0.0,,0.0,0.0,99fc6ef526bc821b82a48435c0a11457653382b1512fd893fda45260071da58a
E1,jpeg_compression,3,none,0.01,1.0,,4,1,0.0,,0.0,0.0,2000.0,,2000,2000,0.0,,0.0,0.0,0.0,,0.0,0.0,381.0,,381,381,1087.0,,1087,1087,0.0,,0.0,0.0,99fc6ef526bc821b82a48435c0a11457653382b1512fd893fda45260071da58a
E1,jpeg_compression,3,none,0.01,1.0,,5,1,0.0,,0.0,0.0,2000.0,,2000,2000,0.0,,0.0,0.0,0.0,,0.0,0.0,381.0,,381,381,1087.0,,1087,1087,0.0,,0.0,0.0,99fc6ef526bc821b82a48435c0a11457653382b1512fd893fda45260071da58a
E1,jpeg_compression,3,none,0.01,1.0,,6,1,0.0,,0.0,0.0,2000.0,,2000,2000,0.0,,0.0,0.0,0.0,,0.0,0.0,381.0,,381,381,1087.0,,1087,1087,0.0,,0.0,0.0,99fc6ef526bc821b82a48435c0a11457653382b1512fd893fda45260071da58a
E1,jpeg_compression,3,none,0.01,1.0,,7,1,0.0,,0.0,0.0,2000.0,,2000,2000,0.0,,0.0,0.0,0.0,,0.0,0.0,381.0,,381,381,1087.0,,1087,1087,0.0,,0.0,0.0,99fc6ef526bc821b82a48435c0a11457653382b1512fd893fda45260071da58a
E1,jpeg_compression,3,none,0.01,1.0,,8,1,0.0,,0.0,0.0,2000.0,,2000,2000,0.0,,0.0,0.0,0.0,,0.0,0.0,381.0,,381,381,1087.0,,1087,1087,0.0,,0.0,0.0,99fc6ef526bc821b82a48435c0a11457653382b1512fd893fda45260071da58a
E1,jpeg_compression,3,none,0.01,1.0,,9,1,0.0,,0.0,0.0,2000.0,,2000,2000,0.0,,0.0,0.0,0.0,,0.0,0.0,381.0,,381,381,1087.0,,1087,1087,0.0,,0.0,0.0,99fc6ef526bc821b82a48435c0a11457653382b1512fd893fda45260071da58a
E1,jpeg_compression,3,none,0.01,1.0,,10,1,0.0,,0.0,0.0,2000.0,,2000,2000,0.0,,0.0,0.0,0.0,,0.0,0.0,381.0,,381,381,1087.0,,1087,1087,0.0,,0.0,0.0,99fc6ef526bc821b82a48435c0a11457653382b1512fd893fda45260071da58a
E1,jpeg_compression,3,none,0.01,1.0,,11,1,0.0,,0.0,0.0,2000.0,,2000,2000,0.0,,0.0,0.0,0.0,,0.0,0.0,381.0,,381,381,1087.0,,1087,1087,0.0,,0.0,0.0,99fc6ef526bc821b82a48435c0a11457653382b1512fd893fda45260071da58a
E1,jpeg_compression,3,none,0.01,1.0,,12,1,0.0,,0.0,0.0,2000.0,,2000,2000,0.0,,0.0,0.0,0.0,,0.0,0.0,381.0,,381,381,1087.0,,1087,1087,0.0,,0.0,0.0,99fc6ef526bc821b82a48435c0a11457653382b1512fd893fda45260071da58a
E1,jpeg_compression,3,none,0.01,1.0,,13,1,0.0,,0.0,0.0,2000.0,,2000,2000,0.0,,0.0,0.0,0.0,,0.0,0.0,381.0,,381,381,1087.0,,1087,1087,0.0,,0.0,0.0,99fc6ef526bc821b82a48435c0a11457653382b1512fd893fda45260071da58a
E1,jpeg_compression,3,none,0.01,1.0,,14,1,0.0,,0.0,0.0,2000.0,,2000,2000,0.0,,0.0,0.0,0.0,,0.0,0.0,381.0,,381,381,1087.0,,1087,1087,0.0,,0.0,0.0,99fc6ef526bc821b82a48435c0a11457653382b1512fd893fda45260071da58a
E1,jpeg_compression,3,none,0.01,1.0,,15,1,0.0,,0.0,0.0,2000.0,,2000,2000,0.0,,0.0,0.0,0.0,,0.0,0.0,381.0,,381,381,1087.0,,1087,1087,0.0,,0.0,0.0,99fc6ef526bc821b82a48435c0a11457653382b1512fd893fda45260071da58a
E1,jpeg_compression,3,clean_to_clean,0.01,1.0,,0,1,15.200000000000003,,15.200000000000003,15.200000000000003,2000.0,,2000,2000,1.0,,1.0,1.0,0.07083716651333946,,0.07083716651333946,0.07083716651333946,381.0,,381,381,1087.0,,1087,1087,3.3084671946763993,,3.3084671946763993,3.3084671946763993,99fc6ef526bc821b82a48435c0a11457653382b1512fd893fda45260071da58a
E1,jpeg_compression,3,clean_to_clean,0.01,1.0,,1,1,15.200000000000003,,15.200000000000003,15.200000000000003,2000.0,,2000,2000,1.0,,1.0,1.0,0.07083716651333946,,0.07083716651333946,0.07083716651333946,381.0,,381,381,1087.0,,1087,1087,3.3084671946763993,,3.3084671946763993,3.3084671946763993,99fc6ef526bc821b82a48435c0a11457653382b1512fd893fda45260071da58a
E1,jpeg_compression,3,clean_to_clean,0.01,1.0,,2,1,15.200000000000003,,15.200000000000003,15.200000000000003,2000.0,,2000,2000,1.0,,1.0,1.0,0.07083716651333946,,0.07083716651333946,0.07083716651333946,381.0,,381,381,1087.0,,1087,1087,3.3084671946763993,,3.3084671946763993,3.3084671946763993,99fc6ef526bc821b82a48435c0a11457653382b1512fd893fda45260071da58a
E1,jpeg_compression,3,clean_to_clean,0.01,1.0,,3,1,15.200000000000003,,15.200000000000003,15.200000000000003,2000.0,,2000,2000,1.0,,1.0,1.0,0.07083716651333946,,0.07083716651333946,0.07083716651333946,381.0,,381,381,1087.0,,1087,1087,3.3084671946763993,,3.3084671946763993,3.3084671946763993,99fc6ef526bc821b82a48435c0a11457653382b1512fd893fda45260071da58a
E1,jpeg_compression,3,clean_to_clean,0.01,1.0,,4,1,15.200000000000003,,15.200000000000003,15.200000000000003,2000.0,,2000,2000,1.0,,1.0,1.0,0.07083716651333946,,0.07083716651333946,0.07083716651333946,381.0,,381,381,1087.0,,1087,1087,3.3084671946763993,,3.3084671946763993,3.3084671946763993,99fc6ef526bc821b82a48435c0a11457653382b1512fd893fda45260071da58a
E1,jpeg_compression,3,clean_to_clean,0.01,1.0,,5,1,15.200000000000003,,15.200000000000003,15.200000000000003,2000.0,,2000,2000,1.0,,1.0,1.0,0.07083716651333946,,0.07083716651333946,0.07083716651333946,381.0,,381,381,1087.0,,1087,1087,3.3084671946763993,,3.3084671946763993,3.3084671946763993,99fc6ef526bc821b82a48435c0a11457653382b1512fd893fda45260071da58a
E1,jpeg_compression,3,clean_to_clean,0.01,1.0,,6,1,15.200000000000003,,15.200000000000003,15.200000000000003,2000.0,,2000,2000,1.0,,1.0,1.0,0.07083716651333946,,0.07083716651333946,0.07083716651333946,381.0,,381,381,1087.0,,1087,1087,3.3084671946763993,,3.3084671946763993,3.3084671946763993,99fc6ef526bc821b82a48435c0a11457653382b1512fd893fda45260071da58a
E1,jpeg_compression,3,clean_to_clean,0.01,1.0,,7,1,15.200000000000003,,15.200000000000003,15.200000000000003,2000.0,,2000,2000,1.0,,1.0,1.0,0.07083716651333946,,0.07083716651333946,0.07083716651333946,381.0,,381,381,1087.0,,1087,1087,3.3084671946763993,,3.3084671946763993,3.3084671946763993,99fc6ef526bc821b82a48435c0a11457653382b1512fd893fda45260071da58a
E1,jpeg_compression,3,clean_to_clean,0.01,1.0,,8,1,15.200000000000003,,15.200000000000003,15.200000000000003,2000.0,,2000,2000,1.0,,1.0,1.0,0.07083716651333946,,0.07083716651333946,0.07083716651333946,381.0,,381,381,1087.0,,1087,1087,3.3084671946763993,,3.3084671946763993,3.3084671946763993,99fc6ef526bc821b82a48435c0a11457653382b1512fd893fda45260071da58a
E1,jpeg_compression,3,clean_to_clean,0.01,1.0,,9,1,15.200000000000003,,15.200000000000003,15.200000000000003,2000.0,,2000,2000,1.0,,1.0,1.0,0.07083716651333946,,0.07083716651333946,0.07083716651333946,381.0,,381,381,1087.0,,1087,1087,3.3084671946763993,,3.3084671946763993,3.3084671946763993,99fc6ef526bc821b82a48435c0a11457653382b1512fd893fda45260071da58a
E1,jpeg_compression,3,clean_to_clean,0.01,1.0,,10,1,15.200000000000003,,15.200000000000003,15.200000000000003,2000.0,,2000,2000,1.0,,1.0,1.0,0.07083716651333946,,0.07083716651333946,0.07083716651333946,381.0,,381,381,1087.0,,1087,1087,3.3084671946763993,,3.3084671946763993,3.3084671946763993,99fc6ef526bc821b82a48435c0a11457653382b1512fd893fda45260071da58a
E1,jpeg_compression,3,clean_to_clean,0.01,1.0,,11,1,15.200000000000003,,15.200000000000003,15.200000000000003,2000.0,,2000,2000,1.0,,1.0,1.0,0.07083716651333946,,0.07083716651333946,0.07083716651333946,381.0,,381,381,1087.0,,1087,1087,3.3084671946763993,,3.3084671946763993,3.3084671946763993,99fc6ef526bc821b82a48435c0a11457653382b1512fd893fda45260071da58a
E1,jpeg_compression,3,clean_to_clean,0.01,1.0,,12,1,15.200000000000003,,15.200000000000003,15.200000000000003,2000.0,,2000,2000,1.0,,1.0,1.0,0.07083716651333946,,0.07083716651333946,0.07083716651333946,381.0,,381,381,1087.0,,1087,1087,3.3084671946763993,,3.3084671946763993,3.3084671946763993,99fc6ef526bc821b82a48435c0a11457653382b1512fd893fda45260071da58a
E1,jpeg_compression,3,clean_to_clean,0.01,1.0,,13,1,15.200000000000003,,15.200000000000003,15.200000000000003,2000.0,,2000,2000,1.0,,1.0,1.0,0.07083716651333946,,0.07083716651333946,0.07083716651333946,381.0,,381,381,1087.0,,1087,1087,3.3084671946763993,,3.3084671946763993,3.3084671946763993,99fc6ef526bc821b82a48435c0a11457653382b1512fd893fda45260071da58a
E1,jpeg_compression,3,clean_to_clean,0.01,1.0,,14,1,15.200000000000003,,15.200000000000003,15.200000000000003,2000.0,,2000,2000,1.0,,1.0,1.0,0.07083716651333946,,0.07083716651333946,0.07083716651333946,381.0,,381,381,1087.0,,1087,1087,3.3084671946763993,,3.3084671946763993,3.3084671946763993,99fc6ef526bc821b82a48435c0a11457653382b1512fd893fda45260071da58a
E1,jpeg_compression,3,clean_to_clean,0.01,1.0,,15,1,15.200000000000003,,15.200000000000003,15.200000000000003,2000.0,,2000,2000,1.0,,1.0,1.0,0.07083716651333946,,0.07083716651333946,0.07083716651333946,381.0,,381,381,1087.0,,1087,1087,3.3084671946763993,,3.3084671946763993,3.3084671946763993,99fc6ef526bc821b82a48435c0a11457653382b1512fd893fda45260071da58a
E1,jpeg_compression,3,full_state,0.01,1.0,,0,1,15.200000000000003,,15.200000000000003,15.200000000000003,2000.0,,2000,2000,1.0,,1.0,1.0,0.07083716651333946,,0.07083716651333946,0.07083716651333946,381.0,,381,381,1087.0,,1087,1087,3.3084671946763993,,3.3084671946763993,3.3084671946763993,99fc6ef526bc821b82a48435c0a11457653382b1512fd893fda45260071da58a
E1,jpeg_compression,3,full_state,0.01,1.0,,1,1,15.200000000000003,,15.200000000000003,15.200000000000003,2000.0,,2000,2000,1.0,,1.0,1.0,0.07083716651333946,,0.07083716651333946,0.07083716651333946,381.0,,381,381,1087.0,,1087,1087,3.3084671946763993,,3.3084671946763993,3.3084671946763993,99fc6ef526bc821b82a48435c0a11457653382b1512fd893fda45260071da58a
E1,jpeg_compression,3,full_state,0.01,1.0,,2,1,15.200000000000003,,15.200000000000003,15.200000000000003,2000.0,,2000,2000,1.0,,1.0,1.0,0.07083716651333946,,0.07083716651333946,0.07083716651333946,381.0,,381,381,1087.0,,1087,1087,3.3084671946763993,,3.3084671946763993,3.3084671946763993,99fc6ef526bc821b82a48435c0a11457653382b1512fd893fda45260071da58a
E1,jpeg_compression,3,full_state,0.01,1.0,,3,1,15.200000000000003,,15.200000000000003,15.200000000000003,2000.0,,2000,2000,1.0,,1.0,1.0,0.07083716651333946,,0.07083716651333946,0.07083716651333946,381.0,,381,381,1087.0,,1087,1087,3.3084671946763993,,3.3084671946763993,3.3084671946763993,99fc6ef526bc821b82a48435c0a11457653382b1512fd893fda45260071da58a
E1,jpeg_compression,3,full_state,0.01,1.0,,4,1,15.200000000000003,,15.200000000000003,15.200000000000003,2000.0,,2000,2000,1.0,,1.0,1.0,0.07083716651333946,,0.07083716651333946,0.07083716651333946,381.0,,381,381,1087.0,,1087,1087,3.3084671946763993,,3.3084671946763993,3.3084671946763993,99fc6ef526bc821b82a48435c0a11457653382b1512fd893fda45260071da58a
E1,jpeg_compression,3,full_state,0.01,1.0,,5,1,15.200000000000003,,15.200000000000003,15.200000000000003,2000.0,,2000,2000,1.0,,1.0,1.0,0.07083716651333946,,0.07083716651333946,0.07083716651333946,381.0,,381,381,1087.0,,1087,1087,3.3084671946763993,,3.3084671946763993,3.3084671946763993,99fc6ef526bc821b82a48435c0a11457653382b1512fd893fda45260071da58a
E1,jpeg_compression,3,full_state,0.01,1.0,,6,1,15.200000000000003,,15.200000000000003,15.200000000000003,2000.0,,2000,2000,1.0,,1.0,1.0,0.07083716651333946,,0.07083716651333946,0.07083716651333946,381.0,,381,381,1087.0,,1087,1087,3.3084671946763993,,3.3084671946763993,3.3084671946763993,99fc6ef526bc821b82a48435c0a11457653382b1512fd893fda45260071da58a
E1,jpeg_compression,3,full_state,0.01,1.0,,7,1,15.200000000000003,,15.200000000000003,15.200000000000003,2000.0,,2000,2000,1.0,,1.0,1.0,0.07083716651333946,,0.07083716651333946,0.07083716651333946,381.0,,381,381,1087.0,,1087,1087,3.3084671946763993,,3.3084671946763993,3.3084671946763993,99fc6ef526bc821b82a48435c0a11457653382b1512fd893fda45260071da58a
E1,jpeg_compression,3,full_state,0.01,1.0,,8,1,15.200000000000003,,15.200000000000003,15.200000000000003,2000.0,,2000,2000,1.0,,1.0,1.0,0.07083716651333946,,0.07083716651333946,0.07083716651333946,381.0,,381,381,1087.0,,1087,1087,3.3084671946763993,,3.3084671946763993,3.3084671946763993,99fc6ef526bc821b82a48435c0a11457653382b1512fd893fda45260071da58a
E1,jpeg_compression,3,full_state,0.01,1.0,,9,1,15.200000000000003,,15.200000000000003,15.200000000000003,2000.0,,2000,2000,1.0,,1.0,1.0,0.07083716651333946,,0.07083716651333946,0.07083716651333946,381.0,,381,381,1087.0,,1087,1087,3.3084671946763993,,3.3084671946763993,3.3084671946763993,99fc6ef526bc821b82a48435c0a11457653382b1512fd893fda45260071da58a
E1,jpeg_compression,3,full_state,0.01,1.0,,10,1,15.200000000000003,,15.200000000000003,15.200000000000003,2000.0,,2000,2000,1.0,,1.0,1.0,0.07083716651333946,,0.07083716651333946,0.07083716651333946,381.0,,381,381,1087.0,,1087,1087,3.3084671946763993,,3.3084671946763993,3.3084671946763993,99fc6ef526bc821b82a48435c0a11457653382b1512fd893fda45260071da58a
E1,jpeg_compression,3,full_state,0.01,1.0,,11,1,15.200000000000003,,15.200000000000003,15.200000000000003,2000.0,,2000,2000,1.0,,1.0,1.0,0.07083716651333946,,0.07083716651333946,0.07083716651333946,381.0,,381,381,1087.0,,1087,1087,3.3084671946763993,,3.3084671946763993,3.3084671946763993,99fc6ef526bc821b82a48435c0a11457653382b1512fd893fda45260071da58a
E1,jpeg_compression,3,full_state,0.01,1.0,,12,1,15.200000000000003,,15.200000000000003,15.200000000000003,2000.0,,2000,2000,1.0,,1.0,1.0,0.07083716651333946,,0.07083716651333946,0.07083716651333946,381.0,,381,381,1087.0,,1087,1087,3.3084671946763993,,3.3084671946763993,3.3084671946763993,99fc6ef526bc821b82a48435c0a11457653382b1512fd893fda45260071da58a
E1,jpeg_compression,3,full_state,0.01,1.0,,13,1,15.200000000000003,,15.200000000000003,15.200000000000003,2000.0,,2000,2000,1.0,,1.0,1.0,0.07083716651333946,,0.07083716651333946,0.07083716651333946,381.0,,381,381,1087.0,,1087,1087,3.3084671946763993,,3.3084671946763993,3.3084671946763993,99fc6ef526bc821b82a48435c0a11457653382b1512fd893fda45260071da58a
E1,jpeg_compression,3,full_state,0.01,1.0,,14,1,15.200000000000003,,15.200000000000003,15.200000000000003,2000.0,,2000,2000,1.0,,1.0,1.0,0.07083716651333946,,0.07083716651333946,0.07083716651333946,381.0,,381,381,1087.0,,1087,1087,3.3084671946763993,,3.3084671946763993,3.3084671946763993,99fc6ef526bc821b82a48435c0a11457653382b1512fd893fda45260071da58a
E1,jpeg_compression,3,full_state,0.01,1.0,,15,1,15.200000000000003,,15.200000000000003,15.200000000000003,2000.0,,2000,2000,1.0,,1.0,1.0,0.07083716651333946,,0.07083716651333946,0.07083716651333946,381.0,,381,381,1087.0,,1087,1087,3.3084671946763993,,3.3084671946763993,3.3084671946763993,99fc6ef526bc821b82a48435c0a11457653382b1512fd893fda45260071da58a
E1,jpeg_compression,3,random_direction,0.01,1.0,,0,1,0.0,,0.0,0.0,2000.0,,2000,2000,0.007874015748031496,,0.007874015748031496,0.007874015748031496,0.0027598896044158236,,0.0027598896044158236,0.0027598896044158236,381.0,,381,381,1087.0,,1087,1087,0.0019585893750190737,,0.0019585893750190737,0.0019585893750190737,99fc6ef526bc821b82a48435c0a11457653382b1512fd893fda45260071da58a
E1,jpeg_compression,3,random_direction,0.01,1.0,,1,1,0.10000000000000009,,0.10000000000000009,0.10000000000000009,2000.0,,2000,2000,0.010498687664041995,,0.010498687664041995,0.010498687664041995,0.0027598896044158236,,0.0027598896044158236,0.0027598896044158236,381.0,,381,381,1087.0,,1087,1087,-0.0001785111427307129,,-0.0001785111427307129,-0.0001785111427307129,99fc6ef526bc821b82a48435c0a11457653382b1512fd893fda45260071da58a
E1,jpeg_compression,3,random_direction,0.01,1.0,,2,1,0.15000000000000568,,0.15000000000000568,0.15000000000000568,2000.0,,2000,2000,0.015748031496062992,,0.015748031496062992,0.015748031496062992,0.0036798528058877645,,0.0036798528058877645,0.0036798528058877645,381.0,,381,381,1087.0,,1087,1087,-0.0010326977968215943,,-0.0010326977968215943,-0.0010326977968215943,99fc6ef526bc821b82a48435c0a11457653382b1512fd893fda45260071da58a
E1,jpeg_compression,3,random_direction,0.01,1.0,,3,1,-0.20000000000000018,,-0.20000000000000018,-0.20000000000000018,2000.0,,2000,2000,0.013123359580052493,,0.013123359580052493,0.013123359580052493,0.00919963201471941,,0.00919963201471941,0.00919963201471941,381.0,,381,381,1087.0,,1087,1087,-0.0018085230588912964,,-0.0018085230588912964,-0.0018085230588912964,99fc6ef526bc821b82a48435c0a11457653382b1512fd893fda45260071da58a
E1,jpeg_compression,3,random_direction,0.01,1.0,,4,1,0.10000000000000009,,0.10000000000000009,0.10000000000000009,2000.0,,2000,2000,0.023622047244094488,,0.023622047244094488,0.023622047244094488,0.007359705611775529,,0.007359705611775529,0.007359705611775529,381.0,,381,381,1087.0,,1087,1087,-0.007348602414131164,,-0.007348602414131164,-0.007348602414131164,99fc6ef526bc821b82a48435c0a11457653382b1512fd893fda45260071da58a
E1,jpeg_compression,3,random_direction,0.01,1.0,,5,1,0.10000000000000009,,0.10000000000000009,0.10000000000000009,2000.0,,2000,2000,0.01837270341207349,,0.01837270341207349,0.01837270341207349,0.005519779208831647,,0.005519779208831647,0.005519779208831647,381.0,,381,381,1087.0,,1087,1087,-0.010309913575649261,,-0.010309913575649261,-0.010309913575649261,99fc6ef526bc821b82a48435c0a11457653382b1512fd893fda45260071da58a
E1,jpeg_compression,3,random_direction,0.01,1.0,,6,1,-0.04999999999999449,,-0.04999999999999449,-0.04999999999999449,2000.0,,2000,2000,0.015748031496062992,,0.015748031496062992,0.015748031496062992,0.007359705611775529,,0.007359705611775529,0.007359705611775529,381.0,,381,381,1087.0,,1087,1087,-0.0022867454290390016,,-0.0022867454290390016,-0.0022867454290390016,99fc6ef526bc821b82a48435c0a11457653382b1512fd893fda45260071da58a
E1,jpeg_compression,3,random_direction,0.01,1.0,,7,1,-0.20000000000000018,,-0.20000000000000018,-0.20000000000000018,2000.0,,2000,2000,0.005249343832020997,,0.005249343832020997,0.005249343832020997,0.006439742410303588,,0.006439742410303588,0.006439742410303588,381.0,,381,381,1087.0,,1087,1087,-0.005788684010505676,,-0.005788684010505676,-0.005788684010505676,99fc6ef526bc821b82a48435c0a11457653382b1512fd893fda45260071da58a
E1,jpeg_compression,3,random_direction,0.01,1.0,,8,1,-0.14999999999999458,,-0.14999999999999458,-0.14999999999999458,2000.0,,2000,2000,0.010498687664041995,,0.010498687664041995,0.010498687664041995,0.006439742410303588,,0.006439742410303588,0.006439742410303588,381.0,,381,381,1087.0,,1087,1087,-0.005753038883209228,,-0.005753038883209228,-0.005753038883209228,99fc6ef526bc821b82a48435c0a11457653382b1512fd893fda45260071da58a
E1,jpeg_compression,3,random_direction,0.01,1.0,,9,1,-0.10000000000000009,,-0.10000000000000009,-0.10000000000000009,2000.0,,2000,2000,0.013123359580052493,,0.013123359580052493,0.013123359580052493,0.007359705611775529,,0.007359705611775529,0.007359705611775529,381.0,,381,381,1087.0,,1087,1087,-0.004120717406272888,,-0.004120717406272888,-0.004120717406272888,99fc6ef526bc821b82a48435c0a11457653382b1512fd893fda45260071da58a
E1,jpeg_compression,3,random_direction,0.01,1.0,,10,1,-0.20000000000000018,,-0.20000000000000018,-0.20000000000000018,2000.0,,2000,2000,0.007874015748031496,,0.007874015748031496,0.007874015748031496,0.006439742410303588,,0.006439742410303588,0.006439742410303588,381.0,,381,381,1087.0,,1087,1087,-0.0009024263024330139,,-0.0009024263024330139,-0.0009024263024330139,99fc6ef526bc821b82a48435c0a11457653382b1512fd893fda45260071da58a
E1,jpeg_compression,3,random_direction,0.01,1.0,,11,1,0.15000000000000568,,0.15000000000000568,0.15000000000000568,2000.0,,2000,2000,0.010498687664041995,,0.010498687664041995,0.010498687664041995,0.0018399264029438822,,0.0018399264029438822,0.0018399264029438822,381.0,,381,381,1087.0,,1087,1087,-0.0010752502083778382,,-0.0010752502083778382,-0.0010752502083778382,99fc6ef526bc821b82a48435c0a11457653382b1512fd893fda45260071da58a
E1,jpeg_compression,3,random_direction,0.01,1.0,,12,1,0.050000000000005596,,0.050000000000005596,0.050000000000005596,2000.0,,2000,2000,0.005249343832020997,,0.005249343832020997,0.005249343832020997,0.0027598896044158236,,0.0027598896044158236,0.0027598896044158236,381.0,,381,381,1087.0,,1087,1087,-0.00013414478302001953,,-0.00013414478302001953,-0.00013414478302001953,99fc6ef526bc821b82a48435c0a11457653382b1512fd893fda45260071da58a
E1,jpeg_compression,3,random_direction,0.01,1.0,,13,1,0.20000000000000018,,0.20000000000000018,0.20000000000000018,2000.0,,2000,2000,0.015748031496062992,,0.015748031496062992,0.015748031496062992,0.0018399264029438822,,0.0018399264029438822,0.0018399264029438822,381.0,,381,381,1087.0,,1087,1087,-0.00399364584684372,,-0.00399364584684372,-0.00399364584684372,99fc6ef526bc821b82a48435c0a11457653382b1512fd893fda45260071da58a
E1,jpeg_compression,3,random_direction,0.01,1.0,,14,1,0.20000000000000018,,0.20000000000000018,0.20000000000000018,2000.0,,2000,2000,0.013123359580052493,,0.013123359580052493,0.013123359580052493,0.0009199632014719411,,0.0009199632014719411,0.0009199632014719411,381.0,,381,381,1087.0,,1087,1087,-0.0009258125424385071,,-0.0009258125424385071,-0.0009258125424385071,99fc6ef526bc821b82a48435c0a11457653382b1512fd893fda45260071da58a
E1,jpeg_compression,3,random_direction,0.01,1.0,,15,1,0.15000000000000568,,0.15000000000000568,0.15000000000000568,2000.0,,2000,2000,0.007874015748031496,,0.007874015748031496,0.007874015748031496,0.0,,0.0,0.0,381.0,,381,381,1087.0,,1087,1087,0.0006023101210594177,,0.0006023101210594177,0.0006023101210594177,99fc6ef526bc821b82a48435c0a11457653382b1512fd893fda45260071da58a
E1,jpeg_compression,3,shuffled_donor,0.01,1.0,,0,1,-0.20000000000000018,,-0.20000000000000018,-0.20000000000000018,2000.0,,2000,2000,0.05511811023622047,,0.05511811023622047,0.05511811023622047,0.028518859245630176,,0.028518859245630176,0.028518859245630176,381.0,,381,381,1087.0,,1087,1087,-0.059988513469696046,,-0.059988513469696046,-0.059988513469696046,99fc6ef526bc821b82a48435c0a11457653382b1512fd893fda45260071da58a
E1,jpeg_compression,3,shuffled_donor,0.01,1.0,,1,1,-0.34999999999999476,,-0.34999999999999476,-0.34999999999999476,2000.0,,2000,2000,0.031496062992125984,,0.031496062992125984,0.031496062992125984,0.02483900643974241,,0.02483900643974241,0.02483900643974241,381.0,,381,381,1087.0,,1087,1087,-0.025707028090953828,,-0.025707028090953828,-0.025707028090953828,99fc6ef526bc821b82a48435c0a11457653382b1512fd893fda45260071da58a
E1,jpeg_compression,3,shuffled_donor,0.01,1.0,,2,1,0.0,,0.0,0.0,2000.0,,2000,2000,0.03412073490813648,,0.03412073490813648,0.03412073490813648,0.019319227230910764,,0.019319227230910764,0.019319227230910764,381.0,,381,381,1087.0,,1087,1087,-0.022758399963378906,,-0.022758399963378906,-0.022758399963378906,99fc6ef526bc821b82a48435c0a11457653382b1512fd893fda45260071da58a
E1,jpeg_compression,3,shuffled_donor,0.01,1.0,,3,1,-0.34999999999999476,,-0.34999999999999476,-0.34999999999999476,2000.0,,2000,2000,0.026246719160104987,,0.026246719160104987,0.026246719160104987,0.02207911683532659,,0.02207911683532659,0.02207911683532659,381.0,,381,381,1087.0,,1087,1087,-0.01600032180547714,,-0.01600032180547714,-0.01600032180547714,99fc6ef526bc821b82a48435c0a11457653382b1512fd893fda45260071da58a
E1,jpeg_compression,3,shuffled_donor,0.01,1.0,,4,1,-0.04999999999999449,,-0.04999999999999449,-0.04999999999999449,2000.0,,2000,2000,0.031496062992125984,,0.031496062992125984,0.031496062992125984,0.01839926402943882,,0.01839926402943882,0.01839926402943882,381.0,,381,381,1087.0,,1087,1087,0.004353883028030395,,0.004353883028030395,0.004353883028030395,99fc6ef526bc821b82a48435c0a11457653382b1512fd893fda45260071da58a
E1,jpeg_compression,3,shuffled_donor,0.01,1.0,,5,1,-0.44999999999999485,,-0.44999999999999485,-0.44999999999999485,2000.0,,2000,2000,0.028871391076115485,,0.028871391076115485,0.028871391076115485,0.02483900643974241,,0.02483900643974241,0.02483900643974241,381.0,,381,381,1087.0,,1087,1087,0.005153314292430878,,0.005153314292430878,0.005153314292430878,99fc6ef526bc821b82a48435c0a11457653382b1512fd893fda45260071da58a
E1,jpeg_compression,3,shuffled_donor,0.01,1.0,,6,1,-0.04999999999999449,,-0.04999999999999449,-0.04999999999999449,2000.0,,2000,2000,0.03412073490813648,,0.03412073490813648,0.03412073490813648,0.020239190432382703,,0.020239190432382703,0.020239190432382703,381.0,,381,381,1087.0,,1087,1087,0.013637547314167022,,0.013637547314167022,0.013637547314167022,99fc6ef526bc821b82a48435c0a11457653382b1512fd893fda45260071da58a
E1,jpeg_compression,3,shuffled_donor,0.01,1.0,,7,1,-0.24999999999999467,,-0.24999999999999467,-0.24999999999999467,2000.0,,2000,2000,0.03674540682414698,,0.03674540682414698,0.03674540682414698,0.022999080036798528,,0.022999080036798528,0.022999080036798528,381.0,,381,381,1087.0,,1087,1087,-0.025044751346111296,,-0.025044751346111296,-0.025044751346111296,99fc6ef526bc821b82a48435c0a11457653382b1512fd893fda45260071da58a
E1,jpeg_compression,3,shuffled_donor,0.01,1.0,,8,1,-0.44999999999999485,,-0.44999999999999485,-0.44999999999999485,2000.0,,2000,2000,0.028871391076115485,,0.028871391076115485,0.028871391076115485,0.022999080036798528,,0.022999080036798528,0.022999080036798528,381.0,,381,381,1087.0,,1087,1087,-0.014432072579860688,,-0.014432072579860688,-0.014432072579860688,99fc6ef526bc821b82a48435c0a11457653382b1512fd893fda45260071da58a
E1,jpeg_compression,3,shuffled_donor,0.01,1.0,,9,1,-0.24999999999999467,,-0.24999999999999467,-0.24999999999999467,2000.0,,2000,2000,0.01837270341207349,,0.01837270341207349,0.01837270341207349,0.01839926402943882,,0.01839926402943882,0.01839926402943882,381.0,,381,381,1087.0,,1087,1087,-0.017638181269168853,,-0.017638181269168853,-0.017638181269168853,99fc6ef526bc821b82a48435c0a11457653382b1512fd893fda45260071da58a
E1,jpeg_compression,3,shuffled_donor,0.01,1.0,,10,1,-0.14999999999999458,,-0.14999999999999458,-0.14999999999999458,2000.0,,2000,2000,0.026246719160104987,,0.026246719160104987,0.026246719160104987,0.019319227230910764,,0.019319227230910764,0.019319227230910764,381.0,,381,381,1087.0,,1087,1087,-0.014099127113819122,,-0.014099127113819122,-0.014099127113819122,99fc6ef526bc821b82a48435c0a11457653382b1512fd893fda45260071da58a
E1,jpeg_compression,3,shuffled_donor,0.01,1.0,,11,1,-0.20000000000000018,,-0.20000000000000018,-0.20000000000000018,2000.0,,2000,2000,0.031496062992125984,,0.031496062992125984,0.031496062992125984,0.021159153633854646,,0.021159153633854646,0.021159153633854646,381.0,,381,381,1087.0,,1087,1087,-0.024861414849758148,,-0.024861414849758148,-0.024861414849758148,99fc6ef526bc821b82a48435c0a11457653382b1512fd893fda45260071da58a
E1,jpeg_compression,3,shuffled_donor,0.01,1.0,,12,1,-0.30000000000000027,,-0.30000000000000027,-0.30000000000000027,2000.0,,2000,2000,0.031496062992125984,,0.031496062992125984,0.031496062992125984,0.02391904323827047,,0.02391904323827047,0.02391904323827047,381.0,,381,381,1087.0,,1087,1087,-0.042052553176879885,,-0.042052553176879885,-0.042052553176879885,99fc6ef526bc821b82a48435c0a11457653382b1512fd893fda45260071da58a
E1,jpeg_compression,3,shuffled_donor,0.01,1.0,,13,1,0.0,,0.0,0.0,2000.0,,2000,2000,0.03412073490813648,,0.03412073490813648,0.03412073490813648,0.01655933762649494,,0.01655933762649494,0.01655933762649494,381.0,,381,381,1087.0,,1087,1087,-0.01901094788312912,,-0.01901094788312912,-0.01901094788312912,99fc6ef526bc821b82a48435c0a11457653382b1512fd893fda45260071da58a
E1,jpeg_compression,3,shuffled_donor,0.01,1.0,,14,1,0.0,,0.0,0.0,2000.0,,2000,2000,0.03412073490813648,,0.03412073490813648,0.03412073490813648,0.015639374425023,,0.015639374425023,0.015639374425023,381.0,,381,381,1087.0,,1087,1087,-0.026687174439430236,,-0.026687174439430236,-0.026687174439430236,99fc6ef526bc821b82a48435c0a11457653382b1512fd893fda45260071da58a
E1,jpeg_compression,3,shuffled_donor,0.01,1.0,,15,1,-0.10000000000000009,,-0.10000000000000009,-0.10000000000000009,2000.0,,2000,2000,0.023622047244094488,,0.023622047244094488,0.023622047244094488,0.012879484820607176,,0.012879484820607176,0.012879484820607176,381.0,,381,381,1087.0,,1087,1087,-0.03026665711402893,,-0.03026665711402893,-0.03026665711402893,99fc6ef526bc821b82a48435c0a11457653382b1512fd893fda45260071da58a
E1,jpeg_compression,5,partial_channel,0.01,1.0,,0,5,0.07000000000000006,0.4906628170138842,-0.8000000000000007,0.3500000000000003,2000.0,0.0,2000,2000,0.01924198250728863,0.007244765970722552,0.007288629737609329,0.02478134110787172,0.01936339522546419,0.006670968880615009,0.009283819628647215,0.027851458885941646,686.0,0.0,686,686,754.0,0.0,754,754,0.046862622106075294,0.041988496223700364,-0.022096050381660463,0.08908617424964904,99fc6ef526bc821b82a48435c0a11457653382b1512fd893fda45260071da58a
E1,jpeg_compression,5,partial_channel,0.05,1.0,,0,5,1.2800000000000011,0.41922547632509205,0.6500000000000006,1.6000000000000014,2000.0,0.0,2000,2000,0.06938775510204082,0.008722026414957196,0.061224489795918366,0.08017492711370262,0.03793103448275862,0.012140893890022077,0.023872679045092837,0.05172413793103448,686.0,0.0,686,686,754.0,0.0,754,754,0.2192493090033531,0.045117170423139306,0.15343408906459807,0.25971968996524813,99fc6ef526bc821b82a48435c0a11457653382b1512fd893fda45260071da58a
E1,jpeg_compression,5,partial_channel,0.1,1.0,,0,5,2.91,0.6795218907437763,2.150000000000002,3.6999999999999975,2000.0,0.0,2000,2000,0.11341107871720116,0.0182186586588548,0.09475218658892129,0.14285714285714285,0.04244031830238726,0.011562066163237858,0.027851458885941646,0.054376657824933686,686.0,0.0,686,686,754.0,0.0,754,754,0.4208269346594811,0.10329470676732024,0.30047300684452055,0.5456073029041291,99fc6ef526bc821b82a48435c0a11457653382b1512fd893fda45260071da58a
E1,jpeg_compression,5,partial_channel,0.2,1.0,,0,5,6.34,0.710985231914138,5.249999999999999,7.15,2000.0,0.0,2000,2000,0.21574344023323616,0.01382920259548854,0.20262390670553937,0.23469387755102042,0.053315649867374006,0.013922571323088289,0.042440318302387266,0.07692307692307693,686.0,0.0,686,686,754.0,0.0,754,754,0.9527578812718392,0.11391252133773576,0.8326831554174423,1.0935330701470376,99fc6ef526bc821b82a48435c0a11457653382b1512fd893fda45260071da58a
E1,jpeg_compression,5,partial_channel,0.01,1.0,,1,5,0.1200000000000001,0.391471582621268,-0.4500000000000004,0.5000000000000004,2000.0,0.0,2000,2000,0.020699708454810496,0.001900642100642171,0.01749271137026239,0.021865889212827987,0.01883289124668435,0.010030594377288616,0.009283819628647215,0.033156498673740056,686.0,0.0,686,686,754.0,0.0,754,754,0.052949649071693417,0.030987043816145438,-0.0016423556804656982,0.07133168488740921,99fc6ef526bc821b82a48435c0a11457653382b1512fd893fda45260071da58a
E1,jpeg_compression,5,partial_channel,0.05,1.0,,1,5,1.7300000000000018,0.4842520005121304,1.0000000000000009,2.200000000000002,2000.0,0.0,2000,2000,0.07696793002915452,0.01102488070040177,0.06268221574344024,0.09183673469387756,0.033156498673740056,0.006497320272634425,0.023872679045092837,0.03978779840848806,686.0,0.0,686,686,754.0,0.0,754,754,0.2660096724152565,0.052884730169658334,0.17556154477596284,0.3034735830426216,99fc6ef526bc821b82a48435c0a11457653382b1512fd893fda45260071da58a
E1,jpeg_compression,5,partial_channel,0.1,1.0,,1,5,3.379999999999998,0.6815423684555482,2.5500000000000025,4.349999999999998,2000.0,0.0,2000,2000,0.12332361516034987,0.016671694991831833,0.10204081632653061,0.14868804664723032,0.04005305039787798,0.0072278125164131094,0.03183023872679045,0.05172413793103448,686.0,0.0,686,686,754.0,0.0,754,754,0.5095766045928002,0.1051934814303844,0.35909991478919984,0.650604152739048,99fc6ef526bc821b82a48435c0a11457653382b1512fd893fda45260071da58a
E1,jpeg_compression,5,partial_channel,0.2,1.0,,1,5,7.24,1.1561790518773454,6.15,9.199999999999998,2000.0,0.0,2000,2000,0.23323615160349856,0.032086531637106626,0.21282798833819241,0.29008746355685133,0.047480106100795755,0.012595978854730785,0.03713527851458886,0.06896551724137931,686.0,0.0,686,686,754.0,0.0,754,754,1.028453420829773,0.1305474189482205,0.933123254954815,1.2568889746665954,99fc6ef526bc821b82a48435c0a11457653382b1512fd893fda45260071da58a
E1,jpeg_compression,5,partial_channel,0.01,1.0,,2,5,-0.040000000000000036,0.7486654793697923,-1.250000000000001,0.7500000000000007,2000.0,0.0,2000,2000,0.019241982507288632,0.003911489173469019,0.013119533527696793,0.023323615160349854,0.022015915119363395,0.019482934672099578,0.007957559681697613,0.05570291777188329,686.0,0.0,686,686,754.0,0.0,754,754,0.04011838932037353,0.051505488322248515,-0.05107293230295181,0.07413872009515762,99fc6ef526bc821b82a48435c0a11457653382b1512fd893fda45260071da58a
E1,jpeg_compression,5,partial_channel,0.05,1.0,,2,5,1.3900000000000012,0.19493588689617947,1.250000000000001,1.6500000000000015,2000.0,0.0,2000,2000,0.07142857142857142,0.005921310790550993,0.061224489795918366,0.07580174927113703,0.03740053050397878,0.00698021080474311,0.03050397877984085,0.04774535809018567,686.0,0.0,686,686,754.0,0.0,754,754,0.23508543848991398,0.047720606400197006,0.16476335513591767,0.2827944955229759,99fc6ef526bc821b82a48435c0a11457653382b1512fd893fda45260071da58a
E1,jpeg_compression,5,partial_channel,0.1,1.0,,2,5,2.960000000000001,0.5091659847240371,2.450000000000002,3.799999999999998,2000.0,0.0,2000,2000,0.11749271137026238,0.010338555817199504,0.10058309037900874,0.1282798833819242,0.04376657824933687,0.008335414515899559,0.034482758620689655,0.05702917771883289,686.0,0.0,686,686,754.0,0.0,754,754,0.45220707615613936,0.092725158452723,0.3442314051985741,0.5575224784016609,99fc6ef526bc821b82a48435c0a11457653382b1512fd893fda45260071da58a
E1,jpeg_compression,5,partial_channel,0.2,1.0,,2,5,6.540000000000001,0.6730527468185544,5.549999999999999,7.250000000000001,2000.0,0.0,2000,2000,0.21516034985422744,0.010078359193844668,0.20699708454810495,0.22886297376093295,0.046419098143236075,0.014406870677984372,0.03713527851458886,0.07161803713527852,686.0,0.0,686,686,754.0,0.0,754,754,0.949217484486103,0.12220780938177761,0.7739879746437073,1.0976082342863083,99fc6ef526bc821b82a48435c0a11457653382b1512fd893fda45260071da58a
E1,jpeg_compression,5,partial_channel,0.01,1.0,,3,5,0.09000000000000008,0.26551836094703535,-0.15000000000000013,0.5000000000000004,2000.0,0.0,2000,2000,0.021865889212827987,0.008746355685131194,0.013119533527696793,0.030612244897959183,0.022281167108753313,0.006318901458658674,0.017241379310344827,0.033156498673740056,686.0,0.0,686,686,754.0,0.0,754,754,0.026893929028511048,0.029341172069029062,-0.009210392773151398,0.05857484406232834,99fc6ef526bc821b82a48435c0a11457653382b1512fd893fda45260071da58a
E1,jpeg_compression,5,partial_channel,0.05,1.0,,3,5,1.370000000000001,0.7579577824654886,0.20000000000000018,2.2500000000000018,2000.0,0.0,2000,2000,0.07551020408163264,0.009469610360881467,0.06705539358600583,0.09037900874635568,0.04244031830238727,0.013622439379425822,0.03183023872679045,0.06631299734748011,686.0,0.0,686,686,754.0,0.0,754,754,0.20318975335359574,0.059661140597810726,0.1155123992562294,0.27813036453723905,99fc6ef526bc821b82a48435c0a11457653382b1512fd893fda45260071da58a
E1,jpeg_compression,5,partial_channel,0.1,1.0,,3,5,3.3699999999999988,0.9852664614204615,1.9500000000000017,4.649999999999999,2000.0,0.0,2000,2000,0.12448979591836735,0.026890994188168666,0.09766763848396501,0.1618075801749271,0.03925729442970822,0.010298816264359245,0.022546419098143235,0.04907161803713528,686.0,0.0,686,686,754.0,0.0,754,754,0.4992581780910492,0.15745648346199695,0.31872655898332597,0.7329384698271751,99fc6ef526bc821b82a48435c0a11457653382b1512fd893fda45260071da58a
E1,jpeg_compression,5,partial_channel,0.2,1.0,,3,5,5.220000000000001,2.5215570586445195,0.8500000000000008,7.000000000000001,2000.0,0.0,2000,2000,0.20349854227405245,0.03991614598845028,0.13848396501457727,0.23615160349854228,0.06949602122015916,0.03175554897490968,0.05305039787798409,0.1259946949602122,686.0,0.0,686,686,754.0,0.0,754,754,0.821766672384739,0.31349124767595743,0.285728240609169,1.0772717409729957,99fc6ef526bc821b82a48435c0a11457653382b1512fd893fda45260071da58a
E1,jpeg_compression,5,partial_channel,0.01,1.0,,4,5,0.10000000000000009,0.4486089611231594,-0.6000000000000005,0.4500000000000004,2000.0,0.0,2000,2000,0.020699708454810496,0.007171063484693203,0.011661807580174927,0.029154518950437316,0.02015915119363395,0.007525867882817563,0.011936339522546418,0.03183023872679045,686.0,0.0,686,686,754.0,0.0,754,754,0.04601063137054443,0.04214964259255989,-0.015592265129089355,0.0982811227440834,99fc6ef526bc821b82a48435c0a11457653382b1512fd893fda45260071da58a
E1,jpeg_compression,5,partial_channel,0.05,1.0,,4,5,2.600000000000001,0.9591663046625424,1.7500000000000016,4.249999999999998,2000.0,0.0,2000,2000,0.09650145772594751,0.0267285093520383,0.07580174927113703,0.14285714285714285,0.030503978779840846,0.0029656073972145745,0.026525198938992044,0.034482758620689655,686.0,0.0,686,686,754.0,0.0,754,754,0.3592294475793838,0.12816327179978643,0.2207727118730545,0.5658528593182564,99fc6ef526bc821b82a48435c0a11457653382b1512fd893fda45260071da58a
E1,jpeg_compression,5,partial_channel,0.1,1.0,,4,5,4.969999999999999,1.0779610382569502,3.749999999999998,6.25,2000.0,0.0,2000,2000,0.16239067055393586,0.028070215514661014,0.13994169096209913,0.20262390670553937,0.03580901856763925,0.0067626253495925515,0.027851458885941646,0.042440318302387266,686.0,0.0,686,686,754.0,0.0,754,754,0.7334698491930962,0.15460270690946054,0.5779410007596016,0.9421031709313392,99fc6ef526bc821b82a48435c0a11457653382b1512fd893fda45260071da58a
E1,jpeg_compression,5,partial_channel,0.2,1.0,,4,5,8.21,1.4174801585912928,6.2,9.749999999999998,2000.0,0.0,2000,2000,0.26384839650145775,0.027407573873124143,0.21720116618075802,0.28717201166180756,0.04774535809018567,0.012926782950675016,0.033156498673740056,0.0649867374005305,686.0,0.0,686,686,754.0,0.0,754,754,1.1706345556735993,0.20773401863057447,0.8245857023000717,1.3154805408716201,99fc6ef526bc821b82a48435c0a11457653382b1512fd893fda45260071da58a
E1,jpeg_compression,5,partial_channel,0.01,1.0,,5,5,0.14000000000000012,0.44356510232433793,-0.4500000000000004,0.5500000000000005,2000.0,0.0,2000,2000,0.019825072886297375,0.006063158700607995,0.013119533527696793,0.026239067055393587,0.019098143236074266,0.005673541017561654,0.011936339522546418,0.026525198938992044,686.0,0.0,686,686,754.0,0.0,754,754,0.04033663946390152,0.037137314065256416,0.0010527161955833436,0.09993190354108811,99fc6ef526bc821b82a48435c0a11457653382b1512fd893fda45260071da58a
E1,jpeg_compression,5,partial_channel,0.05,1.0,,5,5,2.390000000000001,0.9697937925146757,1.150000000000001,3.6999999999999975,2000.0,0.0,2000,2000,0.08833819241982507,0.027185709581758387,0.05830903790087463,0.1282798833819242,0.029442970822281166,0.003432938754786416,0.026525198938992044,0.033156498673740056,686.0,0.0,686,686,754.0,0.0,754,754,0.33502954976558685,0.14348071648082367,0.18730444210767747,0.555386757671833,99fc6ef526bc821b82a48435c0a11457653382b1512fd893fda45260071da58a
E1,jpeg_compression,5,partial_channel,0.1,1.0,,5,5,4.8199999999999985,1.491475779220033,3.5499999999999976,6.950000000000001,2000.0,0.0,2000,2000,0.15510204081632656,0.03668433310399861,0.119533527696793,0.20845481049562684,0.03076923076923077,0.006248922540790318,0.01989389920424403,0.03580901856763926,686.0,0.0,686,686,754.0,0.0,754,754,0.7180956398248673,0.20122048377748744,0.5252776863574982,1.028981651365757,99fc6ef526bc821b82a48435c0a11457653382b1512fd893fda45260071da58a
E1,jpeg_compression,5,partial_channel,0.2,1.0,,5,5,8.350000000000001,1.2051970793193951,6.35,9.399999999999997,2000.0,0.0,2000,2000,0.26326530612244897,0.0299029303905728,0.21282798833819241,0.2915451895043732,0.043501326259946946,0.00490895371971399,0.03713527851458886,0.04907161803713528,686.0,0.0,686,686,754.0,0.0,754,754,1.1849052657723427,0.17227639904582362,0.9082388286590576,1.3463245681524276,99fc6ef526bc821b82a48435c0a11457653382b1512fd893fda45260071da58a
E1,jpeg_compression,5,partial_channel,0.01,1.0,,6,5,0.15000000000000013,0.4756574397610116,-0.2500000000000002,0.9500000000000008,2000.0,0.0,2000,2000,0.019533527696793,0.010642397812503777,0.007288629737609329,0.03498542274052478,0.018302387267904507,0.006723497005642746,0.011936339522546418,0.029177718832891247,686.0,0.0,686,686,754.0,0.0,754,754,0.04861603729724885,0.03201228563017112,0.02409688001871109,0.10412368804216385,99fc6ef526bc821b82a48435c0a11457653382b1512fd893fda45260071da58a
E1,jpeg_compression,5,partial_channel,0.05,1.0,,6,5,2.070000000000001,1.1054410884348371,1.0000000000000009,3.799999999999998,2000.0,0.0,2000,2000,0.08279883381924198,0.028591502438291123,0.05539358600583091,0.1282798833819242,0.03129973474801061,0.004358534940359412,0.025198938992042442,0.03713527851458886,686.0,0.0,686,686,754.0,0.0,754,754,0.31809339303970335,0.15946663783857148,0.19313428777456285,0.575913442492485,99fc6ef526bc821b82a48435c0a11457653382b1512fd893fda45260071da58a
E1,jpeg_compression,5,partial_channel,0.1,1.0,,6,5,4.75,1.638978340308376,2.9000000000000026,7.15,2000.0,0.0,2000,2000,0.16034985422740525,0.04218599454369616,0.11807580174927114,0.2230320699708455,0.035543766578249335,0.00603411839049195,0.029177718832891247,0.042440318302387266,686.0,0.0,686,686,754.0,0.0,754,754,0.7023602904558183,0.20675628541153826,0.5171607104539871,1.040910824239254,99fc6ef526bc821b82a48435c0a11457653382b1512fd893fda45260071da58a
E1,jpeg_compression,5,partial_channel,0.2,1.0,,6,5,8.36,0.9717252698165243,7.400000000000001,9.949999999999998,2000.0,0.0,2000,2000,0.2618075801749271,0.02995617955198158,0.2303206997084548,0.3075801749271137,0.0389920424403183,0.00787981473608114,0.029177718832891247,0.046419098143236075,686.0,0.0,686,686,754.0,0.0,754,754,1.233749567294121,0.18548674130060636,1.0396140321493148,1.5169644221663474,99fc6ef526bc821b82a48435c0a11457653382b1512fd893fda45260071da58a
E1,jpeg_compression,5,partial_channel,0.01,1.0,,7,5,0.4100000000000003,0.3731621631409061,0.050000000000000044,1.0000000000000009,2000.0,0.0,2000,2000,0.0282798833819242,0.004900214668796388,0.023323615160349854,0.033527696793002916,0.018302387267904507,0.005960797096616508,0.013262599469496022,0.026525198938992044,686.0,0.0,686,686,754.0,0.0,754,754,0.09377472348213195,0.036677357434327734,0.05963226562738418,0.1547224262356758,99fc6ef526bc821b82a48435c0a11457653382b1512fd893fda45260071da58a
E1,jpeg_compression,5,partial_channel,0.05,1.0,,7,5,2.57,0.8729261137118055,1.9000000000000017,3.5499999999999976,2000.0,0.0,2000,2000,0.08979591836734693,0.018599577734969768,0.07580174927113703,0.11661807580174927,0.02440318302387268,0.004458285494422179,0.017241379310344827,0.029177718832891247,686.0,0.0,686,686,754.0,0.0,754,754,0.38875589183568954,0.11427936511846963,0.2979079604148865,0.531086890220642,99fc6ef526bc821b82a48435c0a11457653382b1512fd893fda45260071da58a
E1,jpeg_compression,5,partial_channel,0.1,1.0,,7,5,6.05,1.1252777434926908,4.499999999999998,7.15,2000.0,0.0,2000,2000,0.19591836734693877,0.03532692893719345,0.15306122448979592,0.23615160349854228,0.039257294429708225,0.007055403755050603,0.029177718832891247,0.04907161803713528,686.0,0.0,686,686,754.0,0.0,754,754,0.8809039593100548,0.18914421225785963,0.7006427651047706,1.0852529979348182,99fc6ef526bc821b82a48435c0a11457653382b1512fd893fda45260071da58a
E1,jpeg_compression,5,partial_channel,0.2,1.0,,7,5,11.959999999999997,2.568413907453393,9.249999999999996,15.000000000000002,2000.0,0.0,2000,2000,0.36209912536443145,0.07682921062326827,0.28717201166180756,0.45626822157434405,0.041644562334217504,0.010383861607991183,0.027851458885941646,0.05702917771883289,686.0,0.0,686,686,754.0,0.0,754,754,1.7365208325386046,0.31890395582880215,1.4124882901906968,2.121330860495567,99fc6ef526bc821b82a48435c0a11457653382b1512fd893fda45260071da58a
E1,jpeg_compression,5,partial_channel,0.01,1.0,,8,5,0.20000000000000018,0.6451743950281976,-0.40000000000000036,1.250000000000001,2000.0,0.0,2000,2000,0.02507288629737609,0.013176100919506316,0.011661807580174927,0.04664723032069971,0.021220159151193633,0.004962410327286395,0.015915119363395226,0.029177718832891247,686.0,0.0,686,686,754.0,0.0,754,754,0.08623654481172563,0.04785831663055215,0.03586893057823181,0.16503844565153122,99fc6ef526bc821b82a48435c0a11457653382b1512fd893fda45260071da58a
E1,jpeg_compression,5,partial_channel,0.05,1.0,,8,5,2.160000000000001,0.7118637510085751,1.4500000000000013,2.9999999999999973,2000.0,0.0,2000,2000,0.07959183673469387,0.01644712852194558,0.06268221574344024,0.10058309037900874,0.025729442970822282,0.005102223889037493,0.01989389920424403,0.03183023872679045,686.0,0.0,686,686,754.0,0.0,754,754,0.377499276638031,0.11081618611415293,0.27966732150316237,0.5101150656938553,99fc6ef526bc821b82a48435c0a11457653382b1512fd893fda45260071da58a
E1,jpeg_compression,5,partial_channel,0.1,1.0,,8,5,6.04,2.2300224214119484,3.949999999999998,8.750000000000002,2000.0,0.0,2000,2000,0.19533527696793002,0.061613714884571597,0.141399416909621,0.26822157434402333,0.035278514588859416,0.005354543564505662,0.027851458885941646,0.042440318302387266,686.0,0.0,686,686,754.0,0.0,754,754,0.8912456443309784,0.31799448075725906,0.5802377327084541,1.2563405137062074,99fc6ef526bc821b82a48435c0a11457653382b1512fd893fda45260071da58a
E1,jpeg_compression,5,partial_channel,0.2,1.0,,8,5,12.040000000000001,2.9119151773360437,8.600000000000001,14.800000000000002,2000.0,0.0,2000,2000,0.3717201166180758,0.08941577366170042,0.26822157434402333,0.46355685131195334,0.045092838196286476,0.00956379648664188,0.03580901856763926,0.05968169761273209,686.0,0.0,686,686,754.0,0.0,754,754,1.7760688467502597,0.4079170077477727,1.340990697145462,2.282807332456112,99fc6ef526bc821b82a48435c0a11457653382b1512fd893fda45260071da58a
E1,jpeg_compression,5,partial_channel,0.01,1.0,,9,5,0.2400000000000002,0.5319774431308159,-0.2500000000000002,1.150000000000001,2000.0,0.0,2000,2000,0.023906705539358596,0.009756968239464436,0.01749271137026239,0.04081632653061224,0.019628647214854113,0.0034329387547864143,0.015915119363395226,0.023872679045092837,686.0,0.0,686,686,754.0,0.0,754,754,0.08206854323148727,0.04999752357912919,0.029604373157024383,0.16402270740270614,99fc6ef526bc821b82a48435c0a11457653382b1512fd893fda45260071da58a
E1,jpeg_compression,5,partial_channel,0.05,1.0,,9,5,2.1199999999999997,0.9679876032264028,1.100000000000001,3.1499999999999972,2000.0,0.0,2000,2000,0.07784256559766764,0.02166084620525564,0.04956268221574344,0.10204081632653061,0.026525198938992044,0.005704459726155589,0.017241379310344827,0.03183023872679045,686.0,0.0,686,686,754.0,0.0,754,754,0.35895999580621724,0.11522167667116227,0.26492750823497774,0.5043990824222565,99fc6ef526bc821b82a48435c0a11457653382b1512fd893fda45260071da58a
E1,jpeg_compression,5,partial_channel,0.1,1.0,,9,5,5.479999999999999,1.8198901065723736,3.749999999999998,7.550000000000001,2000.0,0.0,2000,2000,0.18134110787172014,0.052897578682410386,0.13556851311953352,0.24052478134110788,0.03580901856763926,0.0057044597261555864,0.027851458885941646,0.042440318302387266,686.0,0.0,686,686,754.0,0.0,754,754,0.8737539754986763,0.32409332837290394,0.6246020123362541,1.2449731761813163,99fc6ef526bc821b82a48435c0a11457653382b1512fd893fda45260071da58a
E1,jpeg_compression,5,partial_channel,0.2,1.0,,9,5,11.909999999999997,2.514557615168121,8.950000000000003,14.149999999999995,2000.0,0.0,2000,2000,0.3635568513119533,0.07572882789853752,0.2755102040816326,0.43731778425655976,0.04164456233421751,0.007879814736081138,0.034482758620689655,0.054376657824933686,686.0,0.0,686,686,754.0,0.0,754,754,1.7714486676573753,0.39805094352394554,1.362949469923973,2.2242754122018815,99fc6ef526bc821b82a48435c0a11457653382b1512fd893fda45260071da58a
E1,jpeg_compression,5,partial_channel,0.01,1.0,,10,5,0.28000000000000025,0.410182886039874,0.0,1.0000000000000009,2000.0,0.0,2000,2000,0.02478134110787172,0.008437198908739231,0.016034985422740525,0.037900874635568516,0.01830238726790451,0.0021792674701797054,0.015915119363395226,0.021220159151193633,686.0,0.0,686,686,754.0,0.0,754,754,0.079343831884861,0.044451485286190834,0.03121536338329315,0.1480916404724121,99fc6ef526bc821b82a48435c0a11457653382b1512fd893fda45260071da58a
E1,jpeg_compression,5,partial_channel,0.05,1.0,,10,5,2.0300000000000002,0.9391485505499106,1.100000000000001,3.2499999999999973,2000.0,0.0,2000,2000,0.07667638483965014,0.018883037801412563,0.05539358600583091,0.10349854227405247,0.02785145888594165,0.006954965836672094,0.01856763925729443,0.03580901856763926,686.0,0.0,686,686,754.0,0.0,754,754,0.34572628996372223,0.1110661443943877,0.2528015530705452,0.5060975980162621,99fc6ef526bc821b82a48435c0a11457653382b1512fd893fda45260071da58a
E1,jpeg_compression,5,partial_channel,0.1,1.0,,10,5,5.6,1.7360155529257235,4.099999999999998,7.800000000000002,2000.0,0.0,2000,2000,0.17900874635568514,0.05311606111419458,0.1326530612244898,0.24052478134110788,0.03236074270557029,0.00799064739065892,0.025198938992042442,0.04509283819628647,686.0,0.0,686,686,754.0,0.0,754,754,0.8438398908615111,0.3114132275959381,0.6030054493546486,1.2222760632634162,99fc6ef526bc821b82a48435c0a11457653382b1512fd893fda45260071da58a
E1,jpeg_compression,5,partial_channel,0.2,1.0,,10,5,11.279999999999998,2.7149125216109624,8.000000000000002,14.000000000000002,2000.0,0.0,2000,2000,0.3434402332361516,0.0858116600464267,0.2434402332361516,0.4314868804664723,0.04005305039787799,0.009349897470564757,0.03050397877984085,0.054376657824933686,686.0,0.0,686,686,754.0,0.0,754,754,1.70376793872118,0.37588294859012,1.3090988978147506,2.115770925164223,99fc6ef526bc821b82a48435c0a11457653382b1512fd893fda45260071da58a
E1,jpeg_compression,5,partial_channel,0.01,1.0,,11,5,0.28000000000000025,0.548406783327851,-0.20000000000000018,1.200000000000001,2000.0,0.0,2000,2000,0.024781341107871717,0.011431769053468018,0.014577259475218658,0.04227405247813411,0.01909814323607427,0.004044549252513767,0.014588859416445624,0.023872679045092837,686.0,0.0,686,686,754.0,0.0,754,754,0.08097389929294586,0.041784152477736376,0.040930287063121795,0.1484197638630867,99fc6ef526bc821b82a48435c0a11457653382b1512fd893fda45260071da58a
E1,jpeg_compression,5,partial_channel,0.05,1.0,,11,5,2.17,0.7488324245116504,1.4500000000000013,2.9999999999999973,2000.0,0.0,2000,2000,0.08075801749271137,0.019300423664913805,0.06268221574344024,0.10204081632653061,0.0259946949602122,0.0025853565901350043,0.022546419098143235,0.029177718832891247,686.0,0.0,686,686,754.0,0.0,754,754,0.3481718713879586,0.09488678349329456,0.2554379563331604,0.47981335830688476,99fc6ef526bc821b82a48435c0a11457653382b1512fd893fda45260071da58a
E1,jpeg_compression,5,partial_channel,0.1,1.0,,11,5,5.38,1.5880806024884266,3.6499999999999977,7.15,2000.0,0.0,2000,2000,0.17492711370262393,0.04956268221574344,0.12682215743440234,0.22886297376093295,0.03289124668435013,0.006723497005642746,0.025198938992042442,0.04376657824933687,686.0,0.0,686,686,754.0,0.0,754,754,0.8350224791526794,0.28318263945989325,0.5824702656269074,1.177218263745308,99fc6ef526bc821b82a48435c0a11457653382b1512fd893fda45260071da58a
E1,jpeg_compression,5,partial_channel,0.2,1.0,,11,5,11.45,2.4545875417267125,8.850000000000001,14.249999999999996,2000.0,0.0,2000,2000,0.3463556851311953,0.07571479650602145,0.260932944606414,0.4358600583090379,0.039522546419098144,0.01184016664226294,0.029177718832891247,0.05702917771883289,686.0,0.0,686,686,754.0,0.0,754,754,1.6725323778033256,0.3540012622527578,1.3070755097270013,2.0988553555607794,99fc6ef526bc821b82a48435c0a11457653382b1512fd893fda45260071da58a
E1,jpeg_compression,5,partial_channel,0.01,1.0,,12,5,0.28000000000000025,0.46850827100489956,-0.050000000000000044,0.9500000000000008,2000.0,0.0,2000,2000,0.023032069970845483,0.0069452648685548665,0.016034985422740525,0.033527696793002916,0.018302387267904507,0.0065913918513470435,0.009283819628647215,0.026525198938992044,686.0,0.0,686,686,754.0,0.0,754,754,0.0744365929722786,0.03132044984852864,0.04608713644742966,0.12619799011945723,99fc6ef526bc821b82a48435c0a11457653382b1512fd893fda45260071da58a
E1,jpeg_compression,5,partial_channel,0.05,1.0,,12,5,1.9900000000000015,0.7012488859171192,1.3000000000000012,2.9000000000000026,2000.0,0.0,2000,2000,0.07405247813411078,0.018013387966859265,0.056851311953352766,0.09766763848396501,0.023607427055702915,0.006178151033873802,0.01989389920424403,0.034482758620689655,686.0,0.0,686,686,754.0,0.0,754,754,0.3254628798484802,0.07663648102801845,0.23599112433195113,0.4392971103191376,99fc6ef526bc821b82a48435c0a11457653382b1512fd893fda45260071da58a
E1,jpeg_compression,5,partial_channel,0.1,1.0,,12,5,5.1499999999999995,1.8189969763581262,3.1999999999999975,7.200000000000001,2000.0,0.0,2000,2000,0.16443148688046647,0.05058540084287319,0.11807580174927114,0.22011661807580174,0.027851458885941642,0.002097001100907413,0.025198938992042442,0.03050397877984085,686.0,0.0,686,686,754.0,0.0,754,754,0.7741866032600402,0.23351832416223103,0.550378072142601,1.0723796355128288,99fc6ef526bc821b82a48435c0a11457653382b1512fd893fda45260071da58a
E1,jpeg_compression,5,partial_channel,0.2,1.0,,12,5,11.029999999999998,2.3320055746073995,8.250000000000002,13.649999999999995,2000.0,0.0,2000,2000,0.32740524781341107,0.07064032250839312,0.24489795918367346,0.41253644314868804,0.033421750663129975,0.01087209630340541,0.022546419098143235,0.05172413793103448,686.0,0.0,686,686,754.0,0.0,754,754,1.6092377031207081,0.36168872227587184,1.2479936106204987,2.0907202833294867,99fc6ef526bc821b82a48435c0a11457653382b1512fd893fda45260071da58a
E1,jpeg_compression,5,partial_channel,0.01,1.0,,13,5,0.3500000000000003,0.21794494717703386,0.0,0.5500000000000005,2000.0,0.0,2000,2000,0.02448979591836735,0.00487848411973222,0.016034985422740525,0.027696793002915453,0.016710875331564987,0.0015121689988052225,0.014588859416445624,0.01856763925729443,686.0,0.0,686,686,754.0,0.0,754,754,0.07431457668542862,0.014425550287311106,0.06313709777593612,0.09648339927196503,99fc6ef526bc821b82a48435c0a11457653382b1512fd893fda45260071da58a
E1,jpeg_compression,5,partial_channel,0.05,1.0,,13,5,2.520000000000001,0.43531597719357734,1.8500000000000016,2.949999999999997,2000.0,0.0,2000,2000,0.09271137026239067,0.007036453869473568,0.08309037900874636,0.09912536443148688,0.026525198938992044,0.006954965836672093,0.01856763925729443,0.034482758620689655,686.0,0.0,686,686,754.0,0.0,754,754,0.36318041417598723,0.02426198864018052,0.33472870486974715,0.39715184789896013,99fc6ef526bc821b82a48435c0a11457653382b1512fd893fda45260071da58a
E1,jpeg_compression,5,partial_channel,0.1,1.0,,13,5,5.089999999999999,0.8347155204020118,3.849999999999998,6.2,2000.0,0.0,2000,2000,0.16793002915451896,0.019184470992842095,0.141399416909621,0.19533527696793002,0.03580901856763925,0.006077686598084669,0.03183023872679045,0.046419098143236075,686.0,0.0,686,686,754.0,0.0,754,754,0.7147586645603179,0.12413126191891241,0.5985587692260742,0.8953679740428925,99fc6ef526bc821b82a48435c0a11457653382b1512fd893fda45260071da58a
E1,jpeg_compression,5,partial_channel,0.2,1.0,,13,5,9.61,0.36979724174201073,9.150000000000002,10.099999999999998,2000.0,0.0,2000,2000,0.28979591836734697,0.011542759705439736,0.27696793002915454,0.3075801749271137,0.04376657824933687,0.004398706618508488,0.03713527851458886,0.04907161803713528,686.0,0.0,686,686,754.0,0.0,754,754,1.4152808755278588,0.12065618104786323,1.3025821163654328,1.5810725851655005,99fc6ef526bc821b82a48435c0a11457653382b1512fd893fda45260071da58a
E1,jpeg_compression,5,partial_channel,0.01,1.0,,14,5,0.30000000000000027,0.4458138625031756,-0.15000000000000013,1.0000000000000009,2000.0,0.0,2000,2000,0.019825072886297375,0.007036453869473568,0.011661807580174927,0.029154518950437316,0.013793103448275862,0.0055163486321181485,0.006631299734748011,0.01856763925729443,686.0,0.0,686,686,754.0,0.0,754,754,0.07655639390945435,0.013181300064206376,0.0637112283706665,0.09582394057512283,99fc6ef526bc821b82a48435c0a11457653382b1512fd893fda45260071da58a
E1,jpeg_compression,5,partial_channel,0.05,1.0,,14,5,2.0300000000000016,0.37181984885156444,1.4500000000000013,2.450000000000002,2000.0,0.0,2000,2000,0.0816326530612245,0.007782127005853723,0.06997084548104957,0.09037900874635568,0.028647214854111404,0.005673541017561654,0.01989389920424403,0.034482758620689655,686.0,0.0,686,686,754.0,0.0,754,754,0.3534293051123619,0.017435659750620086,0.3388953772187233,0.38159608554840085,99fc6ef526bc821b82a48435c0a11457653382b1512fd893fda45260071da58a
E1,jpeg_compression,5,partial_channel,0.1,1.0,,14,5,4.88,0.4522167621838013,4.349999999999998,5.35,2000.0,0.0,2000,2000,0.16472303206997085,0.00592131079055099,0.16034985422740525,0.1749271137026239,0.03580901856763926,0.004689037010520872,0.027851458885941646,0.03978779840848806,686.0,0.0,686,686,754.0,0.0,754,754,0.7186357942461967,0.0670579817423135,0.6786453948020935,0.8349173632264137,99fc6ef526bc821b82a48435c0a11457653382b1512fd893fda45260071da58a
E1,jpeg_compression,5,partial_channel,0.2,1.0,,14,5,10.159999999999998,0.4695742752749559,9.799999999999997,10.849999999999998,2000.0,0.0,2000,2000,0.3058309037900875,0.0066322525749722095,0.2988338192419825,0.3163265306122449,0.035278514588859416,0.006401866517849957,0.026525198938992044,0.04376657824933687,686.0,0.0,686,686,754.0,0.0,754,754,1.4281627981185914,0.08714374350574773,1.348858814060688,1.5768421603441238,99fc6ef526bc821b82a48435c0a11457653382b1512fd893fda45260071da58a
E1,jpeg_compression,5,partial_channel,0.01,1.0,,15,5,0.37000000000000033,0.3094349689353163,0.10000000000000009,0.7500000000000007,2000.0,0.0,2000,2000,0.017784256559766762,0.0036297083376060435,0.013119533527696793,0.02040816326530612,0.009018567639257295,0.005170713180270008,0.003978779840848806,0.017241379310344827,686.0,0.0,686,686,754.0,0.0,754,754,0.07396767309904098,0.008024954654957443,0.06362228739261627,0.08278829401731491,99fc6ef526bc821b82a48435c0a11457653382b1512fd893fda45260071da58a
E1,jpeg_compression,5,partial_channel,0.05,1.0,,15,5,2.530000000000002,0.28416544476765676,2.0500000000000016,2.8000000000000025,2000.0,0.0,2000,2000,0.08454810495626822,0.009044951637019571,0.0728862973760933,0.09620991253644315,0.016976127320954906,0.0027180240758513515,0.014588859416445624,0.01989389920424403,686.0,0.0,686,686,754.0,0.0,754,754,0.37266031140089034,0.022590605994144097,0.347214058637619,0.3972679336667061,99fc6ef526bc821b82a48435c0a11457653382b1512fd893fda45260071da58a
E1,jpeg_compression,5,partial_channel,0.1,1.0,,15,5,5.9,0.480884601541784,5.199999999999999,6.3,2000.0,0.0,2000,2000,0.17551020408163265,0.01226570493758754,0.15743440233236153,0.18950437317784258,0.016180371352785144,0.00490895371971399,0.009283819628647215,0.021220159151193633,686.0,0.0,686,686,754.0,0.0,754,754,0.78321737023592,0.04012970669021584,0.7373094182014466,0.845850734114647,99fc6ef526bc821b82a48435c0a11457653382b1512fd893fda45260071da58a
E1,jpeg_compression,5,partial_channel,0.2,1.0,,15,5,12.2,0.2091650066335192,11.85,12.4,2000.0,0.0,2000,2000,0.34752186588921286,0.007754773223481288,0.336734693877551,0.3556851311953353,0.01803713527851459,0.006332804448972585,0.013262599469496022,0.029177718832891247,686.0,0.0,686,686,754.0,0.0,754,754,1.521551711463928,0.03690920194587091,1.4791036763787269,1.5679482739567756,99fc6ef526bc821b82a48435c0a11457653382b1512fd893fda45260071da58a
E1,jpeg_compression,5,none,0.01,1.0,,0,1,0.0,,0.0,0.0,2000.0,,2000,2000,0.0,,0.0,0.0,0.0,,0.0,0.0,686.0,,686,686,754.0,,754,754,0.0,,0.0,0.0,99fc6ef526bc821b82a48435c0a11457653382b1512fd893fda45260071da58a
E1,jpeg_compression,5,none,0.01,1.0,,1,1,0.0,,0.0,0.0,2000.0,,2000,2000,0.0,,0.0,0.0,0.0,,0.0,0.0,686.0,,686,686,754.0,,754,754,0.0,,0.0,0.0,99fc6ef526bc821b82a48435c0a11457653382b1512fd893fda45260071da58a
E1,jpeg_compression,5,none,0.01,1.0,,2,1,0.0,,0.0,0.0,2000.0,,2000,2000,0.0,,0.0,0.0,0.0,,0.0,0.0,686.0,,686,686,754.0,,754,754,0.0,,0.0,0.0,99fc6ef526bc821b82a48435c0a11457653382b1512fd893fda45260071da58a
E1,jpeg_compression,5,none,0.01,1.0,,3,1,0.0,,0.0,0.0,2000.0,,2000,2000,0.0,,0.0,0.0,0.0,,0.0,0.0,686.0,,686,686,754.0,,754,754,0.0,,0.0,0.0,99fc6ef526bc821b82a48435c0a11457653382b1512fd893fda45260071da58a
E1,jpeg_compression,5,none,0.01,1.0,,4,1,0.0,,0.0,0.0,2000.0,,2000,2000,0.0,,0.0,0.0,0.0,,0.0,0.0,686.0,,686,686,754.0,,754,754,0.0,,0.0,0.0,99fc6ef526bc821b82a48435c0a11457653382b1512fd893fda45260071da58a
E1,jpeg_compression,5,none,0.01,1.0,,5,1,0.0,,0.0,0.0,2000.0,,2000,2000,0.0,,0.0,0.0,0.0,,0.0,0.0,686.0,,686,686,754.0,,754,754,0.0,,0.0,0.0,99fc6ef526bc821b82a48435c0a11457653382b1512fd893fda45260071da58a
E1,jpeg_compression,5,none,0.01,1.0,,6,1,0.0,,0.0,0.0,2000.0,,2000,2000,0.0,,0.0,0.0,0.0,,0.0,0.0,686.0,,686,686,754.0,,754,754,0.0,,0.0,0.0,99fc6ef526bc821b82a48435c0a11457653382b1512fd893fda45260071da58a
E1,jpeg_compression,5,none,0.01,1.0,,7,1,0.0,,0.0,0.0,2000.0,,2000,2000,0.0,,0.0,0.0,0.0,,0.0,0.0,686.0,,686,686,754.0,,754,754,0.0,,0.0,0.0,99fc6ef526bc821b82a48435c0a11457653382b1512fd893fda45260071da58a
E1,jpeg_compression,5,none,0.01,1.0,,8,1,0.0,,0.0,0.0,2000.0,,2000,2000,0.0,,0.0,0.0,0.0,,0.0,0.0,686.0,,686,686,754.0,,754,754,0.0,,0.0,0.0,99fc6ef526bc821b82a48435c0a11457653382b1512fd893fda45260071da58a
E1,jpeg_compression,5,none,0.01,1.0,,9,1,0.0,,0.0,0.0,2000.0,,2000,2000,0.0,,0.0,0.0,0.0,,0.0,0.0,686.0,,686,686,754.0,,754,754,0.0,,0.0,0.0,99fc6ef526bc821b82a48435c0a11457653382b1512fd893fda45260071da58a
E1,jpeg_compression,5,none,0.01,1.0,,10,1,0.0,,0.0,0.0,2000.0,,2000,2000,0.0,,0.0,0.0,0.0,,0.0,0.0,686.0,,686,686,754.0,,754,754,0.0,,0.0,0.0,99fc6ef526bc821b82a48435c0a11457653382b1512fd893fda45260071da58a
E1,jpeg_compression,5,none,0.01,1.0,,11,1,0.0,,0.0,0.0,2000.0,,2000,2000,0.0,,0.0,0.0,0.0,,0.0,0.0,686.0,,686,686,754.0,,754,754,0.0,,0.0,0.0,99fc6ef526bc821b82a48435c0a11457653382b1512fd893fda45260071da58a
E1,jpeg_compression,5,none,0.01,1.0,,12,1,0.0,,0.0,0.0,2000.0,,2000,2000,0.0,,0.0,0.0,0.0,,0.0,0.0,686.0,,686,686,754.0,,754,754,0.0,,0.0,0.0,99fc6ef526bc821b82a48435c0a11457653382b1512fd893fda45260071da58a
E1,jpeg_compression,5,none,0.01,1.0,,13,1,0.0,,0.0,0.0,2000.0,,2000,2000,0.0,,0.0,0.0,0.0,,0.0,0.0,686.0,,686,686,754.0,,754,754,0.0,,0.0,0.0,99fc6ef526bc821b82a48435c0a11457653382b1512fd893fda45260071da58a
E1,jpeg_compression,5,none,0.01,1.0,,14,1,0.0,,0.0,0.0,2000.0,,2000,2000,0.0,,0.0,0.0,0.0,,0.0,0.0,686.0,,686,686,754.0,,754,754,0.0,,0.0,0.0,99fc6ef526bc821b82a48435c0a11457653382b1512fd893fda45260071da58a
E1,jpeg_compression,5,none,0.01,1.0,,15,1,0.0,,0.0,0.0,2000.0,,2000,2000,0.0,,0.0,0.0,0.0,,0.0,0.0,686.0,,686,686,754.0,,754,754,0.0,,0.0,0.0,99fc6ef526bc821b82a48435c0a11457653382b1512fd893fda45260071da58a
E1,jpeg_compression,5,clean_to_clean,0.01,1.0,,0,1,31.85,,31.85,31.85,2000.0,,2000,2000,1.0,,1.0,1.0,0.0649867374005305,,0.0649867374005305,0.0649867374005305,686.0,,686,686,754.0,,754,754,5.565891687214375,,5.565891687214375,5.565891687214375,99fc6ef526bc821b82a48435c0a11457653382b1512fd893fda45260071da58a
E1,jpeg_compression,5,clean_to_clean,0.01,1.0,,1,1,31.85,,31.85,31.85,2000.0,,2000,2000,1.0,,1.0,1.0,0.0649867374005305,,0.0649867374005305,0.0649867374005305,686.0,,686,686,754.0,,754,754,5.565891687214375,,5.565891687214375,5.565891687214375,99fc6ef526bc821b82a48435c0a11457653382b1512fd893fda45260071da58a
E1,jpeg_compression,5,clean_to_clean,0.01,1.0,,2,1,31.85,,31.85,31.85,2000.0,,2000,2000,1.0,,1.0,1.0,0.0649867374005305,,0.0649867374005305,0.0649867374005305,686.0,,686,686,754.0,,754,754,5.565891687214375,,5.565891687214375,5.565891687214375,99fc6ef526bc821b82a48435c0a11457653382b1512fd893fda45260071da58a
E1,jpeg_compression,5,clean_to_clean,0.01,1.0,,3,1,31.85,,31.85,31.85,2000.0,,2000,2000,1.0,,1.0,1.0,0.0649867374005305,,0.0649867374005305,0.0649867374005305,686.0,,686,686,754.0,,754,754,5.565891687214375,,5.565891687214375,5.565891687214375,99fc6ef526bc821b82a48435c0a11457653382b1512fd893fda45260071da58a
E1,jpeg_compression,5,clean_to_clean,0.01,1.0,,4,1,31.85,,31.85,31.85,2000.0,,2000,2000,1.0,,1.0,1.0,0.0649867374005305,,0.0649867374005305,0.0649867374005305,686.0,,686,686,754.0,,754,754,5.565891687214375,,5.565891687214375,5.565891687214375,99fc6ef526bc821b82a48435c0a11457653382b1512fd893fda45260071da58a
E1,jpeg_compression,5,clean_to_clean,0.01,1.0,,5,1,31.85,,31.85,31.85,2000.0,,2000,2000,1.0,,1.0,1.0,0.0649867374005305,,0.0649867374005305,0.0649867374005305,686.0,,686,686,754.0,,754,754,5.565891687214375,,5.565891687214375,5.565891687214375,99fc6ef526bc821b82a48435c0a11457653382b1512fd893fda45260071da58a
E1,jpeg_compression,5,clean_to_clean,0.01,1.0,,6,1,31.85,,31.85,31.85,2000.0,,2000,2000,1.0,,1.0,1.0,0.0649867374005305,,0.0649867374005305,0.0649867374005305,686.0,,686,686,754.0,,754,754,5.565891687214375,,5.565891687214375,5.565891687214375,99fc6ef526bc821b82a48435c0a11457653382b1512fd893fda45260071da58a
E1,jpeg_compression,5,clean_to_clean,0.01,1.0,,7,1,31.85,,31.85,31.85,2000.0,,2000,2000,1.0,,1.0,1.0,0.0649867374005305,,0.0649867374005305,0.0649867374005305,686.0,,686,686,754.0,,754,754,5.565891687214375,,5.565891687214375,5.565891687214375,99fc6ef526bc821b82a48435c0a11457653382b1512fd893fda45260071da58a
E1,jpeg_compression,5,clean_to_clean,0.01,1.0,,8,1,31.85,,31.85,31.85,2000.0,,2000,2000,1.0,,1.0,1.0,0.0649867374005305,,0.0649867374005305,0.0649867374005305,686.0,,686,686,754.0,,754,754,5.565891687214375,,5.565891687214375,5.565891687214375,99fc6ef526bc821b82a48435c0a11457653382b1512fd893fda45260071da58a
E1,jpeg_compression,5,clean_to_clean,0.01,1.0,,9,1,31.85,,31.85,31.85,2000.0,,2000,2000,1.0,,1.0,1.0,0.0649867374005305,,0.0649867374005305,0.0649867374005305,686.0,,686,686,754.0,,754,754,5.565891687214375,,5.565891687214375,5.565891687214375,99fc6ef526bc821b82a48435c0a11457653382b1512fd893fda45260071da58a
E1,jpeg_compression,5,clean_to_clean,0.01,1.0,,10,1,31.85,,31.85,31.85,2000.0,,2000,2000,1.0,,1.0,1.0,0.0649867374005305,,0.0649867374005305,0.0649867374005305,686.0,,686,686,754.0,,754,754,5.565891687214375,,5.565891687214375,5.565891687214375,99fc6ef526bc821b82a48435c0a11457653382b1512fd893fda45260071da58a
E1,jpeg_compression,5,clean_to_clean,0.01,1.0,,11,1,31.85,,31.85,31.85,2000.0,,2000,2000,1.0,,1.0,1.0,0.0649867374005305,,0.0649867374005305,0.0649867374005305,686.0,,686,686,754.0,,754,754,5.565891687214375,,5.565891687214375,5.565891687214375,99fc6ef526bc821b82a48435c0a11457653382b1512fd893fda45260071da58a
E1,jpeg_compression,5,clean_to_clean,0.01,1.0,,12,1,31.85,,31.85,31.85,2000.0,,2000,2000,1.0,,1.0,1.0,0.0649867374005305,,0.0649867374005305,0.0649867374005305,686.0,,686,686,754.0,,754,754,5.565891687214375,,5.565891687214375,5.565891687214375,99fc6ef526bc821b82a48435c0a11457653382b1512fd893fda45260071da58a
E1,jpeg_compression,5,clean_to_clean,0.01,1.0,,13,1,31.85,,31.85,31.85,2000.0,,2000,2000,1.0,,1.0,1.0,0.0649867374005305,,0.0649867374005305,0.0649867374005305,686.0,,686,686,754.0,,754,754,5.565891687214375,,5.565891687214375,5.565891687214375,99fc6ef526bc821b82a48435c0a11457653382b1512fd893fda45260071da58a
E1,jpeg_compression,5,clean_to_clean,0.01,1.0,,14,1,31.85,,31.85,31.85,2000.0,,2000,2000,1.0,,1.0,1.0,0.0649867374005305,,0.0649867374005305,0.0649867374005305,686.0,,686,686,754.0,,754,754,5.565891687214375,,5.565891687214375,5.565891687214375,99fc6ef526bc821b82a48435c0a11457653382b1512fd893fda45260071da58a
E1,jpeg_compression,5,clean_to_clean,0.01,1.0,,15,1,31.85,,31.85,31.85,2000.0,,2000,2000,1.0,,1.0,1.0,0.0649867374005305,,0.0649867374005305,0.0649867374005305,686.0,,686,686,754.0,,754,754,5.565891687214375,,5.565891687214375,5.565891687214375,99fc6ef526bc821b82a48435c0a11457653382b1512fd893fda45260071da58a
E1,jpeg_compression,5,full_state,0.01,1.0,,0,1,31.85,,31.85,31.85,2000.0,,2000,2000,1.0,,1.0,1.0,0.0649867374005305,,0.0649867374005305,0.0649867374005305,686.0,,686,686,754.0,,754,754,5.565891687214375,,5.565891687214375,5.565891687214375,99fc6ef526bc821b82a48435c0a11457653382b1512fd893fda45260071da58a
E1,jpeg_compression,5,full_state,0.01,1.0,,1,1,31.85,,31.85,31.85,2000.0,,2000,2000,1.0,,1.0,1.0,0.0649867374005305,,0.0649867374005305,0.0649867374005305,686.0,,686,686,754.0,,754,754,5.565891687214375,,5.565891687214375,5.565891687214375,99fc6ef526bc821b82a48435c0a11457653382b1512fd893fda45260071da58a
E1,jpeg_compression,5,full_state,0.01,1.0,,2,1,31.85,,31.85,31.85,2000.0,,2000,2000,1.0,,1.0,1.0,0.0649867374005305,,0.0649867374005305,0.0649867374005305,686.0,,686,686,754.0,,754,754,5.565891687214375,,5.565891687214375,5.565891687214375,99fc6ef526bc821b82a48435c0a11457653382b1512fd893fda45260071da58a
E1,jpeg_compression,5,full_state,0.01,1.0,,3,1,31.85,,31.85,31.85,2000.0,,2000,2000,1.0,,1.0,1.0,0.0649867374005305,,0.0649867374005305,0.0649867374005305,686.0,,686,686,754.0,,754,754,5.565891687214375,,5.565891687214375,5.565891687214375,99fc6ef526bc821b82a48435c0a11457653382b1512fd893fda45260071da58a
E1,jpeg_compression,5,full_state,0.01,1.0,,4,1,31.85,,31.85,31.85,2000.0,,2000,2000,1.0,,1.0,1.0,0.0649867374005305,,0.0649867374005305,0.0649867374005305,686.0,,686,686,754.0,,754,754,5.565891687214375,,5.565891687214375,5.565891687214375,99fc6ef526bc821b82a48435c0a11457653382b1512fd893fda45260071da58a
E1,jpeg_compression,5,full_state,0.01,1.0,,5,1,31.85,,31.85,31.85,2000.0,,2000,2000,1.0,,1.0,1.0,0.0649867374005305,,0.0649867374005305,0.0649867374005305,686.0,,686,686,754.0,,754,754,5.565891687214375,,5.565891687214375,5.565891687214375,99fc6ef526bc821b82a48435c0a11457653382b1512fd893fda45260071da58a
E1,jpeg_compression,5,full_state,0.01,1.0,,6,1,31.85,,31.85,31.85,2000.0,,2000,2000,1.0,,1.0,1.0,0.0649867374005305,,0.0649867374005305,0.0649867374005305,686.0,,686,686,754.0,,754,754,5.565891687214375,,5.565891687214375,5.565891687214375,99fc6ef526bc821b82a48435c0a11457653382b1512fd893fda45260071da58a
E1,jpeg_compression,5,full_state,0.01,1.0,,7,1,31.85,,31.85,31.85,2000.0,,2000,2000,1.0,,1.0,1.0,0.0649867374005305,,0.0649867374005305,0.0649867374005305,686.0,,686,686,754.0,,754,754,5.565891687214375,,5.565891687214375,5.565891687214375,99fc6ef526bc821b82a48435c0a11457653382b1512fd893fda45260071da58a
E1,jpeg_compression,5,full_state,0.01,1.0,,8,1,31.85,,31.85,31.85,2000.0,,2000,2000,1.0,,1.0,1.0,0.0649867374005305,,0.0649867374005305,0.0649867374005305,686.0,,686,686,754.0,,754,754,5.565891687214375,,5.565891687214375,5.565891687214375,99fc6ef526bc821b82a48435c0a11457653382b1512fd893fda45260071da58a
E1,jpeg_compression,5,full_state,0.01,1.0,,9,1,31.85,,31.85,31.85,2000.0,,2000,2000,1.0,,1.0,1.0,0.0649867374005305,,0.0649867374005305,0.0649867374005305,686.0,,686,686,754.0,,754,754,5.565891687214375,,5.565891687214375,5.565891687214375,99fc6ef526bc821b82a48435c0a11457653382b1512fd893fda45260071da58a
E1,jpeg_compression,5,full_state,0.01,1.0,,10,1,31.85,,31.85,31.85,2000.0,,2000,2000,1.0,,1.0,1.0,0.0649867374005305,,0.0649867374005305,0.0649867374005305,686.0,,686,686,754.0,,754,754,5.565891687214375,,5.565891687214375,5.565891687214375,99fc6ef526bc821b82a48435c0a11457653382b1512fd893fda45260071da58a
E1,jpeg_compression,5,full_state,0.01,1.0,,11,1,31.85,,31.85,31.85,2000.0,,2000,2000,1.0,,1.0,1.0,0.0649867374005305,,0.0649867374005305,0.0649867374005305,686.0,,686,686,754.0,,754,754,5.565891687214375,,5.565891687214375,5.565891687214375,99fc6ef526bc821b82a48435c0a11457653382b1512fd893fda45260071da58a
E1,jpeg_compression,5,full_state,0.01,1.0,,12,1,31.85,,31.85,31.85,2000.0,,2000,2000,1.0,,1.0,1.0,0.0649867374005305,,0.0649867374005305,0.0649867374005305,686.0,,686,686,754.0,,754,754,5.565891687214375,,5.565891687214375,5.565891687214375,99fc6ef526bc821b82a48435c0a11457653382b1512fd893fda45260071da58a
E1,jpeg_compression,5,full_state,0.01,1.0,,13,1,31.85,,31.85,31.85,2000.0,,2000,2000,1.0,,1.0,1.0,0.0649867374005305,,0.0649867374005305,0.0649867374005305,686.0,,686,686,754.0,,754,754,5.565891687214375,,5.565891687214375,5.565891687214375,99fc6ef526bc821b82a48435c0a11457653382b1512fd893fda45260071da58a
E1,jpeg_compression,5,full_state,0.01,1.0,,14,1,31.85,,31.85,31.85,2000.0,,2000,2000,1.0,,1.0,1.0,0.0649867374005305,,0.0649867374005305,0.0649867374005305,686.0,,686,686,754.0,,754,754,5.565891687214375,,5.565891687214375,5.565891687214375,99fc6ef526bc821b82a48435c0a11457653382b1512fd893fda45260071da58a
E1,jpeg_compression,5,full_state,0.01,1.0,,15,1,31.85,,31.85,31.85,2000.0,,2000,2000,1.0,,1.0,1.0,0.0649867374005305,,0.0649867374005305,0.0649867374005305,686.0,,686,686,754.0,,754,754,5.565891687214375,,5.565891687214375,5.565891687214375,99fc6ef526bc821b82a48435c0a11457653382b1512fd893fda45260071da58a
E1,jpeg_compression,5,random_direction,0.01,1.0,,0,1,-0.2500000000000002,,-0.2500000000000002,-0.2500000000000002,2000.0,,2000,2000,0.011661807580174927,,0.011661807580174927,0.011661807580174927,0.01989389920424403,,0.01989389920424403,0.01989389920424403,686.0,,686,686,754.0,,754,754,0.003468685746192932,,0.003468685746192932,0.003468685746192932,99fc6ef526bc821b82a48435c0a11457653382b1512fd893fda45260071da58a
E1,jpeg_compression,5,random_direction,0.01,1.0,,1,1,0.0,,0.0,0.0,2000.0,,2000,2000,0.008746355685131196,,0.008746355685131196,0.008746355685131196,0.011936339522546418,,0.011936339522546418,0.011936339522546418,686.0,,686,686,754.0,,754,754,0.0021402119994163513,,0.0021402119994163513,0.0021402119994163513,99fc6ef526bc821b82a48435c0a11457653382b1512fd893fda45260071da58a
E1,jpeg_compression,5,random_direction,0.01,1.0,,2,1,-0.30000000000000027,,-0.30000000000000027,-0.30000000000000027,2000.0,,2000,2000,0.007288629737609329,,0.007288629737609329,0.007288629737609329,0.01989389920424403,,0.01989389920424403,0.01989389920424403,686.0,,686,686,754.0,,754,754,-6.966567039489746e-05,,-6.966567039489746e-05,-6.966567039489746e-05,99fc6ef526bc821b82a48435c0a11457653382b1512fd893fda45260071da58a
E1,jpeg_compression,5,random_direction,0.01,1.0,,3,1,0.2500000000000002,,0.2500000000000002,0.2500000000000002,2000.0,,2000,2000,0.023323615160349854,,0.023323615160349854,0.023323615160349854,0.01989389920424403,,0.01989389920424403,0.01989389920424403,686.0,,686,686,754.0,,754,754,0.020552513122558593,,0.020552513122558593,0.020552513122558593,99fc6ef526bc821b82a48435c0a11457653382b1512fd893fda45260071da58a
E1,jpeg_compression,5,random_direction,0.01,1.0,,4,1,-0.050000000000000044,,-0.050000000000000044,-0.050000000000000044,2000.0,,2000,2000,0.016034985422740525,,0.016034985422740525,0.016034985422740525,0.01856763925729443,,0.01856763925729443,0.01856763925729443,686.0,,686,686,754.0,,754,754,0.022386826395988463,,0.022386826395988463,0.022386826395988463,99fc6ef526bc821b82a48435c0a11457653382b1512fd893fda45260071da58a
E1,jpeg_compression,5,random_direction,0.01,1.0,,5,1,-0.050000000000000044,,-0.050000000000000044,-0.050000000000000044,2000.0,,2000,2000,0.013119533527696793,,0.013119533527696793,0.013119533527696793,0.015915119363395226,,0.015915119363395226,0.015915119363395226,686.0,,686,686,754.0,,754,754,0.0030466426014900206,,0.0030466426014900206,0.0030466426014900206,99fc6ef526bc821b82a48435c0a11457653382b1512fd893fda45260071da58a
E1,jpeg_compression,5,random_direction,0.01,1.0,,6,1,-0.2500000000000002,,-0.2500000000000002,-0.2500000000000002,2000.0,,2000,2000,0.0058309037900874635,,0.0058309037900874635,0.0058309037900874635,0.014588859416445624,,0.014588859416445624,0.014588859416445624,686.0,,686,686,754.0,,754,754,-0.005428679406642913,,-0.005428679406642913,-0.005428679406642913,99fc6ef526bc821b82a48435c0a11457653382b1512fd893fda45260071da58a
E1,jpeg_compression,5,random_direction,0.01,1.0,,7,1,-0.15000000000000013,,-0.15000000000000013,-0.15000000000000013,2000.0,,2000,2000,0.008746355685131196,,0.008746355685131196,0.008746355685131196,0.011936339522546418,,0.011936339522546418,0.011936339522546418,686.0,,686,686,754.0,,754,754,-0.008170675933361054,,-0.008170675933361054,-0.008170675933361054,99fc6ef526bc821b82a48435c0a11457653382b1512fd893fda45260071da58a
E1,jpeg_compression,5,random_direction,0.01,1.0,,8,1,-0.15000000000000013,,-0.15000000000000013,-0.15000000000000013,2000.0,,2000,2000,0.01020408163265306,,0.01020408163265306,0.01020408163265306,0.013262599469496022,,0.013262599469496022,0.013262599469496022,686.0,,686,686,754.0,,754,754,-0.006600830912590027,,-0.006600830912590027,-0.006600830912590027,99fc6ef526bc821b82a48435c0a11457653382b1512fd893fda45260071da58a
E1,jpeg_compression,5,random_direction,0.01,1.0,,9,1,0.10000000000000009,,0.10000000000000009,0.10000000000000009,2000.0,,2000,2000,0.011661807580174927,,0.011661807580174927,0.011661807580174927,0.009283819628647215,,0.009283819628647215,0.009283819628647215,686.0,,686,686,754.0,,754,754,3.353714942932129e-06,,3.353714942932129e-06,3.353714942932129e-06,99fc6ef526bc821b82a48435c0a11457653382b1512fd893fda45260071da58a
E1,jpeg_compression,5,random_direction,0.01,1.0,,10,1,0.15000000000000013,,0.15000000000000013,0.15000000000000013,2000.0,,2000,2000,0.008746355685131196,,0.008746355685131196,0.008746355685131196,0.005305039787798408,,0.005305039787798408,0.005305039787798408,686.0,,686,686,754.0,,754,754,-0.002474608838558197,,-0.002474608838558197,-0.002474608838558197,99fc6ef526bc821b82a48435c0a11457653382b1512fd893fda45260071da58a
E1,jpeg_compression,5,random_direction,0.01,1.0,,11,1,-0.050000000000000044,,-0.050000000000000044,-0.050000000000000044,2000.0,,2000,2000,0.0058309037900874635,,0.0058309037900874635,0.0058309037900874635,0.007957559681697613,,0.007957559681697613,0.007957559681697613,686.0,,686,686,754.0,,754,754,-0.002043442785739899,,-0.002043442785739899,-0.002043442785739899,99fc6ef526bc821b82a48435c0a11457653382b1512fd893fda45260071da58a
E1,jpeg_compression,5,random_direction,0.01,1.0,,12,1,-0.15000000000000013,,-0.15000000000000013,-0.15000000000000013,2000.0,,2000,2000,0.008746355685131196,,0.008746355685131196,0.008746355685131196,0.014588859416445624,,0.014588859416445624,0.014588859416445624,686.0,,686,686,754.0,,754,754,0.006148533940315247,,0.006148533940315247,0.006148533940315247,99fc6ef526bc821b82a48435c0a11457653382b1512fd893fda45260071da58a
E1,jpeg_compression,5,random_direction,0.01,1.0,,13,1,-0.10000000000000009,,-0.10000000000000009,-0.10000000000000009,2000.0,,2000,2000,0.0058309037900874635,,0.0058309037900874635,0.0058309037900874635,0.009283819628647215,,0.009283819628647215,0.009283819628647215,686.0,,686,686,754.0,,754,754,-0.0045735806226730345,,-0.0045735806226730345,-0.0045735806226730345,99fc6ef526bc821b82a48435c0a11457653382b1512fd893fda45260071da58a
E1,jpeg_compression,5,random_direction,0.01,1.0,,14,1,-0.15000000000000013,,-0.15000000000000013,-0.15000000000000013,2000.0,,2000,2000,0.0,,0.0,0.0,0.006631299734748011,,0.006631299734748011,0.006631299734748011,686.0,,686,686,754.0,,754,754,-0.00011669516563415527,,-0.00011669516563415527,-0.00011669516563415527,99fc6ef526bc821b82a48435c0a11457653382b1512fd893fda45260071da58a
E1,jpeg_compression,5,random_direction,0.01,1.0,,15,1,0.050000000000000044,,0.050000000000000044,0.050000000000000044,2000.0,,2000,2000,0.0029154518950437317,,0.0029154518950437317,0.0029154518950437317,0.002652519893899204,,0.002652519893899204,0.002652519893899204,686.0,,686,686,754.0,,754,754,0.0008708223700523377,,0.0008708223700523377,0.0008708223700523377,99fc6ef526bc821b82a48435c0a11457653382b1512fd893fda45260071da58a
E1,jpeg_compression,5,shuffled_donor,0.01,1.0,,0,1,-1.0000000000000009,,-1.0000000000000009,-1.0000000000000009,2000.0,,2000,2000,0.026239067055393587,,0.026239067055393587,0.026239067055393587,0.05172413793103448,,0.05172413793103448,0.05172413793103448,686.0,,686,686,754.0,,754,754,-0.05198122185468674,,-0.05198122185468674,-0.05198122185468674,99fc6ef526bc821b82a48435c0a11457653382b1512fd893fda45260071da58a
E1,jpeg_compression,5,shuffled_donor,0.01,1.0,,1,1,-0.2500000000000002,,-0.2500000000000002,-0.2500000000000002,2000.0,,2000,2000,0.030612244897959183,,0.030612244897959183,0.030612244897959183,0.03580901856763926,,0.03580901856763926,0.03580901856763926,686.0,,686,686,754.0,,754,754,-0.025921033084392548,,-0.025921033084392548,-0.025921033084392548,99fc6ef526bc821b82a48435c0a11457653382b1512fd893fda45260071da58a
E1,jpeg_compression,5,shuffled_donor,0.01,1.0,,2,1,-0.30000000000000027,,-0.30000000000000027,-0.30000000000000027,2000.0,,2000,2000,0.027696793002915453,,0.027696793002915453,0.027696793002915453,0.03580901856763926,,0.03580901856763926,0.03580901856763926,686.0,,686,686,754.0,,754,754,-0.030529808402061463,,-0.030529808402061463,-0.030529808402061463,99fc6ef526bc821b82a48435c0a11457653382b1512fd893fda45260071da58a
E1,jpeg_compression,5,shuffled_donor,0.01,1.0,,3,1,-0.7500000000000007,,-0.7500000000000007,-0.7500000000000007,2000.0,,2000,2000,0.018950437317784258,,0.018950437317784258,0.018950437317784258,0.042440318302387266,,0.042440318302387266,0.042440318302387266,686.0,,686,686,754.0,,754,754,-0.015143965899944305,,-0.015143965899944305,-0.015143965899944305,99fc6ef526bc821b82a48435c0a11457653382b1512fd893fda45260071da58a
E1,jpeg_compression,5,shuffled_donor,0.01,1.0,,4,1,-0.2500000000000002,,-0.2500000000000002,-0.2500000000000002,2000.0,,2000,2000,0.023323615160349854,,0.023323615160349854,0.023323615160349854,0.03580901856763926,,0.03580901856763926,0.03580901856763926,686.0,,686,686,754.0,,754,754,0.04278533309698105,,0.04278533309698105,0.04278533309698105,99fc6ef526bc821b82a48435c0a11457653382b1512fd893fda45260071da58a
E1,jpeg_compression,5,shuffled_donor,0.01,1.0,,5,1,-0.5000000000000004,,-0.5000000000000004,-0.5000000000000004,2000.0,,2000,2000,0.018950437317784258,,0.018950437317784258,0.018950437317784258,0.03713527851458886,,0.03713527851458886,0.03713527851458886,686.0,,686,686,754.0,,754,754,0.0301036234498024,,0.0301036234498024,0.0301036234498024,99fc6ef526bc821b82a48435c0a11457653382b1512fd893fda45260071da58a
E1,jpeg_compression,5,shuffled_donor,0.01,1.0,,6,1,-0.20000000000000018,,-0.20000000000000018,-0.20000000000000018,2000.0,,2000,2000,0.021865889212827987,,0.021865889212827987,0.021865889212827987,0.034482758620689655,,0.034482758620689655,0.034482758620689655,686.0,,686,686,754.0,,754,754,0.03989216697216034,,0.03989216697216034,0.03989216697216034,99fc6ef526bc821b82a48435c0a11457653382b1512fd893fda45260071da58a
E1,jpeg_compression,5,shuffled_donor,0.01,1.0,,7,1,-0.30000000000000027,,-0.30000000000000027,-0.30000000000000027,2000.0,,2000,2000,0.03206997084548105,,0.03206997084548105,0.03206997084548105,0.04376657824933687,,0.04376657824933687,0.04376657824933687,686.0,,686,686,754.0,,754,754,-0.026813943862915038,,-0.026813943862915038,-0.026813943862915038,99fc6ef526bc821b82a48435c0a11457653382b1512fd893fda45260071da58a
E1,jpeg_compression,5,shuffled_donor,0.01,1.0,,8,1,-0.3500000000000003,,-0.3500000000000003,-0.3500000000000003,2000.0,,2000,2000,0.02478134110787172,,0.02478134110787172,0.02478134110787172,0.038461538461538464,,0.038461538461538464,0.038461538461538464,686.0,,686,686,754.0,,754,754,-0.029652519226074217,,-0.029652519226074217,-0.029652519226074217,99fc6ef526bc821b82a48435c0a11457653382b1512fd893fda45260071da58a
E1,jpeg_compression,5,shuffled_donor,0.01,1.0,,9,1,-0.4500000000000004,,-0.4500000000000004,-0.4500000000000004,2000.0,,2000,2000,0.023323615160349854,,0.023323615160349854,0.023323615160349854,0.038461538461538464,,0.038461538461538464,0.038461538461538464,686.0,,686,686,754.0,,754,754,-0.03100375998020172,,-0.03100375998020172,-0.03100375998020172,99fc6ef526bc821b82a48435c0a11457653382b1512fd893fda45260071da58a
E1,jpeg_compression,5,shuffled_donor,0.01,1.0,,10,1,-0.6500000000000006,,-0.6500000000000006,-0.6500000000000006,2000.0,,2000,2000,0.02040816326530612,,0.02040816326530612,0.02040816326530612,0.04111405835543767,,0.04111405835543767,0.04111405835543767,686.0,,686,686,754.0,,754,754,-0.026338098168373108,,-0.026338098168373108,-0.026338098168373108,99fc6ef526bc821b82a48435c0a11457653382b1512fd893fda45260071da58a
E1,jpeg_compression,5,shuffled_donor,0.01,1.0,,11,1,-0.6000000000000005,,-0.6000000000000005,-0.6000000000000005,2000.0,,2000,2000,0.023323615160349854,,0.023323615160349854,0.023323615160349854,0.042440318302387266,,0.042440318302387266,0.042440318302387266,686.0,,686,686,754.0,,754,754,-0.024589625656604767,,-0.024589625656604767,-0.024589625656604767,99fc6ef526bc821b82a48435c0a11457653382b1512fd893fda45260071da58a
E1,jpeg_compression,5,shuffled_donor,0.01,1.0,,12,1,-0.8500000000000008,,-0.8500000000000008,-0.8500000000000008,2000.0,,2000,2000,0.01749271137026239,,0.01749271137026239,0.01749271137026239,0.04111405835543767,,0.04111405835543767,0.04111405835543767,686.0,,686,686,754.0,,754,754,-0.028149303555488586,,-0.028149303555488586,-0.028149303555488586,99fc6ef526bc821b82a48435c0a11457653382b1512fd893fda45260071da58a
E1,jpeg_compression,5,shuffled_donor,0.01,1.0,,13,1,-0.3500000000000003,,-0.3500000000000003,-0.3500000000000003,2000.0,,2000,2000,0.021865889212827987,,0.021865889212827987,0.021865889212827987,0.033156498673740056,,0.033156498673740056,0.033156498673740056,686.0,,686,686,754.0,,754,754,-0.030468401908874513,,-0.030468401908874513,-0.030468401908874513,99fc6ef526bc821b82a48435c0a11457653382b1512fd893fda45260071da58a
E1,jpeg_compression,5,shuffled_donor,0.01,1.0,,14,1,-0.30000000000000027,,-0.30000000000000027,-0.30000000000000027,2000.0,,2000,2000,0.013119533527696793,,0.013119533527696793,0.013119533527696793,0.021220159151193633,,0.021220159151193633,0.021220159151193633,686.0,,686,686,754.0,,754,754,-0.015647799253463743,,-0.015647799253463743,-0.015647799253463743,99fc6ef526bc821b82a48435c0a11457653382b1512fd893fda45260071da58a
E1,jpeg_compression,5,shuffled_donor,0.01,1.0,,15,1,-0.15000000000000013,,-0.15000000000000013,-0.15000000000000013,2000.0,,2000,2000,0.013119533527696793,,0.013119533527696793,0.013119533527696793,0.017241379310344827,,0.017241379310344827,0.017241379310344827,686.0,,686,686,754.0,,754,754,-0.015662911176681518,,-0.015662911176681518,-0.015662911176681518,99fc6ef526bc821b82a48435c0a11457653382b1512fd893fda45260071da58a
