layer,metric_name,score,n_samples,summary_mode,label_access,corruption,severity,split,is_observed,model_fingerprint
0,relative_distance,0.25280002408675645,2000,gap,none,gaussian_noise,1,score,True,99fc6ef526bc821b82a48435c0a11457653382b1512fd893fda45260071da58a
0,cosine_distance,0.03253620763182365,2000,gap,none,gaussian_noise,1,score,True,99fc6ef526bc821b82a48435c0a11457653382b1512fd893fda45260071da58a
0,one_minus_cka,0.08071262640897625,2000,gap,none,gaussian_noise,1,score,True,99fc6ef526bc821b82a48435c0a11457653382b1512fd893fda45260071da58a
0,amplification_ratio,1.0,2000,gap,none,gaussian_noise,1,score,True,99fc6ef526bc821b82a48435c0a11457653382b1512fd893fda45260071da58a
0,knn_preservation,0.429036343472489,2000,gap,none,gaussian_noise,1,score,True,99fc6ef526bc821b82a48435c0a11457653382b1512fd893fda45260071da58a
1,relative_distance,0.2628273088291061,2000,gap,none,gaussian_noise,1,score,True,99fc6ef526bc821b82a48435c0a11457653382b1512fd893fda45260071da58a
1,cosine_distance,0.03430001883343234,2000,gap,none,gaussian_noise,1,score,True,99fc6ef526bc821b82a48435c0a11457653382b1512fd893fda45260071da58a
1,one_minus_cka,0.07766442975145715,2000,gap,none,gaussian_noise,1,score,True,99fc6ef526bc821b82a48435c0a11457653382b1512fd893fda45260071da58a
1,amplification_ratio,1.0396648883977497,2000,gap,none,gaussian_noise,1,score,True,99fc6ef526bc821b82a48435c0a11457653382b1512fd893fda45260071da58a
1,knn_preservation,0.3762034578768325,2000,gap,none,gaussian_noise,1,score,True,99fc6ef526bc821b82a48435c0a11457653382b1512fd893fda45260071da58a
2,relative_distance,0.2352366834838655,2000,gap,none,gaussian_noise,1,score,True,99fc6ef526bc821b82a48435c0a11457653382b1512fd893fda45260071da58a
2,cosine_distance,0.02734082079794976,2000,gap,none,gaussian_noise,1,score,True,99fc6ef526bc821b82a48435c0a11457653382b1512fd893fda45260071da58a
2,one_minus_cka,0.0764001463641234,2000,gap,none,gaussian_noise,1,score,True,99fc6ef526bc821b82a48435c0a11457653382b1512fd893fda45260071da58a
2,amplification_ratio,0.8950237497459581,2000,gap,none,gaussian_noise,1,score,True,99fc6ef526bc821b82a48435c0a11457653382b1512fd893fda45260071da58a
2,knn_preservation,0.37841137216756415,2000,gap,none,gaussian_noise,1,score,True,99fc6ef526bc821b82a48435c0a11457653382b1512fd893fda45260071da58a
3,relative_distance,0.4149566983697296,2000,gap,none,gaussian_noise,1,score,True,99fc6ef526bc821b82a48435c0a11457653382b1512fd893fda45260071da58a
3,cosine_distance,0.0816610319836709,2000,gap,none,gaussian_noise,1,score,True,99fc6ef526bc821b82a48435c0a11457653382b1512fd893fda45260071da58a
3,one_minus_cka,0.09928161438624117,2000,gap,none,gaussian_noise,1,score,True,99fc6ef526bc821b82a48435c0a11457653382b1512fd893fda45260071da58a
3,amplification_ratio,1.7639965511509637,2000,gap,none,gaussian_noise,1,score,True,99fc6ef526bc821b82a48435c0a11457653382b1512fd893fda45260071da58a
3,knn_preservation,0.32553028275474094,2000,gap,none,gaussian_noise,1,score,True,99fc6ef526bc821b82a48435c0a11457653382b1512fd893fda45260071da58a
4,relative_distance,0.3077980097995288,2000,gap,none,gaussian_noise,1,score,True,99fc6ef526bc821b82a48435c0a11457653382b1512fd893fda45260071da58a
4,cosine_distance,0.04816461582611493,2000,gap,none,gaussian_noise,1,score,True,99fc6ef526bc821b82a48435c0a11457653382b1512fd893fda45260071da58a
4,one_minus_cka,0.1408979361354441,2000,gap,none,gaussian_noise,1,score,True,99fc6ef526bc821b82a48435c0a11457653382b1512fd893fda45260071da58a
4,amplification_ratio,0.7417593474422683,2000,gap,none,gaussian_noise,1,score,True,99fc6ef526bc821b82a48435c0a11457653382b1512fd893fda45260071da58a
4,knn_preservation,0.2987783588530492,2000,gap,none,gaussian_noise,1,score,True,99fc6ef526bc821b82a48435c0a11457653382b1512fd893fda45260071da58a
5,relative_distance,0.2706252391091197,2000,gap,none,gaussian_noise,1,score,True,99fc6ef526bc821b82a48435c0a11457653382b1512fd893fda45260071da58a
5,cosine_distance,0.037125450009026346,2000,gap,none,gaussian_noise,1,score,True,99fc6ef526bc821b82a48435c0a11457653382b1512fd893fda45260071da58a
5,one_minus_cka,0.11496830781517042,2000,gap,none,gaussian_noise,1,score,True,99fc6ef526bc821b82a48435c0a11457653382b1512fd893fda45260071da58a
5,amplification_ratio,0.8792299836031428,2000,gap,none,gaussian_noise,1,score,True,99fc6ef526bc821b82a48435c0a11457653382b1512fd893fda45260071da58a
5,knn_preservation,0.3240076074166632,2000,gap,none,gaussian_noise,1,score,True,99fc6ef526bc821b82a48435c0a11457653382b1512fd893fda45260071da58a
6,relative_distance,0.24544944247938053,2000,gap,none,gaussian_noise,1,score,True,99fc6ef526bc821b82a48435c0a11457653382b1512fd893fda45260071da58a
6,cosine_distance,0.030558599691483713,2000,gap,none,gaussian_noise,1,score,True,99fc6ef526bc821b82a48435c0a11457653382b1512fd893fda45260071da58a
6,one_minus_cka,0.10504986496921531,2000,gap,none,gaussian_noise,1,score,True,99fc6ef526bc821b82a48435c0a11457653382b1512fd893fda45260071da58a
6,amplification_ratio,0.9069717343710579,2000,gap,none,gaussian_noise,1,score,True,99fc6ef526bc821b82a48435c0a11457653382b1512fd893fda45260071da58a
6,knn_preservation,0.3372327210972722,2000,gap,none,gaussian_noise,1,score,True,99fc6ef526bc821b82a48435c0a11457653382b1512fd893fda45260071da58a
7,relative_distance,0.38720135772790276,2000,gap,none,gaussian_noise,1,score,True,99fc6ef526bc821b82a48435c0a11457653382b1512fd893fda45260071da58a
7,cosine_distance,0.08069761098426614,2000,gap,none,gaussian_noise,1,score,True,99fc6ef526bc821b82a48435c0a11457653382b1512fd893fda45260071da58a
7,one_minus_cka,0.11223524447142474,2000,gap,none,gaussian_noise,1,score,True,99fc6ef526bc821b82a48435c0a11457653382b1512fd893fda45260071da58a
7,amplification_ratio,1.5775198094427547,2000,gap,none,gaussian_noise,1,score,True,99fc6ef526bc821b82a48435c0a11457653382b1512fd893fda45260071da58a
7,knn_preservation,0.31556809964201604,2000,gap,none,gaussian_noise,1,score,True,99fc6ef526bc821b82a48435c0a11457653382b1512fd893fda45260071da58a
8,relative_distance,0.34135945212935553,2000,gap,none,gaussian_noise,1,score,True,99fc6ef526bc821b82a48435c0a11457653382b1512fd893fda45260071da58a
8,cosine_distance,0.06202375330162475,2000,gap,none,gaussian_noise,1,score,True,99fc6ef526bc821b82a48435c0a11457653382b1512fd893fda45260071da58a
8,one_minus_cka,0.11048868382128918,2000,gap,none,gaussian_noise,1,score,True,99fc6ef526bc821b82a48435c0a11457653382b1512fd893fda45260071da58a
8,amplification_ratio,0.8816070639123078,2000,gap,none,gaussian_noise,1,score,True,99fc6ef526bc821b82a48435c0a11457653382b1512fd893fda45260071da58a
8,knn_preservation,0.2998218785428537,2000,gap,none,gaussian_noise,1,score,True,99fc6ef526bc821b82a48435c0a11457653382b1512fd893fda45260071da58a
9,relative_distance,0.31510774717432416,2000,gap,none,gaussian_noise,1,score,True,99fc6ef526bc821b82a48435c0a11457653382b1512fd893fda45260071da58a
9,cosine_distance,0.0523423725575145,2000,gap,none,gaussian_noise,1,score,True,99fc6ef526bc821b82a48435c0a11457653382b1512fd893fda45260071da58a
9,one_minus_cka,0.0949138620429949,2000,gap,none,gaussian_noise,1,score,True,99fc6ef526bc821b82a48435c0a11457653382b1512fd893fda45260071da58a
9,amplification_ratio,0.9230965927813726,2000,gap,none,gaussian_noise,1,score,True,99fc6ef526bc821b82a48435c0a11457653382b1512fd893fda45260071da58a
9,knn_preservation,0.3088905312094167,2000,gap,none,gaussian_noise,1,score,True,99fc6ef526bc821b82a48435c0a11457653382b1512fd893fda45260071da58a
10,relative_distance,0.300853972625607,2000,gap,none,gaussian_noise,1,score,True,99fc6ef526bc821b82a48435c0a11457653382b1512fd893fda45260071da58a
10,cosine_distance,0.04759107532675165,2000,gap,none,gaussian_noise,1,score,True,99fc6ef526bc821b82a48435c0a11457653382b1512fd893fda45260071da58a
10,one_minus_cka,0.09573287068665426,2000,gap,none,gaussian_noise,1,score,True,99fc6ef526bc821b82a48435c0a11457653382b1512fd893fda45260071da58a
10,amplification_ratio,0.9547653947688195,2000,gap,none,gaussian_noise,1,score,True,99fc6ef526bc821b82a48435c0a11457653382b1512fd893fda45260071da58a
10,knn_preservation,0.3121834311199636,2000,gap,none,gaussian_noise,1,score,True,99fc6ef526bc821b82a48435c0a11457653382b1512fd893fda45260071da58a
11,relative_distance,0.27096947872876015,2000,gap,none,gaussian_noise,1,score,True,99fc6ef526bc821b82a48435c0a11457653382b1512fd893fda45260071da58a
11,cosine_distance,0.038531225419218045,2000,gap,none,gaussian_noise,1,score,True,99fc6ef526bc821b82a48435c0a11457653382b1512fd893fda45260071da58a
11,one_minus_cka,0.08294452474446545,2000,gap,none,gaussian_noise,1,score,True,99fc6ef526bc821b82a48435c0a11457653382b1512fd893fda45260071da58a
11,amplification_ratio,0.9006677770080965,2000,gap,none,gaussian_noise,1,score,True,99fc6ef526bc821b82a48435c0a11457653382b1512fd893fda45260071da58a
11,knn_preservation,0.33210667312563596,2000,gap,none,gaussian_noise,1,score,True,99fc6ef526bc821b82a48435c0a11457653382b1512fd893fda45260071da58a
12,relative_distance,0.2579613537288858,2000,gap,none,gaussian_noise,1,score,True,99fc6ef526bc821b82a48435c0a11457653382b1512fd893fda45260071da58a
12,cosine_distance,0.03461804225917431,2000,gap,none,gaussian_noise,1,score,True,99fc6ef526bc821b82a48435c0a11457653382b1512fd893fda45260071da58a
12,one_minus_cka,0.09218860376156224,2000,gap,none,gaussian_noise,1,score,True,99fc6ef526bc821b82a48435c0a11457653382b1512fd893fda45260071da58a
12,amplification_ratio,0.9519941321033596,2000,gap,none,gaussian_noise,1,score,True,99fc6ef526bc821b82a48435c0a11457653382b1512fd893fda45260071da58a
12,knn_preservation,0.34868593016890226,2000,gap,none,gaussian_noise,1,score,True,99fc6ef526bc821b82a48435c0a11457653382b1512fd893fda45260071da58a
13,relative_distance,0.425164758012916,2000,gap,none,gaussian_noise,1,score,True,99fc6ef526bc821b82a48435c0a11457653382b1512fd893fda45260071da58a
13,cosine_distance,0.09560721639830495,2000,gap,none,gaussian_noise,1,score,True,99fc6ef526bc821b82a48435c0a11457653382b1512fd893fda45260071da58a
13,one_minus_cka,0.07154392969240297,2000,gap,none,gaussian_noise,1,score,True,99fc6ef526bc821b82a48435c0a11457653382b1512fd893fda45260071da58a
13,amplification_ratio,1.6481723012655567,2000,gap,none,gaussian_noise,1,score,True,99fc6ef526bc821b82a48435c0a11457653382b1512fd893fda45260071da58a
13,knn_preservation,0.3519634032118552,2000,gap,none,gaussian_noise,1,score,True,99fc6ef526bc821b82a48435c0a11457653382b1512fd893fda45260071da58a
14,relative_distance,0.5009761893855897,2000,gap,none,gaussian_noise,1,score,True,99fc6ef526bc821b82a48435c0a11457653382b1512fd893fda45260071da58a
14,cosine_distance,0.13187008837654282,2000,gap,none,gaussian_noise,1,score,True,99fc6ef526bc821b82a48435c0a11457653382b1512fd893fda45260071da58a
14,one_minus_cka,0.12101529505854391,2000,gap,none,gaussian_noise,1,score,True,99fc6ef526bc821b82a48435c0a11457653382b1512fd893fda45260071da58a
14,amplification_ratio,1.1783107135384225,2000,gap,none,gaussian_noise,1,score,True,99fc6ef526bc821b82a48435c0a11457653382b1512fd893fda45260071da58a
14,knn_preservation,0.34045453913991064,2000,gap,none,gaussian_noise,1,score,True,99fc6ef526bc821b82a48435c0a11457653382b1512fd893fda45260071da58a
15,relative_distance,0.5682633605561376,2000,gap,none,gaussian_noise,1,score,True,99fc6ef526bc821b82a48435c0a11457653382b1512fd893fda45260071da58a
15,cosine_distance,0.16999418961376056,2000,gap,none,gaussian_noise,1,score,True,99fc6ef526bc821b82a48435c0a11457653382b1512fd893fda45260071da58a
15,one_minus_cka,0.20790219106440688,2000,gap,none,gaussian_noise,1,score,True,99fc6ef526bc821b82a48435c0a11457653382b1512fd893fda45260071da58a
15,amplification_ratio,1.1343121142205792,2000,gap,none,gaussian_noise,1,score,True,99fc6ef526bc821b82a48435c0a11457653382b1512fd893fda45260071da58a
15,knn_preservation,0.2886563359670945,2000,gap,none,gaussian_noise,1,score,True,99fc6ef526bc821b82a48435c0a11457653382b1512fd893fda45260071da58a
0,relative_distance,0.4865433144618877,2000,gap,none,gaussian_noise,3,score,True,99fc6ef526bc821b82a48435c0a11457653382b1512fd893fda45260071da58a
0,cosine_distance,0.10049586276958222,2000,gap,none,gaussian_noise,3,score,True,99fc6ef526bc821b82a48435c0a11457653382b1512fd893fda45260071da58a
0,one_minus_cka,0.19581881803164236,2000,gap,none,gaussian_noise,3,score,True,99fc6ef526bc821b82a48435c0a11457653382b1512fd893fda45260071da58a
0,amplification_ratio,1.0,2000,gap,none,gaussian_noise,3,score,True,99fc6ef526bc821b82a48435c0a11457653382b1512fd893fda45260071da58a
0,knn_preservation,0.27216818810704263,2000,gap,none,gaussian_noise,3,score,True,99fc6ef526bc821b82a48435c0a11457653382b1512fd893fda45260071da58a
1,relative_distance,0.4420338924479252,2000,gap,none,gaussian_noise,3,score,True,99fc6ef526bc821b82a48435c0a11457653382b1512fd893fda45260071da58a
1,cosine_distance,0.08367560694486488,2000,gap,none,gaussian_noise,3,score,True,99fc6ef526bc821b82a48435c0a11457653382b1512fd893fda45260071da58a
1,one_minus_cka,0.14918739465994946,2000,gap,none,gaussian_noise,3,score,True,99fc6ef526bc821b82a48435c0a11457653382b1512fd893fda45260071da58a
1,amplification_ratio,0.9085190964689557,2000,gap,none,gaussian_noise,3,score,True,99fc6ef526bc821b82a48435c0a11457653382b1512fd893fda45260071da58a
1,knn_preservation,0.24461685120005552,2000,gap,none,gaussian_noise,3,score,True,99fc6ef526bc821b82a48435c0a11457653382b1512fd893fda45260071da58a
2,relative_distance,0.39189394724109433,2000,gap,none,gaussian_noise,3,score,True,99fc6ef526bc821b82a48435c0a11457653382b1512fd893fda45260071da58a
2,cosine_distance,0.06653470705391305,2000,gap,none,gaussian_noise,3,score,True,99fc6ef526bc821b82a48435c0a11457653382b1512fd893fda45260071da58a
2,one_minus_cka,0.13994102075475678,2000,gap,none,gaussian_noise,3,score,True,99fc6ef526bc821b82a48435c0a11457653382b1512fd893fda45260071da58a
2,amplification_ratio,0.8865699077300103,2000,gap,none,gaussian_noise,3,score,True,99fc6ef526bc821b82a48435c0a11457653382b1512fd893fda45260071da58a
2,knn_preservation,0.24826003313851613,2000,gap,none,gaussian_noise,3,score,True,99fc6ef526bc821b82a48435c0a11457653382b1512fd893fda45260071da58a
3,relative_distance,0.6177260993276391,2000,gap,none,gaussian_noise,3,score,True,99fc6ef526bc821b82a48435c0a11457653382b1512fd893fda45260071da58a
3,cosine_distance,0.15778129315144082,2000,gap,none,gaussian_noise,3,score,True,99fc6ef526bc821b82a48435c0a11457653382b1512fd893fda45260071da58a
3,one_minus_cka,0.19205073732294753,2000,gap,none,gaussian_noise,3,score,True,99fc6ef526bc821b82a48435c0a11457653382b1512fd893fda45260071da58a
3,amplification_ratio,1.5762583313071996,2000,gap,none,gaussian_noise,3,score,True,99fc6ef526bc821b82a48435c0a11457653382b1512fd893fda45260071da58a
3,knn_preservation,0.2047618897700167,2000,gap,none,gaussian_noise,3,score,True,99fc6ef526bc821b82a48435c0a11457653382b1512fd893fda45260071da58a
4,relative_distance,0.4737920363951681,2000,gap,none,gaussian_noise,3,score,True,99fc6ef526bc821b82a48435c0a11457653382b1512fd893fda45260071da58a
4,cosine_distance,0.10400254829012008,2000,gap,none,gaussian_noise,3,score,True,99fc6ef526bc821b82a48435c0a11457653382b1512fd893fda45260071da58a
4,one_minus_cka,0.24132099887912128,2000,gap,none,gaussian_noise,3,score,True,99fc6ef526bc821b82a48435c0a11457653382b1512fd893fda45260071da58a
4,amplification_ratio,0.7669937160027149,2000,gap,none,gaussian_noise,3,score,True,99fc6ef526bc821b82a48435c0a11457653382b1512fd893fda45260071da58a
4,knn_preservation,0.18956526235202706,2000,gap,none,gaussian_noise,3,score,True,99fc6ef526bc821b82a48435c0a11457653382b1512fd893fda45260071da58a
5,relative_distance,0.4187590021264255,2000,gap,none,gaussian_noise,3,score,True,99fc6ef526bc821b82a48435c0a11457653382b1512fd893fda45260071da58a
5,cosine_distance,0.08152058331936739,2000,gap,none,gaussian_noise,3,score,True,99fc6ef526bc821b82a48435c0a11457653382b1512fd893fda45260071da58a
5,one_minus_cka,0.2065228687995022,2000,gap,none,gaussian_noise,3,score,True,99fc6ef526bc821b82a48435c0a11457653382b1512fd893fda45260071da58a
5,amplification_ratio,0.8838455903829457,2000,gap,none,gaussian_noise,3,score,True,99fc6ef526bc821b82a48435c0a11457653382b1512fd893fda45260071da58a
5,knn_preservation,0.206966209100497,2000,gap,none,gaussian_noise,3,score,True,99fc6ef526bc821b82a48435c0a11457653382b1512fd893fda45260071da58a
6,relative_distance,0.38428843556258435,2000,gap,none,gaussian_noise,3,score,True,99fc6ef526bc821b82a48435c0a11457653382b1512fd893fda45260071da58a
6,cosine_distance,0.06816920245179926,2000,gap,none,gaussian_noise,3,score,True,99fc6ef526bc821b82a48435c0a11457653382b1512fd893fda45260071da58a
6,one_minus_cka,0.19323647211430228,2000,gap,none,gaussian_noise,3,score,True,99fc6ef526bc821b82a48435c0a11457653382b1512fd893fda45260071da58a
6,amplification_ratio,0.9176839986990076,2000,gap,none,gaussian_noise,3,score,True,99fc6ef526bc821b82a48435c0a11457653382b1512fd893fda45260071da58a
6,knn_preservation,0.2106357987987245,2000,gap,none,gaussian_noise,3,score,True,99fc6ef526bc821b82a48435c0a11457653382b1512fd893fda45260071da58a
7,relative_distance,0.5685910412026516,2000,gap,none,gaussian_noise,3,score,True,99fc6ef526bc821b82a48435c0a11457653382b1512fd893fda45260071da58a
7,cosine_distance,0.1679045278841622,2000,gap,none,gaussian_noise,3,score,True,99fc6ef526bc821b82a48435c0a11457653382b1512fd893fda45260071da58a
7,one_minus_cka,0.22928263738378107,2000,gap,none,gaussian_noise,3,score,True,99fc6ef526bc821b82a48435c0a11457653382b1512fd893fda45260071da58a
7,amplification_ratio,1.4795944623476762,2000,gap,none,gaussian_noise,3,score,True,99fc6ef526bc821b82a48435c0a11457653382b1512fd893fda45260071da58a
7,knn_preservation,0.18637546706819155,2000,gap,none,gaussian_noise,3,score,True,99fc6ef526bc821b82a48435c0a11457653382b1512fd893fda45260071da58a
8,relative_distance,0.49097794075702655,2000,gap,none,gaussian_noise,3,score,True,99fc6ef526bc821b82a48435c0a11457653382b1512fd893fda45260071da58a
8,cosine_distance,0.12625410401706,2000,gap,none,gaussian_noise,3,score,True,99fc6ef526bc821b82a48435c0a11457653382b1512fd893fda45260071da58a
8,one_minus_cka,0.24418825541106715,2000,gap,none,gaussian_noise,3,score,True,99fc6ef526bc821b82a48435c0a11457653382b1512fd893fda45260071da58a
8,amplification_ratio,0.8634992554904449,2000,gap,none,gaussian_noise,3,score,True,99fc6ef526bc821b82a48435c0a11457653382b1512fd893fda45260071da58a
8,knn_preservation,0.1692491877317729,2000,gap,none,gaussian_noise,3,score,True,99fc6ef526bc821b82a48435c0a11457653382b1512fd893fda45260071da58a
9,relative_distance,0.45673547343033005,2000,gap,none,gaussian_noise,3,score,True,99fc6ef526bc821b82a48435c0a11457653382b1512fd893fda45260071da58a
9,cosine_distance,0.108092680877013,2000,gap,none,gaussian_noise,3,score,True,99fc6ef526bc821b82a48435c0a11457653382b1512fd893fda45260071da58a
9,one_minus_cka,0.22035487471939552,2000,gap,none,gaussian_noise,3,score,True,99fc6ef526bc821b82a48435c0a11457653382b1512fd893fda45260071da58a
9,amplification_ratio,0.9302566073052103,2000,gap,none,gaussian_noise,3,score,True,99fc6ef526bc821b82a48435c0a11457653382b1512fd893fda45260071da58a
9,knn_preservation,0.17104234589799605,2000,gap,none,gaussian_noise,3,score,True,99fc6ef526bc821b82a48435c0a11457653382b1512fd893fda45260071da58a
10,relative_distance,0.438000279455464,2000,gap,none,gaussian_noise,3,score,True,99fc6ef526bc821b82a48435c0a11457653382b1512fd893fda45260071da58a
10,cosine_distance,0.09874127570799374,2000,gap,none,gaussian_noise,3,score,True,99fc6ef526bc821b82a48435c0a11457653382b1512fd893fda45260071da58a
10,one_minus_cka,0.21745579272782234,2000,gap,none,gaussian_noise,3,score,True,99fc6ef526bc821b82a48435c0a11457653382b1512fd893fda45260071da58a
10,amplification_ratio,0.9589802083158668,2000,gap,none,gaussian_noise,3,score,True,99fc6ef526bc821b82a48435c0a11457653382b1512fd893fda45260071da58a
10,knn_preservation,0.17368543956043958,2000,gap,none,gaussian_noise,3,score,True,99fc6ef526bc821b82a48435c0a11457653382b1512fd893fda45260071da58a
11,relative_distance,0.39754979361533027,2000,gap,none,gaussian_noise,3,score,True,99fc6ef526bc821b82a48435c0a11457653382b1512fd893fda45260071da58a
11,cosine_distance,0.08151174547168737,2000,gap,none,gaussian_noise,3,score,True,99fc6ef526bc821b82a48435c0a11457653382b1512fd893fda45260071da58a
11,one_minus_cka,0.1961584211648848,2000,gap,none,gaussian_noise,3,score,True,99fc6ef526bc821b82a48435c0a11457653382b1512fd893fda45260071da58a
11,amplification_ratio,0.9076473515258413,2000,gap,none,gaussian_noise,3,score,True,99fc6ef526bc821b82a48435c0a11457653382b1512fd893fda45260071da58a
11,knn_preservation,0.18516679613815837,2000,gap,none,gaussian_noise,3,score,True,99fc6ef526bc821b82a48435c0a11457653382b1512fd893fda45260071da58a
12,relative_distance,0.38098899543954046,2000,gap,none,gaussian_noise,3,score,True,99fc6ef526bc821b82a48435c0a11457653382b1512fd893fda45260071da58a
12,cosine_distance,0.07352126063447581,2000,gap,none,gaussian_noise,3,score,True,99fc6ef526bc821b82a48435c0a11457653382b1512fd893fda45260071da58a
12,one_minus_cka,0.21170110911739504,2000,gap,none,gaussian_noise,3,score,True,99fc6ef526bc821b82a48435c0a11457653382b1512fd893fda45260071da58a
12,amplification_ratio,0.9583428329186505,2000,gap,none,gaussian_noise,3,score,True,99fc6ef526bc821b82a48435c0a11457653382b1512fd893fda45260071da58a
12,knn_preservation,0.18892401836209888,2000,gap,none,gaussian_noise,3,score,True,99fc6ef526bc821b82a48435c0a11457653382b1512fd893fda45260071da58a
13,relative_distance,0.6309861631922381,2000,gap,none,gaussian_noise,3,score,True,99fc6ef526bc821b82a48435c0a11457653382b1512fd893fda45260071da58a
13,cosine_distance,0.21439868965936798,2000,gap,none,gaussian_noise,3,score,True,99fc6ef526bc821b82a48435c0a11457653382b1512fd893fda45260071da58a
13,one_minus_cka,0.18841526131584818,2000,gap,none,gaussian_noise,3,score,True,99fc6ef526bc821b82a48435c0a11457653382b1512fd893fda45260071da58a
13,amplification_ratio,1.656179497951851,2000,gap,none,gaussian_noise,3,score,True,99fc6ef526bc821b82a48435c0a11457653382b1512fd893fda45260071da58a
13,knn_preservation,0.1758749996993031,2000,gap,none,gaussian_noise,3,score,True,99fc6ef526bc821b82a48435c0a11457653382b1512fd893fda45260071da58a
14,relative_distance,0.7514194889260482,2000,gap,none,gaussian_noise,3,score,True,99fc6ef526bc821b82a48435c0a11457653382b1512fd893fda45260071da58a
14,cosine_distance,0.29739512264587264,2000,gap,none,gaussian_noise,3,score,True,99fc6ef526bc821b82a48435c0a11457653382b1512fd893fda45260071da58a
14,one_minus_cka,0.29597331329392096,2000,gap,none,gaussian_noise,3,score,True,99fc6ef526bc821b82a48435c0a11457653382b1512fd893fda45260071da58a
14,amplification_ratio,1.1908652404111728,2000,gap,none,gaussian_noise,3,score,True,99fc6ef526bc821b82a48435c0a11457653382b1512fd893fda45260071da58a
14,knn_preservation,0.159253854289845,2000,gap,none,gaussian_noise,3,score,True,99fc6ef526bc821b82a48435c0a11457653382b1512fd893fda45260071da58a
15,relative_distance,0.8498499215515676,2000,gap,none,gaussian_noise,3,score,True,99fc6ef526bc821b82a48435c0a11457653382b1512fd893fda45260071da58a
15,cosine_distance,0.37429147546486174,2000,gap,none,gaussian_noise,3,score,True,99fc6ef526bc821b82a48435c0a11457653382b1512fd893fda45260071da58a
15,one_minus_cka,0.4520207878265676,2000,gap,none,gaussian_noise,3,score,True,99fc6ef526bc821b82a48435c0a11457653382b1512fd893fda45260071da58a
15,amplification_ratio,1.1309926533396135,2000,gap,none,gaussian_noise,3,score,True,99fc6ef526bc821b82a48435c0a11457653382b1512fd893fda45260071da58a
15,knn_preservation,0.12651114116361795,2000,gap,none,gaussian_noise,3,score,True,99fc6ef526bc821b82a48435c0a11457653382b1512fd893fda45260071da58a
0,relative_distance,0.8869449716885863,2000,gap,none,gaussian_noise,5,score,True,99fc6ef526bc821b82a48435c0a11457653382b1512fd893fda45260071da58a
0,cosine_distance,0.2270149540991574,2000,gap,none,gaussian_noise,5,score,True,99fc6ef526bc821b82a48435c0a11457653382b1512fd893fda45260071da58a
0,one_minus_cka,0.3748806361363598,2000,gap,none,gaussian_noise,5,score,True,99fc6ef526bc821b82a48435c0a11457653382b1512fd893fda45260071da58a
0,amplification_ratio,1.0,2000,gap,none,gaussian_noise,5,score,True,99fc6ef526bc821b82a48435c0a11457653382b1512fd893fda45260071da58a
0,knn_preservation,0.17505983438645978,2000,gap,none,gaussian_noise,5,score,True,99fc6ef526bc821b82a48435c0a11457653382b1512fd893fda45260071da58a
1,relative_distance,0.7672282813235085,2000,gap,none,gaussian_noise,5,score,True,99fc6ef526bc821b82a48435c0a11457653382b1512fd893fda45260071da58a
1,cosine_distance,0.18712006447574234,2000,gap,none,gaussian_noise,5,score,True,99fc6ef526bc821b82a48435c0a11457653382b1512fd893fda45260071da58a
1,one_minus_cka,0.3622676378330524,2000,gap,none,gaussian_noise,5,score,True,99fc6ef526bc821b82a48435c0a11457653382b1512fd893fda45260071da58a
1,amplification_ratio,0.8650235423995263,2000,gap,none,gaussian_noise,5,score,True,99fc6ef526bc821b82a48435c0a11457653382b1512fd893fda45260071da58a
1,knn_preservation,0.15072751440166304,2000,gap,none,gaussian_noise,5,score,True,99fc6ef526bc821b82a48435c0a11457653382b1512fd893fda45260071da58a
2,relative_distance,0.6702444730374115,2000,gap,none,gaussian_noise,5,score,True,99fc6ef526bc821b82a48435c0a11457653382b1512fd893fda45260071da58a
2,cosine_distance,0.15336395833747637,2000,gap,none,gaussian_noise,5,score,True,99fc6ef526bc821b82a48435c0a11457653382b1512fd893fda45260071da58a
2,one_minus_cka,0.3510873634235906,2000,gap,none,gaussian_noise,5,score,True,99fc6ef526bc821b82a48435c0a11457653382b1512fd893fda45260071da58a
2,amplification_ratio,0.873591979536006,2000,gap,none,gaussian_noise,5,score,True,99fc6ef526bc821b82a48435c0a11457653382b1512fd893fda45260071da58a
2,knn_preservation,0.15027127980378754,2000,gap,none,gaussian_noise,5,score,True,99fc6ef526bc821b82a48435c0a11457653382b1512fd893fda45260071da58a
3,relative_distance,0.9182158491554808,2000,gap,none,gaussian_noise,5,score,True,99fc6ef526bc821b82a48435c0a11457653382b1512fd893fda45260071da58a
3,cosine_distance,0.27073980046438795,2000,gap,none,gaussian_noise,5,score,True,99fc6ef526bc821b82a48435c0a11457653382b1512fd893fda45260071da58a
3,one_minus_cka,0.3337623855883929,2000,gap,none,gaussian_noise,5,score,True,99fc6ef526bc821b82a48435c0a11457653382b1512fd893fda45260071da58a
3,amplification_ratio,1.3699715344079058,2000,gap,none,gaussian_noise,5,score,True,99fc6ef526bc821b82a48435c0a11457653382b1512fd893fda45260071da58a
3,knn_preservation,0.1274312881820622,2000,gap,none,gaussian_noise,5,score,True,99fc6ef526bc821b82a48435c0a11457653382b1512fd893fda45260071da58a
4,relative_distance,0.6527185407846944,2000,gap,none,gaussian_noise,5,score,True,99fc6ef526bc821b82a48435c0a11457653382b1512fd893fda45260071da58a
4,cosine_distance,0.17047285478366966,2000,gap,none,gaussian_noise,5,score,True,99fc6ef526bc821b82a48435c0a11457653382b1512fd893fda45260071da58a
4,one_minus_cka,0.37903396627044605,2000,gap,none,gaussian_noise,5,score,True,99fc6ef526bc821b82a48435c0a11457653382b1512fd893fda45260071da58a
4,amplification_ratio,0.7108552323345597,2000,gap,none,gaussian_noise,5,score,True,99fc6ef526bc821b82a48435c0a11457653382b1512fd893fda45260071da58a
4,knn_preservation,0.11998808626014508,2000,gap,none,gaussian_noise,5,score,True,99fc6ef526bc821b82a48435c0a11457653382b1512fd893fda45260071da58a
5,relative_distance,0.5846937023736181,2000,gap,none,gaussian_noise,5,score,True,99fc6ef526bc821b82a48435c0a11457653382b1512fd893fda45260071da58a
5,cosine_distance,0.13834739828679418,2000,gap,none,gaussian_noise,5,score,True,99fc6ef526bc821b82a48435c0a11457653382b1512fd893fda45260071da58a
5,one_minus_cka,0.3495599543957112,2000,gap,none,gaussian_noise,5,score,True,99fc6ef526bc821b82a48435c0a11457653382b1512fd893fda45260071da58a
5,amplification_ratio,0.8957822795575912,2000,gap,none,gaussian_noise,5,score,True,99fc6ef526bc821b82a48435c0a11457653382b1512fd893fda45260071da58a
5,knn_preservation,0.12821318709670101,2000,gap,none,gaussian_noise,5,score,True,99fc6ef526bc821b82a48435c0a11457653382b1512fd893fda45260071da58a
6,relative_distance,0.5434223003476192,2000,gap,none,gaussian_noise,5,score,True,99fc6ef526bc821b82a48435c0a11457653382b1512fd893fda45260071da58a
6,cosine_distance,0.11779056230394525,2000,gap,none,gaussian_noise,5,score,True,99fc6ef526bc821b82a48435c0a11457653382b1512fd893fda45260071da58a
6,one_minus_cka,0.33797933168984884,2000,gap,none,gaussian_noise,5,score,True,99fc6ef526bc821b82a48435c0a11457653382b1512fd893fda45260071da58a
6,amplification_ratio,0.9294136368179547,2000,gap,none,gaussian_noise,5,score,True,99fc6ef526bc821b82a48435c0a11457653382b1512fd893fda45260071da58a
6,knn_preservation,0.12640181193935063,2000,gap,none,gaussian_noise,5,score,True,99fc6ef526bc821b82a48435c0a11457653382b1512fd893fda45260071da58a
7,relative_distance,0.712434108066833,2000,gap,none,gaussian_noise,5,score,True,99fc6ef526bc821b82a48435c0a11457653382b1512fd893fda45260071da58a
7,cosine_distance,0.2527013768987262,2000,gap,none,gaussian_noise,5,score,True,99fc6ef526bc821b82a48435c0a11457653382b1512fd893fda45260071da58a
7,one_minus_cka,0.3810217530690593,2000,gap,none,gaussian_noise,5,score,True,99fc6ef526bc821b82a48435c0a11457653382b1512fd893fda45260071da58a
7,amplification_ratio,1.3110137504682813,2000,gap,none,gaussian_noise,5,score,True,99fc6ef526bc821b82a48435c0a11457653382b1512fd893fda45260071da58a
7,knn_preservation,0.10385431622041529,2000,gap,none,gaussian_noise,5,score,True,99fc6ef526bc821b82a48435c0a11457653382b1512fd893fda45260071da58a
8,relative_distance,0.6153627268099231,2000,gap,none,gaussian_noise,5,score,True,99fc6ef526bc821b82a48435c0a11457653382b1512fd893fda45260071da58a
8,cosine_distance,0.19304594909713116,2000,gap,none,gaussian_noise,5,score,True,99fc6ef526bc821b82a48435c0a11457653382b1512fd893fda45260071da58a
8,one_minus_cka,0.42446066371337554,2000,gap,none,gaussian_noise,5,score,True,99fc6ef526bc821b82a48435c0a11457653382b1512fd893fda45260071da58a
8,amplification_ratio,0.8637468642253667,2000,gap,none,gaussian_noise,5,score,True,99fc6ef526bc821b82a48435c0a11457653382b1512fd893fda45260071da58a
8,knn_preservation,0.09092877083356958,2000,gap,none,gaussian_noise,5,score,True,99fc6ef526bc821b82a48435c0a11457653382b1512fd893fda45260071da58a
9,relative_distance,0.5803422457035492,2000,gap,none,gaussian_noise,5,score,True,99fc6ef526bc821b82a48435c0a11457653382b1512fd893fda45260071da58a
9,cosine_distance,0.17014459865674705,2000,gap,none,gaussian_noise,5,score,True,99fc6ef526bc821b82a48435c0a11457653382b1512fd893fda45260071da58a
9,one_minus_cka,0.4008455399875236,2000,gap,none,gaussian_noise,5,score,True,99fc6ef526bc821b82a48435c0a11457653382b1512fd893fda45260071da58a
9,amplification_ratio,0.9430896939632302,2000,gap,none,gaussian_noise,5,score,True,99fc6ef526bc821b82a48435c0a11457653382b1512fd893fda45260071da58a
9,knn_preservation,0.08467868199911543,2000,gap,none,gaussian_noise,5,score,True,99fc6ef526bc821b82a48435c0a11457653382b1512fd893fda45260071da58a
10,relative_distance,0.5532320417902262,2000,gap,none,gaussian_noise,5,score,True,99fc6ef526bc821b82a48435c0a11457653382b1512fd893fda45260071da58a
10,cosine_distance,0.15377876706589336,2000,gap,none,gaussian_noise,5,score,True,99fc6ef526bc821b82a48435c0a11457653382b1512fd893fda45260071da58a
10,one_minus_cka,0.3980040417839231,2000,gap,none,gaussian_noise,5,score,True,99fc6ef526bc821b82a48435c0a11457653382b1512fd893fda45260071da58a
10,amplification_ratio,0.9532858341538496,2000,gap,none,gaussian_noise,5,score,True,99fc6ef526bc821b82a48435c0a11457653382b1512fd893fda45260071da58a
10,knn_preservation,0.0827782753452258,2000,gap,none,gaussian_noise,5,score,True,99fc6ef526bc821b82a48435c0a11457653382b1512fd893fda45260071da58a
11,relative_distance,0.5093973688678674,2000,gap,none,gaussian_noise,5,score,True,99fc6ef526bc821b82a48435c0a11457653382b1512fd893fda45260071da58a
11,cosine_distance,0.13155059038910735,2000,gap,none,gaussian_noise,5,score,True,99fc6ef526bc821b82a48435c0a11457653382b1512fd893fda45260071da58a
11,one_minus_cka,0.3819463277174877,2000,gap,none,gaussian_noise,5,score,True,99fc6ef526bc821b82a48435c0a11457653382b1512fd893fda45260071da58a
11,amplification_ratio,0.9207662072852605,2000,gap,none,gaussian_noise,5,score,True,99fc6ef526bc821b82a48435c0a11457653382b1512fd893fda45260071da58a
11,knn_preservation,0.08194364351678593,2000,gap,none,gaussian_noise,5,score,True,99fc6ef526bc821b82a48435c0a11457653382b1512fd893fda45260071da58a
12,relative_distance,0.4903397166653518,2000,gap,none,gaussian_noise,5,score,True,99fc6ef526bc821b82a48435c0a11457653382b1512fd893fda45260071da58a
12,cosine_distance,0.1191927980413387,2000,gap,none,gaussian_noise,5,score,True,99fc6ef526bc821b82a48435c0a11457653382b1512fd893fda45260071da58a
12,one_minus_cka,0.40474843107553327,2000,gap,none,gaussian_noise,5,score,True,99fc6ef526bc821b82a48435c0a11457653382b1512fd893fda45260071da58a
12,amplification_ratio,0.9625878471950668,2000,gap,none,gaussian_noise,5,score,True,99fc6ef526bc821b82a48435c0a11457653382b1512fd893fda45260071da58a
12,knn_preservation,0.08188509027092618,2000,gap,none,gaussian_noise,5,score,True,99fc6ef526bc821b82a48435c0a11457653382b1512fd893fda45260071da58a
13,relative_distance,0.8201168319421526,2000,gap,none,gaussian_noise,5,score,True,99fc6ef526bc821b82a48435c0a11457653382b1512fd893fda45260071da58a
13,cosine_distance,0.3836832229621442,2000,gap,none,gaussian_noise,5,score,True,99fc6ef526bc821b82a48435c0a11457653382b1512fd893fda45260071da58a
13,one_minus_cka,0.4111717003303863,2000,gap,none,gaussian_noise,5,score,True,99fc6ef526bc821b82a48435c0a11457653382b1512fd893fda45260071da58a
13,amplification_ratio,1.6725482437350019,2000,gap,none,gaussian_noise,5,score,True,99fc6ef526bc821b82a48435c0a11457653382b1512fd893fda45260071da58a
13,knn_preservation,0.062477144029001605,2000,gap,none,gaussian_noise,5,score,True,99fc6ef526bc821b82a48435c0a11457653382b1512fd893fda45260071da58a
14,relative_distance,0.9621505311906694,2000,gap,none,gaussian_noise,5,score,True,99fc6ef526bc821b82a48435c0a11457653382b1512fd893fda45260071da58a
14,cosine_distance,0.5153727007386442,2000,gap,none,gaussian_noise,5,score,True,99fc6ef526bc821b82a48435c0a11457653382b1512fd893fda45260071da58a
14,one_minus_cka,0.5368922981096176,2000,gap,none,gaussian_noise,5,score,True,99fc6ef526bc821b82a48435c0a11457653382b1512fd893fda45260071da58a
14,amplification_ratio,1.1731871529964346,2000,gap,none,gaussian_noise,5,score,True,99fc6ef526bc821b82a48435c0a11457653382b1512fd893fda45260071da58a
14,knn_preservation,0.04861422456971992,2000,gap,none,gaussian_noise,5,score,True,99fc6ef526bc821b82a48435c0a11457653382b1512fd893fda45260071da58a
15,relative_distance,1.0757285764608704,2000,gap,none,gaussian_noise,5,score,True,99fc6ef526bc821b82a48435c0a11457653382b1512fd893fda45260071da58a
15,cosine_distance,0.6307641539161333,2000,gap,none,gaussian_noise,5,score,True,99fc6ef526bc821b82a48435c0a11457653382b1512fd893fda45260071da58a
15,one_minus_cka,0.6891360720713022,2000,gap,none,gaussian_noise,5,score,True,99fc6ef526bc821b82a48435c0a11457653382b1512fd893fda45260071da58a
15,amplification_ratio,1.1180460245962212,2000,gap,none,gaussian_noise,5,score,True,99fc6ef526bc821b82a48435c0a11457653382b1512fd893fda45260071da58a
15,knn_preservation,0.039508894785984565,2000,gap,none,gaussian_noise,5,score,True,99fc6ef526bc821b82a48435c0a11457653382b1512fd893fda45260071da58a
0,relative_distance,0.1713131755192274,2000,gap,none,defocus_blur,1,score,True,99fc6ef526bc821b82a48435c0a11457653382b1512fd893fda45260071da58a
0,cosine_distance,0.016882120888731537,2000,gap,none,defocus_blur,1,score,True,99fc6ef526bc821b82a48435c0a11457653382b1512fd893fda45260071da58a
0,one_minus_cka,0.18052599875062503,2000,gap,none,defocus_blur,1,score,True,99fc6ef526bc821b82a48435c0a11457653382b1512fd893fda45260071da58a
0,amplification_ratio,1.0,2000,gap,none,defocus_blur,1,score,True,99fc6ef526bc821b82a48435c0a11457653382b1512fd893fda45260071da58a
0,knn_preservation,0.321094694392295,2000,gap,none,defocus_blur,1,score,True,99fc6ef526bc821b82a48435c0a11457653382b1512fd893fda45260071da58a
1,relative_distance,0.17926800871100537,2000,gap,none,defocus_blur,1,score,True,99fc6ef526bc821b82a48435c0a11457653382b1512fd893fda45260071da58a
1,cosine_distance,0.016810870046481217,2000,gap,none,defocus_blur,1,score,True,99fc6ef526bc821b82a48435c0a11457653382b1512fd893fda45260071da58a
1,one_minus_cka,0.13001594194666122,2000,gap,none,defocus_blur,1,score,True,99fc6ef526bc821b82a48435c0a11457653382b1512fd893fda45260071da58a
1,amplification_ratio,1.0464344506350312,2000,gap,none,defocus_blur,1,score,True,99fc6ef526bc821b82a48435c0a11457653382b1512fd893fda45260071da58a
1,knn_preservation,0.37288761853042035,2000,gap,none,defocus_blur,1,score,True,99fc6ef526bc821b82a48435c0a11457653382b1512fd893fda45260071da58a
2,relative_distance,0.16558073169879173,2000,gap,none,defocus_blur,1,score,True,99fc6ef526bc821b82a48435c0a11457653382b1512fd893fda45260071da58a
2,cosine_distance,0.014212182072172059,2000,gap,none,defocus_blur,1,score,True,99fc6ef526bc821b82a48435c0a11457653382b1512fd893fda45260071da58a
2,one_minus_cka,0.11380456110783721,2000,gap,none,defocus_blur,1,score,True,99fc6ef526bc821b82a48435c0a11457653382b1512fd893fda45260071da58a
2,amplification_ratio,0.9236490821166053,2000,gap,none,defocus_blur,1,score,True,99fc6ef526bc821b82a48435c0a11457653382b1512fd893fda45260071da58a
2,knn_preservation,0.38603667698830235,2000,gap,none,defocus_blur,1,score,True,99fc6ef526bc821b82a48435c0a11457653382b1512fd893fda45260071da58a
3,relative_distance,0.2934137072079242,2000,gap,none,defocus_blur,1,score,True,99fc6ef526bc821b82a48435c0a11457653382b1512fd893fda45260071da58a
3,cosine_distance,0.04559437099878392,2000,gap,none,defocus_blur,1,score,True,99fc6ef526bc821b82a48435c0a11457653382b1512fd893fda45260071da58a
3,one_minus_cka,0.05870970375885953,2000,gap,none,defocus_blur,1,score,True,99fc6ef526bc821b82a48435c0a11457653382b1512fd893fda45260071da58a
3,amplification_ratio,1.7720280868288087,2000,gap,none,defocus_blur,1,score,True,99fc6ef526bc821b82a48435c0a11457653382b1512fd893fda45260071da58a
3,knn_preservation,0.41530988443101446,2000,gap,none,defocus_blur,1,score,True,99fc6ef526bc821b82a48435c0a11457653382b1512fd893fda45260071da58a
4,relative_distance,0.2651984686667618,2000,gap,none,defocus_blur,1,score,True,99fc6ef526bc821b82a48435c0a11457653382b1512fd893fda45260071da58a
4,cosine_distance,0.03695954138004123,2000,gap,none,defocus_blur,1,score,True,99fc6ef526bc821b82a48435c0a11457653382b1512fd893fda45260071da58a
4,one_minus_cka,0.08386065881036386,2000,gap,none,defocus_blur,1,score,True,99fc6ef526bc821b82a48435c0a11457653382b1512fd893fda45260071da58a
4,amplification_ratio,0.9038380353472443,2000,gap,none,defocus_blur,1,score,True,99fc6ef526bc821b82a48435c0a11457653382b1512fd893fda45260071da58a
4,knn_preservation,0.37973839168227713,2000,gap,none,defocus_blur,1,score,True,99fc6ef526bc821b82a48435c0a11457653382b1512fd893fda45260071da58a
5,relative_distance,0.23858271709351506,2000,gap,none,defocus_blur,1,score,True,99fc6ef526bc821b82a48435c0a11457653382b1512fd893fda45260071da58a
5,cosine_distance,0.02980691969168938,2000,gap,none,defocus_blur,1,score,True,99fc6ef526bc821b82a48435c0a11457653382b1512fd893fda45260071da58a
5,one_minus_cka,0.08270256744323079,2000,gap,none,defocus_blur,1,score,True,99fc6ef526bc821b82a48435c0a11457653382b1512fd893fda45260071da58a
5,amplification_ratio,0.8996383662882644,2000,gap,none,defocus_blur,1,score,True,99fc6ef526bc821b82a48435c0a11457653382b1512fd893fda45260071da58a
5,knn_preservation,0.39168813539401776,2000,gap,none,defocus_blur,1,score,True,99fc6ef526bc821b82a48435c0a11457653382b1512fd893fda45260071da58a
6,relative_distance,0.21911922846304147,2000,gap,none,defocus_blur,1,score,True,99fc6ef526bc821b82a48435c0a11457653382b1512fd893fda45260071da58a
6,cosine_distance,0.025077997771432547,2000,gap,none,defocus_blur,1,score,True,99fc6ef526bc821b82a48435c0a11457653382b1512fd893fda45260071da58a
6,one_minus_cka,0.08159335824817748,2000,gap,none,defocus_blur,1,score,True,99fc6ef526bc821b82a48435c0a11457653382b1512fd893fda45260071da58a
6,amplification_ratio,0.9184203748386155,2000,gap,none,defocus_blur,1,score,True,99fc6ef526bc821b82a48435c0a11457653382b1512fd893fda45260071da58a
6,knn_preservation,0.3879440827060796,2000,gap,none,defocus_blur,1,score,True,99fc6ef526bc821b82a48435c0a11457653382b1512fd893fda45260071da58a
7,relative_distance,0.38221965306033967,2000,gap,none,defocus_blur,1,score,True,99fc6ef526bc821b82a48435c0a11457653382b1512fd893fda45260071da58a
7,cosine_distance,0.07741501819514841,2000,gap,none,defocus_blur,1,score,True,99fc6ef526bc821b82a48435c0a11457653382b1512fd893fda45260071da58a
7,one_minus_cka,0.08435514178827774,2000,gap,none,defocus_blur,1,score,True,99fc6ef526bc821b82a48435c0a11457653382b1512fd893fda45260071da58a
7,amplification_ratio,1.7443455589969281,2000,gap,none,defocus_blur,1,score,True,99fc6ef526bc821b82a48435c0a11457653382b1512fd893fda45260071da58a
7,knn_preservation,0.36054681605803895,2000,gap,none,defocus_blur,1,score,True,99fc6ef526bc821b82a48435c0a11457653382b1512fd893fda45260071da58a
8,relative_distance,0.3531782547177137,2000,gap,none,defocus_blur,1,score,True,99fc6ef526bc821b82a48435c0a11457653382b1512fd893fda45260071da58a
8,cosine_distance,0.06568481561460732,2000,gap,none,defocus_blur,1,score,True,99fc6ef526bc821b82a48435c0a11457653382b1512fd893fda45260071da58a
8,one_minus_cka,0.08868922082334407,2000,gap,none,defocus_blur,1,score,True,99fc6ef526bc821b82a48435c0a11457653382b1512fd893fda45260071da58a
8,amplification_ratio,0.9240190866427235,2000,gap,none,defocus_blur,1,score,True,99fc6ef526bc821b82a48435c0a11457653382b1512fd893fda45260071da58a
8,knn_preservation,0.35107461668878076,2000,gap,none,defocus_blur,1,score,True,99fc6ef526bc821b82a48435c0a11457653382b1512fd893fda45260071da58a
9,relative_distance,0.3387704976003246,2000,gap,none,defocus_blur,1,score,True,99fc6ef526bc821b82a48435c0a11457653382b1512fd893fda45260071da58a
9,cosine_distance,0.06040592580223483,2000,gap,none,defocus_blur,1,score,True,99fc6ef526bc821b82a48435c0a11457653382b1512fd893fda45260071da58a
9,one_minus_cka,0.09090174419801289,2000,gap,none,defocus_blur,1,score,True,99fc6ef526bc821b82a48435c0a11457653382b1512fd893fda45260071da58a
9,amplification_ratio,0.9592054241026112,2000,gap,none,defocus_blur,1,score,True,99fc6ef526bc821b82a48435c0a11457653382b1512fd893fda45260071da58a
9,knn_preservation,0.34695228498711467,2000,gap,none,defocus_blur,1,score,True,99fc6ef526bc821b82a48435c0a11457653382b1512fd893fda45260071da58a
10,relative_distance,0.32080476242619954,2000,gap,none,defocus_blur,1,score,True,99fc6ef526bc821b82a48435c0a11457653382b1512fd893fda45260071da58a
10,cosine_distance,0.05397451467463119,2000,gap,none,defocus_blur,1,score,True,99fc6ef526bc821b82a48435c0a11457653382b1512fd893fda45260071da58a
10,one_minus_cka,0.08646589552551653,2000,gap,none,defocus_blur,1,score,True,99fc6ef526bc821b82a48435c0a11457653382b1512fd893fda45260071da58a
10,amplification_ratio,0.9469678283634936,2000,gap,none,defocus_blur,1,score,True,99fc6ef526bc821b82a48435c0a11457653382b1512fd893fda45260071da58a
10,knn_preservation,0.35309700821194623,2000,gap,none,defocus_blur,1,score,True,99fc6ef526bc821b82a48435c0a11457653382b1512fd893fda45260071da58a
11,relative_distance,0.29321614964406845,2000,gap,none,defocus_blur,1,score,True,99fc6ef526bc821b82a48435c0a11457653382b1512fd893fda45260071da58a
11,cosine_distance,0.04489680320515653,2000,gap,none,defocus_blur,1,score,True,99fc6ef526bc821b82a48435c0a11457653382b1512fd893fda45260071da58a
11,one_minus_cka,0.07714353027865162,2000,gap,none,defocus_blur,1,score,True,99fc6ef526bc821b82a48435c0a11457653382b1512fd893fda45260071da58a
11,amplification_ratio,0.9140018602794969,2000,gap,none,defocus_blur,1,score,True,99fc6ef526bc821b82a48435c0a11457653382b1512fd893fda45260071da58a
11,knn_preservation,0.3639843171534348,2000,gap,none,defocus_blur,1,score,True,99fc6ef526bc821b82a48435c0a11457653382b1512fd893fda45260071da58a
12,relative_distance,0.2764665921107707,2000,gap,none,defocus_blur,1,score,True,99fc6ef526bc821b82a48435c0a11457653382b1512fd893fda45260071da58a
12,cosine_distance,0.03977353865972813,2000,gap,none,defocus_blur,1,score,True,99fc6ef526bc821b82a48435c0a11457653382b1512fd893fda45260071da58a
12,one_minus_cka,0.08048575182740625,2000,gap,none,defocus_blur,1,score,True,99fc6ef526bc821b82a48435c0a11457653382b1512fd893fda45260071da58a
12,amplification_ratio,0.9428764153897053,2000,gap,none,defocus_blur,1,score,True,99fc6ef526bc821b82a48435c0a11457653382b1512fd893fda45260071da58a
12,knn_preservation,0.37633507505566327,2000,gap,none,defocus_blur,1,score,True,99fc6ef526bc821b82a48435c0a11457653382b1512fd893fda45260071da58a
13,relative_distance,0.4932341610298262,2000,gap,none,defocus_blur,1,score,True,99fc6ef526bc821b82a48435c0a11457653382b1512fd893fda45260071da58a
13,cosine_distance,0.12795715210938763,2000,gap,none,defocus_blur,1,score,True,99fc6ef526bc821b82a48435c0a11457653382b1512fd893fda45260071da58a
13,one_minus_cka,0.08821493355693322,2000,gap,none,defocus_blur,1,score,True,99fc6ef526bc821b82a48435c0a11457653382b1512fd893fda45260071da58a
13,amplification_ratio,1.7840642417735746,2000,gap,none,defocus_blur,1,score,True,99fc6ef526bc821b82a48435c0a11457653382b1512fd893fda45260071da58a
13,knn_preservation,0.33535506237828216,2000,gap,none,defocus_blur,1,score,True,99fc6ef526bc821b82a48435c0a11457653382b1512fd893fda45260071da58a
14,relative_distance,0.5955760561393606,2000,gap,none,defocus_blur,1,score,True,99fc6ef526bc821b82a48435c0a11457653382b1512fd893fda45260071da58a
14,cosine_distance,0.18613492491692563,2000,gap,none,defocus_blur,1,score,True,99fc6ef526bc821b82a48435c0a11457653382b1512fd893fda45260071da58a
14,one_minus_cka,0.17534292641689697,2000,gap,none,defocus_blur,1,score,True,99fc6ef526bc821b82a48435c0a11457653382b1512fd893fda45260071da58a
14,amplification_ratio,1.2074914983501026,2000,gap,none,defocus_blur,1,score,True,99fc6ef526bc821b82a48435c0a11457653382b1512fd893fda45260071da58a
14,knn_preservation,0.2846611692830733,2000,gap,none,defocus_blur,1,score,True,99fc6ef526bc821b82a48435c0a11457653382b1512fd893fda45260071da58a
15,relative_distance,0.6828322019913087,2000,gap,none,defocus_blur,1,score,True,99fc6ef526bc821b82a48435c0a11457653382b1512fd893fda45260071da58a
15,cosine_distance,0.25004649359707154,2000,gap,none,defocus_blur,1,score,True,99fc6ef526bc821b82a48435c0a11457653382b1512fd893fda45260071da58a
15,one_minus_cka,0.3070612851211606,2000,gap,none,defocus_blur,1,score,True,99fc6ef526bc821b82a48435c0a11457653382b1512fd893fda45260071da58a
15,amplification_ratio,1.146507142039187,2000,gap,none,defocus_blur,1,score,True,99fc6ef526bc821b82a48435c0a11457653382b1512fd893fda45260071da58a
15,knn_preservation,0.21333517492998916,2000,gap,none,defocus_blur,1,score,True,99fc6ef526bc821b82a48435c0a11457653382b1512fd893fda45260071da58a
0,relative_distance,0.2042572737961648,2000,gap,none,defocus_blur,3,score,True,99fc6ef526bc821b82a48435c0a11457653382b1512fd893fda45260071da58a
0,cosine_distance,0.02387889417288047,2000,gap,none,defocus_blur,3,score,True,99fc6ef526bc821b82a48435c0a11457653382b1512fd893fda45260071da58a
0,one_minus_cka,0.282671970357264,2000,gap,none,defocus_blur,3,score,True,99fc6ef526bc821b82a48435c0a11457653382b1512fd893fda45260071da58a
0,amplification_ratio,1.0,2000,gap,none,defocus_blur,3,score,True,99fc6ef526bc821b82a48435c0a11457653382b1512fd893fda45260071da58a
0,knn_preservation,0.20524473681633124,2000,gap,none,defocus_blur,3,score,True,99fc6ef526bc821b82a48435c0a11457653382b1512fd893fda45260071da58a
1,relative_distance,0.22902198099918383,2000,gap,none,defocus_blur,3,score,True,99fc6ef526bc821b82a48435c0a11457653382b1512fd893fda45260071da58a
1,cosine_distance,0.027240893487079858,2000,gap,none,defocus_blur,3,score,True,99fc6ef526bc821b82a48435c0a11457653382b1512fd893fda45260071da58a
1,one_minus_cka,0.23137258124952864,2000,gap,none,defocus_blur,3,score,True,99fc6ef526bc821b82a48435c0a11457653382b1512fd893fda45260071da58a
1,amplification_ratio,1.1212427187671787,2000,gap,none,defocus_blur,3,score,True,99fc6ef526bc821b82a48435c0a11457653382b1512fd893fda45260071da58a
1,knn_preservation,0.2227466379080156,2000,gap,none,defocus_blur,3,score,True,99fc6ef526bc821b82a48435c0a11457653382b1512fd893fda45260071da58a
2,relative_distance,0.21891461016063718,2000,gap,none,defocus_blur,3,score,True,99fc6ef526bc821b82a48435c0a11457653382b1512fd893fda45260071da58a
2,cosine_distance,0.024583727477029634,2000,gap,none,defocus_blur,3,score,True,99fc6ef526bc821b82a48435c0a11457653382b1512fd893fda45260071da58a
2,one_minus_cka,0.21497022184965653,2000,gap,none,defocus_blur,3,score,True,99fc6ef526bc821b82a48435c0a11457653382b1512fd893fda45260071da58a
2,amplification_ratio,0.9558672456047672,2000,gap,none,defocus_blur,3,score,True,99fc6ef526bc821b82a48435c0a11457653382b1512fd893fda45260071da58a
2,knn_preservation,0.23060434487253376,2000,gap,none,defocus_blur,3,score,True,99fc6ef526bc821b82a48435c0a11457653382b1512fd893fda45260071da58a
3,relative_distance,0.38875148975432416,2000,gap,none,defocus_blur,3,score,True,99fc6ef526bc821b82a48435c0a11457653382b1512fd893fda45260071da58a
3,cosine_distance,0.08026782044781837,2000,gap,none,defocus_blur,3,score,True,99fc6ef526bc821b82a48435c0a11457653382b1512fd893fda45260071da58a
3,one_minus_cka,0.12105759874968125,2000,gap,none,defocus_blur,3,score,True,99fc6ef526bc821b82a48435c0a11457653382b1512fd893fda45260071da58a
3,amplification_ratio,1.7758133615159926,2000,gap,none,defocus_blur,3,score,True,99fc6ef526bc821b82a48435c0a11457653382b1512fd893fda45260071da58a
3,knn_preservation,0.2711269810341017,2000,gap,none,defocus_blur,3,score,True,99fc6ef526bc821b82a48435c0a11457653382b1512fd893fda45260071da58a
4,relative_distance,0.3598248691835056,2000,gap,none,defocus_blur,3,score,True,99fc6ef526bc821b82a48435c0a11457653382b1512fd893fda45260071da58a
4,cosine_distance,0.06848634029918839,2000,gap,none,defocus_blur,3,score,True,99fc6ef526bc821b82a48435c0a11457653382b1512fd893fda45260071da58a
4,one_minus_cka,0.17501447534241898,2000,gap,none,defocus_blur,3,score,True,99fc6ef526bc821b82a48435c0a11457653382b1512fd893fda45260071da58a
4,amplification_ratio,0.9255909717822585,2000,gap,none,defocus_blur,3,score,True,99fc6ef526bc821b82a48435c0a11457653382b1512fd893fda45260071da58a
4,knn_preservation,0.24485462022497625,2000,gap,none,defocus_blur,3,score,True,99fc6ef526bc821b82a48435c0a11457653382b1512fd893fda45260071da58a
5,relative_distance,0.3252343545527148,2000,gap,none,defocus_blur,3,score,True,99fc6ef526bc821b82a48435c0a11457653382b1512fd893fda45260071da58a
5,cosine_distance,0.055845721560656314,2000,gap,none,defocus_blur,3,score,True,99fc6ef526bc821b82a48435c0a11457653382b1512fd893fda45260071da58a
5,one_minus_cka,0.16848732443086256,2000,gap,none,defocus_blur,3,score,True,99fc6ef526bc821b82a48435c0a11457653382b1512fd893fda45260071da58a
5,amplification_ratio,0.903868471600416,2000,gap,none,defocus_blur,3,score,True,99fc6ef526bc821b82a48435c0a11457653382b1512fd893fda45260071da58a
5,knn_preservation,0.25493300589159723,2000,gap,none,defocus_blur,3,score,True,99fc6ef526bc821b82a48435c0a11457653382b1512fd893fda45260071da58a
6,relative_distance,0.29688193634916754,2000,gap,none,defocus_blur,3,score,True,99fc6ef526bc821b82a48435c0a11457653382b1512fd893fda45260071da58a
6,cosine_distance,0.046209982362516444,2000,gap,none,defocus_blur,3,score,True,99fc6ef526bc821b82a48435c0a11457653382b1512fd893fda45260071da58a
6,one_minus_cka,0.16453654131715423,2000,gap,none,defocus_blur,3,score,True,99fc6ef526bc821b82a48435c0a11457653382b1512fd893fda45260071da58a
6,amplification_ratio,0.9128246514961819,2000,gap,none,defocus_blur,3,score,True,99fc6ef526bc821b82a48435c0a11457653382b1512fd893fda45260071da58a
6,knn_preservation,0.2532847818675992,2000,gap,none,defocus_blur,3,score,True,99fc6ef526bc821b82a48435c0a11457653382b1512fd893fda45260071da58a
7,relative_distance,0.5262051464331904,2000,gap,none,defocus_blur,3,score,True,99fc6ef526bc821b82a48435c0a11457653382b1512fd893fda45260071da58a
7,cosine_distance,0.1456207248574239,2000,gap,none,defocus_blur,3,score,True,99fc6ef526bc821b82a48435c0a11457653382b1512fd893fda45260071da58a
7,one_minus_cka,0.17052159601759587,2000,gap,none,defocus_blur,3,score,True,99fc6ef526bc821b82a48435c0a11457653382b1512fd893fda45260071da58a
7,amplification_ratio,1.7724390810167452,2000,gap,none,defocus_blur,3,score,True,99fc6ef526bc821b82a48435c0a11457653382b1512fd893fda45260071da58a
7,knn_preservation,0.2371703076335429,2000,gap,none,defocus_blur,3,score,True,99fc6ef526bc821b82a48435c0a11457653382b1512fd893fda45260071da58a
8,relative_distance,0.47873928088481216,2000,gap,none,defocus_blur,3,score,True,99fc6ef526bc821b82a48435c0a11457653382b1512fd893fda45260071da58a
8,cosine_distance,0.12090491747771208,2000,gap,none,defocus_blur,3,score,True,99fc6ef526bc821b82a48435c0a11457653382b1512fd893fda45260071da58a
8,one_minus_cka,0.19175353262160066,2000,gap,none,defocus_blur,3,score,True,99fc6ef526bc821b82a48435c0a11457653382b1512fd893fda45260071da58a
8,amplification_ratio,0.9097958925903346,2000,gap,none,defocus_blur,3,score,True,99fc6ef526bc821b82a48435c0a11457653382b1512fd893fda45260071da58a
8,knn_preservation,0.2163201872946455,2000,gap,none,defocus_blur,3,score,True,99fc6ef526bc821b82a48435c0a11457653382b1512fd893fda45260071da58a
9,relative_distance,0.45166869944330845,2000,gap,none,defocus_blur,3,score,True,99fc6ef526bc821b82a48435c0a11457653382b1512fd893fda45260071da58a
9,cosine_distance,0.10746810203175784,2000,gap,none,defocus_blur,3,score,True,99fc6ef526bc821b82a48435c0a11457653382b1512fd893fda45260071da58a
9,one_minus_cka,0.19962235176858445,2000,gap,none,defocus_blur,3,score,True,99fc6ef526bc821b82a48435c0a11457653382b1512fd893fda45260071da58a
9,amplification_ratio,0.9434544385171998,2000,gap,none,defocus_blur,3,score,True,99fc6ef526bc821b82a48435c0a11457653382b1512fd893fda45260071da58a
9,knn_preservation,0.2093114476253021,2000,gap,none,defocus_blur,3,score,True,99fc6ef526bc821b82a48435c0a11457653382b1512fd893fda45260071da58a
10,relative_distance,0.4276823358251294,2000,gap,none,defocus_blur,3,score,True,99fc6ef526bc821b82a48435c0a11457653382b1512fd893fda45260071da58a
10,cosine_distance,0.09630240305143184,2000,gap,none,defocus_blur,3,score,True,99fc6ef526bc821b82a48435c0a11457653382b1512fd893fda45260071da58a
10,one_minus_cka,0.19536426027972575,2000,gap,none,defocus_blur,3,score,True,99fc6ef526bc821b82a48435c0a11457653382b1512fd893fda45260071da58a
10,amplification_ratio,0.9468938988959323,2000,gap,none,defocus_blur,3,score,True,99fc6ef526bc821b82a48435c0a11457653382b1512fd893fda45260071da58a
10,knn_preservation,0.20974788562830357,2000,gap,none,defocus_blur,3,score,True,99fc6ef526bc821b82a48435c0a11457653382b1512fd893fda45260071da58a
11,relative_distance,0.39141062210376587,2000,gap,none,defocus_blur,3,score,True,99fc6ef526bc821b82a48435c0a11457653382b1512fd893fda45260071da58a
11,cosine_distance,0.08048162503225978,2000,gap,none,defocus_blur,3,score,True,99fc6ef526bc821b82a48435c0a11457653382b1512fd893fda45260071da58a
11,one_minus_cka,0.1830194649952933,2000,gap,none,defocus_blur,3,score,True,99fc6ef526bc821b82a48435c0a11457653382b1512fd893fda45260071da58a
11,amplification_ratio,0.9151900588753933,2000,gap,none,defocus_blur,3,score,True,99fc6ef526bc821b82a48435c0a11457653382b1512fd893fda45260071da58a
11,knn_preservation,0.21421275563961323,2000,gap,none,defocus_blur,3,score,True,99fc6ef526bc821b82a48435c0a11457653382b1512fd893fda45260071da58a
12,relative_distance,0.36787002365332516,2000,gap,none,defocus_blur,3,score,True,99fc6ef526bc821b82a48435c0a11457653382b1512fd893fda45260071da58a
12,cosine_distance,0.07047757168107067,2000,gap,none,defocus_blur,3,score,True,99fc6ef526bc821b82a48435c0a11457653382b1512fd893fda45260071da58a
12,one_minus_cka,0.18133932297004696,2000,gap,none,defocus_blur,3,score,True,99fc6ef526bc821b82a48435c0a11457653382b1512fd893fda45260071da58a
12,amplification_ratio,0.9398570270681108,2000,gap,none,defocus_blur,3,score,True,99fc6ef526bc821b82a48435c0a11457653382b1512fd893fda45260071da58a
12,knn_preservation,0.21734330598881685,2000,gap,none,defocus_blur,3,score,True,99fc6ef526bc821b82a48435c0a11457653382b1512fd893fda45260071da58a
13,relative_distance,0.6905109514811586,2000,gap,none,defocus_blur,3,score,True,99fc6ef526bc821b82a48435c0a11457653382b1512fd893fda45260071da58a
13,cosine_distance,0.25256720519563447,2000,gap,none,defocus_blur,3,score,True,99fc6ef526bc821b82a48435c0a11457653382b1512fd893fda45260071da58a
13,one_minus_cka,0.2114519760553114,2000,gap,none,defocus_blur,3,score,True,99fc6ef526bc821b82a48435c0a11457653382b1512fd893fda45260071da58a
13,amplification_ratio,1.8770514232817326,2000,gap,none,defocus_blur,3,score,True,99fc6ef526bc821b82a48435c0a11457653382b1512fd893fda45260071da58a
13,knn_preservation,0.17343617738470682,2000,gap,none,defocus_blur,3,score,True,99fc6ef526bc821b82a48435c0a11457653382b1512fd893fda45260071da58a
14,relative_distance,0.8362790998818854,2000,gap,none,defocus_blur,3,score,True,99fc6ef526bc821b82a48435c0a11457653382b1512fd893fda45260071da58a
14,cosine_distance,0.3650550300538443,2000,gap,none,defocus_blur,3,score,True,99fc6ef526bc821b82a48435c0a11457653382b1512fd893fda45260071da58a
14,one_minus_cka,0.36291538081531693,2000,gap,none,defocus_blur,3,score,True,99fc6ef526bc821b82a48435c0a11457653382b1512fd893fda45260071da58a
14,amplification_ratio,1.2111018631754522,2000,gap,none,defocus_blur,3,score,True,99fc6ef526bc821b82a48435c0a11457653382b1512fd893fda45260071da58a
14,knn_preservation,0.13148640029561082,2000,gap,none,defocus_blur,3,score,True,99fc6ef526bc821b82a48435c0a11457653382b1512fd893fda45260071da58a
15,relative_distance,0.9552448539221089,2000,gap,none,defocus_blur,3,score,True,99fc6ef526bc821b82a48435c0a11457653382b1512fd893fda45260071da58a
15,cosine_distance,0.48297938523056144,2000,gap,none,defocus_blur,3,score,True,99fc6ef526bc821b82a48435c0a11457653382b1512fd893fda45260071da58a
15,one_minus_cka,0.5471321933193216,2000,gap,none,defocus_blur,3,score,True,99fc6ef526bc821b82a48435c0a11457653382b1512fd893fda45260071da58a
15,amplification_ratio,1.1422560411434723,2000,gap,none,defocus_blur,3,score,True,99fc6ef526bc821b82a48435c0a11457653382b1512fd893fda45260071da58a
15,knn_preservation,0.08846771387367364,2000,gap,none,defocus_blur,3,score,True,99fc6ef526bc821b82a48435c0a11457653382b1512fd893fda45260071da58a
0,relative_distance,0.2181274136143799,2000,gap,none,defocus_blur,5,score,True,99fc6ef526bc821b82a48435c0a11457653382b1512fd893fda45260071da58a
0,cosine_distance,0.027100517478835125,2000,gap,none,defocus_blur,5,score,True,99fc6ef526bc821b82a48435c0a11457653382b1512fd893fda45260071da58a
0,one_minus_cka,0.3169886148106944,2000,gap,none,defocus_blur,5,score,True,99fc6ef526bc821b82a48435c0a11457653382b1512fd893fda45260071da58a
0,amplification_ratio,1.0,2000,gap,none,defocus_blur,5,score,True,99fc6ef526bc821b82a48435c0a11457653382b1512fd893fda45260071da58a
0,knn_preservation,0.16096012711918287,2000,gap,none,defocus_blur,5,score,True,99fc6ef526bc821b82a48435c0a11457653382b1512fd893fda45260071da58a
1,relative_distance,0.24580390416047856,2000,gap,none,defocus_blur,5,score,True,99fc6ef526bc821b82a48435c0a11457653382b1512fd893fda45260071da58a
1,cosine_distance,0.031562612327878575,2000,gap,none,defocus_blur,5,score,True,99fc6ef526bc821b82a48435c0a11457653382b1512fd893fda45260071da58a
1,one_minus_cka,0.28804008582322604,2000,gap,none,defocus_blur,5,score,True,99fc6ef526bc821b82a48435c0a11457653382b1512fd893fda45260071da58a
1,amplification_ratio,1.1268822202927093,2000,gap,none,defocus_blur,5,score,True,99fc6ef526bc821b82a48435c0a11457653382b1512fd893fda45260071da58a
1,knn_preservation,0.1649894487177769,2000,gap,none,defocus_blur,5,score,True,99fc6ef526bc821b82a48435c0a11457653382b1512fd893fda45260071da58a
2,relative_distance,0.23774137190511874,2000,gap,none,defocus_blur,5,score,True,99fc6ef526bc821b82a48435c0a11457653382b1512fd893fda45260071da58a
2,cosine_distance,0.029119678201657614,2000,gap,none,defocus_blur,5,score,True,99fc6ef526bc821b82a48435c0a11457653382b1512fd893fda45260071da58a
2,one_minus_cka,0.2724082073966274,2000,gap,none,defocus_blur,5,score,True,99fc6ef526bc821b82a48435c0a11457653382b1512fd893fda45260071da58a
2,amplification_ratio,0.9671993319923184,2000,gap,none,defocus_blur,5,score,True,99fc6ef526bc821b82a48435c0a11457653382b1512fd893fda45260071da58a
2,knn_preservation,0.16866382761545298,2000,gap,none,defocus_blur,5,score,True,99fc6ef526bc821b82a48435c0a11457653382b1512fd893fda45260071da58a
3,relative_distance,0.43357113300648403,2000,gap,none,defocus_blur,5,score,True,99fc6ef526bc821b82a48435c0a11457653382b1512fd893fda45260071da58a
3,cosine_distance,0.10001917334226318,2000,gap,none,defocus_blur,5,score,True,99fc6ef526bc821b82a48435c0a11457653382b1512fd893fda45260071da58a
3,one_minus_cka,0.16591930048480086,2000,gap,none,defocus_blur,5,score,True,99fc6ef526bc821b82a48435c0a11457653382b1512fd893fda45260071da58a
3,amplification_ratio,1.8237092245750137,2000,gap,none,defocus_blur,5,score,True,99fc6ef526bc821b82a48435c0a11457653382b1512fd893fda45260071da58a
3,knn_preservation,0.20372440081418408,2000,gap,none,defocus_blur,5,score,True,99fc6ef526bc821b82a48435c0a11457653382b1512fd893fda45260071da58a
4,relative_distance,0.4062401750426161,2000,gap,none,defocus_blur,5,score,True,99fc6ef526bc821b82a48435c0a11457653382b1512fd893fda45260071da58a
4,cosine_distance,0.08752023530799818,2000,gap,none,defocus_blur,5,score,True,99fc6ef526bc821b82a48435c0a11457653382b1512fd893fda45260071da58a
4,one_minus_cka,0.24574213999381578,2000,gap,none,defocus_blur,5,score,True,99fc6ef526bc821b82a48435c0a11457653382b1512fd893fda45260071da58a
4,amplification_ratio,0.9369631511804104,2000,gap,none,defocus_blur,5,score,True,99fc6ef526bc821b82a48435c0a11457653382b1512fd893fda45260071da58a
4,knn_preservation,0.18371678025277094,2000,gap,none,defocus_blur,5,score,True,99fc6ef526bc821b82a48435c0a11457653382b1512fd893fda45260071da58a
5,relative_distance,0.3709708086043299,2000,gap,none,defocus_blur,5,score,True,99fc6ef526bc821b82a48435c0a11457653382b1512fd893fda45260071da58a
5,cosine_distance,0.07299992615244738,2000,gap,none,defocus_blur,5,score,True,99fc6ef526bc821b82a48435c0a11457653382b1512fd893fda45260071da58a
5,one_minus_cka,0.23031823770760418,2000,gap,none,defocus_blur,5,score,True,99fc6ef526bc821b82a48435c0a11457653382b1512fd893fda45260071da58a
5,amplification_ratio,0.9131809983230085,2000,gap,none,defocus_blur,5,score,True,99fc6ef526bc821b82a48435c0a11457653382b1512fd893fda45260071da58a
5,knn_preservation,0.19270699634902422,2000,gap,none,defocus_blur,5,score,True,99fc6ef526bc821b82a48435c0a11457653382b1512fd893fda45260071da58a
6,relative_distance,0.33904921198644605,2000,gap,none,defocus_blur,5,score,True,99fc6ef526bc821b82a48435c0a11457653382b1512fd893fda45260071da58a
6,cosine_distance,0.060530828143444224,2000,gap,none,defocus_blur,5,score,True,99fc6ef526bc821b82a48435c0a11457653382b1512fd893fda45260071da58a
6,one_minus_cka,0.23127715322811726,2000,gap,none,defocus_blur,5,score,True,99fc6ef526bc821b82a48435c0a11457653382b1512fd893fda45260071da58a
6,amplification_ratio,0.9139511900195608,2000,gap,none,defocus_blur,5,score,True,99fc6ef526bc821b82a48435c0a11457653382b1512fd893fda45260071da58a
6,knn_preservation,0.18959748876854138,2000,gap,none,defocus_blur,5,score,True,99fc6ef526bc821b82a48435c0a11457653382b1512fd893fda45260071da58a
7,relative_distance,0.6254154636700475,2000,gap,none,defocus_blur,5,score,True,99fc6ef526bc821b82a48435c0a11457653382b1512fd893fda45260071da58a
7,cosine_distance,0.2008823589572549,2000,gap,none,defocus_blur,5,score,True,99fc6ef526bc821b82a48435c0a11457653382b1512fd893fda45260071da58a
7,one_minus_cka,0.23237313227093115,2000,gap,none,defocus_blur,5,score,True,99fc6ef526bc821b82a48435c0a11457653382b1512fd893fda45260071da58a
7,amplification_ratio,1.844615594313929,2000,gap,none,defocus_blur,5,score,True,99fc6ef526bc821b82a48435c0a11457653382b1512fd893fda45260071da58a
7,knn_preservation,0.17912221640588513,2000,gap,none,defocus_blur,5,score,True,99fc6ef526bc821b82a48435c0a11457653382b1512fd893fda45260071da58a
8,relative_distance,0.5684742460883542,2000,gap,none,defocus_blur,5,score,True,99fc6ef526bc821b82a48435c0a11457653382b1512fd893fda45260071da58a
8,cosine_distance,0.16864278048123815,2000,gap,none,defocus_blur,5,score,True,99fc6ef526bc821b82a48435c0a11457653382b1512fd893fda45260071da58a
8,one_minus_cka,0.2773339019254485,2000,gap,none,defocus_blur,5,score,True,99fc6ef526bc821b82a48435c0a11457653382b1512fd893fda45260071da58a
8,amplification_ratio,0.9089545735764953,2000,gap,none,defocus_blur,5,score,True,99fc6ef526bc821b82a48435c0a11457653382b1512fd893fda45260071da58a
8,knn_preservation,0.15824831884661608,2000,gap,none,defocus_blur,5,score,True,99fc6ef526bc821b82a48435c0a11457653382b1512fd893fda45260071da58a
9,relative_distance,0.5428638453926546,2000,gap,none,defocus_blur,5,score,True,99fc6ef526bc821b82a48435c0a11457653382b1512fd893fda45260071da58a
9,cosine_distance,0.15279382082386317,2000,gap,none,defocus_blur,5,score,True,99fc6ef526bc821b82a48435c0a11457653382b1512fd893fda45260071da58a
9,one_minus_cka,0.2972535006923053,2000,gap,none,defocus_blur,5,score,True,99fc6ef526bc821b82a48435c0a11457653382b1512fd893fda45260071da58a
9,amplification_ratio,0.9549488813751484,2000,gap,none,defocus_blur,5,score,True,99fc6ef526bc821b82a48435c0a11457653382b1512fd893fda45260071da58a
9,knn_preservation,0.1470000805008545,2000,gap,none,defocus_blur,5,score,True,99fc6ef526bc821b82a48435c0a11457653382b1512fd893fda45260071da58a
10,relative_distance,0.5273071689308556,2000,gap,none,defocus_blur,5,score,True,99fc6ef526bc821b82a48435c0a11457653382b1512fd893fda45260071da58a
10,cosine_distance,0.14378371491967026,2000,gap,none,defocus_blur,5,score,True,99fc6ef526bc821b82a48435c0a11457653382b1512fd893fda45260071da58a
10,one_minus_cka,0.30193274676418413,2000,gap,none,defocus_blur,5,score,True,99fc6ef526bc821b82a48435c0a11457653382b1512fd893fda45260071da58a
10,amplification_ratio,0.9713433182301046,2000,gap,none,defocus_blur,5,score,True,99fc6ef526bc821b82a48435c0a11457653382b1512fd893fda45260071da58a
10,knn_preservation,0.1402417972034845,2000,gap,none,defocus_blur,5,score,True,99fc6ef526bc821b82a48435c0a11457653382b1512fd893fda45260071da58a
11,relative_distance,0.4836847514163525,2000,gap,none,defocus_blur,5,score,True,99fc6ef526bc821b82a48435c0a11457653382b1512fd893fda45260071da58a
11,cosine_distance,0.12211614784119203,2000,gap,none,defocus_blur,5,score,True,99fc6ef526bc821b82a48435c0a11457653382b1512fd893fda45260071da58a
11,one_minus_cka,0.30002047302262613,2000,gap,none,defocus_blur,5,score,True,99fc6ef526bc821b82a48435c0a11457653382b1512fd893fda45260071da58a
11,amplification_ratio,0.9172732325961925,2000,gap,none,defocus_blur,5,score,True,99fc6ef526bc821b82a48435c0a11457653382b1512fd893fda45260071da58a
11,knn_preservation,0.13704761333437804,2000,gap,none,defocus_blur,5,score,True,99fc6ef526bc821b82a48435c0a11457653382b1512fd893fda45260071da58a
12,relative_distance,0.45314199919563203,2000,gap,none,defocus_blur,5,score,True,99fc6ef526bc821b82a48435c0a11457653382b1512fd893fda45260071da58a
12,cosine_distance,0.10577839155043818,2000,gap,none,defocus_blur,5,score,True,99fc6ef526bc821b82a48435c0a11457653382b1512fd893fda45260071da58a
12,one_minus_cka,0.29428921212415615,2000,gap,none,defocus_blur,5,score,True,99fc6ef526bc821b82a48435c0a11457653382b1512fd893fda45260071da58a
12,amplification_ratio,0.9368540105279658,2000,gap,none,defocus_blur,5,score,True,99fc6ef526bc821b82a48435c0a11457653382b1512fd893fda45260071da58a
12,knn_preservation,0.13503182726286442,2000,gap,none,defocus_blur,5,score,True,99fc6ef526bc821b82a48435c0a11457653382b1512fd893fda45260071da58a
13,relative_distance,0.8269483092258465,2000,gap,none,defocus_blur,5,score,True,99fc6ef526bc821b82a48435c0a11457653382b1512fd893fda45260071da58a
13,cosine_distance,0.36123905512247917,2000,gap,none,defocus_blur,5,score,True,99fc6ef526bc821b82a48435c0a11457653382b1512fd893fda45260071da58a
13,one_minus_cka,0.3566153155686538,2000,gap,none,defocus_blur,5,score,True,99fc6ef526bc821b82a48435c0a11457653382b1512fd893fda45260071da58a
13,amplification_ratio,1.8249209093258945,2000,gap,none,defocus_blur,5,score,True,99fc6ef526bc821b82a48435c0a11457653382b1512fd893fda45260071da58a
13,knn_preservation,0.10389207511614632,2000,gap,none,defocus_blur,5,score,True,99fc6ef526bc821b82a48435c0a11457653382b1512fd893fda45260071da58a
14,relative_distance,0.9830703826106082,2000,gap,none,defocus_blur,5,score,True,99fc6ef526bc821b82a48435c0a11457653382b1512fd893fda45260071da58a
14,cosine_distance,0.4993066801511438,2000,gap,none,defocus_blur,5,score,True,99fc6ef526bc821b82a48435c0a11457653382b1512fd893fda45260071da58a
14,one_minus_cka,0.524327469809708,2000,gap,none,defocus_blur,5,score,True,99fc6ef526bc821b82a48435c0a11457653382b1512fd893fda45260071da58a
14,amplification_ratio,1.1887930256861114,2000,gap,none,defocus_blur,5,score,True,99fc6ef526bc821b82a48435c0a11457653382b1512fd893fda45260071da58a
14,knn_preservation,0.06807531980403497,2000,gap,none,defocus_blur,5,score,True,99fc6ef526bc821b82a48435c0a11457653382b1512fd893fda45260071da58a
15,relative_distance,1.1114326173925761,2000,gap,none,defocus_blur,5,score,True,99fc6ef526bc821b82a48435c0a11457653382b1512fd893fda45260071da58a
15,cosine_distance,0.6444155252620316,2000,gap,none,defocus_blur,5,score,True,99fc6ef526bc821b82a48435c0a11457653382b1512fd893fda45260071da58a
15,one_minus_cka,0.690938034653171,2000,gap,none,defocus_blur,5,score,True,99fc6ef526bc821b82a48435c0a11457653382b1512fd893fda45260071da58a
15,amplification_ratio,1.1305727820230873,2000,gap,none,defocus_blur,5,score,True,99fc6ef526bc821b82a48435c0a11457653382b1512fd893fda45260071da58a
15,knn_preservation,0.0443781328320802,2000,gap,none,defocus_blur,5,score,True,99fc6ef526bc821b82a48435c0a11457653382b1512fd893fda45260071da58a
0,relative_distance,0.13234727378677205,2000,gap,none,contrast,1,score,False,99fc6ef526bc821b82a48435c0a11457653382b1512fd893fda45260071da58a
0,cosine_distance,0.009009365638460658,2000,gap,none,contrast,1,score,False,99fc6ef526bc821b82a48435c0a11457653382b1512fd893fda45260071da58a
0,one_minus_cka,0.12545326130408274,2000,gap,none,contrast,1,score,False,99fc6ef526bc821b82a48435c0a11457653382b1512fd893fda45260071da58a
0,amplification_ratio,1.0,2000,gap,none,contrast,1,score,False,99fc6ef526bc821b82a48435c0a11457653382b1512fd893fda45260071da58a
0,knn_preservation,0.3895512099269839,2000,gap,none,contrast,1,score,False,99fc6ef526bc821b82a48435c0a11457653382b1512fd893fda45260071da58a
1,relative_distance,0.11546891804304034,2000,gap,none,contrast,1,score,False,99fc6ef526bc821b82a48435c0a11457653382b1512fd893fda45260071da58a
1,cosine_distance,0.00618278313979677,2000,gap,none,contrast,1,score,False,99fc6ef526bc821b82a48435c0a11457653382b1512fd893fda45260071da58a
1,one_minus_cka,0.11586640054866915,2000,gap,none,contrast,1,score,False,99fc6ef526bc821b82a48435c0a11457653382b1512fd893fda45260071da58a
1,amplification_ratio,0.8724691845868707,2000,gap,none,contrast,1,score,False,99fc6ef526bc821b82a48435c0a11457653382b1512fd893fda45260071da58a
1,knn_preservation,0.42822938782923303,2000,gap,none,contrast,1,score,False,99fc6ef526bc821b82a48435c0a11457653382b1512fd893fda45260071da58a
2,relative_distance,0.10726306920541241,2000,gap,none,contrast,1,score,False,99fc6ef526bc821b82a48435c0a11457653382b1512fd893fda45260071da58a
2,cosine_distance,0.005237862751092353,2000,gap,none,contrast,1,score,False,99fc6ef526bc821b82a48435c0a11457653382b1512fd893fda45260071da58a
2,one_minus_cka,0.10644146422350542,2000,gap,none,contrast,1,score,False,99fc6ef526bc821b82a48435c0a11457653382b1512fd893fda45260071da58a
2,amplification_ratio,0.9289345654510311,2000,gap,none,contrast,1,score,False,99fc6ef526bc821b82a48435c0a11457653382b1512fd893fda45260071da58a
2,knn_preservation,0.44735529009174524,2000,gap,none,contrast,1,score,False,99fc6ef526bc821b82a48435c0a11457653382b1512fd893fda45260071da58a
3,relative_distance,0.17049660412592585,2000,gap,none,contrast,1,score,False,99fc6ef526bc821b82a48435c0a11457653382b1512fd893fda45260071da58a
3,cosine_distance,0.013991771244007987,2000,gap,none,contrast,1,score,False,99fc6ef526bc821b82a48435c0a11457653382b1512fd893fda45260071da58a
3,one_minus_cka,0.07280438428677027,2000,gap,none,contrast,1,score,False,99fc6ef526bc821b82a48435c0a11457653382b1512fd893fda45260071da58a
3,amplification_ratio,1.5895182320339825,2000,gap,none,contrast,1,score,False,99fc6ef526bc821b82a48435c0a11457653382b1512fd893fda45260071da58a
3,knn_preservation,0.49018190976550113,2000,gap,none,contrast,1,score,False,99fc6ef526bc821b82a48435c0a11457653382b1512fd893fda45260071da58a
4,relative_distance,0.1516011227381217,2000,gap,none,contrast,1,score,False,99fc6ef526bc821b82a48435c0a11457653382b1512fd893fda45260071da58a
4,cosine_distance,0.011340878689212583,2000,gap,none,contrast,1,score,False,99fc6ef526bc821b82a48435c0a11457653382b1512fd893fda45260071da58a
4,one_minus_cka,0.06707379843304162,2000,gap,none,contrast,1,score,False,99fc6ef526bc821b82a48435c0a11457653382b1512fd893fda45260071da58a
4,amplification_ratio,0.8891738549006626,2000,gap,none,contrast,1,score,False,99fc6ef526bc821b82a48435c0a11457653382b1512fd893fda45260071da58a
4,knn_preservation,0.45058860781461396,2000,gap,none,contrast,1,score,False,99fc6ef526bc821b82a48435c0a11457653382b1512fd893fda45260071da58a
5,relative_distance,0.14192851715056987,2000,gap,none,contrast,1,score,False,99fc6ef526bc821b82a48435c0a11457653382b1512fd893fda45260071da58a
5,cosine_distance,0.009806382586426875,2000,gap,none,contrast,1,score,False,99fc6ef526bc821b82a48435c0a11457653382b1512fd893fda45260071da58a
5,one_minus_cka,0.06304063157535911,2000,gap,none,contrast,1,score,False,99fc6ef526bc821b82a48435c0a11457653382b1512fd893fda45260071da58a
5,amplification_ratio,0.936197005583788,2000,gap,none,contrast,1,score,False,99fc6ef526bc821b82a48435c0a11457653382b1512fd893fda45260071da58a
5,knn_preservation,0.4668874380693266,2000,gap,none,contrast,1,score,False,99fc6ef526bc821b82a48435c0a11457653382b1512fd893fda45260071da58a
6,relative_distance,0.1363162999046567,2000,gap,none,contrast,1,score,False,99fc6ef526bc821b82a48435c0a11457653382b1512fd893fda45260071da58a
6,cosine_distance,0.009080362465760182,2000,gap,none,contrast,1,score,False,99fc6ef526bc821b82a48435c0a11457653382b1512fd893fda45260071da58a
6,one_minus_cka,0.054949296358632216,2000,gap,none,contrast,1,score,False,99fc6ef526bc821b82a48435c0a11457653382b1512fd893fda45260071da58a
6,amplification_ratio,0.9604574375989623,2000,gap,none,contrast,1,score,False,99fc6ef526bc821b82a48435c0a11457653382b1512fd893fda45260071da58a
6,knn_preservation,0.47605770738549374,2000,gap,none,contrast,1,score,False,99fc6ef526bc821b82a48435c0a11457653382b1512fd893fda45260071da58a
7,relative_distance,0.2660819065552287,2000,gap,none,contrast,1,score,False,99fc6ef526bc821b82a48435c0a11457653382b1512fd893fda45260071da58a
7,cosine_distance,0.036120200927459066,2000,gap,none,contrast,1,score,False,99fc6ef526bc821b82a48435c0a11457653382b1512fd893fda45260071da58a
7,one_minus_cka,0.05634845729546123,2000,gap,none,contrast,1,score,False,99fc6ef526bc821b82a48435c0a11457653382b1512fd893fda45260071da58a
7,amplification_ratio,1.951944901243164,2000,gap,none,contrast,1,score,False,99fc6ef526bc821b82a48435c0a11457653382b1512fd893fda45260071da58a
7,knn_preservation,0.47689909226480437,2000,gap,none,contrast,1,score,False,99fc6ef526bc821b82a48435c0a11457653382b1512fd893fda45260071da58a
8,relative_distance,0.1636697557203815,2000,gap,none,contrast,1,score,False,99fc6ef526bc821b82a48435c0a11457653382b1512fd893fda45260071da58a
8,cosine_distance,0.013902490750514656,2000,gap,none,contrast,1,score,False,99fc6ef526bc821b82a48435c0a11457653382b1512fd893fda45260071da58a
8,one_minus_cka,0.042137843313188594,2000,gap,none,contrast,1,score,False,99fc6ef526bc821b82a48435c0a11457653382b1512fd893fda45260071da58a
8,amplification_ratio,0.615110429112961,2000,gap,none,contrast,1,score,False,99fc6ef526bc821b82a48435c0a11457653382b1512fd893fda45260071da58a
8,knn_preservation,0.5039126473801396,2000,gap,none,contrast,1,score,False,99fc6ef526bc821b82a48435c0a11457653382b1512fd893fda45260071da58a
9,relative_distance,0.14872136782389495,2000,gap,none,contrast,1,score,False,99fc6ef526bc821b82a48435c0a11457653382b1512fd893fda45260071da58a
9,cosine_distance,0.011526767604008128,2000,gap,none,contrast,1,score,False,99fc6ef526bc821b82a48435c0a11457653382b1512fd893fda45260071da58a
9,one_minus_cka,0.031972934241840556,2000,gap,none,contrast,1,score,False,99fc6ef526bc821b82a48435c0a11457653382b1512fd893fda45260071da58a
9,amplification_ratio,0.9086673782172385,2000,gap,none,contrast,1,score,False,99fc6ef526bc821b82a48435c0a11457653382b1512fd893fda45260071da58a
9,knn_preservation,0.530759551722787,2000,gap,none,contrast,1,score,False,99fc6ef526bc821b82a48435c0a11457653382b1512fd893fda45260071da58a
10,relative_distance,0.13863166292741239,2000,gap,none,contrast,1,score,False,99fc6ef526bc821b82a48435c0a11457653382b1512fd893fda45260071da58a
10,cosine_distance,0.010052454412527055,2000,gap,none,contrast,1,score,False,99fc6ef526bc821b82a48435c0a11457653382b1512fd893fda45260071da58a
10,one_minus_cka,0.031074037050259462,2000,gap,none,contrast,1,score,False,99fc6ef526bc821b82a48435c0a11457653382b1512fd893fda45260071da58a
10,amplification_ratio,0.9321569923399975,2000,gap,none,contrast,1,score,False,99fc6ef526bc821b82a48435c0a11457653382b1512fd893fda45260071da58a
10,knn_preservation,0.5365485564057545,2000,gap,none,contrast,1,score,False,99fc6ef526bc821b82a48435c0a11457653382b1512fd893fda45260071da58a
11,relative_distance,0.1254276441548122,2000,gap,none,contrast,1,score,False,99fc6ef526bc821b82a48435c0a11457653382b1512fd893fda45260071da58a
11,cosine_distance,0.008215059988701758,2000,gap,none,contrast,1,score,False,99fc6ef526bc821b82a48435c0a11457653382b1512fd893fda45260071da58a
11,one_minus_cka,0.026120395570312316,2000,gap,none,contrast,1,score,False,99fc6ef526bc821b82a48435c0a11457653382b1512fd893fda45260071da58a
11,amplification_ratio,0.9047546679180078,2000,gap,none,contrast,1,score,False,99fc6ef526bc821b82a48435c0a11457653382b1512fd893fda45260071da58a
11,knn_preservation,0.5683311737282326,2000,gap,none,contrast,1,score,False,99fc6ef526bc821b82a48435c0a11457653382b1512fd893fda45260071da58a
12,relative_distance,0.11887256679645127,2000,gap,none,contrast,1,score,False,99fc6ef526bc821b82a48435c0a11457653382b1512fd893fda45260071da58a
12,cosine_distance,0.007404844585055836,2000,gap,none,contrast,1,score,False,99fc6ef526bc821b82a48435c0a11457653382b1512fd893fda45260071da58a
12,one_minus_cka,0.029520889720266008,2000,gap,none,contrast,1,score,False,99fc6ef526bc821b82a48435c0a11457653382b1512fd893fda45260071da58a
12,amplification_ratio,0.9477381768386707,2000,gap,none,contrast,1,score,False,99fc6ef526bc821b82a48435c0a11457653382b1512fd893fda45260071da58a
12,knn_preservation,0.5928437134760665,2000,gap,none,contrast,1,score,False,99fc6ef526bc821b82a48435c0a11457653382b1512fd893fda45260071da58a
13,relative_distance,0.19535519222391254,2000,gap,none,contrast,1,score,False,99fc6ef526bc821b82a48435c0a11457653382b1512fd893fda45260071da58a
13,cosine_distance,0.020594542889665318,2000,gap,none,contrast,1,score,False,99fc6ef526bc821b82a48435c0a11457653382b1512fd893fda45260071da58a
13,one_minus_cka,0.01658412541737886,2000,gap,none,contrast,1,score,False,99fc6ef526bc821b82a48435c0a11457653382b1512fd893fda45260071da58a
13,amplification_ratio,1.6434001341825533,2000,gap,none,contrast,1,score,False,99fc6ef526bc821b82a48435c0a11457653382b1512fd893fda45260071da58a
13,knn_preservation,0.6197078762740528,2000,gap,none,contrast,1,score,False,99fc6ef526bc821b82a48435c0a11457653382b1512fd893fda45260071da58a
14,relative_distance,0.2280969022820144,2000,gap,none,contrast,1,score,False,99fc6ef526bc821b82a48435c0a11457653382b1512fd893fda45260071da58a
14,cosine_distance,0.028128599579887316,2000,gap,none,contrast,1,score,False,99fc6ef526bc821b82a48435c0a11457653382b1512fd893fda45260071da58a
14,one_minus_cka,0.020981051916869164,2000,gap,none,contrast,1,score,False,99fc6ef526bc821b82a48435c0a11457653382b1512fd893fda45260071da58a
14,amplification_ratio,1.1676009205866098,2000,gap,none,contrast,1,score,False,99fc6ef526bc821b82a48435c0a11457653382b1512fd893fda45260071da58a
14,knn_preservation,0.6192393007319478,2000,gap,none,contrast,1,score,False,99fc6ef526bc821b82a48435c0a11457653382b1512fd893fda45260071da58a
15,relative_distance,0.2622347083003055,2000,gap,none,contrast,1,score,False,99fc6ef526bc821b82a48435c0a11457653382b1512fd893fda45260071da58a
15,cosine_distance,0.037386284400174705,2000,gap,none,contrast,1,score,False,99fc6ef526bc821b82a48435c0a11457653382b1512fd893fda45260071da58a
15,one_minus_cka,0.039434845488129144,2000,gap,none,contrast,1,score,False,99fc6ef526bc821b82a48435c0a11457653382b1512fd893fda45260071da58a
15,amplification_ratio,1.1496636108459017,2000,gap,none,contrast,1,score,False,99fc6ef526bc821b82a48435c0a11457653382b1512fd893fda45260071da58a
15,knn_preservation,0.5729779825867288,2000,gap,none,contrast,1,score,False,99fc6ef526bc821b82a48435c0a11457653382b1512fd893fda45260071da58a
0,relative_distance,0.18729259515811794,2000,gap,none,contrast,3,score,False,99fc6ef526bc821b82a48435c0a11457653382b1512fd893fda45260071da58a
0,cosine_distance,0.018808386991358703,2000,gap,none,contrast,3,score,False,99fc6ef526bc821b82a48435c0a11457653382b1512fd893fda45260071da58a
0,one_minus_cka,0.25170989197788785,2000,gap,none,contrast,3,score,False,99fc6ef526bc821b82a48435c0a11457653382b1512fd893fda45260071da58a
0,amplification_ratio,1.0,2000,gap,none,contrast,3,score,False,99fc6ef526bc821b82a48435c0a11457653382b1512fd893fda45260071da58a
0,knn_preservation,0.22751600613868414,2000,gap,none,contrast,3,score,False,99fc6ef526bc821b82a48435c0a11457653382b1512fd893fda45260071da58a
1,relative_distance,0.16497144551987414,2000,gap,none,contrast,3,score,False,99fc6ef526bc821b82a48435c0a11457653382b1512fd893fda45260071da58a
1,cosine_distance,0.013325202105895027,2000,gap,none,contrast,3,score,False,99fc6ef526bc821b82a48435c0a11457653382b1512fd893fda45260071da58a
1,one_minus_cka,0.2157539922468915,2000,gap,none,contrast,3,score,False,99fc6ef526bc821b82a48435c0a11457653382b1512fd893fda45260071da58a
1,amplification_ratio,0.8808220388029776,2000,gap,none,contrast,3,score,False,99fc6ef526bc821b82a48435c0a11457653382b1512fd893fda45260071da58a
1,knn_preservation,0.26519649932111233,2000,gap,none,contrast,3,score,False,99fc6ef526bc821b82a48435c0a11457653382b1512fd893fda45260071da58a
2,relative_distance,0.15326645672653172,2000,gap,none,contrast,3,score,False,99fc6ef526bc821b82a48435c0a11457653382b1512fd893fda45260071da58a
2,cosine_distance,0.011297721817555277,2000,gap,none,contrast,3,score,False,99fc6ef526bc821b82a48435c0a11457653382b1512fd893fda45260071da58a
2,one_minus_cka,0.19051975016493672,2000,gap,none,contrast,3,score,False,99fc6ef526bc821b82a48435c0a11457653382b1512fd893fda45260071da58a
2,amplification_ratio,0.9290483952755793,2000,gap,none,contrast,3,score,False,99fc6ef526bc821b82a48435c0a11457653382b1512fd893fda45260071da58a
2,knn_preservation,0.2887549350803995,2000,gap,none,contrast,3,score,False,99fc6ef526bc821b82a48435c0a11457653382b1512fd893fda45260071da58a
3,relative_distance,0.2564538336463879,2000,gap,none,contrast,3,score,False,99fc6ef526bc821b82a48435c0a11457653382b1512fd893fda45260071da58a
3,cosine_distance,0.032647254441336954,2000,gap,none,contrast,3,score,False,99fc6ef526bc821b82a48435c0a11457653382b1512fd893fda45260071da58a
3,one_minus_cka,0.1358007330615969,2000,gap,none,contrast,3,score,False,99fc6ef526bc821b82a48435c0a11457653382b1512fd893fda45260071da58a
3,amplification_ratio,1.6732547951047765,2000,gap,none,contrast,3,score,False,99fc6ef526bc821b82a48435c0a11457653382b1512fd893fda45260071da58a
3,knn_preservation,0.3394648590143946,2000,gap,none,contrast,3,score,False,99fc6ef526bc821b82a48435c0a11457653382b1512fd893fda45260071da58a
4,relative_distance,0.2252317134506747,2000,gap,none,contrast,3,score,False,99fc6ef526bc821b82a48435c0a11457653382b1512fd893fda45260071da58a
4,cosine_distance,0.02544371895430499,2000,gap,none,contrast,3,score,False,99fc6ef526bc821b82a48435c0a11457653382b1512fd893fda45260071da58a
4,one_minus_cka,0.144678390210204,2000,gap,none,contrast,3,score,False,99fc6ef526bc821b82a48435c0a11457653382b1512fd893fda45260071da58a
4,amplification_ratio,0.8782544220463324,2000,gap,none,contrast,3,score,False,99fc6ef526bc821b82a48435c0a11457653382b1512fd893fda45260071da58a
4,knn_preservation,0.3098653221563438,2000,gap,none,contrast,3,score,False,99fc6ef526bc821b82a48435c0a11457653382b1512fd893fda45260071da58a
5,relative_distance,0.21083221549780587,2000,gap,none,contrast,3,score,False,99fc6ef526bc821b82a48435c0a11457653382b1512fd893fda45260071da58a
5,cosine_distance,0.022030315052530492,2000,gap,none,contrast,3,score,False,99fc6ef526bc821b82a48435c0a11457653382b1512fd893fda45260071da58a
5,one_minus_cka,0.13875576751961538,2000,gap,none,contrast,3,score,False,99fc6ef526bc821b82a48435c0a11457653382b1512fd893fda45260071da58a
5,amplification_ratio,0.9360680708224409,2000,gap,none,contrast,3,score,False,99fc6ef526bc821b82a48435c0a11457653382b1512fd893fda45260071da58a
5,knn_preservation,0.32586073979340235,2000,gap,none,contrast,3,score,False,99fc6ef526bc821b82a48435c0a11457653382b1512fd893fda45260071da58a
6,relative_distance,0.2007826858974539,2000,gap,none,contrast,3,score,False,99fc6ef526bc821b82a48435c0a11457653382b1512fd893fda45260071da58a
6,cosine_distance,0.020044269112765925,2000,gap,none,contrast,3,score,False,99fc6ef526bc821b82a48435c0a11457653382b1512fd893fda45260071da58a
6,one_minus_cka,0.12340141279937367,2000,gap,none,contrast,3,score,False,99fc6ef526bc821b82a48435c0a11457653382b1512fd893fda45260071da58a
6,amplification_ratio,0.9523339942303242,2000,gap,none,contrast,3,score,False,99fc6ef526bc821b82a48435c0a11457653382b1512fd893fda45260071da58a
6,knn_preservation,0.3346279429205125,2000,gap,none,contrast,3,score,False,99fc6ef526bc821b82a48435c0a11457653382b1512fd893fda45260071da58a
7,relative_distance,0.4122014348826501,2000,gap,none,contrast,3,score,False,99fc6ef526bc821b82a48435c0a11457653382b1512fd893fda45260071da58a
7,cosine_distance,0.08715674556205874,2000,gap,none,contrast,3,score,False,99fc6ef526bc821b82a48435c0a11457653382b1512fd893fda45260071da58a
7,one_minus_cka,0.12869069568627578,2000,gap,none,contrast,3,score,False,99fc6ef526bc821b82a48435c0a11457653382b1512fd893fda45260071da58a
7,amplification_ratio,2.0529730093020793,2000,gap,none,contrast,3,score,False,99fc6ef526bc821b82a48435c0a11457653382b1512fd893fda45260071da58a
7,knn_preservation,0.34100664527251207,2000,gap,none,contrast,3,score,False,99fc6ef526bc821b82a48435c0a11457653382b1512fd893fda45260071da58a
8,relative_distance,0.25586676048859575,2000,gap,none,contrast,3,score,False,99fc6ef526bc821b82a48435c0a11457653382b1512fd893fda45260071da58a
8,cosine_distance,0.03391249871573588,2000,gap,none,contrast,3,score,False,99fc6ef526bc821b82a48435c0a11457653382b1512fd893fda45260071da58a
8,one_minus_cka,0.10177760487808385,2000,gap,none,contrast,3,score,False,99fc6ef526bc821b82a48435c0a11457653382b1512fd893fda45260071da58a
8,amplification_ratio,0.6207323382109008,2000,gap,none,contrast,3,score,False,99fc6ef526bc821b82a48435c0a11457653382b1512fd893fda45260071da58a
8,knn_preservation,0.36008734742209975,2000,gap,none,contrast,3,score,False,99fc6ef526bc821b82a48435c0a11457653382b1512fd893fda45260071da58a
9,relative_distance,0.2333211530851362,2000,gap,none,contrast,3,score,False,99fc6ef526bc821b82a48435c0a11457653382b1512fd893fda45260071da58a
9,cosine_distance,0.028327652547308083,2000,gap,none,contrast,3,score,False,99fc6ef526bc821b82a48435c0a11457653382b1512fd893fda45260071da58a
9,one_minus_cka,0.08085645734637958,2000,gap,none,contrast,3,score,False,99fc6ef526bc821b82a48435c0a11457653382b1512fd893fda45260071da58a
9,amplification_ratio,0.911885360332045,2000,gap,none,contrast,3,score,False,99fc6ef526bc821b82a48435c0a11457653382b1512fd893fda45260071da58a
9,knn_preservation,0.38068672667202075,2000,gap,none,contrast,3,score,False,99fc6ef526bc821b82a48435c0a11457653382b1512fd893fda45260071da58a
10,relative_distance,0.2182958036805458,2000,gap,none,contrast,3,score,False,99fc6ef526bc821b82a48435c0a11457653382b1512fd893fda45260071da58a
10,cosine_distance,0.024820881199135548,2000,gap,none,contrast,3,score,False,99fc6ef526bc821b82a48435c0a11457653382b1512fd893fda45260071da58a
10,one_minus_cka,0.07934244094328824,2000,gap,none,contrast,3,score,False,99fc6ef526bc821b82a48435c0a11457653382b1512fd893fda45260071da58a
10,amplification_ratio,0.9356022837796115,2000,gap,none,contrast,3,score,False,99fc6ef526bc821b82a48435c0a11457653382b1512fd893fda45260071da58a
10,knn_preservation,0.38865142197843433,2000,gap,none,contrast,3,score,False,99fc6ef526bc821b82a48435c0a11457653382b1512fd893fda45260071da58a
11,relative_distance,0.19801748020616652,2000,gap,none,contrast,3,score,False,99fc6ef526bc821b82a48435c0a11457653382b1512fd893fda45260071da58a
11,cosine_distance,0.02036836922374498,2000,gap,none,contrast,3,score,False,99fc6ef526bc821b82a48435c0a11457653382b1512fd893fda45260071da58a
11,one_minus_cka,0.06672009945351476,2000,gap,none,contrast,3,score,False,99fc6ef526bc821b82a48435c0a11457653382b1512fd893fda45260071da58a
11,amplification_ratio,0.9071062149043663,2000,gap,none,contrast,3,score,False,99fc6ef526bc821b82a48435c0a11457653382b1512fd893fda45260071da58a
11,knn_preservation,0.4202966105961462,2000,gap,none,contrast,3,score,False,99fc6ef526bc821b82a48435c0a11457653382b1512fd893fda45260071da58a
12,relative_distance,0.18744631185919003,2000,gap,none,contrast,3,score,False,99fc6ef526bc821b82a48435c0a11457653382b1512fd893fda45260071da58a
12,cosine_distance,0.018325818377327833,2000,gap,none,contrast,3,score,False,99fc6ef526bc821b82a48435c0a11457653382b1512fd893fda45260071da58a
12,one_minus_cka,0.07407555654270803,2000,gap,none,contrast,3,score,False,99fc6ef526bc821b82a48435c0a11457653382b1512fd893fda45260071da58a
12,amplification_ratio,0.9466149739105341,2000,gap,none,contrast,3,score,False,99fc6ef526bc821b82a48435c0a11457653382b1512fd893fda45260071da58a
12,knn_preservation,0.44695332582793884,2000,gap,none,contrast,3,score,False,99fc6ef526bc821b82a48435c0a11457653382b1512fd893fda45260071da58a
13,relative_distance,0.30468322590502295,2000,gap,none,contrast,3,score,False,99fc6ef526bc821b82a48435c0a11457653382b1512fd893fda45260071da58a
13,cosine_distance,0.04991394169591188,2000,gap,none,contrast,3,score,False,99fc6ef526bc821b82a48435c0a11457653382b1512fd893fda45260071da58a
13,one_minus_cka,0.04234253807479571,2000,gap,none,contrast,3,score,False,99fc6ef526bc821b82a48435c0a11457653382b1512fd893fda45260071da58a
13,amplification_ratio,1.6254426287880313,2000,gap,none,contrast,3,score,False,99fc6ef526bc821b82a48435c0a11457653382b1512fd893fda45260071da58a
13,knn_preservation,0.4802129346831359,2000,gap,none,contrast,3,score,False,99fc6ef526bc821b82a48435c0a11457653382b1512fd893fda45260071da58a
14,relative_distance,0.3501355011638707,2000,gap,none,contrast,3,score,False,99fc6ef526bc821b82a48435c0a11457653382b1512fd893fda45260071da58a
14,cosine_distance,0.06631993151345192,2000,gap,none,contrast,3,score,False,99fc6ef526bc821b82a48435c0a11457653382b1512fd893fda45260071da58a
14,one_minus_cka,0.053461377064480176,2000,gap,none,contrast,3,score,False,99fc6ef526bc821b82a48435c0a11457653382b1512fd893fda45260071da58a
14,amplification_ratio,1.1491787909355282,2000,gap,none,contrast,3,score,False,99fc6ef526bc821b82a48435c0a11457653382b1512fd893fda45260071da58a
14,knn_preservation,0.4856856870339843,2000,gap,none,contrast,3,score,False,99fc6ef526bc821b82a48435c0a11457653382b1512fd893fda45260071da58a
15,relative_distance,0.39577828714549296,2000,gap,none,contrast,3,score,False,99fc6ef526bc821b82a48435c0a11457653382b1512fd893fda45260071da58a
15,cosine_distance,0.08508701378364615,2000,gap,none,contrast,3,score,False,99fc6ef526bc821b82a48435c0a11457653382b1512fd893fda45260071da58a
15,one_minus_cka,0.09812054231886391,2000,gap,none,contrast,3,score,False,99fc6ef526bc821b82a48435c0a11457653382b1512fd893fda45260071da58a
15,amplification_ratio,1.1303574925418958,2000,gap,none,contrast,3,score,False,99fc6ef526bc821b82a48435c0a11457653382b1512fd893fda45260071da58a
15,knn_preservation,0.43351914129042607,2000,gap,none,contrast,3,score,False,99fc6ef526bc821b82a48435c0a11457653382b1512fd893fda45260071da58a
0,relative_distance,0.23968316830531883,2000,gap,none,contrast,5,score,False,99fc6ef526bc821b82a48435c0a11457653382b1512fd893fda45260071da58a
0,cosine_distance,0.031588735152797795,2000,gap,none,contrast,5,score,False,99fc6ef526bc821b82a48435c0a11457653382b1512fd893fda45260071da58a
0,one_minus_cka,0.35458881153488,2000,gap,none,contrast,5,score,False,99fc6ef526bc821b82a48435c0a11457653382b1512fd893fda45260071da58a
0,amplification_ratio,1.0,2000,gap,none,contrast,5,score,False,99fc6ef526bc821b82a48435c0a11457653382b1512fd893fda45260071da58a
0,knn_preservation,0.10437573894114141,2000,gap,none,contrast,5,score,False,99fc6ef526bc821b82a48435c0a11457653382b1512fd893fda45260071da58a
1,relative_distance,0.2208129755008347,2000,gap,none,contrast,5,score,False,99fc6ef526bc821b82a48435c0a11457653382b1512fd893fda45260071da58a
1,cosine_distance,0.02522830430536724,2000,gap,none,contrast,5,score,False,99fc6ef526bc821b82a48435c0a11457653382b1512fd893fda45260071da58a
1,one_minus_cka,0.3420118737689849,2000,gap,none,contrast,5,score,False,99fc6ef526bc821b82a48435c0a11457653382b1512fd893fda45260071da58a
1,amplification_ratio,0.9212702629979989,2000,gap,none,contrast,5,score,False,99fc6ef526bc821b82a48435c0a11457653382b1512fd893fda45260071da58a
1,knn_preservation,0.11703840127021242,2000,gap,none,contrast,5,score,False,99fc6ef526bc821b82a48435c0a11457653382b1512fd893fda45260071da58a
2,relative_distance,0.20989453729237487,2000,gap,none,contrast,5,score,False,99fc6ef526bc821b82a48435c0a11457653382b1512fd893fda45260071da58a
2,cosine_distance,0.022429700732885246,2000,gap,none,contrast,5,score,False,99fc6ef526bc821b82a48435c0a11457653382b1512fd893fda45260071da58a
2,one_minus_cka,0.2959123815103192,2000,gap,none,contrast,5,score,False,99fc6ef526bc821b82a48435c0a11457653382b1512fd893fda45260071da58a
2,amplification_ratio,0.9505534573604867,2000,gap,none,contrast,5,score,False,99fc6ef526bc821b82a48435c0a11457653382b1512fd893fda45260071da58a
2,knn_preservation,0.14532351025307683,2000,gap,none,contrast,5,score,False,99fc6ef526bc821b82a48435c0a11457653382b1512fd893fda45260071da58a
3,relative_distance,0.390876754724317,2000,gap,none,contrast,5,score,False,99fc6ef526bc821b82a48435c0a11457653382b1512fd893fda45260071da58a
3,cosine_distance,0.08034076084739733,2000,gap,none,contrast,5,score,False,99fc6ef526bc821b82a48435c0a11457653382b1512fd893fda45260071da58a
3,one_minus_cka,0.24944343751627562,2000,gap,none,contrast,5,score,False,99fc6ef526bc821b82a48435c0a11457653382b1512fd893fda45260071da58a
3,amplification_ratio,1.8622531094262877,2000,gap,none,contrast,5,score,False,99fc6ef526bc821b82a48435c0a11457653382b1512fd893fda45260071da58a
3,knn_preservation,0.16773896936396934,2000,gap,none,contrast,5,score,False,99fc6ef526bc821b82a48435c0a11457653382b1512fd893fda45260071da58a
4,relative_distance,0.34665786221161254,2000,gap,none,contrast,5,score,False,99fc6ef526bc821b82a48435c0a11457653382b1512fd893fda45260071da58a
4,cosine_distance,0.06237503764236618,2000,gap,none,contrast,5,score,False,99fc6ef526bc821b82a48435c0a11457653382b1512fd893fda45260071da58a
4,one_minus_cka,0.36823328007068745,2000,gap,none,contrast,5,score,False,99fc6ef526bc821b82a48435c0a11457653382b1512fd893fda45260071da58a
4,amplification_ratio,0.8868725449179198,2000,gap,none,contrast,5,score,False,99fc6ef526bc821b82a48435c0a11457653382b1512fd893fda45260071da58a
4,knn_preservation,0.1523859717423959,2000,gap,none,contrast,5,score,False,99fc6ef526bc821b82a48435c0a11457653382b1512fd893fda45260071da58a
5,relative_distance,0.32206684303295147,2000,gap,none,contrast,5,score,False,99fc6ef526bc821b82a48435c0a11457653382b1512fd893fda45260071da58a
5,cosine_distance,0.05350664571853914,2000,gap,none,contrast,5,score,False,99fc6ef526bc821b82a48435c0a11457653382b1512fd893fda45260071da58a
5,one_minus_cka,0.39802533664500483,2000,gap,none,contrast,5,score,False,99fc6ef526bc821b82a48435c0a11457653382b1512fd893fda45260071da58a
5,amplification_ratio,0.9290625661227616,2000,gap,none,contrast,5,score,False,99fc6ef526bc821b82a48435c0a11457653382b1512fd893fda45260071da58a
5,knn_preservation,0.16382451153078087,2000,gap,none,contrast,5,score,False,99fc6ef526bc821b82a48435c0a11457653382b1512fd893fda45260071da58a
6,relative_distance,0.29892831616179055,2000,gap,none,contrast,5,score,False,99fc6ef526bc821b82a48435c0a11457653382b1512fd893fda45260071da58a
6,cosine_distance,0.0459538235464042,2000,gap,none,contrast,5,score,False,99fc6ef526bc821b82a48435c0a11457653382b1512fd893fda45260071da58a
6,one_minus_cka,0.3821156426603449,2000,gap,none,contrast,5,score,False,99fc6ef526bc821b82a48435c0a11457653382b1512fd893fda45260071da58a
6,amplification_ratio,0.9281561347536991,2000,gap,none,contrast,5,score,False,99fc6ef526bc821b82a48435c0a11457653382b1512fd893fda45260071da58a
6,knn_preservation,0.1664402651012558,2000,gap,none,contrast,5,score,False,99fc6ef526bc821b82a48435c0a11457653382b1512fd893fda45260071da58a
7,relative_distance,0.5964419502917607,2000,gap,none,contrast,5,score,False,99fc6ef526bc821b82a48435c0a11457653382b1512fd893fda45260071da58a
7,cosine_distance,0.18941430946128773,2000,gap,none,contrast,5,score,False,99fc6ef526bc821b82a48435c0a11457653382b1512fd893fda45260071da58a
7,one_minus_cka,0.30722727301187847,2000,gap,none,contrast,5,score,False,99fc6ef526bc821b82a48435c0a11457653382b1512fd893fda45260071da58a
7,amplification_ratio,1.9952674873695984,2000,gap,none,contrast,5,score,False,99fc6ef526bc821b82a48435c0a11457653382b1512fd893fda45260071da58a
7,knn_preservation,0.17883832163708321,2000,gap,none,contrast,5,score,False,99fc6ef526bc821b82a48435c0a11457653382b1512fd893fda45260071da58a
8,relative_distance,0.44805440464945595,2000,gap,none,contrast,5,score,False,99fc6ef526bc821b82a48435c0a11457653382b1512fd893fda45260071da58a
8,cosine_distance,0.10718050930227709,2000,gap,none,contrast,5,score,False,99fc6ef526bc821b82a48435c0a11457653382b1512fd893fda45260071da58a
8,one_minus_cka,0.28509782998783273,2000,gap,none,contrast,5,score,False,99fc6ef526bc821b82a48435c0a11457653382b1512fd893fda45260071da58a
8,amplification_ratio,0.7512120910178799,2000,gap,none,contrast,5,score,False,99fc6ef526bc821b82a48435c0a11457653382b1512fd893fda45260071da58a
8,knn_preservation,0.18048244935319238,2000,gap,none,contrast,5,score,False,99fc6ef526bc821b82a48435c0a11457653382b1512fd893fda45260071da58a
9,relative_distance,0.4075241270770102,2000,gap,none,contrast,5,score,False,99fc6ef526bc821b82a48435c0a11457653382b1512fd893fda45260071da58a
9,cosine_distance,0.08810048867681175,2000,gap,none,contrast,5,score,False,99fc6ef526bc821b82a48435c0a11457653382b1512fd893fda45260071da58a
9,one_minus_cka,0.2567449942273221,2000,gap,none,contrast,5,score,False,99fc6ef526bc821b82a48435c0a11457653382b1512fd893fda45260071da58a
9,amplification_ratio,0.9095416155898403,2000,gap,none,contrast,5,score,False,99fc6ef526bc821b82a48435c0a11457653382b1512fd893fda45260071da58a
9,knn_preservation,0.1863085249803516,2000,gap,none,contrast,5,score,False,99fc6ef526bc821b82a48435c0a11457653382b1512fd893fda45260071da58a
10,relative_distance,0.38387304271046047,2000,gap,none,contrast,5,score,False,99fc6ef526bc821b82a48435c0a11457653382b1512fd893fda45260071da58a
10,cosine_distance,0.07779792946978009,2000,gap,none,contrast,5,score,False,99fc6ef526bc821b82a48435c0a11457653382b1512fd893fda45260071da58a
10,one_minus_cka,0.25389070277833126,2000,gap,none,contrast,5,score,False,99fc6ef526bc821b82a48435c0a11457653382b1512fd893fda45260071da58a
10,amplification_ratio,0.9419639653333204,2000,gap,none,contrast,5,score,False,99fc6ef526bc821b82a48435c0a11457653382b1512fd893fda45260071da58a
10,knn_preservation,0.19312826531054086,2000,gap,none,contrast,5,score,False,99fc6ef526bc821b82a48435c0a11457653382b1512fd893fda45260071da58a
11,relative_distance,0.3518431587317755,2000,gap,none,contrast,5,score,False,99fc6ef526bc821b82a48435c0a11457653382b1512fd893fda45260071da58a
11,cosine_distance,0.06511857078687946,2000,gap,none,contrast,5,score,False,99fc6ef526bc821b82a48435c0a11457653382b1512fd893fda45260071da58a
11,one_minus_cka,0.22072559954875715,2000,gap,none,contrast,5,score,False,99fc6ef526bc821b82a48435c0a11457653382b1512fd893fda45260071da58a
11,amplification_ratio,0.9165612574602073,2000,gap,none,contrast,5,score,False,99fc6ef526bc821b82a48435c0a11457653382b1512fd893fda45260071da58a
11,knn_preservation,0.21125227369809416,2000,gap,none,contrast,5,score,False,99fc6ef526bc821b82a48435c0a11457653382b1512fd893fda45260071da58a
12,relative_distance,0.33546894215570433,2000,gap,none,contrast,5,score,False,99fc6ef526bc821b82a48435c0a11457653382b1512fd893fda45260071da58a
12,cosine_distance,0.05917433111368618,2000,gap,none,contrast,5,score,False,99fc6ef526bc821b82a48435c0a11457653382b1512fd893fda45260071da58a
12,one_minus_cka,0.2253368823696682,2000,gap,none,contrast,5,score,False,99fc6ef526bc821b82a48435c0a11457653382b1512fd893fda45260071da58a
12,amplification_ratio,0.9534616030759492,2000,gap,none,contrast,5,score,False,99fc6ef526bc821b82a48435c0a11457653382b1512fd893fda45260071da58a
12,knn_preservation,0.2238911510316309,2000,gap,none,contrast,5,score,False,99fc6ef526bc821b82a48435c0a11457653382b1512fd893fda45260071da58a
13,relative_distance,0.5729619605718639,2000,gap,none,contrast,5,score,False,99fc6ef526bc821b82a48435c0a11457653382b1512fd893fda45260071da58a
13,cosine_distance,0.18694541355356764,2000,gap,none,contrast,5,score,False,99fc6ef526bc821b82a48435c0a11457653382b1512fd893fda45260071da58a
13,one_minus_cka,0.1903226168340446,2000,gap,none,contrast,5,score,False,99fc6ef526bc821b82a48435c0a11457653382b1512fd893fda45260071da58a
13,amplification_ratio,1.707943384833311,2000,gap,none,contrast,5,score,False,99fc6ef526bc821b82a48435c0a11457653382b1512fd893fda45260071da58a
13,knn_preservation,0.22285635601928172,2000,gap,none,contrast,5,score,False,99fc6ef526bc821b82a48435c0a11457653382b1512fd893fda45260071da58a
14,relative_distance,0.6542182749355131,2000,gap,none,contrast,5,score,False,99fc6ef526bc821b82a48435c0a11457653382b1512fd893fda45260071da58a
14,cosine_distance,0.24629938279560082,2000,gap,none,contrast,5,score,False,99fc6ef526bc821b82a48435c0a11457653382b1512fd893fda45260071da58a
14,one_minus_cka,0.25332768967010655,2000,gap,none,contrast,5,score,False,99fc6ef526bc821b82a48435c0a11457653382b1512fd893fda45260071da58a
14,amplification_ratio,1.1418179913419533,2000,gap,none,contrast,5,score,False,99fc6ef526bc821b82a48435c0a11457653382b1512fd893fda45260071da58a
14,knn_preservation,0.20334019678292123,2000,gap,none,contrast,5,score,False,99fc6ef526bc821b82a48435c0a11457653382b1512fd893fda45260071da58a
15,relative_distance,0.7309917868790902,2000,gap,none,contrast,5,score,False,99fc6ef526bc821b82a48435c0a11457653382b1512fd893fda45260071da58a
15,cosine_distance,0.3037959748262785,2000,gap,none,contrast,5,score,False,99fc6ef526bc821b82a48435c0a11457653382b1512fd893fda45260071da58a
15,one_minus_cka,0.3974773096182104,2000,gap,none,contrast,5,score,False,99fc6ef526bc821b82a48435c0a11457653382b1512fd893fda45260071da58a
15,amplification_ratio,1.1173515245368906,2000,gap,none,contrast,5,score,False,99fc6ef526bc821b82a48435c0a11457653382b1512fd893fda45260071da58a
15,knn_preservation,0.16094569444143747,2000,gap,none,contrast,5,score,False,99fc6ef526bc821b82a48435c0a11457653382b1512fd893fda45260071da58a
0,relative_distance,0.07066962642001909,2000,gap,none,jpeg_compression,1,score,False,99fc6ef526bc821b82a48435c0a11457653382b1512fd893fda45260071da58a
0,cosine_distance,0.002875934826462349,2000,gap,none,jpeg_compression,1,score,False,99fc6ef526bc821b82a48435c0a11457653382b1512fd893fda45260071da58a
0,one_minus_cka,0.019550698257229104,2000,gap,none,jpeg_compression,1,score,False,99fc6ef526bc821b82a48435c0a11457653382b1512fd893fda45260071da58a
0,amplification_ratio,1.0,2000,gap,none,jpeg_compression,1,score,False,99fc6ef526bc821b82a48435c0a11457653382b1512fd893fda45260071da58a
0,knn_preservation,0.4972772286622906,2000,gap,none,jpeg_compression,1,score,False,99fc6ef526bc821b82a48435c0a11457653382b1512fd893fda45260071da58a
1,relative_distance,0.08245380707779384,2000,gap,none,jpeg_compression,1,score,False,99fc6ef526bc821b82a48435c0a11457653382b1512fd893fda45260071da58a
1,cosine_distance,0.0036184508185649355,2000,gap,none,jpeg_compression,1,score,False,99fc6ef526bc821b82a48435c0a11457653382b1512fd893fda45260071da58a
1,one_minus_cka,0.031046644003528634,2000,gap,none,jpeg_compression,1,score,False,99fc6ef526bc821b82a48435c0a11457653382b1512fd893fda45260071da58a
1,amplification_ratio,1.1667502894063209,2000,gap,none,jpeg_compression,1,score,False,99fc6ef526bc821b82a48435c0a11457653382b1512fd893fda45260071da58a
1,knn_preservation,0.4504268330139073,2000,gap,none,jpeg_compression,1,score,False,99fc6ef526bc821b82a48435c0a11457653382b1512fd893fda45260071da58a
2,relative_distance,0.07793501148709273,2000,gap,none,jpeg_compression,1,score,False,99fc6ef526bc821b82a48435c0a11457653382b1512fd893fda45260071da58a
2,cosine_distance,0.003209024768127623,2000,gap,none,jpeg_compression,1,score,False,99fc6ef526bc821b82a48435c0a11457653382b1512fd893fda45260071da58a
2,one_minus_cka,0.03426869411700473,2000,gap,none,jpeg_compression,1,score,False,99fc6ef526bc821b82a48435c0a11457653382b1512fd893fda45260071da58a
2,amplification_ratio,0.9451960345937974,2000,gap,none,jpeg_compression,1,score,False,99fc6ef526bc821b82a48435c0a11457653382b1512fd893fda45260071da58a
2,knn_preservation,0.45164532839881133,2000,gap,none,jpeg_compression,1,score,False,99fc6ef526bc821b82a48435c0a11457653382b1512fd893fda45260071da58a
3,relative_distance,0.19458052797599237,2000,gap,none,jpeg_compression,1,score,False,99fc6ef526bc821b82a48435c0a11457653382b1512fd893fda45260071da58a
3,cosine_distance,0.019772771328397935,2000,gap,none,jpeg_compression,1,score,False,99fc6ef526bc821b82a48435c0a11457653382b1512fd893fda45260071da58a
3,one_minus_cka,0.04379441608408874,2000,gap,none,jpeg_compression,1,score,False,99fc6ef526bc821b82a48435c0a11457653382b1512fd893fda45260071da58a
3,amplification_ratio,2.4967023711572556,2000,gap,none,jpeg_compression,1,score,False,99fc6ef526bc821b82a48435c0a11457653382b1512fd893fda45260071da58a
3,knn_preservation,0.41260956247914454,2000,gap,none,jpeg_compression,1,score,False,99fc6ef526bc821b82a48435c0a11457653382b1512fd893fda45260071da58a
4,relative_distance,0.25474654297005184,2000,gap,none,jpeg_compression,1,score,False,99fc6ef526bc821b82a48435c0a11457653382b1512fd893fda45260071da58a
4,cosine_distance,0.03309098064868524,2000,gap,none,jpeg_compression,1,score,False,99fc6ef526bc821b82a48435c0a11457653382b1512fd893fda45260071da58a
4,one_minus_cka,0.07280675758974242,2000,gap,none,jpeg_compression,1,score,False,99fc6ef526bc821b82a48435c0a11457653382b1512fd893fda45260071da58a
4,amplification_ratio,1.3092088176545744,2000,gap,none,jpeg_compression,1,score,False,99fc6ef526bc821b82a48435c0a11457653382b1512fd893fda45260071da58a
4,knn_preservation,0.372242360838336,2000,gap,none,jpeg_compression,1,score,False,99fc6ef526bc821b82a48435c0a11457653382b1512fd893fda45260071da58a
5,relative_distance,0.2170914591761354,2000,gap,none,jpeg_compression,1,score,False,99fc6ef526bc821b82a48435c0a11457653382b1512fd893fda45260071da58a
5,cosine_distance,0.024073395206250944,2000,gap,none,jpeg_compression,1,score,False,99fc6ef526bc821b82a48435c0a11457653382b1512fd893fda45260071da58a
5,one_minus_cka,0.062318794373444675,2000,gap,none,jpeg_compression,1,score,False,99fc6ef526bc821b82a48435c0a11457653382b1512fd893fda45260071da58a
5,amplification_ratio,0.8521860852166964,2000,gap,none,jpeg_compression,1,score,False,99fc6ef526bc821b82a48435c0a11457653382b1512fd893fda45260071da58a
5,knn_preservation,0.3928356592238171,2000,gap,none,jpeg_compression,1,score,False,99fc6ef526bc821b82a48435c0a11457653382b1512fd893fda45260071da58a
6,relative_distance,0.2031405444175731,2000,gap,none,jpeg_compression,1,score,False,99fc6ef526bc821b82a48435c0a11457653382b1512fd893fda45260071da58a
6,cosine_distance,0.020886143541962,2000,gap,none,jpeg_compression,1,score,False,99fc6ef526bc821b82a48435c0a11457653382b1512fd893fda45260071da58a
6,one_minus_cka,0.07606931099469805,2000,gap,none,jpeg_compression,1,score,False,99fc6ef526bc821b82a48435c0a11457653382b1512fd893fda45260071da58a
6,amplification_ratio,0.9357371551533801,2000,gap,none,jpeg_compression,1,score,False,99fc6ef526bc821b82a48435c0a11457653382b1512fd893fda45260071da58a
6,knn_preservation,0.3865447226921685,2000,gap,none,jpeg_compression,1,score,False,99fc6ef526bc821b82a48435c0a11457653382b1512fd893fda45260071da58a
7,relative_distance,0.3234079726632184,2000,gap,none,jpeg_compression,1,score,False,99fc6ef526bc821b82a48435c0a11457653382b1512fd893fda45260071da58a
7,cosine_distance,0.05496131517950595,2000,gap,none,jpeg_compression,1,score,False,99fc6ef526bc821b82a48435c0a11457653382b1512fd893fda45260071da58a
7,one_minus_cka,0.06225333589214088,2000,gap,none,jpeg_compression,1,score,False,99fc6ef526bc821b82a48435c0a11457653382b1512fd893fda45260071da58a
7,amplification_ratio,1.5920404938879416,2000,gap,none,jpeg_compression,1,score,False,99fc6ef526bc821b82a48435c0a11457653382b1512fd893fda45260071da58a
7,knn_preservation,0.3838343654109908,2000,gap,none,jpeg_compression,1,score,False,99fc6ef526bc821b82a48435c0a11457653382b1512fd893fda45260071da58a
8,relative_distance,0.3291532987615785,2000,gap,none,jpeg_compression,1,score,False,99fc6ef526bc821b82a48435c0a11457653382b1512fd893fda45260071da58a
8,cosine_distance,0.056611943774671034,2000,gap,none,jpeg_compression,1,score,False,99fc6ef526bc821b82a48435c0a11457653382b1512fd893fda45260071da58a
8,one_minus_cka,0.06500007274203823,2000,gap,none,jpeg_compression,1,score,False,99fc6ef526bc821b82a48435c0a11457653382b1512fd893fda45260071da58a
8,amplification_ratio,1.017764948869529,2000,gap,none,jpeg_compression,1,score,False,99fc6ef526bc821b82a48435c0a11457653382b1512fd893fda45260071da58a
8,knn_preservation,0.3693213368159189,2000,gap,none,jpeg_compression,1,score,False,99fc6ef526bc821b82a48435c0a11457653382b1512fd893fda45260071da58a
9,relative_distance,0.29950108171642637,2000,gap,none,jpeg_compression,1,score,False,99fc6ef526bc821b82a48435c0a11457653382b1512fd893fda45260071da58a
9,cosine_distance,0.0467999737960618,2000,gap,none,jpeg_compression,1,score,False,99fc6ef526bc821b82a48435c0a11457653382b1512fd893fda45260071da58a
9,one_minus_cka,0.061874372115135134,2000,gap,none,jpeg_compression,1,score,False,99fc6ef526bc821b82a48435c0a11457653382b1512fd893fda45260071da58a
9,amplification_ratio,0.9099136567772007,2000,gap,none,jpeg_compression,1,score,False,99fc6ef526bc821b82a48435c0a11457653382b1512fd893fda45260071da58a
9,knn_preservation,0.3746221931663108,2000,gap,none,jpeg_compression,1,score,False,99fc6ef526bc821b82a48435c0a11457653382b1512fd893fda45260071da58a
10,relative_distance,0.2817579840914106,2000,gap,none,jpeg_compression,1,score,False,99fc6ef526bc821b82a48435c0a11457653382b1512fd893fda45260071da58a
10,cosine_distance,0.04134344606727599,2000,gap,none,jpeg_compression,1,score,False,99fc6ef526bc821b82a48435c0a11457653382b1512fd893fda45260071da58a
10,one_minus_cka,0.06081272442692609,2000,gap,none,jpeg_compression,1,score,False,99fc6ef526bc821b82a48435c0a11457653382b1512fd893fda45260071da58a
10,amplification_ratio,0.9407578178905702,2000,gap,none,jpeg_compression,1,score,False,99fc6ef526bc821b82a48435c0a11457653382b1512fd893fda45260071da58a
10,knn_preservation,0.38082664557664553,2000,gap,none,jpeg_compression,1,score,False,99fc6ef526bc821b82a48435c0a11457653382b1512fd893fda45260071da58a
11,relative_distance,0.255936074916881,2000,gap,none,jpeg_compression,1,score,False,99fc6ef526bc821b82a48435c0a11457653382b1512fd893fda45260071da58a
11,cosine_distance,0.0339737087443457,2000,gap,none,jpeg_compression,1,score,False,99fc6ef526bc821b82a48435c0a11457653382b1512fd893fda45260071da58a
11,one_minus_cka,0.05432388921727238,2000,gap,none,jpeg_compression,1,score,False,99fc6ef526bc821b82a48435c0a11457653382b1512fd893fda45260071da58a
11,amplification_ratio,0.908354294705089,2000,gap,none,jpeg_compression,1,score,False,99fc6ef526bc821b82a48435c0a11457653382b1512fd893fda45260071da58a
11,knn_preservation,0.40370962280753303,2000,gap,none,jpeg_compression,1,score,False,99fc6ef526bc821b82a48435c0a11457653382b1512fd893fda45260071da58a
12,relative_distance,0.24124353098484363,2000,gap,none,jpeg_compression,1,score,False,99fc6ef526bc821b82a48435c0a11457653382b1512fd893fda45260071da58a
12,cosine_distance,0.030122068045289368,2000,gap,none,jpeg_compression,1,score,False,99fc6ef526bc821b82a48435c0a11457653382b1512fd893fda45260071da58a
12,one_minus_cka,0.058628998264534715,2000,gap,none,jpeg_compression,1,score,False,99fc6ef526bc821b82a48435c0a11457653382b1512fd893fda45260071da58a
12,amplification_ratio,0.9425929152941454,2000,gap,none,jpeg_compression,1,score,False,99fc6ef526bc821b82a48435c0a11457653382b1512fd893fda45260071da58a
12,knn_preservation,0.42028938493566975,2000,gap,none,jpeg_compression,1,score,False,99fc6ef526bc821b82a48435c0a11457653382b1512fd893fda45260071da58a
13,relative_distance,0.4406926970687141,2000,gap,none,jpeg_compression,1,score,False,99fc6ef526bc821b82a48435c0a11457653382b1512fd893fda45260071da58a
13,cosine_distance,0.10187045391342985,2000,gap,none,jpeg_compression,1,score,False,99fc6ef526bc821b82a48435c0a11457653382b1512fd893fda45260071da58a
13,one_minus_cka,0.05545145106252358,2000,gap,none,jpeg_compression,1,score,False,99fc6ef526bc821b82a48435c0a11457653382b1512fd893fda45260071da58a
13,amplification_ratio,1.8267544637141009,2000,gap,none,jpeg_compression,1,score,False,99fc6ef526bc821b82a48435c0a11457653382b1512fd893fda45260071da58a
13,knn_preservation,0.4074819202555271,2000,gap,none,jpeg_compression,1,score,False,99fc6ef526bc821b82a48435c0a11457653382b1512fd893fda45260071da58a
14,relative_distance,0.5433704963199364,2000,gap,none,jpeg_compression,1,score,False,99fc6ef526bc821b82a48435c0a11457653382b1512fd893fda45260071da58a
14,cosine_distance,0.15320919156399612,2000,gap,none,jpeg_compression,1,score,False,99fc6ef526bc821b82a48435c0a11457653382b1512fd893fda45260071da58a
14,one_minus_cka,0.11687971635023175,2000,gap,none,jpeg_compression,1,score,False,99fc6ef526bc821b82a48435c0a11457653382b1512fd893fda45260071da58a
14,amplification_ratio,1.2329918329352585,2000,gap,none,jpeg_compression,1,score,False,99fc6ef526bc821b82a48435c0a11457653382b1512fd893fda45260071da58a
14,knn_preservation,0.3578857096635734,2000,gap,none,jpeg_compression,1,score,False,99fc6ef526bc821b82a48435c0a11457653382b1512fd893fda45260071da58a
15,relative_distance,0.6213761666665597,2000,gap,none,jpeg_compression,1,score,False,99fc6ef526bc821b82a48435c0a11457653382b1512fd893fda45260071da58a
15,cosine_distance,0.20329155282236172,2000,gap,none,jpeg_compression,1,score,False,99fc6ef526bc821b82a48435c0a11457653382b1512fd893fda45260071da58a
15,one_minus_cka,0.22720541177590026,2000,gap,none,jpeg_compression,1,score,False,99fc6ef526bc821b82a48435c0a11457653382b1512fd893fda45260071da58a
15,amplification_ratio,1.1435588992684167,2000,gap,none,jpeg_compression,1,score,False,99fc6ef526bc821b82a48435c0a11457653382b1512fd893fda45260071da58a
15,knn_preservation,0.2780665185347848,2000,gap,none,jpeg_compression,1,score,False,99fc6ef526bc821b82a48435c0a11457653382b1512fd893fda45260071da58a
0,relative_distance,0.08168604911152455,2000,gap,none,jpeg_compression,3,score,False,99fc6ef526bc821b82a48435c0a11457653382b1512fd893fda45260071da58a
0,cosine_distance,0.00378591393974417,2000,gap,none,jpeg_compression,3,score,False,99fc6ef526bc821b82a48435c0a11457653382b1512fd893fda45260071da58a
0,one_minus_cka,0.032412201770512516,2000,gap,none,jpeg_compression,3,score,False,99fc6ef526bc821b82a48435c0a11457653382b1512fd893fda45260071da58a
0,amplification_ratio,1.0,2000,gap,none,jpeg_compression,3,score,False,99fc6ef526bc821b82a48435c0a11457653382b1512fd893fda45260071da58a
0,knn_preservation,0.43411053334350547,2000,gap,none,jpeg_compression,3,score,False,99fc6ef526bc821b82a48435c0a11457653382b1512fd893fda45260071da58a
1,relative_distance,0.09662183350266224,2000,gap,none,jpeg_compression,3,score,False,99fc6ef526bc821b82a48435c0a11457653382b1512fd893fda45260071da58a
1,cosine_distance,0.00490403701807676,2000,gap,none,jpeg_compression,3,score,False,99fc6ef526bc821b82a48435c0a11457653382b1512fd893fda45260071da58a
1,one_minus_cka,0.045961185193498344,2000,gap,none,jpeg_compression,3,score,False,99fc6ef526bc821b82a48435c0a11457653382b1512fd893fda45260071da58a
1,amplification_ratio,1.1828437603922564,2000,gap,none,jpeg_compression,3,score,False,99fc6ef526bc821b82a48435c0a11457653382b1512fd893fda45260071da58a
1,knn_preservation,0.3876926298245958,2000,gap,none,jpeg_compression,3,score,False,99fc6ef526bc821b82a48435c0a11457653382b1512fd893fda45260071da58a
2,relative_distance,0.09334983902126189,2000,gap,none,jpeg_compression,3,score,False,99fc6ef526bc821b82a48435c0a11457653382b1512fd893fda45260071da58a
2,cosine_distance,0.004558756007224857,2000,gap,none,jpeg_compression,3,score,False,99fc6ef526bc821b82a48435c0a11457653382b1512fd893fda45260071da58a
2,one_minus_cka,0.04986546141279047,2000,gap,none,jpeg_compression,3,score,False,99fc6ef526bc821b82a48435c0a11457653382b1512fd893fda45260071da58a
2,amplification_ratio,0.9661360754315411,2000,gap,none,jpeg_compression,3,score,False,99fc6ef526bc821b82a48435c0a11457653382b1512fd893fda45260071da58a
2,knn_preservation,0.38856146588189927,2000,gap,none,jpeg_compression,3,score,False,99fc6ef526bc821b82a48435c0a11457653382b1512fd893fda45260071da58a
3,relative_distance,0.23303707499680815,2000,gap,none,jpeg_compression,3,score,False,99fc6ef526bc821b82a48435c0a11457653382b1512fd893fda45260071da58a
3,cosine_distance,0.028215569737881578,2000,gap,none,jpeg_compression,3,score,False,99fc6ef526bc821b82a48435c0a11457653382b1512fd893fda45260071da58a
3,one_minus_cka,0.06349626873803493,2000,gap,none,jpeg_compression,3,score,False,99fc6ef526bc821b82a48435c0a11457653382b1512fd893fda45260071da58a
3,amplification_ratio,2.4963843263160883,2000,gap,none,jpeg_compression,3,score,False,99fc6ef526bc821b82a48435c0a11457653382b1512fd893fda45260071da58a
3,knn_preservation,0.34282837273665445,2000,gap,none,jpeg_compression,3,score,False,99fc6ef526bc821b82a48435c0a11457653382b1512fd893fda45260071da58a
4,relative_distance,0.3104058132219175,2000,gap,none,jpeg_compression,3,score,False,99fc6ef526bc821b82a48435c0a11457653382b1512fd893fda45260071da58a
4,cosine_distance,0.048170129322394575,2000,gap,none,jpeg_compression,3,score,False,99fc6ef526bc821b82a48435c0a11457653382b1512fd893fda45260071da58a
4,one_minus_cka,0.1134907582419461,2000,gap,none,jpeg_compression,3,score,False,99fc6ef526bc821b82a48435c0a11457653382b1512fd893fda45260071da58a
4,amplification_ratio,1.3320018423084357,2000,gap,none,jpeg_compression,3,score,False,99fc6ef526bc821b82a48435c0a11457653382b1512fd893fda45260071da58a
4,knn_preservation,0.3024769529146464,2000,gap,none,jpeg_compression,3,score,False,99fc6ef526bc821b82a48435c0a11457653382b1512fd893fda45260071da58a
5,relative_distance,0.26774263385046765,2000,gap,none,jpeg_compression,3,score,False,99fc6ef526bc821b82a48435c0a11457653382b1512fd893fda45260071da58a
5,cosine_distance,0.036099455090027883,2000,gap,none,jpeg_compression,3,score,False,99fc6ef526bc821b82a48435c0a11457653382b1512fd893fda45260071da58a
5,one_minus_cka,0.09910174630898338,2000,gap,none,jpeg_compression,3,score,False,99fc6ef526bc821b82a48435c0a11457653382b1512fd893fda45260071da58a
5,amplification_ratio,0.862556764228675,2000,gap,none,jpeg_compression,3,score,False,99fc6ef526bc821b82a48435c0a11457653382b1512fd893fda45260071da58a
5,knn_preservation,0.31742610236340885,2000,gap,none,jpeg_compression,3,score,False,99fc6ef526bc821b82a48435c0a11457653382b1512fd893fda45260071da58a
6,relative_distance,0.2640592377331215,2000,gap,none,jpeg_compression,3,score,False,99fc6ef526bc821b82a48435c0a11457653382b1512fd893fda45260071da58a
6,cosine_distance,0.03442654277571698,2000,gap,none,jpeg_compression,3,score,False,99fc6ef526bc821b82a48435c0a11457653382b1512fd893fda45260071da58a
6,one_minus_cka,0.13130947977369878,2000,gap,none,jpeg_compression,3,score,False,99fc6ef526bc821b82a48435c0a11457653382b1512fd893fda45260071da58a
6,amplification_ratio,0.9862427732768054,2000,gap,none,jpeg_compression,3,score,False,99fc6ef526bc821b82a48435c0a11457653382b1512fd893fda45260071da58a
6,knn_preservation,0.29927135136964855,2000,gap,none,jpeg_compression,3,score,False,99fc6ef526bc821b82a48435c0a11457653382b1512fd893fda45260071da58a
7,relative_distance,0.3835884100625665,2000,gap,none,jpeg_compression,3,score,False,99fc6ef526bc821b82a48435c0a11457653382b1512fd893fda45260071da58a
7,cosine_distance,0.07797686286325302,2000,gap,none,jpeg_compression,3,score,False,99fc6ef526bc821b82a48435c0a11457653382b1512fd893fda45260071da58a
7,one_minus_cka,0.10062201792102776,2000,gap,none,jpeg_compression,3,score,False,99fc6ef526bc821b82a48435c0a11457653382b1512fd893fda45260071da58a
7,amplification_ratio,1.4526604460255632,2000,gap,none,jpeg_compression,3,score,False,99fc6ef526bc821b82a48435c0a11457653382b1512fd893fda45260071da58a
7,knn_preservation,0.30476351903170784,2000,gap,none,jpeg_compression,3,score,False,99fc6ef526bc821b82a48435c0a11457653382b1512fd893fda45260071da58a
8,relative_distance,0.38705031959084785,2000,gap,none,jpeg_compression,3,score,False,99fc6ef526bc821b82a48435c0a11457653382b1512fd893fda45260071da58a
8,cosine_distance,0.07863431773528146,2000,gap,none,jpeg_compression,3,score,False,99fc6ef526bc821b82a48435c0a11457653382b1512fd893fda45260071da58a
8,one_minus_cka,0.10810577560162382,2000,gap,none,jpeg_compression,3,score,False,99fc6ef526bc821b82a48435c0a11457653382b1512fd893fda45260071da58a
8,amplification_ratio,1.0090250628993631,2000,gap,none,jpeg_compression,3,score,False,99fc6ef526bc821b82a48435c0a11457653382b1512fd893fda45260071da58a
8,knn_preservation,0.287441918075045,2000,gap,none,jpeg_compression,3,score,False,99fc6ef526bc821b82a48435c0a11457653382b1512fd893fda45260071da58a
9,relative_distance,0.3544730816960834,2000,gap,none,jpeg_compression,3,score,False,99fc6ef526bc821b82a48435c0a11457653382b1512fd893fda45260071da58a
9,cosine_distance,0.06582617357149424,2000,gap,none,jpeg_compression,3,score,False,99fc6ef526bc821b82a48435c0a11457653382b1512fd893fda45260071da58a
9,one_minus_cka,0.10517219030488834,2000,gap,none,jpeg_compression,3,score,False,99fc6ef526bc821b82a48435c0a11457653382b1512fd893fda45260071da58a
9,amplification_ratio,0.9158320346325978,2000,gap,none,jpeg_compression,3,score,False,99fc6ef526bc821b82a48435c0a11457653382b1512fd893fda45260071da58a
9,knn_preservation,0.28695710855192275,2000,gap,none,jpeg_compression,3,score,False,99fc6ef526bc821b82a48435c0a11457653382b1512fd893fda45260071da58a
10,relative_distance,0.3333268502460122,2000,gap,none,jpeg_compression,3,score,False,99fc6ef526bc821b82a48435c0a11457653382b1512fd893fda45260071da58a
10,cosine_distance,0.05825532759907119,2000,gap,none,jpeg_compression,3,score,False,99fc6ef526bc821b82a48435c0a11457653382b1512fd893fda45260071da58a
10,one_minus_cka,0.1023193797512515,2000,gap,none,jpeg_compression,3,score,False,99fc6ef526bc821b82a48435c0a11457653382b1512fd893fda45260071da58a
10,amplification_ratio,0.9403446057204382,2000,gap,none,jpeg_compression,3,score,False,99fc6ef526bc821b82a48435c0a11457653382b1512fd893fda45260071da58a
10,knn_preservation,0.29738787266225347,2000,gap,none,jpeg_compression,3,score,False,99fc6ef526bc821b82a48435c0a11457653382b1512fd893fda45260071da58a
11,relative_distance,0.3021088275639389,2000,gap,none,jpeg_compression,3,score,False,99fc6ef526bc821b82a48435c0a11457653382b1512fd893fda45260071da58a
11,cosine_distance,0.047598597214217234,2000,gap,none,jpeg_compression,3,score,False,99fc6ef526bc821b82a48435c0a11457653382b1512fd893fda45260071da58a
11,one_minus_cka,0.09098657196668147,2000,gap,none,jpeg_compression,3,score,False,99fc6ef526bc821b82a48435c0a11457653382b1512fd893fda45260071da58a
11,amplification_ratio,0.9063441104158492,2000,gap,none,jpeg_compression,3,score,False,99fc6ef526bc821b82a48435c0a11457653382b1512fd893fda45260071da58a
11,knn_preservation,0.31320661265978605,2000,gap,none,jpeg_compression,3,score,False,99fc6ef526bc821b82a48435c0a11457653382b1512fd893fda45260071da58a
12,relative_distance,0.2845931437594113,2000,gap,none,jpeg_compression,3,score,False,99fc6ef526bc821b82a48435c0a11457653382b1512fd893fda45260071da58a
12,cosine_distance,0.042020066538104466,2000,gap,none,jpeg_compression,3,score,False,99fc6ef526bc821b82a48435c0a11457653382b1512fd893fda45260071da58a
12,one_minus_cka,0.09573080574723591,2000,gap,none,jpeg_compression,3,score,False,99fc6ef526bc821b82a48435c0a11457653382b1512fd893fda45260071da58a
12,amplification_ratio,0.9420219397567238,2000,gap,none,jpeg_compression,3,score,False,99fc6ef526bc821b82a48435c0a11457653382b1512fd893fda45260071da58a
12,knn_preservation,0.3283929744146462,2000,gap,none,jpeg_compression,3,score,False,99fc6ef526bc821b82a48435c0a11457653382b1512fd893fda45260071da58a
13,relative_distance,0.5098279365686901,2000,gap,none,jpeg_compression,3,score,False,99fc6ef526bc821b82a48435c0a11457653382b1512fd893fda45260071da58a
13,cosine_distance,0.13743993274151234,2000,gap,none,jpeg_compression,3,score,False,99fc6ef526bc821b82a48435c0a11457653382b1512fd893fda45260071da58a
13,one_minus_cka,0.08726588478606978,2000,gap,none,jpeg_compression,3,score,False,99fc6ef526bc821b82a48435c0a11457653382b1512fd893fda45260071da58a
13,amplification_ratio,1.7914273331886281,2000,gap,none,jpeg_compression,3,score,False,99fc6ef526bc821b82a48435c0a11457653382b1512fd893fda45260071da58a
13,knn_preservation,0.3167464705916718,2000,gap,none,jpeg_compression,3,score,False,99fc6ef526bc821b82a48435c0a11457653382b1512fd893fda45260071da58a
14,relative_distance,0.6295431870992604,2000,gap,none,jpeg_compression,3,score,False,99fc6ef526bc821b82a48435c0a11457653382b1512fd893fda45260071da58a
14,cosine_distance,0.20572818132839232,2000,gap,none,jpeg_compression,3,score,False,99fc6ef526bc821b82a48435c0a11457653382b1512fd893fda45260071da58a
14,one_minus_cka,0.17096983569694602,2000,gap,none,jpeg_compression,3,score,False,99fc6ef526bc821b82a48435c0a11457653382b1512fd893fda45260071da58a
14,amplification_ratio,1.2348150070713924,2000,gap,none,jpeg_compression,3,score,False,99fc6ef526bc821b82a48435c0a11457653382b1512fd893fda45260071da58a
14,knn_preservation,0.28029848462511003,2000,gap,none,jpeg_compression,3,score,False,99fc6ef526bc821b82a48435c0a11457653382b1512fd893fda45260071da58a
15,relative_distance,0.7149804123181549,2000,gap,none,jpeg_compression,3,score,False,99fc6ef526bc821b82a48435c0a11457653382b1512fd893fda45260071da58a
15,cosine_distance,0.26898186936261215,2000,gap,none,jpeg_compression,3,score,False,99fc6ef526bc821b82a48435c0a11457653382b1512fd893fda45260071da58a
15,one_minus_cka,0.3076472322912973,2000,gap,none,jpeg_compression,3,score,False,99fc6ef526bc821b82a48435c0a11457653382b1512fd893fda45260071da58a
15,amplification_ratio,1.1357130487148352,2000,gap,none,jpeg_compression,3,score,False,99fc6ef526bc821b82a48435c0a11457653382b1512fd893fda45260071da58a
15,knn_preservation,0.22040269500021822,2000,gap,none,jpeg_compression,3,score,False,99fc6ef526bc821b82a48435c0a11457653382b1512fd893fda45260071da58a
0,relative_distance,0.10158315059532984,2000,gap,none,jpeg_compression,5,score,False,99fc6ef526bc821b82a48435c0a11457653382b1512fd893fda45260071da58a
0,cosine_distance,0.005703324937718062,2000,gap,none,jpeg_compression,5,score,False,99fc6ef526bc821b82a48435c0a11457653382b1512fd893fda45260071da58a
0,one_minus_cka,0.07360035098007156,2000,gap,none,jpeg_compression,5,score,False,99fc6ef526bc821b82a48435c0a11457653382b1512fd893fda45260071da58a
0,amplification_ratio,1.0,2000,gap,none,jpeg_compression,5,score,False,99fc6ef526bc821b82a48435c0a11457653382b1512fd893fda45260071da58a
0,knn_preservation,0.31492654245479323,2000,gap,none,jpeg_compression,5,score,False,99fc6ef526bc821b82a48435c0a11457653382b1512fd893fda45260071da58a
1,relative_distance,0.12281025846398637,2000,gap,none,jpeg_compression,5,score,False,99fc6ef526bc821b82a48435c0a11457653382b1512fd893fda45260071da58a
1,cosine_distance,0.007814115920797815,2000,gap,none,jpeg_compression,5,score,False,99fc6ef526bc821b82a48435c0a11457653382b1512fd893fda45260071da58a
1,one_minus_cka,0.08881332321465352,2000,gap,none,jpeg_compression,5,score,False,99fc6ef526bc821b82a48435c0a11457653382b1512fd893fda45260071da58a
1,amplification_ratio,1.2089628815827693,2000,gap,none,jpeg_compression,5,score,False,99fc6ef526bc821b82a48435c0a11457653382b1512fd893fda45260071da58a
1,knn_preservation,0.27915277979674263,2000,gap,none,jpeg_compression,5,score,False,99fc6ef526bc821b82a48435c0a11457653382b1512fd893fda45260071da58a
2,relative_distance,0.12558985749044496,2000,gap,none,jpeg_compression,5,score,False,99fc6ef526bc821b82a48435c0a11457653382b1512fd893fda45260071da58a
2,cosine_distance,0.00817499493274727,2000,gap,none,jpeg_compression,5,score,False,99fc6ef526bc821b82a48435c0a11457653382b1512fd893fda45260071da58a
2,one_minus_cka,0.09196174760573883,2000,gap,none,jpeg_compression,5,score,False,99fc6ef526bc821b82a48435c0a11457653382b1512fd893fda45260071da58a
2,amplification_ratio,1.0226332804866924,2000,gap,none,jpeg_compression,5,score,False,99fc6ef526bc821b82a48435c0a11457653382b1512fd893fda45260071da58a
2,knn_preservation,0.2795089617984355,2000,gap,none,jpeg_compression,5,score,False,99fc6ef526bc821b82a48435c0a11457653382b1512fd893fda45260071da58a
3,relative_distance,0.3149831067813318,2000,gap,none,jpeg_compression,5,score,False,99fc6ef526bc821b82a48435c0a11457653382b1512fd893fda45260071da58a
3,cosine_distance,0.050795194931713514,2000,gap,none,jpeg_compression,5,score,False,99fc6ef526bc821b82a48435c0a11457653382b1512fd893fda45260071da58a
3,one_minus_cka,0.12068408556177934,2000,gap,none,jpeg_compression,5,score,False,99fc6ef526bc821b82a48435c0a11457653382b1512fd893fda45260071da58a
3,amplification_ratio,2.508029812879564,2000,gap,none,jpeg_compression,5,score,False,99fc6ef526bc821b82a48435c0a11457653382b1512fd893fda45260071da58a
3,knn_preservation,0.22477475667607247,2000,gap,none,jpeg_compression,5,score,False,99fc6ef526bc821b82a48435c0a11457653382b1512fd893fda45260071da58a
4,relative_distance,0.4037128227230696,2000,gap,none,jpeg_compression,5,score,False,99fc6ef526bc821b82a48435c0a11457653382b1512fd893fda45260071da58a
4,cosine_distance,0.07788134695991392,2000,gap,none,jpeg_compression,5,score,False,99fc6ef526bc821b82a48435c0a11457653382b1512fd893fda45260071da58a
4,one_minus_cka,0.20856233700174376,2000,gap,none,jpeg_compression,5,score,False,99fc6ef526bc821b82a48435c0a11457653382b1512fd893fda45260071da58a
4,amplification_ratio,1.281696745099844,2000,gap,none,jpeg_compression,5,score,False,99fc6ef526bc821b82a48435c0a11457653382b1512fd893fda45260071da58a
4,knn_preservation,0.1960593642253859,2000,gap,none,jpeg_compression,5,score,False,99fc6ef526bc821b82a48435c0a11457653382b1512fd893fda45260071da58a
5,relative_distance,0.3602135138841903,2000,gap,none,jpeg_compression,5,score,False,99fc6ef526bc821b82a48435c0a11457653382b1512fd893fda45260071da58a
5,cosine_distance,0.06300165079317588,2000,gap,none,jpeg_compression,5,score,False,99fc6ef526bc821b82a48435c0a11457653382b1512fd893fda45260071da58a
5,one_minus_cka,0.19149714396006257,2000,gap,none,jpeg_compression,5,score,False,99fc6ef526bc821b82a48435c0a11457653382b1512fd893fda45260071da58a
5,amplification_ratio,0.8922518523303928,2000,gap,none,jpeg_compression,5,score,False,99fc6ef526bc821b82a48435c0a11457653382b1512fd893fda45260071da58a
5,knn_preservation,0.20617891744478434,2000,gap,none,jpeg_compression,5,score,False,99fc6ef526bc821b82a48435c0a11457653382b1512fd893fda45260071da58a
6,relative_distance,0.40466186942523474,2000,gap,none,jpeg_compression,5,score,False,99fc6ef526bc821b82a48435c0a11457653382b1512fd893fda45260071da58a
6,cosine_distance,0.07444434976082037,2000,gap,none,jpeg_compression,5,score,False,99fc6ef526bc821b82a48435c0a11457653382b1512fd893fda45260071da58a
6,one_minus_cka,0.2429811446585377,2000,gap,none,jpeg_compression,5,score,False,99fc6ef526bc821b82a48435c0a11457653382b1512fd893fda45260071da58a
6,amplification_ratio,1.1233944697458926,2000,gap,none,jpeg_compression,5,score,False,99fc6ef526bc821b82a48435c0a11457653382b1512fd893fda45260071da58a
6,knn_preservation,0.1866090087672905,2000,gap,none,jpeg_compression,5,score,False,99fc6ef526bc821b82a48435c0a11457653382b1512fd893fda45260071da58a
7,relative_distance,0.50529344356591,2000,gap,none,jpeg_compression,5,score,False,99fc6ef526bc821b82a48435c0a11457653382b1512fd893fda45260071da58a
7,cosine_distance,0.13771925082862851,2000,gap,none,jpeg_compression,5,score,False,99fc6ef526bc821b82a48435c0a11457653382b1512fd893fda45260071da58a
7,one_minus_cka,0.19755673942430474,2000,gap,none,jpeg_compression,5,score,False,99fc6ef526bc821b82a48435c0a11457653382b1512fd893fda45260071da58a
7,amplification_ratio,1.2486806436287368,2000,gap,none,jpeg_compression,5,score,False,99fc6ef526bc821b82a48435c0a11457653382b1512fd893fda45260071da58a
7,knn_preservation,0.19166684214478333,2000,gap,none,jpeg_compression,5,score,False,99fc6ef526bc821b82a48435c0a11457653382b1512fd893fda45260071da58a
8,relative_distance,0.5007740006910435,2000,gap,none,jpeg_compression,5,score,False,99fc6ef526bc821b82a48435c0a11457653382b1512fd893fda45260071da58a
8,cosine_distance,0.13213146271521783,2000,gap,none,jpeg_compression,5,score,False,99fc6ef526bc821b82a48435c0a11457653382b1512fd893fda45260071da58a
8,one_minus_cka,0.22350573460952539,2000,gap,none,jpeg_compression,5,score,False,99fc6ef526bc821b82a48435c0a11457653382b1512fd893fda45260071da58a
8,amplification_ratio,0.9910558054286787,2000,gap,none,jpeg_compression,5,score,False,99fc6ef526bc821b82a48435c0a11457653382b1512fd893fda45260071da58a
8,knn_preservation,0.1689394634862901,2000,gap,none,jpeg_compression,5,score,False,99fc6ef526bc821b82a48435c0a11457653382b1512fd893fda45260071da58a
9,relative_distance,0.46505646224684405,2000,gap,none,jpeg_compression,5,score,False,99fc6ef526bc821b82a48435c0a11457653382b1512fd893fda45260071da58a
9,cosine_distance,0.11342609957321792,2000,gap,none,jpeg_compression,5,score,False,99fc6ef526bc821b82a48435c0a11457653382b1512fd893fda45260071da58a
9,one_minus_cka,0.2269762793840927,2000,gap,none,jpeg_compression,5,score,False,99fc6ef526bc821b82a48435c0a11457653382b1512fd893fda45260071da58a
9,amplification_ratio,0.9286753337934657,2000,gap,none,jpeg_compression,5,score,False,99fc6ef526bc821b82a48435c0a11457653382b1512fd893fda45260071da58a
9,knn_preservation,0.16646716974116355,2000,gap,none,jpeg_compression,5,score,False,99fc6ef526bc821b82a48435c0a11457653382b1512fd893fda45260071da58a
10,relative_distance,0.4386898260915621,2000,gap,none,jpeg_compression,5,score,False,99fc6ef526bc821b82a48435c0a11457653382b1512fd893fda45260071da58a
10,cosine_distance,0.10190785181247698,2000,gap,none,jpeg_compression,5,score,False,99fc6ef526bc821b82a48435c0a11457653382b1512fd893fda45260071da58a
10,one_minus_cka,0.22537849878466287,2000,gap,none,jpeg_compression,5,score,False,99fc6ef526bc821b82a48435c0a11457653382b1512fd893fda45260071da58a
10,amplification_ratio,0.9433044408674682,2000,gap,none,jpeg_compression,5,score,False,99fc6ef526bc821b82a48435c0a11457653382b1512fd893fda45260071da58a
10,knn_preservation,0.16907026401531045,2000,gap,none,jpeg_compression,5,score,False,99fc6ef526bc821b82a48435c0a11457653382b1512fd893fda45260071da58a
11,relative_distance,0.39680666707994194,2000,gap,none,jpeg_compression,5,score,False,99fc6ef526bc821b82a48435c0a11457653382b1512fd893fda45260071da58a
11,cosine_distance,0.0831930880638281,2000,gap,none,jpeg_compression,5,score,False,99fc6ef526bc821b82a48435c0a11457653382b1512fd893fda45260071da58a
11,one_minus_cka,0.2083379014505501,2000,gap,none,jpeg_compression,5,score,False,99fc6ef526bc821b82a48435c0a11457653382b1512fd893fda45260071da58a
11,amplification_ratio,0.9045267145017436,2000,gap,none,jpeg_compression,5,score,False,99fc6ef526bc821b82a48435c0a11457653382b1512fd893fda45260071da58a
11,knn_preservation,0.18165013942026326,2000,gap,none,jpeg_compression,5,score,False,99fc6ef526bc821b82a48435c0a11457653382b1512fd893fda45260071da58a
12,relative_distance,0.3739796916588712,2000,gap,none,jpeg_compression,5,score,False,99fc6ef526bc821b82a48435c0a11457653382b1512fd893fda45260071da58a
12,cosine_distance,0.07293741002112505,2000,gap,none,jpeg_compression,5,score,False,99fc6ef526bc821b82a48435c0a11457653382b1512fd893fda45260071da58a
12,one_minus_cka,0.21081813456594523,2000,gap,none,jpeg_compression,5,score,False,99fc6ef526bc821b82a48435c0a11457653382b1512fd893fda45260071da58a
12,amplification_ratio,0.9424733067388912,2000,gap,none,jpeg_compression,5,score,False,99fc6ef526bc821b82a48435c0a11457653382b1512fd893fda45260071da58a
12,knn_preservation,0.18488167220636262,2000,gap,none,jpeg_compression,5,score,False,99fc6ef526bc821b82a48435c0a11457653382b1512fd893fda45260071da58a
13,relative_distance,0.6509193778547185,2000,gap,none,jpeg_compression,5,score,False,99fc6ef526bc821b82a48435c0a11457653382b1512fd893fda45260071da58a
13,cosine_distance,0.23246691254580207,2000,gap,none,jpeg_compression,5,score,False,99fc6ef526bc821b82a48435c0a11457653382b1512fd893fda45260071da58a
13,one_minus_cka,0.20008956981511428,2000,gap,none,jpeg_compression,5,score,False,99fc6ef526bc821b82a48435c0a11457653382b1512fd893fda45260071da58a
13,amplification_ratio,1.7405206549249213,2000,gap,none,jpeg_compression,5,score,False,99fc6ef526bc821b82a48435c0a11457653382b1512fd893fda45260071da58a
13,knn_preservation,0.16538943272070208,2000,gap,none,jpeg_compression,5,score,False,99fc6ef526bc821b82a48435c0a11457653382b1512fd893fda45260071da58a
14,relative_distance,0.8070414546825703,2000,gap,none,jpeg_compression,5,score,False,99fc6ef526bc821b82a48435c0a11457653382b1512fd893fda45260071da58a
14,cosine_distance,0.344181975226846,2000,gap,none,jpeg_compression,5,score,False,99fc6ef526bc821b82a48435c0a11457653382b1512fd893fda45260071da58a
14,one_minus_cka,0.32912254538562846,2000,gap,none,jpeg_compression,5,score,False,99fc6ef526bc821b82a48435c0a11457653382b1512fd893fda45260071da58a
14,amplification_ratio,1.2398485621097874,2000,gap,none,jpeg_compression,5,score,False,99fc6ef526bc821b82a48435c0a11457653382b1512fd893fda45260071da58a
14,knn_preservation,0.13677668032002396,2000,gap,none,jpeg_compression,5,score,False,99fc6ef526bc821b82a48435c0a11457653382b1512fd893fda45260071da58a
15,relative_distance,0.9164384480310394,2000,gap,none,jpeg_compression,5,score,False,99fc6ef526bc821b82a48435c0a11457653382b1512fd893fda45260071da58a
15,cosine_distance,0.4455483763198669,2000,gap,none,jpeg_compression,5,score,False,99fc6ef526bc821b82a48435c0a11457653382b1512fd893fda45260071da58a
15,one_minus_cka,0.5037651422751255,2000,gap,none,jpeg_compression,5,score,False,99fc6ef526bc821b82a48435c0a11457653382b1512fd893fda45260071da58a
15,amplification_ratio,1.13555312767855,2000,gap,none,jpeg_compression,5,score,False,99fc6ef526bc821b82a48435c0a11457653382b1512fd893fda45260071da58a
15,knn_preservation,0.10372435472164573,2000,gap,none,jpeg_compression,5,score,False,99fc6ef526bc821b82a48435c0a11457653382b1512fd893fda45260071da58a
