layer,metric_name,score,n_samples,summary_mode,label_access,corruption,severity,split,is_observed,model_fingerprint
0,ph_bottleneck_H0,0.19804716110229492,200,cls,none,gaussian_noise,1,score,True,274f49f21a03df6f7da7f330fed2fe31ff1b6bdd1be8fc9ce8088bf297fdd4e6
0,ph_wasserstein_H0,9.126123145222664,200,cls,none,gaussian_noise,1,score,True,274f49f21a03df6f7da7f330fed2fe31ff1b6bdd1be8fc9ce8088bf297fdd4e6
0,ph_bottleneck_H1,0.0619128942489624,200,cls,none,gaussian_noise,1,score,True,274f49f21a03df6f7da7f330fed2fe31ff1b6bdd1be8fc9ce8088bf297fdd4e6
0,ph_wasserstein_H1,2.9558987033461714,200,cls,none,gaussian_noise,1,score,True,274f49f21a03df6f7da7f330fed2fe31ff1b6bdd1be8fc9ce8088bf297fdd4e6
0,ph_bottleneck_H0,0.9852447509765625,200,patch_mean,none,gaussian_noise,1,score,True,274f49f21a03df6f7da7f330fed2fe31ff1b6bdd1be8fc9ce8088bf297fdd4e6
0,ph_wasserstein_H0,135.54117846488953,200,patch_mean,none,gaussian_noise,1,score,True,274f49f21a03df6f7da7f330fed2fe31ff1b6bdd1be8fc9ce8088bf297fdd4e6
0,ph_bottleneck_H1,0.43050575256347656,200,patch_mean,none,gaussian_noise,1,score,True,274f49f21a03df6f7da7f330fed2fe31ff1b6bdd1be8fc9ce8088bf297fdd4e6
0,ph_wasserstein_H1,19.002950028887184,200,patch_mean,none,gaussian_noise,1,score,True,274f49f21a03df6f7da7f330fed2fe31ff1b6bdd1be8fc9ce8088bf297fdd4e6
1,ph_bottleneck_H0,0.3561531901359558,200,cls,none,gaussian_noise,1,score,True,274f49f21a03df6f7da7f330fed2fe31ff1b6bdd1be8fc9ce8088bf297fdd4e6
1,ph_wasserstein_H0,41.258432656526566,200,cls,none,gaussian_noise,1,score,True,274f49f21a03df6f7da7f330fed2fe31ff1b6bdd1be8fc9ce8088bf297fdd4e6
1,ph_bottleneck_H1,0.07454895973205566,200,cls,none,gaussian_noise,1,score,True,274f49f21a03df6f7da7f330fed2fe31ff1b6bdd1be8fc9ce8088bf297fdd4e6
1,ph_wasserstein_H1,6.254604658838373,200,cls,none,gaussian_noise,1,score,True,274f49f21a03df6f7da7f330fed2fe31ff1b6bdd1be8fc9ce8088bf297fdd4e6
1,ph_bottleneck_H0,1.3223085403442383,200,patch_mean,none,gaussian_noise,1,score,True,274f49f21a03df6f7da7f330fed2fe31ff1b6bdd1be8fc9ce8088bf297fdd4e6
1,ph_wasserstein_H0,123.0833842754364,200,patch_mean,none,gaussian_noise,1,score,True,274f49f21a03df6f7da7f330fed2fe31ff1b6bdd1be8fc9ce8088bf297fdd4e6
1,ph_bottleneck_H1,0.2825195789337158,200,patch_mean,none,gaussian_noise,1,score,True,274f49f21a03df6f7da7f330fed2fe31ff1b6bdd1be8fc9ce8088bf297fdd4e6
1,ph_wasserstein_H1,21.161794624003647,200,patch_mean,none,gaussian_noise,1,score,True,274f49f21a03df6f7da7f330fed2fe31ff1b6bdd1be8fc9ce8088bf297fdd4e6
2,ph_bottleneck_H0,0.5053082704544067,200,cls,none,gaussian_noise,1,score,True,274f49f21a03df6f7da7f330fed2fe31ff1b6bdd1be8fc9ce8088bf297fdd4e6
2,ph_wasserstein_H0,60.04710626602173,200,cls,none,gaussian_noise,1,score,True,274f49f21a03df6f7da7f330fed2fe31ff1b6bdd1be8fc9ce8088bf297fdd4e6
2,ph_bottleneck_H1,0.12898093461990356,200,cls,none,gaussian_noise,1,score,True,274f49f21a03df6f7da7f330fed2fe31ff1b6bdd1be8fc9ce8088bf297fdd4e6
2,ph_wasserstein_H1,8.33308379398913,200,cls,none,gaussian_noise,1,score,True,274f49f21a03df6f7da7f330fed2fe31ff1b6bdd1be8fc9ce8088bf297fdd4e6
2,ph_bottleneck_H0,1.137427806854248,200,patch_mean,none,gaussian_noise,1,score,True,274f49f21a03df6f7da7f330fed2fe31ff1b6bdd1be8fc9ce8088bf297fdd4e6
2,ph_wasserstein_H0,114.16271412372589,200,patch_mean,none,gaussian_noise,1,score,True,274f49f21a03df6f7da7f330fed2fe31ff1b6bdd1be8fc9ce8088bf297fdd4e6
2,ph_bottleneck_H1,0.231034517288208,200,patch_mean,none,gaussian_noise,1,score,True,274f49f21a03df6f7da7f330fed2fe31ff1b6bdd1be8fc9ce8088bf297fdd4e6
2,ph_wasserstein_H1,20.963767879235338,200,patch_mean,none,gaussian_noise,1,score,True,274f49f21a03df6f7da7f330fed2fe31ff1b6bdd1be8fc9ce8088bf297fdd4e6
3,ph_bottleneck_H0,0.6423263549804688,200,cls,none,gaussian_noise,1,score,True,274f49f21a03df6f7da7f330fed2fe31ff1b6bdd1be8fc9ce8088bf297fdd4e6
3,ph_wasserstein_H0,58.57326465845108,200,cls,none,gaussian_noise,1,score,True,274f49f21a03df6f7da7f330fed2fe31ff1b6bdd1be8fc9ce8088bf297fdd4e6
3,ph_bottleneck_H1,0.0999990701675415,200,cls,none,gaussian_noise,1,score,True,274f49f21a03df6f7da7f330fed2fe31ff1b6bdd1be8fc9ce8088bf297fdd4e6
3,ph_wasserstein_H1,12.09939564426696,200,cls,none,gaussian_noise,1,score,True,274f49f21a03df6f7da7f330fed2fe31ff1b6bdd1be8fc9ce8088bf297fdd4e6
3,ph_bottleneck_H0,1.0823049545288086,200,patch_mean,none,gaussian_noise,1,score,True,274f49f21a03df6f7da7f330fed2fe31ff1b6bdd1be8fc9ce8088bf297fdd4e6
3,ph_wasserstein_H0,107.6540195941925,200,patch_mean,none,gaussian_noise,1,score,True,274f49f21a03df6f7da7f330fed2fe31ff1b6bdd1be8fc9ce8088bf297fdd4e6
3,ph_bottleneck_H1,0.2683379650115967,200,patch_mean,none,gaussian_noise,1,score,True,274f49f21a03df6f7da7f330fed2fe31ff1b6bdd1be8fc9ce8088bf297fdd4e6
3,ph_wasserstein_H1,19.658253988349195,200,patch_mean,none,gaussian_noise,1,score,True,274f49f21a03df6f7da7f330fed2fe31ff1b6bdd1be8fc9ce8088bf297fdd4e6
4,ph_bottleneck_H0,0.7720754146575928,200,cls,none,gaussian_noise,1,score,True,274f49f21a03df6f7da7f330fed2fe31ff1b6bdd1be8fc9ce8088bf297fdd4e6
4,ph_wasserstein_H0,75.13872528076172,200,cls,none,gaussian_noise,1,score,True,274f49f21a03df6f7da7f330fed2fe31ff1b6bdd1be8fc9ce8088bf297fdd4e6
4,ph_bottleneck_H1,0.15543252229690552,200,cls,none,gaussian_noise,1,score,True,274f49f21a03df6f7da7f330fed2fe31ff1b6bdd1be8fc9ce8088bf297fdd4e6
4,ph_wasserstein_H1,17.80671706806624,200,cls,none,gaussian_noise,1,score,True,274f49f21a03df6f7da7f330fed2fe31ff1b6bdd1be8fc9ce8088bf297fdd4e6
4,ph_bottleneck_H0,0.8084244728088379,200,patch_mean,none,gaussian_noise,1,score,True,274f49f21a03df6f7da7f330fed2fe31ff1b6bdd1be8fc9ce8088bf297fdd4e6
4,ph_wasserstein_H0,101.65602469444275,200,patch_mean,none,gaussian_noise,1,score,True,274f49f21a03df6f7da7f330fed2fe31ff1b6bdd1be8fc9ce8088bf297fdd4e6
4,ph_bottleneck_H1,0.2677600383758545,200,patch_mean,none,gaussian_noise,1,score,True,274f49f21a03df6f7da7f330fed2fe31ff1b6bdd1be8fc9ce8088bf297fdd4e6
4,ph_wasserstein_H1,20.89432086259015,200,patch_mean,none,gaussian_noise,1,score,True,274f49f21a03df6f7da7f330fed2fe31ff1b6bdd1be8fc9ce8088bf297fdd4e6
5,ph_bottleneck_H0,0.7514595985412598,200,cls,none,gaussian_noise,1,score,True,274f49f21a03df6f7da7f330fed2fe31ff1b6bdd1be8fc9ce8088bf297fdd4e6
5,ph_wasserstein_H0,84.22498595714569,200,cls,none,gaussian_noise,1,score,True,274f49f21a03df6f7da7f330fed2fe31ff1b6bdd1be8fc9ce8088bf297fdd4e6
5,ph_bottleneck_H1,0.2555452585220337,200,cls,none,gaussian_noise,1,score,True,274f49f21a03df6f7da7f330fed2fe31ff1b6bdd1be8fc9ce8088bf297fdd4e6
5,ph_wasserstein_H1,19.95231787906937,200,cls,none,gaussian_noise,1,score,True,274f49f21a03df6f7da7f330fed2fe31ff1b6bdd1be8fc9ce8088bf297fdd4e6
5,ph_bottleneck_H0,0.9560675621032715,200,patch_mean,none,gaussian_noise,1,score,True,274f49f21a03df6f7da7f330fed2fe31ff1b6bdd1be8fc9ce8088bf297fdd4e6
5,ph_wasserstein_H0,104.35043478012085,200,patch_mean,none,gaussian_noise,1,score,True,274f49f21a03df6f7da7f330fed2fe31ff1b6bdd1be8fc9ce8088bf297fdd4e6
5,ph_bottleneck_H1,0.26814985275268555,200,patch_mean,none,gaussian_noise,1,score,True,274f49f21a03df6f7da7f330fed2fe31ff1b6bdd1be8fc9ce8088bf297fdd4e6
5,ph_wasserstein_H1,20.048196122930953,200,patch_mean,none,gaussian_noise,1,score,True,274f49f21a03df6f7da7f330fed2fe31ff1b6bdd1be8fc9ce8088bf297fdd4e6
6,ph_bottleneck_H0,0.6069483757019043,200,cls,none,gaussian_noise,1,score,True,274f49f21a03df6f7da7f330fed2fe31ff1b6bdd1be8fc9ce8088bf297fdd4e6
6,ph_wasserstein_H0,95.48483800888062,200,cls,none,gaussian_noise,1,score,True,274f49f21a03df6f7da7f330fed2fe31ff1b6bdd1be8fc9ce8088bf297fdd4e6
6,ph_bottleneck_H1,0.25469541549682617,200,cls,none,gaussian_noise,1,score,True,274f49f21a03df6f7da7f330fed2fe31ff1b6bdd1be8fc9ce8088bf297fdd4e6
6,ph_wasserstein_H1,19.28218559361461,200,cls,none,gaussian_noise,1,score,True,274f49f21a03df6f7da7f330fed2fe31ff1b6bdd1be8fc9ce8088bf297fdd4e6
6,ph_bottleneck_H0,1.0837621688842773,200,patch_mean,none,gaussian_noise,1,score,True,274f49f21a03df6f7da7f330fed2fe31ff1b6bdd1be8fc9ce8088bf297fdd4e6
6,ph_wasserstein_H0,89.64110589027405,200,patch_mean,none,gaussian_noise,1,score,True,274f49f21a03df6f7da7f330fed2fe31ff1b6bdd1be8fc9ce8088bf297fdd4e6
6,ph_bottleneck_H1,0.43956422805786133,200,patch_mean,none,gaussian_noise,1,score,True,274f49f21a03df6f7da7f330fed2fe31ff1b6bdd1be8fc9ce8088bf297fdd4e6
6,ph_wasserstein_H1,20.891032819227316,200,patch_mean,none,gaussian_noise,1,score,True,274f49f21a03df6f7da7f330fed2fe31ff1b6bdd1be8fc9ce8088bf297fdd4e6
7,ph_bottleneck_H0,0.6982560157775879,200,cls,none,gaussian_noise,1,score,True,274f49f21a03df6f7da7f330fed2fe31ff1b6bdd1be8fc9ce8088bf297fdd4e6
7,ph_wasserstein_H0,94.1021945476532,200,cls,none,gaussian_noise,1,score,True,274f49f21a03df6f7da7f330fed2fe31ff1b6bdd1be8fc9ce8088bf297fdd4e6
7,ph_bottleneck_H1,0.36041688919067383,200,cls,none,gaussian_noise,1,score,True,274f49f21a03df6f7da7f330fed2fe31ff1b6bdd1be8fc9ce8088bf297fdd4e6
7,ph_wasserstein_H1,33.56250277826731,200,cls,none,gaussian_noise,1,score,True,274f49f21a03df6f7da7f330fed2fe31ff1b6bdd1be8fc9ce8088bf297fdd4e6
7,ph_bottleneck_H0,0.6743574142456055,200,patch_mean,none,gaussian_noise,1,score,True,274f49f21a03df6f7da7f330fed2fe31ff1b6bdd1be8fc9ce8088bf297fdd4e6
7,ph_wasserstein_H0,67.65119194984436,200,patch_mean,none,gaussian_noise,1,score,True,274f49f21a03df6f7da7f330fed2fe31ff1b6bdd1be8fc9ce8088bf297fdd4e6
7,ph_bottleneck_H1,0.42801475524902344,200,patch_mean,none,gaussian_noise,1,score,True,274f49f21a03df6f7da7f330fed2fe31ff1b6bdd1be8fc9ce8088bf297fdd4e6
7,ph_wasserstein_H1,20.767945351096834,200,patch_mean,none,gaussian_noise,1,score,True,274f49f21a03df6f7da7f330fed2fe31ff1b6bdd1be8fc9ce8088bf297fdd4e6
8,ph_bottleneck_H0,1.0553712844848633,200,cls,none,gaussian_noise,1,score,True,274f49f21a03df6f7da7f330fed2fe31ff1b6bdd1be8fc9ce8088bf297fdd4e6
8,ph_wasserstein_H0,82.31274938583374,200,cls,none,gaussian_noise,1,score,True,274f49f21a03df6f7da7f330fed2fe31ff1b6bdd1be8fc9ce8088bf297fdd4e6
8,ph_bottleneck_H1,0.4660477638244629,200,cls,none,gaussian_noise,1,score,True,274f49f21a03df6f7da7f330fed2fe31ff1b6bdd1be8fc9ce8088bf297fdd4e6
8,ph_wasserstein_H1,40.256170630897806,200,cls,none,gaussian_noise,1,score,True,274f49f21a03df6f7da7f330fed2fe31ff1b6bdd1be8fc9ce8088bf297fdd4e6
8,ph_bottleneck_H0,1.8449583053588867,200,patch_mean,none,gaussian_noise,1,score,True,274f49f21a03df6f7da7f330fed2fe31ff1b6bdd1be8fc9ce8088bf297fdd4e6
8,ph_wasserstein_H0,52.850421667099,200,patch_mean,none,gaussian_noise,1,score,True,274f49f21a03df6f7da7f330fed2fe31ff1b6bdd1be8fc9ce8088bf297fdd4e6
8,ph_bottleneck_H1,0.6475615501403809,200,patch_mean,none,gaussian_noise,1,score,True,274f49f21a03df6f7da7f330fed2fe31ff1b6bdd1be8fc9ce8088bf297fdd4e6
8,ph_wasserstein_H1,17.399451909839584,200,patch_mean,none,gaussian_noise,1,score,True,274f49f21a03df6f7da7f330fed2fe31ff1b6bdd1be8fc9ce8088bf297fdd4e6
9,ph_bottleneck_H0,1.673553466796875,200,cls,none,gaussian_noise,1,score,True,274f49f21a03df6f7da7f330fed2fe31ff1b6bdd1be8fc9ce8088bf297fdd4e6
9,ph_wasserstein_H0,72.88099765777588,200,cls,none,gaussian_noise,1,score,True,274f49f21a03df6f7da7f330fed2fe31ff1b6bdd1be8fc9ce8088bf297fdd4e6
9,ph_bottleneck_H1,0.27472877502441406,200,cls,none,gaussian_noise,1,score,True,274f49f21a03df6f7da7f330fed2fe31ff1b6bdd1be8fc9ce8088bf297fdd4e6
9,ph_wasserstein_H1,22.491635302091304,200,cls,none,gaussian_noise,1,score,True,274f49f21a03df6f7da7f330fed2fe31ff1b6bdd1be8fc9ce8088bf297fdd4e6
9,ph_bottleneck_H0,2.042856216430664,200,patch_mean,none,gaussian_noise,1,score,True,274f49f21a03df6f7da7f330fed2fe31ff1b6bdd1be8fc9ce8088bf297fdd4e6
9,ph_wasserstein_H0,44.24259662628174,200,patch_mean,none,gaussian_noise,1,score,True,274f49f21a03df6f7da7f330fed2fe31ff1b6bdd1be8fc9ce8088bf297fdd4e6
9,ph_bottleneck_H1,0.5933942794799805,200,patch_mean,none,gaussian_noise,1,score,True,274f49f21a03df6f7da7f330fed2fe31ff1b6bdd1be8fc9ce8088bf297fdd4e6
9,ph_wasserstein_H1,19.79177839399723,200,patch_mean,none,gaussian_noise,1,score,True,274f49f21a03df6f7da7f330fed2fe31ff1b6bdd1be8fc9ce8088bf297fdd4e6
10,ph_bottleneck_H0,0.9747171401977539,200,cls,none,gaussian_noise,1,score,True,274f49f21a03df6f7da7f330fed2fe31ff1b6bdd1be8fc9ce8088bf297fdd4e6
10,ph_wasserstein_H0,82.24602603912354,200,cls,none,gaussian_noise,1,score,True,274f49f21a03df6f7da7f330fed2fe31ff1b6bdd1be8fc9ce8088bf297fdd4e6
10,ph_bottleneck_H1,0.37138795852661133,200,cls,none,gaussian_noise,1,score,True,274f49f21a03df6f7da7f330fed2fe31ff1b6bdd1be8fc9ce8088bf297fdd4e6
10,ph_wasserstein_H1,20.442807747213315,200,cls,none,gaussian_noise,1,score,True,274f49f21a03df6f7da7f330fed2fe31ff1b6bdd1be8fc9ce8088bf297fdd4e6
10,ph_bottleneck_H0,2.0993824005126953,200,patch_mean,none,gaussian_noise,1,score,True,274f49f21a03df6f7da7f330fed2fe31ff1b6bdd1be8fc9ce8088bf297fdd4e6
10,ph_wasserstein_H0,35.20811748504639,200,patch_mean,none,gaussian_noise,1,score,True,274f49f21a03df6f7da7f330fed2fe31ff1b6bdd1be8fc9ce8088bf297fdd4e6
10,ph_bottleneck_H1,0.70367431640625,200,patch_mean,none,gaussian_noise,1,score,True,274f49f21a03df6f7da7f330fed2fe31ff1b6bdd1be8fc9ce8088bf297fdd4e6
10,ph_wasserstein_H1,20.636919468518307,200,patch_mean,none,gaussian_noise,1,score,True,274f49f21a03df6f7da7f330fed2fe31ff1b6bdd1be8fc9ce8088bf297fdd4e6
11,ph_bottleneck_H0,0.7055754661560059,200,cls,none,gaussian_noise,1,score,True,274f49f21a03df6f7da7f330fed2fe31ff1b6bdd1be8fc9ce8088bf297fdd4e6
11,ph_wasserstein_H0,87.61243152618408,200,cls,none,gaussian_noise,1,score,True,274f49f21a03df6f7da7f330fed2fe31ff1b6bdd1be8fc9ce8088bf297fdd4e6
11,ph_bottleneck_H1,0.5276012420654297,200,cls,none,gaussian_noise,1,score,True,274f49f21a03df6f7da7f330fed2fe31ff1b6bdd1be8fc9ce8088bf297fdd4e6
11,ph_wasserstein_H1,22.580406105188814,200,cls,none,gaussian_noise,1,score,True,274f49f21a03df6f7da7f330fed2fe31ff1b6bdd1be8fc9ce8088bf297fdd4e6
11,ph_bottleneck_H0,0.9040374755859375,200,patch_mean,none,gaussian_noise,1,score,True,274f49f21a03df6f7da7f330fed2fe31ff1b6bdd1be8fc9ce8088bf297fdd4e6
11,ph_wasserstein_H0,34.6018967628479,200,patch_mean,none,gaussian_noise,1,score,True,274f49f21a03df6f7da7f330fed2fe31ff1b6bdd1be8fc9ce8088bf297fdd4e6
11,ph_bottleneck_H1,0.4996337890625,200,patch_mean,none,gaussian_noise,1,score,True,274f49f21a03df6f7da7f330fed2fe31ff1b6bdd1be8fc9ce8088bf297fdd4e6
11,ph_wasserstein_H1,25.054162212138436,200,patch_mean,none,gaussian_noise,1,score,True,274f49f21a03df6f7da7f330fed2fe31ff1b6bdd1be8fc9ce8088bf297fdd4e6
0,ph_bottleneck_H0,0.37915974855422974,200,cls,none,gaussian_noise,3,score,True,274f49f21a03df6f7da7f330fed2fe31ff1b6bdd1be8fc9ce8088bf297fdd4e6
0,ph_wasserstein_H0,30.104416102170944,200,cls,none,gaussian_noise,3,score,True,274f49f21a03df6f7da7f330fed2fe31ff1b6bdd1be8fc9ce8088bf297fdd4e6
0,ph_bottleneck_H1,0.05800962448120117,200,cls,none,gaussian_noise,3,score,True,274f49f21a03df6f7da7f330fed2fe31ff1b6bdd1be8fc9ce8088bf297fdd4e6
0,ph_wasserstein_H1,4.916006038148703,200,cls,none,gaussian_noise,3,score,True,274f49f21a03df6f7da7f330fed2fe31ff1b6bdd1be8fc9ce8088bf297fdd4e6
0,ph_bottleneck_H0,2.021481513977051,200,patch_mean,none,gaussian_noise,3,score,True,274f49f21a03df6f7da7f330fed2fe31ff1b6bdd1be8fc9ce8088bf297fdd4e6
0,ph_wasserstein_H0,256.03273944864327,200,patch_mean,none,gaussian_noise,3,score,True,274f49f21a03df6f7da7f330fed2fe31ff1b6bdd1be8fc9ce8088bf297fdd4e6
0,ph_bottleneck_H1,0.43050575256347656,200,patch_mean,none,gaussian_noise,3,score,True,274f49f21a03df6f7da7f330fed2fe31ff1b6bdd1be8fc9ce8088bf297fdd4e6
0,ph_wasserstein_H1,27.289479446082403,200,patch_mean,none,gaussian_noise,3,score,True,274f49f21a03df6f7da7f330fed2fe31ff1b6bdd1be8fc9ce8088bf297fdd4e6
1,ph_bottleneck_H0,0.6972974538803101,200,cls,none,gaussian_noise,3,score,True,274f49f21a03df6f7da7f330fed2fe31ff1b6bdd1be8fc9ce8088bf297fdd4e6
1,ph_wasserstein_H0,81.31986457271681,200,cls,none,gaussian_noise,3,score,True,274f49f21a03df6f7da7f330fed2fe31ff1b6bdd1be8fc9ce8088bf297fdd4e6
1,ph_bottleneck_H1,0.0839986801147461,200,cls,none,gaussian_noise,3,score,True,274f49f21a03df6f7da7f330fed2fe31ff1b6bdd1be8fc9ce8088bf297fdd4e6
1,ph_wasserstein_H1,6.269957729476146,200,cls,none,gaussian_noise,3,score,True,274f49f21a03df6f7da7f330fed2fe31ff1b6bdd1be8fc9ce8088bf297fdd4e6
1,ph_bottleneck_H0,2.1461894512176514,200,patch_mean,none,gaussian_noise,3,score,True,274f49f21a03df6f7da7f330fed2fe31ff1b6bdd1be8fc9ce8088bf297fdd4e6
1,ph_wasserstein_H0,244.299130320549,200,patch_mean,none,gaussian_noise,3,score,True,274f49f21a03df6f7da7f330fed2fe31ff1b6bdd1be8fc9ce8088bf297fdd4e6
1,ph_bottleneck_H1,0.26141440868377686,200,patch_mean,none,gaussian_noise,3,score,True,274f49f21a03df6f7da7f330fed2fe31ff1b6bdd1be8fc9ce8088bf297fdd4e6
1,ph_wasserstein_H1,23.763295004541355,200,patch_mean,none,gaussian_noise,3,score,True,274f49f21a03df6f7da7f330fed2fe31ff1b6bdd1be8fc9ce8088bf297fdd4e6
2,ph_bottleneck_H0,0.9024796485900879,200,cls,none,gaussian_noise,3,score,True,274f49f21a03df6f7da7f330fed2fe31ff1b6bdd1be8fc9ce8088bf297fdd4e6
2,ph_wasserstein_H0,106.43651598163694,200,cls,none,gaussian_noise,3,score,True,274f49f21a03df6f7da7f330fed2fe31ff1b6bdd1be8fc9ce8088bf297fdd4e6
2,ph_bottleneck_H1,0.12898093461990356,200,cls,none,gaussian_noise,3,score,True,274f49f21a03df6f7da7f330fed2fe31ff1b6bdd1be8fc9ce8088bf297fdd4e6
2,ph_wasserstein_H1,9.122622309638835,200,cls,none,gaussian_noise,3,score,True,274f49f21a03df6f7da7f330fed2fe31ff1b6bdd1be8fc9ce8088bf297fdd4e6
2,ph_bottleneck_H0,2.1626110076904297,200,patch_mean,none,gaussian_noise,3,score,True,274f49f21a03df6f7da7f330fed2fe31ff1b6bdd1be8fc9ce8088bf297fdd4e6
2,ph_wasserstein_H0,216.17386996746063,200,patch_mean,none,gaussian_noise,3,score,True,274f49f21a03df6f7da7f330fed2fe31ff1b6bdd1be8fc9ce8088bf297fdd4e6
2,ph_bottleneck_H1,0.3104182481765747,200,patch_mean,none,gaussian_noise,3,score,True,274f49f21a03df6f7da7f330fed2fe31ff1b6bdd1be8fc9ce8088bf297fdd4e6
2,ph_wasserstein_H1,28.223974279668383,200,patch_mean,none,gaussian_noise,3,score,True,274f49f21a03df6f7da7f330fed2fe31ff1b6bdd1be8fc9ce8088bf297fdd4e6
3,ph_bottleneck_H0,1.0497229099273682,200,cls,none,gaussian_noise,3,score,True,274f49f21a03df6f7da7f330fed2fe31ff1b6bdd1be8fc9ce8088bf297fdd4e6
3,ph_wasserstein_H0,108.46028250455856,200,cls,none,gaussian_noise,3,score,True,274f49f21a03df6f7da7f330fed2fe31ff1b6bdd1be8fc9ce8088bf297fdd4e6
3,ph_bottleneck_H1,0.12971490621566772,200,cls,none,gaussian_noise,3,score,True,274f49f21a03df6f7da7f330fed2fe31ff1b6bdd1be8fc9ce8088bf297fdd4e6
3,ph_wasserstein_H1,13.89901501326835,200,cls,none,gaussian_noise,3,score,True,274f49f21a03df6f7da7f330fed2fe31ff1b6bdd1be8fc9ce8088bf297fdd4e6
3,ph_bottleneck_H0,2.263874053955078,200,patch_mean,none,gaussian_noise,3,score,True,274f49f21a03df6f7da7f330fed2fe31ff1b6bdd1be8fc9ce8088bf297fdd4e6
3,ph_wasserstein_H0,196.75283694267273,200,patch_mean,none,gaussian_noise,3,score,True,274f49f21a03df6f7da7f330fed2fe31ff1b6bdd1be8fc9ce8088bf297fdd4e6
3,ph_bottleneck_H1,0.2978609800338745,200,patch_mean,none,gaussian_noise,3,score,True,274f49f21a03df6f7da7f330fed2fe31ff1b6bdd1be8fc9ce8088bf297fdd4e6
3,ph_wasserstein_H1,26.44332303346993,200,patch_mean,none,gaussian_noise,3,score,True,274f49f21a03df6f7da7f330fed2fe31ff1b6bdd1be8fc9ce8088bf297fdd4e6
4,ph_bottleneck_H0,1.306839942932129,200,cls,none,gaussian_noise,3,score,True,274f49f21a03df6f7da7f330fed2fe31ff1b6bdd1be8fc9ce8088bf297fdd4e6
4,ph_wasserstein_H0,146.83590883016586,200,cls,none,gaussian_noise,3,score,True,274f49f21a03df6f7da7f330fed2fe31ff1b6bdd1be8fc9ce8088bf297fdd4e6
4,ph_bottleneck_H1,0.16686701774597168,200,cls,none,gaussian_noise,3,score,True,274f49f21a03df6f7da7f330fed2fe31ff1b6bdd1be8fc9ce8088bf297fdd4e6
4,ph_wasserstein_H1,19.550329099150847,200,cls,none,gaussian_noise,3,score,True,274f49f21a03df6f7da7f330fed2fe31ff1b6bdd1be8fc9ce8088bf297fdd4e6
4,ph_bottleneck_H0,1.9478931427001953,200,patch_mean,none,gaussian_noise,3,score,True,274f49f21a03df6f7da7f330fed2fe31ff1b6bdd1be8fc9ce8088bf297fdd4e6
4,ph_wasserstein_H0,186.52325081825256,200,patch_mean,none,gaussian_noise,3,score,True,274f49f21a03df6f7da7f330fed2fe31ff1b6bdd1be8fc9ce8088bf297fdd4e6
4,ph_bottleneck_H1,0.2759087085723877,200,patch_mean,none,gaussian_noise,3,score,True,274f49f21a03df6f7da7f330fed2fe31ff1b6bdd1be8fc9ce8088bf297fdd4e6
4,ph_wasserstein_H1,29.220725778001295,200,patch_mean,none,gaussian_noise,3,score,True,274f49f21a03df6f7da7f330fed2fe31ff1b6bdd1be8fc9ce8088bf297fdd4e6
5,ph_bottleneck_H0,1.1592037677764893,200,cls,none,gaussian_noise,3,score,True,274f49f21a03df6f7da7f330fed2fe31ff1b6bdd1be8fc9ce8088bf297fdd4e6
5,ph_wasserstein_H0,170.40940022468567,200,cls,none,gaussian_noise,3,score,True,274f49f21a03df6f7da7f330fed2fe31ff1b6bdd1be8fc9ce8088bf297fdd4e6
5,ph_bottleneck_H1,0.3018801212310791,200,cls,none,gaussian_noise,3,score,True,274f49f21a03df6f7da7f330fed2fe31ff1b6bdd1be8fc9ce8088bf297fdd4e6
5,ph_wasserstein_H1,28.728487339867947,200,cls,none,gaussian_noise,3,score,True,274f49f21a03df6f7da7f330fed2fe31ff1b6bdd1be8fc9ce8088bf297fdd4e6
5,ph_bottleneck_H0,1.6202712059020996,200,patch_mean,none,gaussian_noise,3,score,True,274f49f21a03df6f7da7f330fed2fe31ff1b6bdd1be8fc9ce8088bf297fdd4e6
5,ph_wasserstein_H0,192.625155210495,200,patch_mean,none,gaussian_noise,3,score,True,274f49f21a03df6f7da7f330fed2fe31ff1b6bdd1be8fc9ce8088bf297fdd4e6
5,ph_bottleneck_H1,0.3843677043914795,200,patch_mean,none,gaussian_noise,3,score,True,274f49f21a03df6f7da7f330fed2fe31ff1b6bdd1be8fc9ce8088bf297fdd4e6
5,ph_wasserstein_H1,30.34720686698219,200,patch_mean,none,gaussian_noise,3,score,True,274f49f21a03df6f7da7f330fed2fe31ff1b6bdd1be8fc9ce8088bf297fdd4e6
6,ph_bottleneck_H0,1.2937116622924805,200,cls,none,gaussian_noise,3,score,True,274f49f21a03df6f7da7f330fed2fe31ff1b6bdd1be8fc9ce8088bf297fdd4e6
6,ph_wasserstein_H0,214.03995072841644,200,cls,none,gaussian_noise,3,score,True,274f49f21a03df6f7da7f330fed2fe31ff1b6bdd1be8fc9ce8088bf297fdd4e6
6,ph_bottleneck_H1,0.32892274856567383,200,cls,none,gaussian_noise,3,score,True,274f49f21a03df6f7da7f330fed2fe31ff1b6bdd1be8fc9ce8088bf297fdd4e6
6,ph_wasserstein_H1,32.82784769664754,200,cls,none,gaussian_noise,3,score,True,274f49f21a03df6f7da7f330fed2fe31ff1b6bdd1be8fc9ce8088bf297fdd4e6
6,ph_bottleneck_H0,1.600400447845459,200,patch_mean,none,gaussian_noise,3,score,True,274f49f21a03df6f7da7f330fed2fe31ff1b6bdd1be8fc9ce8088bf297fdd4e6
6,ph_wasserstein_H0,189.12488102912903,200,patch_mean,none,gaussian_noise,3,score,True,274f49f21a03df6f7da7f330fed2fe31ff1b6bdd1be8fc9ce8088bf297fdd4e6
6,ph_bottleneck_H1,0.4405183792114258,200,patch_mean,none,gaussian_noise,3,score,True,274f49f21a03df6f7da7f330fed2fe31ff1b6bdd1be8fc9ce8088bf297fdd4e6
6,ph_wasserstein_H1,35.89355455260279,200,patch_mean,none,gaussian_noise,3,score,True,274f49f21a03df6f7da7f330fed2fe31ff1b6bdd1be8fc9ce8088bf297fdd4e6
7,ph_bottleneck_H0,1.426985740661621,200,cls,none,gaussian_noise,3,score,True,274f49f21a03df6f7da7f330fed2fe31ff1b6bdd1be8fc9ce8088bf297fdd4e6
7,ph_wasserstein_H0,216.11410927772522,200,cls,none,gaussian_noise,3,score,True,274f49f21a03df6f7da7f330fed2fe31ff1b6bdd1be8fc9ce8088bf297fdd4e6
7,ph_bottleneck_H1,0.4046900272369385,200,cls,none,gaussian_noise,3,score,True,274f49f21a03df6f7da7f330fed2fe31ff1b6bdd1be8fc9ce8088bf297fdd4e6
7,ph_wasserstein_H1,45.1120195997837,200,cls,none,gaussian_noise,3,score,True,274f49f21a03df6f7da7f330fed2fe31ff1b6bdd1be8fc9ce8088bf297fdd4e6
7,ph_bottleneck_H0,1.292163372039795,200,patch_mean,none,gaussian_noise,3,score,True,274f49f21a03df6f7da7f330fed2fe31ff1b6bdd1be8fc9ce8088bf297fdd4e6
7,ph_wasserstein_H0,164.60654664039612,200,patch_mean,none,gaussian_noise,3,score,True,274f49f21a03df6f7da7f330fed2fe31ff1b6bdd1be8fc9ce8088bf297fdd4e6
7,ph_bottleneck_H1,0.6142699718475342,200,patch_mean,none,gaussian_noise,3,score,True,274f49f21a03df6f7da7f330fed2fe31ff1b6bdd1be8fc9ce8088bf297fdd4e6
7,ph_wasserstein_H1,37.12674144833147,200,patch_mean,none,gaussian_noise,3,score,True,274f49f21a03df6f7da7f330fed2fe31ff1b6bdd1be8fc9ce8088bf297fdd4e6
8,ph_bottleneck_H0,2.0985231399536133,200,cls,none,gaussian_noise,3,score,True,274f49f21a03df6f7da7f330fed2fe31ff1b6bdd1be8fc9ce8088bf297fdd4e6
8,ph_wasserstein_H0,203.75556349754333,200,cls,none,gaussian_noise,3,score,True,274f49f21a03df6f7da7f330fed2fe31ff1b6bdd1be8fc9ce8088bf297fdd4e6
8,ph_bottleneck_H1,0.5501077175140381,200,cls,none,gaussian_noise,3,score,True,274f49f21a03df6f7da7f330fed2fe31ff1b6bdd1be8fc9ce8088bf297fdd4e6
8,ph_wasserstein_H1,52.93623324433493,200,cls,none,gaussian_noise,3,score,True,274f49f21a03df6f7da7f330fed2fe31ff1b6bdd1be8fc9ce8088bf297fdd4e6
8,ph_bottleneck_H0,5.951778411865234,200,patch_mean,none,gaussian_noise,3,score,True,274f49f21a03df6f7da7f330fed2fe31ff1b6bdd1be8fc9ce8088bf297fdd4e6
8,ph_wasserstein_H0,121.73489379882812,200,patch_mean,none,gaussian_noise,3,score,True,274f49f21a03df6f7da7f330fed2fe31ff1b6bdd1be8fc9ce8088bf297fdd4e6
8,ph_bottleneck_H1,0.8428192138671875,200,patch_mean,none,gaussian_noise,3,score,True,274f49f21a03df6f7da7f330fed2fe31ff1b6bdd1be8fc9ce8088bf297fdd4e6
8,ph_wasserstein_H1,24.61199473524169,200,patch_mean,none,gaussian_noise,3,score,True,274f49f21a03df6f7da7f330fed2fe31ff1b6bdd1be8fc9ce8088bf297fdd4e6
9,ph_bottleneck_H0,2.265890121459961,200,cls,none,gaussian_noise,3,score,True,274f49f21a03df6f7da7f330fed2fe31ff1b6bdd1be8fc9ce8088bf297fdd4e6
9,ph_wasserstein_H0,169.19172048568726,200,cls,none,gaussian_noise,3,score,True,274f49f21a03df6f7da7f330fed2fe31ff1b6bdd1be8fc9ce8088bf297fdd4e6
9,ph_bottleneck_H1,0.41195249557495117,200,cls,none,gaussian_noise,3,score,True,274f49f21a03df6f7da7f330fed2fe31ff1b6bdd1be8fc9ce8088bf297fdd4e6
9,ph_wasserstein_H1,37.52458873375441,200,cls,none,gaussian_noise,3,score,True,274f49f21a03df6f7da7f330fed2fe31ff1b6bdd1be8fc9ce8088bf297fdd4e6
9,ph_bottleneck_H0,6.965278625488281,200,patch_mean,none,gaussian_noise,3,score,True,274f49f21a03df6f7da7f330fed2fe31ff1b6bdd1be8fc9ce8088bf297fdd4e6
9,ph_wasserstein_H0,101.77389097213745,200,patch_mean,none,gaussian_noise,3,score,True,274f49f21a03df6f7da7f330fed2fe31ff1b6bdd1be8fc9ce8088bf297fdd4e6
9,ph_bottleneck_H1,0.5655102729797363,200,patch_mean,none,gaussian_noise,3,score,True,274f49f21a03df6f7da7f330fed2fe31ff1b6bdd1be8fc9ce8088bf297fdd4e6
9,ph_wasserstein_H1,22.55068664653516,200,patch_mean,none,gaussian_noise,3,score,True,274f49f21a03df6f7da7f330fed2fe31ff1b6bdd1be8fc9ce8088bf297fdd4e6
10,ph_bottleneck_H0,5.003267288208008,200,cls,none,gaussian_noise,3,score,True,274f49f21a03df6f7da7f330fed2fe31ff1b6bdd1be8fc9ce8088bf297fdd4e6
10,ph_wasserstein_H0,209.798978805542,200,cls,none,gaussian_noise,3,score,True,274f49f21a03df6f7da7f330fed2fe31ff1b6bdd1be8fc9ce8088bf297fdd4e6
10,ph_bottleneck_H1,0.6371641159057617,200,cls,none,gaussian_noise,3,score,True,274f49f21a03df6f7da7f330fed2fe31ff1b6bdd1be8fc9ce8088bf297fdd4e6
10,ph_wasserstein_H1,37.98167654658059,200,cls,none,gaussian_noise,3,score,True,274f49f21a03df6f7da7f330fed2fe31ff1b6bdd1be8fc9ce8088bf297fdd4e6
10,ph_bottleneck_H0,2.8849105834960938,200,patch_mean,none,gaussian_noise,3,score,True,274f49f21a03df6f7da7f330fed2fe31ff1b6bdd1be8fc9ce8088bf297fdd4e6
10,ph_wasserstein_H0,97.28312349319458,200,patch_mean,none,gaussian_noise,3,score,True,274f49f21a03df6f7da7f330fed2fe31ff1b6bdd1be8fc9ce8088bf297fdd4e6
10,ph_bottleneck_H1,0.5150332450866699,200,patch_mean,none,gaussian_noise,3,score,True,274f49f21a03df6f7da7f330fed2fe31ff1b6bdd1be8fc9ce8088bf297fdd4e6
10,ph_wasserstein_H1,23.69059999302835,200,patch_mean,none,gaussian_noise,3,score,True,274f49f21a03df6f7da7f330fed2fe31ff1b6bdd1be8fc9ce8088bf297fdd4e6
11,ph_bottleneck_H0,1.7100281715393066,200,cls,none,gaussian_noise,3,score,True,274f49f21a03df6f7da7f330fed2fe31ff1b6bdd1be8fc9ce8088bf297fdd4e6
11,ph_wasserstein_H0,255.24116897583008,200,cls,none,gaussian_noise,3,score,True,274f49f21a03df6f7da7f330fed2fe31ff1b6bdd1be8fc9ce8088bf297fdd4e6
11,ph_bottleneck_H1,0.5276012420654297,200,cls,none,gaussian_noise,3,score,True,274f49f21a03df6f7da7f330fed2fe31ff1b6bdd1be8fc9ce8088bf297fdd4e6
11,ph_wasserstein_H1,39.18743116011713,200,cls,none,gaussian_noise,3,score,True,274f49f21a03df6f7da7f330fed2fe31ff1b6bdd1be8fc9ce8088bf297fdd4e6
11,ph_bottleneck_H0,1.047926425933838,200,patch_mean,none,gaussian_noise,3,score,True,274f49f21a03df6f7da7f330fed2fe31ff1b6bdd1be8fc9ce8088bf297fdd4e6
11,ph_wasserstein_H0,144.6389126777649,200,patch_mean,none,gaussian_noise,3,score,True,274f49f21a03df6f7da7f330fed2fe31ff1b6bdd1be8fc9ce8088bf297fdd4e6
11,ph_bottleneck_H1,0.6831884384155273,200,patch_mean,none,gaussian_noise,3,score,True,274f49f21a03df6f7da7f330fed2fe31ff1b6bdd1be8fc9ce8088bf297fdd4e6
11,ph_wasserstein_H1,36.02597751499386,200,patch_mean,none,gaussian_noise,3,score,True,274f49f21a03df6f7da7f330fed2fe31ff1b6bdd1be8fc9ce8088bf297fdd4e6
0,ph_bottleneck_H0,0.5648468136787415,200,cls,none,gaussian_noise,5,score,True,274f49f21a03df6f7da7f330fed2fe31ff1b6bdd1be8fc9ce8088bf297fdd4e6
0,ph_wasserstein_H0,50.92203470327498,200,cls,none,gaussian_noise,5,score,True,274f49f21a03df6f7da7f330fed2fe31ff1b6bdd1be8fc9ce8088bf297fdd4e6
0,ph_bottleneck_H1,0.0661226212978363,200,cls,none,gaussian_noise,5,score,True,274f49f21a03df6f7da7f330fed2fe31ff1b6bdd1be8fc9ce8088bf297fdd4e6
0,ph_wasserstein_H1,5.005013296605981,200,cls,none,gaussian_noise,5,score,True,274f49f21a03df6f7da7f330fed2fe31ff1b6bdd1be8fc9ce8088bf297fdd4e6
0,ph_bottleneck_H0,3.3253626823425293,200,patch_mean,none,gaussian_noise,5,score,True,274f49f21a03df6f7da7f330fed2fe31ff1b6bdd1be8fc9ce8088bf297fdd4e6
0,ph_wasserstein_H0,390.03910624732083,200,patch_mean,none,gaussian_noise,5,score,True,274f49f21a03df6f7da7f330fed2fe31ff1b6bdd1be8fc9ce8088bf297fdd4e6
0,ph_bottleneck_H1,0.43050575256347656,200,patch_mean,none,gaussian_noise,5,score,True,274f49f21a03df6f7da7f330fed2fe31ff1b6bdd1be8fc9ce8088bf297fdd4e6
0,ph_wasserstein_H1,30.065884356639856,200,patch_mean,none,gaussian_noise,5,score,True,274f49f21a03df6f7da7f330fed2fe31ff1b6bdd1be8fc9ce8088bf297fdd4e6
1,ph_bottleneck_H0,0.7065996527671814,200,cls,none,gaussian_noise,5,score,True,274f49f21a03df6f7da7f330fed2fe31ff1b6bdd1be8fc9ce8088bf297fdd4e6
1,ph_wasserstein_H0,111.81404177761075,200,cls,none,gaussian_noise,5,score,True,274f49f21a03df6f7da7f330fed2fe31ff1b6bdd1be8fc9ce8088bf297fdd4e6
1,ph_bottleneck_H1,0.0839986801147461,200,cls,none,gaussian_noise,5,score,True,274f49f21a03df6f7da7f330fed2fe31ff1b6bdd1be8fc9ce8088bf297fdd4e6
1,ph_wasserstein_H1,5.341744337588334,200,cls,none,gaussian_noise,5,score,True,274f49f21a03df6f7da7f330fed2fe31ff1b6bdd1be8fc9ce8088bf297fdd4e6
1,ph_bottleneck_H0,3.0761308670043945,200,patch_mean,none,gaussian_noise,5,score,True,274f49f21a03df6f7da7f330fed2fe31ff1b6bdd1be8fc9ce8088bf297fdd4e6
1,ph_wasserstein_H0,369.1461373765391,200,patch_mean,none,gaussian_noise,5,score,True,274f49f21a03df6f7da7f330fed2fe31ff1b6bdd1be8fc9ce8088bf297fdd4e6
1,ph_bottleneck_H1,0.26141440868377686,200,patch_mean,none,gaussian_noise,5,score,True,274f49f21a03df6f7da7f330fed2fe31ff1b6bdd1be8fc9ce8088bf297fdd4e6
1,ph_wasserstein_H1,21.892339009841116,200,patch_mean,none,gaussian_noise,5,score,True,274f49f21a03df6f7da7f330fed2fe31ff1b6bdd1be8fc9ce8088bf297fdd4e6
2,ph_bottleneck_H0,1.222541332244873,200,cls,none,gaussian_noise,5,score,True,274f49f21a03df6f7da7f330fed2fe31ff1b6bdd1be8fc9ce8088bf297fdd4e6
2,ph_wasserstein_H0,153.94889261522607,200,cls,none,gaussian_noise,5,score,True,274f49f21a03df6f7da7f330fed2fe31ff1b6bdd1be8fc9ce8088bf297fdd4e6
2,ph_bottleneck_H1,0.12898093461990356,200,cls,none,gaussian_noise,5,score,True,274f49f21a03df6f7da7f330fed2fe31ff1b6bdd1be8fc9ce8088bf297fdd4e6
2,ph_wasserstein_H1,8.300676281152672,200,cls,none,gaussian_noise,5,score,True,274f49f21a03df6f7da7f330fed2fe31ff1b6bdd1be8fc9ce8088bf297fdd4e6
2,ph_bottleneck_H0,3.5512843132019043,200,patch_mean,none,gaussian_noise,5,score,True,274f49f21a03df6f7da7f330fed2fe31ff1b6bdd1be8fc9ce8088bf297fdd4e6
2,ph_wasserstein_H0,350.73265667429604,200,patch_mean,none,gaussian_noise,5,score,True,274f49f21a03df6f7da7f330fed2fe31ff1b6bdd1be8fc9ce8088bf297fdd4e6
2,ph_bottleneck_H1,0.3107699155807495,200,patch_mean,none,gaussian_noise,5,score,True,274f49f21a03df6f7da7f330fed2fe31ff1b6bdd1be8fc9ce8088bf297fdd4e6
2,ph_wasserstein_H1,24.043969335827384,200,patch_mean,none,gaussian_noise,5,score,True,274f49f21a03df6f7da7f330fed2fe31ff1b6bdd1be8fc9ce8088bf297fdd4e6
3,ph_bottleneck_H0,1.4802554845809937,200,cls,none,gaussian_noise,5,score,True,274f49f21a03df6f7da7f330fed2fe31ff1b6bdd1be8fc9ce8088bf297fdd4e6
3,ph_wasserstein_H0,175.01057822870715,200,cls,none,gaussian_noise,5,score,True,274f49f21a03df6f7da7f330fed2fe31ff1b6bdd1be8fc9ce8088bf297fdd4e6
3,ph_bottleneck_H1,0.12971490621566772,200,cls,none,gaussian_noise,5,score,True,274f49f21a03df6f7da7f330fed2fe31ff1b6bdd1be8fc9ce8088bf297fdd4e6
3,ph_wasserstein_H1,12.064223794592376,200,cls,none,gaussian_noise,5,score,True,274f49f21a03df6f7da7f330fed2fe31ff1b6bdd1be8fc9ce8088bf297fdd4e6
3,ph_bottleneck_H0,3.376166820526123,200,patch_mean,none,gaussian_noise,5,score,True,274f49f21a03df6f7da7f330fed2fe31ff1b6bdd1be8fc9ce8088bf297fdd4e6
3,ph_wasserstein_H0,324.80723857844794,200,patch_mean,none,gaussian_noise,5,score,True,274f49f21a03df6f7da7f330fed2fe31ff1b6bdd1be8fc9ce8088bf297fdd4e6
3,ph_bottleneck_H1,0.2978609800338745,200,patch_mean,none,gaussian_noise,5,score,True,274f49f21a03df6f7da7f330fed2fe31ff1b6bdd1be8fc9ce8088bf297fdd4e6
3,ph_wasserstein_H1,25.26362741532987,200,patch_mean,none,gaussian_noise,5,score,True,274f49f21a03df6f7da7f330fed2fe31ff1b6bdd1be8fc9ce8088bf297fdd4e6
4,ph_bottleneck_H0,1.6845319271087646,200,cls,none,gaussian_noise,5,score,True,274f49f21a03df6f7da7f330fed2fe31ff1b6bdd1be8fc9ce8088bf297fdd4e6
4,ph_wasserstein_H0,233.66499629953537,200,cls,none,gaussian_noise,5,score,True,274f49f21a03df6f7da7f330fed2fe31ff1b6bdd1be8fc9ce8088bf297fdd4e6
4,ph_bottleneck_H1,0.16686701774597168,200,cls,none,gaussian_noise,5,score,True,274f49f21a03df6f7da7f330fed2fe31ff1b6bdd1be8fc9ce8088bf297fdd4e6
4,ph_wasserstein_H1,17.40916481258958,200,cls,none,gaussian_noise,5,score,True,274f49f21a03df6f7da7f330fed2fe31ff1b6bdd1be8fc9ce8088bf297fdd4e6
4,ph_bottleneck_H0,2.9198975563049316,200,patch_mean,none,gaussian_noise,5,score,True,274f49f21a03df6f7da7f330fed2fe31ff1b6bdd1be8fc9ce8088bf297fdd4e6
4,ph_wasserstein_H0,309.37118697166443,200,patch_mean,none,gaussian_noise,5,score,True,274f49f21a03df6f7da7f330fed2fe31ff1b6bdd1be8fc9ce8088bf297fdd4e6
4,ph_bottleneck_H1,0.2759087085723877,200,patch_mean,none,gaussian_noise,5,score,True,274f49f21a03df6f7da7f330fed2fe31ff1b6bdd1be8fc9ce8088bf297fdd4e6
4,ph_wasserstein_H1,29.955827134338563,200,patch_mean,none,gaussian_noise,5,score,True,274f49f21a03df6f7da7f330fed2fe31ff1b6bdd1be8fc9ce8088bf297fdd4e6
5,ph_bottleneck_H0,1.7440831661224365,200,cls,none,gaussian_noise,5,score,True,274f49f21a03df6f7da7f330fed2fe31ff1b6bdd1be8fc9ce8088bf297fdd4e6
5,ph_wasserstein_H0,288.7747604250908,200,cls,none,gaussian_noise,5,score,True,274f49f21a03df6f7da7f330fed2fe31ff1b6bdd1be8fc9ce8088bf297fdd4e6
5,ph_bottleneck_H1,0.3018801212310791,200,cls,none,gaussian_noise,5,score,True,274f49f21a03df6f7da7f330fed2fe31ff1b6bdd1be8fc9ce8088bf297fdd4e6
5,ph_wasserstein_H1,24.97107199837408,200,cls,none,gaussian_noise,5,score,True,274f49f21a03df6f7da7f330fed2fe31ff1b6bdd1be8fc9ce8088bf297fdd4e6
5,ph_bottleneck_H0,2.924961566925049,200,patch_mean,none,gaussian_noise,5,score,True,274f49f21a03df6f7da7f330fed2fe31ff1b6bdd1be8fc9ce8088bf297fdd4e6
5,ph_wasserstein_H0,327.87776589393616,200,patch_mean,none,gaussian_noise,5,score,True,274f49f21a03df6f7da7f330fed2fe31ff1b6bdd1be8fc9ce8088bf297fdd4e6
5,ph_bottleneck_H1,0.3843677043914795,200,patch_mean,none,gaussian_noise,5,score,True,274f49f21a03df6f7da7f330fed2fe31ff1b6bdd1be8fc9ce8088bf297fdd4e6
5,ph_wasserstein_H1,34.81155237825574,200,patch_mean,none,gaussian_noise,5,score,True,274f49f21a03df6f7da7f330fed2fe31ff1b6bdd1be8fc9ce8088bf297fdd4e6
6,ph_bottleneck_H0,2.34334659576416,200,cls,none,gaussian_noise,5,score,True,274f49f21a03df6f7da7f330fed2fe31ff1b6bdd1be8fc9ce8088bf297fdd4e6
6,ph_wasserstein_H0,354.9071708508292,200,cls,none,gaussian_noise,5,score,True,274f49f21a03df6f7da7f330fed2fe31ff1b6bdd1be8fc9ce8088bf297fdd4e6
6,ph_bottleneck_H1,0.3643934726715088,200,cls,none,gaussian_noise,5,score,True,274f49f21a03df6f7da7f330fed2fe31ff1b6bdd1be8fc9ce8088bf297fdd4e6
6,ph_wasserstein_H1,32.88878728140905,200,cls,none,gaussian_noise,5,score,True,274f49f21a03df6f7da7f330fed2fe31ff1b6bdd1be8fc9ce8088bf297fdd4e6
6,ph_bottleneck_H0,2.862675666809082,200,patch_mean,none,gaussian_noise,5,score,True,274f49f21a03df6f7da7f330fed2fe31ff1b6bdd1be8fc9ce8088bf297fdd4e6
6,ph_wasserstein_H0,330.0741798877716,200,patch_mean,none,gaussian_noise,5,score,True,274f49f21a03df6f7da7f330fed2fe31ff1b6bdd1be8fc9ce8088bf297fdd4e6
6,ph_bottleneck_H1,0.4405183792114258,200,patch_mean,none,gaussian_noise,5,score,True,274f49f21a03df6f7da7f330fed2fe31ff1b6bdd1be8fc9ce8088bf297fdd4e6
6,ph_wasserstein_H1,39.69554251360515,200,patch_mean,none,gaussian_noise,5,score,True,274f49f21a03df6f7da7f330fed2fe31ff1b6bdd1be8fc9ce8088bf297fdd4e6
7,ph_bottleneck_H0,3.073173999786377,200,cls,none,gaussian_noise,5,score,True,274f49f21a03df6f7da7f330fed2fe31ff1b6bdd1be8fc9ce8088bf297fdd4e6
7,ph_wasserstein_H0,374.3931156571266,200,cls,none,gaussian_noise,5,score,True,274f49f21a03df6f7da7f330fed2fe31ff1b6bdd1be8fc9ce8088bf297fdd4e6
7,ph_bottleneck_H1,0.41858458518981934,200,cls,none,gaussian_noise,5,score,True,274f49f21a03df6f7da7f330fed2fe31ff1b6bdd1be8fc9ce8088bf297fdd4e6
7,ph_wasserstein_H1,44.004106272698316,200,cls,none,gaussian_noise,5,score,True,274f49f21a03df6f7da7f330fed2fe31ff1b6bdd1be8fc9ce8088bf297fdd4e6
7,ph_bottleneck_H0,2.2440056800842285,200,patch_mean,none,gaussian_noise,5,score,True,274f49f21a03df6f7da7f330fed2fe31ff1b6bdd1be8fc9ce8088bf297fdd4e6
7,ph_wasserstein_H0,324.81714284420013,200,patch_mean,none,gaussian_noise,5,score,True,274f49f21a03df6f7da7f330fed2fe31ff1b6bdd1be8fc9ce8088bf297fdd4e6
7,ph_bottleneck_H1,0.6142699718475342,200,patch_mean,none,gaussian_noise,5,score,True,274f49f21a03df6f7da7f330fed2fe31ff1b6bdd1be8fc9ce8088bf297fdd4e6
7,ph_wasserstein_H1,47.86655420757348,200,patch_mean,none,gaussian_noise,5,score,True,274f49f21a03df6f7da7f330fed2fe31ff1b6bdd1be8fc9ce8088bf297fdd4e6
8,ph_bottleneck_H0,2.3270883560180664,200,cls,none,gaussian_noise,5,score,True,274f49f21a03df6f7da7f330fed2fe31ff1b6bdd1be8fc9ce8088bf297fdd4e6
8,ph_wasserstein_H0,363.0725215980842,200,cls,none,gaussian_noise,5,score,True,274f49f21a03df6f7da7f330fed2fe31ff1b6bdd1be8fc9ce8088bf297fdd4e6
8,ph_bottleneck_H1,0.5501077175140381,200,cls,none,gaussian_noise,5,score,True,274f49f21a03df6f7da7f330fed2fe31ff1b6bdd1be8fc9ce8088bf297fdd4e6
8,ph_wasserstein_H1,47.67713236020705,200,cls,none,gaussian_noise,5,score,True,274f49f21a03df6f7da7f330fed2fe31ff1b6bdd1be8fc9ce8088bf297fdd4e6
8,ph_bottleneck_H0,7.619864463806152,200,patch_mean,none,gaussian_noise,5,score,True,274f49f21a03df6f7da7f330fed2fe31ff1b6bdd1be8fc9ce8088bf297fdd4e6
8,ph_wasserstein_H0,294.27916728135756,200,patch_mean,none,gaussian_noise,5,score,True,274f49f21a03df6f7da7f330fed2fe31ff1b6bdd1be8fc9ce8088bf297fdd4e6
8,ph_bottleneck_H1,0.8092794418334961,200,patch_mean,none,gaussian_noise,5,score,True,274f49f21a03df6f7da7f330fed2fe31ff1b6bdd1be8fc9ce8088bf297fdd4e6
8,ph_wasserstein_H1,33.760815379907044,200,patch_mean,none,gaussian_noise,5,score,True,274f49f21a03df6f7da7f330fed2fe31ff1b6bdd1be8fc9ce8088bf297fdd4e6
9,ph_bottleneck_H0,4.226869106292725,200,cls,none,gaussian_noise,5,score,True,274f49f21a03df6f7da7f330fed2fe31ff1b6bdd1be8fc9ce8088bf297fdd4e6
9,ph_wasserstein_H0,352.52000854404395,200,cls,none,gaussian_noise,5,score,True,274f49f21a03df6f7da7f330fed2fe31ff1b6bdd1be8fc9ce8088bf297fdd4e6
9,ph_bottleneck_H1,0.5860235691070557,200,cls,none,gaussian_noise,5,score,True,274f49f21a03df6f7da7f330fed2fe31ff1b6bdd1be8fc9ce8088bf297fdd4e6
9,ph_wasserstein_H1,41.70314885472946,200,cls,none,gaussian_noise,5,score,True,274f49f21a03df6f7da7f330fed2fe31ff1b6bdd1be8fc9ce8088bf297fdd4e6
9,ph_bottleneck_H0,8.59926986694336,200,patch_mean,none,gaussian_noise,5,score,True,274f49f21a03df6f7da7f330fed2fe31ff1b6bdd1be8fc9ce8088bf297fdd4e6
9,ph_wasserstein_H0,298.08636008803967,200,patch_mean,none,gaussian_noise,5,score,True,274f49f21a03df6f7da7f330fed2fe31ff1b6bdd1be8fc9ce8088bf297fdd4e6
9,ph_bottleneck_H1,0.6378617286682129,200,patch_mean,none,gaussian_noise,5,score,True,274f49f21a03df6f7da7f330fed2fe31ff1b6bdd1be8fc9ce8088bf297fdd4e6
9,ph_wasserstein_H1,35.36012421820371,200,patch_mean,none,gaussian_noise,5,score,True,274f49f21a03df6f7da7f330fed2fe31ff1b6bdd1be8fc9ce8088bf297fdd4e6
10,ph_bottleneck_H0,5.050212860107422,200,cls,none,gaussian_noise,5,score,True,274f49f21a03df6f7da7f330fed2fe31ff1b6bdd1be8fc9ce8088bf297fdd4e6
10,ph_wasserstein_H0,430.8457990100028,200,cls,none,gaussian_noise,5,score,True,274f49f21a03df6f7da7f330fed2fe31ff1b6bdd1be8fc9ce8088bf297fdd4e6
10,ph_bottleneck_H1,0.5838074684143066,200,cls,none,gaussian_noise,5,score,True,274f49f21a03df6f7da7f330fed2fe31ff1b6bdd1be8fc9ce8088bf297fdd4e6
10,ph_wasserstein_H1,41.753005819662384,200,cls,none,gaussian_noise,5,score,True,274f49f21a03df6f7da7f330fed2fe31ff1b6bdd1be8fc9ce8088bf297fdd4e6
10,ph_bottleneck_H0,7.410459518432617,200,patch_mean,none,gaussian_noise,5,score,True,274f49f21a03df6f7da7f330fed2fe31ff1b6bdd1be8fc9ce8088bf297fdd4e6
10,ph_wasserstein_H0,328.0081567062191,200,patch_mean,none,gaussian_noise,5,score,True,274f49f21a03df6f7da7f330fed2fe31ff1b6bdd1be8fc9ce8088bf297fdd4e6
10,ph_bottleneck_H1,0.8348069190979004,200,patch_mean,none,gaussian_noise,5,score,True,274f49f21a03df6f7da7f330fed2fe31ff1b6bdd1be8fc9ce8088bf297fdd4e6
10,ph_wasserstein_H1,30.311746443934343,200,patch_mean,none,gaussian_noise,5,score,True,274f49f21a03df6f7da7f330fed2fe31ff1b6bdd1be8fc9ce8088bf297fdd4e6
11,ph_bottleneck_H0,3.127901077270508,200,cls,none,gaussian_noise,5,score,True,274f49f21a03df6f7da7f330fed2fe31ff1b6bdd1be8fc9ce8088bf297fdd4e6
11,ph_wasserstein_H0,489.0846860408783,200,cls,none,gaussian_noise,5,score,True,274f49f21a03df6f7da7f330fed2fe31ff1b6bdd1be8fc9ce8088bf297fdd4e6
11,ph_bottleneck_H1,0.528435468673706,200,cls,none,gaussian_noise,5,score,True,274f49f21a03df6f7da7f330fed2fe31ff1b6bdd1be8fc9ce8088bf297fdd4e6
11,ph_wasserstein_H1,44.80929716059663,200,cls,none,gaussian_noise,5,score,True,274f49f21a03df6f7da7f330fed2fe31ff1b6bdd1be8fc9ce8088bf297fdd4e6
11,ph_bottleneck_H0,4.788480758666992,200,patch_mean,none,gaussian_noise,5,score,True,274f49f21a03df6f7da7f330fed2fe31ff1b6bdd1be8fc9ce8088bf297fdd4e6
11,ph_wasserstein_H0,438.9921758174896,200,patch_mean,none,gaussian_noise,5,score,True,274f49f21a03df6f7da7f330fed2fe31ff1b6bdd1be8fc9ce8088bf297fdd4e6
11,ph_bottleneck_H1,0.8397016525268555,200,patch_mean,none,gaussian_noise,5,score,True,274f49f21a03df6f7da7f330fed2fe31ff1b6bdd1be8fc9ce8088bf297fdd4e6
11,ph_wasserstein_H1,57.21155301104986,200,patch_mean,none,gaussian_noise,5,score,True,274f49f21a03df6f7da7f330fed2fe31ff1b6bdd1be8fc9ce8088bf297fdd4e6
0,ph_bottleneck_H0,0.06496274471282959,200,cls,none,defocus_blur,1,score,True,274f49f21a03df6f7da7f330fed2fe31ff1b6bdd1be8fc9ce8088bf297fdd4e6
0,ph_wasserstein_H0,2.5562475621700287,200,cls,none,defocus_blur,1,score,True,274f49f21a03df6f7da7f330fed2fe31ff1b6bdd1be8fc9ce8088bf297fdd4e6
0,ph_bottleneck_H1,0.0810556411743164,200,cls,none,defocus_blur,1,score,True,274f49f21a03df6f7da7f330fed2fe31ff1b6bdd1be8fc9ce8088bf297fdd4e6
0,ph_wasserstein_H1,1.9246209680594801,200,cls,none,defocus_blur,1,score,True,274f49f21a03df6f7da7f330fed2fe31ff1b6bdd1be8fc9ce8088bf297fdd4e6
0,ph_bottleneck_H0,1.8369331359863281,200,patch_mean,none,defocus_blur,1,score,True,274f49f21a03df6f7da7f330fed2fe31ff1b6bdd1be8fc9ce8088bf297fdd4e6
0,ph_wasserstein_H0,190.14713561534882,200,patch_mean,none,defocus_blur,1,score,True,274f49f21a03df6f7da7f330fed2fe31ff1b6bdd1be8fc9ce8088bf297fdd4e6
0,ph_bottleneck_H1,0.43050575256347656,200,patch_mean,none,defocus_blur,1,score,True,274f49f21a03df6f7da7f330fed2fe31ff1b6bdd1be8fc9ce8088bf297fdd4e6
0,ph_wasserstein_H1,21.36168172448862,200,patch_mean,none,defocus_blur,1,score,True,274f49f21a03df6f7da7f330fed2fe31ff1b6bdd1be8fc9ce8088bf297fdd4e6
1,ph_bottleneck_H0,0.16036319732666016,200,cls,none,defocus_blur,1,score,True,274f49f21a03df6f7da7f330fed2fe31ff1b6bdd1be8fc9ce8088bf297fdd4e6
1,ph_wasserstein_H0,11.976488828659058,200,cls,none,defocus_blur,1,score,True,274f49f21a03df6f7da7f330fed2fe31ff1b6bdd1be8fc9ce8088bf297fdd4e6
1,ph_bottleneck_H1,0.05711209774017334,200,cls,none,defocus_blur,1,score,True,274f49f21a03df6f7da7f330fed2fe31ff1b6bdd1be8fc9ce8088bf297fdd4e6
1,ph_wasserstein_H1,3.36740430096071,200,cls,none,defocus_blur,1,score,True,274f49f21a03df6f7da7f330fed2fe31ff1b6bdd1be8fc9ce8088bf297fdd4e6
1,ph_bottleneck_H0,1.5604510307312012,200,patch_mean,none,defocus_blur,1,score,True,274f49f21a03df6f7da7f330fed2fe31ff1b6bdd1be8fc9ce8088bf297fdd4e6
1,ph_wasserstein_H0,126.07631278038025,200,patch_mean,none,defocus_blur,1,score,True,274f49f21a03df6f7da7f330fed2fe31ff1b6bdd1be8fc9ce8088bf297fdd4e6
1,ph_bottleneck_H1,0.24168038368225098,200,patch_mean,none,defocus_blur,1,score,True,274f49f21a03df6f7da7f330fed2fe31ff1b6bdd1be8fc9ce8088bf297fdd4e6
1,ph_wasserstein_H1,17.796937353565564,200,patch_mean,none,defocus_blur,1,score,True,274f49f21a03df6f7da7f330fed2fe31ff1b6bdd1be8fc9ce8088bf297fdd4e6
2,ph_bottleneck_H0,0.29062771797180176,200,cls,none,defocus_blur,1,score,True,274f49f21a03df6f7da7f330fed2fe31ff1b6bdd1be8fc9ce8088bf297fdd4e6
2,ph_wasserstein_H0,38.349982142448425,200,cls,none,defocus_blur,1,score,True,274f49f21a03df6f7da7f330fed2fe31ff1b6bdd1be8fc9ce8088bf297fdd4e6
2,ph_bottleneck_H1,0.12633609771728516,200,cls,none,defocus_blur,1,score,True,274f49f21a03df6f7da7f330fed2fe31ff1b6bdd1be8fc9ce8088bf297fdd4e6
2,ph_wasserstein_H1,7.146493311091401,200,cls,none,defocus_blur,1,score,True,274f49f21a03df6f7da7f330fed2fe31ff1b6bdd1be8fc9ce8088bf297fdd4e6
2,ph_bottleneck_H0,1.5315666198730469,200,patch_mean,none,defocus_blur,1,score,True,274f49f21a03df6f7da7f330fed2fe31ff1b6bdd1be8fc9ce8088bf297fdd4e6
2,ph_wasserstein_H0,102.96855878829956,200,patch_mean,none,defocus_blur,1,score,True,274f49f21a03df6f7da7f330fed2fe31ff1b6bdd1be8fc9ce8088bf297fdd4e6
2,ph_bottleneck_H1,0.23477435111999512,200,patch_mean,none,defocus_blur,1,score,True,274f49f21a03df6f7da7f330fed2fe31ff1b6bdd1be8fc9ce8088bf297fdd4e6
2,ph_wasserstein_H1,16.215443319118247,200,patch_mean,none,defocus_blur,1,score,True,274f49f21a03df6f7da7f330fed2fe31ff1b6bdd1be8fc9ce8088bf297fdd4e6
3,ph_bottleneck_H0,0.392622709274292,200,cls,none,defocus_blur,1,score,True,274f49f21a03df6f7da7f330fed2fe31ff1b6bdd1be8fc9ce8088bf297fdd4e6
3,ph_wasserstein_H0,44.95656234025955,200,cls,none,defocus_blur,1,score,True,274f49f21a03df6f7da7f330fed2fe31ff1b6bdd1be8fc9ce8088bf297fdd4e6
3,ph_bottleneck_H1,0.09891009330749512,200,cls,none,defocus_blur,1,score,True,274f49f21a03df6f7da7f330fed2fe31ff1b6bdd1be8fc9ce8088bf297fdd4e6
3,ph_wasserstein_H1,10.180910473984724,200,cls,none,defocus_blur,1,score,True,274f49f21a03df6f7da7f330fed2fe31ff1b6bdd1be8fc9ce8088bf297fdd4e6
3,ph_bottleneck_H0,1.3462095260620117,200,patch_mean,none,defocus_blur,1,score,True,274f49f21a03df6f7da7f330fed2fe31ff1b6bdd1be8fc9ce8088bf297fdd4e6
3,ph_wasserstein_H0,82.57728230953217,200,patch_mean,none,defocus_blur,1,score,True,274f49f21a03df6f7da7f330fed2fe31ff1b6bdd1be8fc9ce8088bf297fdd4e6
3,ph_bottleneck_H1,0.2616703510284424,200,patch_mean,none,defocus_blur,1,score,True,274f49f21a03df6f7da7f330fed2fe31ff1b6bdd1be8fc9ce8088bf297fdd4e6
3,ph_wasserstein_H1,15.996277160212351,200,patch_mean,none,defocus_blur,1,score,True,274f49f21a03df6f7da7f330fed2fe31ff1b6bdd1be8fc9ce8088bf297fdd4e6
4,ph_bottleneck_H0,0.5036005973815918,200,cls,none,defocus_blur,1,score,True,274f49f21a03df6f7da7f330fed2fe31ff1b6bdd1be8fc9ce8088bf297fdd4e6
4,ph_wasserstein_H0,47.754934191703796,200,cls,none,defocus_blur,1,score,True,274f49f21a03df6f7da7f330fed2fe31ff1b6bdd1be8fc9ce8088bf297fdd4e6
4,ph_bottleneck_H1,0.13157612085342407,200,cls,none,defocus_blur,1,score,True,274f49f21a03df6f7da7f330fed2fe31ff1b6bdd1be8fc9ce8088bf297fdd4e6
4,ph_wasserstein_H1,12.285477875579748,200,cls,none,defocus_blur,1,score,True,274f49f21a03df6f7da7f330fed2fe31ff1b6bdd1be8fc9ce8088bf297fdd4e6
4,ph_bottleneck_H0,1.0440073013305664,200,patch_mean,none,defocus_blur,1,score,True,274f49f21a03df6f7da7f330fed2fe31ff1b6bdd1be8fc9ce8088bf297fdd4e6
4,ph_wasserstein_H0,67.27908968925476,200,patch_mean,none,defocus_blur,1,score,True,274f49f21a03df6f7da7f330fed2fe31ff1b6bdd1be8fc9ce8088bf297fdd4e6
4,ph_bottleneck_H1,0.2357025146484375,200,patch_mean,none,defocus_blur,1,score,True,274f49f21a03df6f7da7f330fed2fe31ff1b6bdd1be8fc9ce8088bf297fdd4e6
4,ph_wasserstein_H1,15.707344947175564,200,patch_mean,none,defocus_blur,1,score,True,274f49f21a03df6f7da7f330fed2fe31ff1b6bdd1be8fc9ce8088bf297fdd4e6
5,ph_bottleneck_H0,0.39804863929748535,200,cls,none,defocus_blur,1,score,True,274f49f21a03df6f7da7f330fed2fe31ff1b6bdd1be8fc9ce8088bf297fdd4e6
5,ph_wasserstein_H0,44.7633296251297,200,cls,none,defocus_blur,1,score,True,274f49f21a03df6f7da7f330fed2fe31ff1b6bdd1be8fc9ce8088bf297fdd4e6
5,ph_bottleneck_H1,0.22135210037231445,200,cls,none,defocus_blur,1,score,True,274f49f21a03df6f7da7f330fed2fe31ff1b6bdd1be8fc9ce8088bf297fdd4e6
5,ph_wasserstein_H1,14.264085631098364,200,cls,none,defocus_blur,1,score,True,274f49f21a03df6f7da7f330fed2fe31ff1b6bdd1be8fc9ce8088bf297fdd4e6
5,ph_bottleneck_H0,1.6386895179748535,200,patch_mean,none,defocus_blur,1,score,True,274f49f21a03df6f7da7f330fed2fe31ff1b6bdd1be8fc9ce8088bf297fdd4e6
5,ph_wasserstein_H0,55.570632219314575,200,patch_mean,none,defocus_blur,1,score,True,274f49f21a03df6f7da7f330fed2fe31ff1b6bdd1be8fc9ce8088bf297fdd4e6
5,ph_bottleneck_H1,0.2651948928833008,200,patch_mean,none,defocus_blur,1,score,True,274f49f21a03df6f7da7f330fed2fe31ff1b6bdd1be8fc9ce8088bf297fdd4e6
5,ph_wasserstein_H1,16.323545419703123,200,patch_mean,none,defocus_blur,1,score,True,274f49f21a03df6f7da7f330fed2fe31ff1b6bdd1be8fc9ce8088bf297fdd4e6
6,ph_bottleneck_H0,0.5314240455627441,200,cls,none,defocus_blur,1,score,True,274f49f21a03df6f7da7f330fed2fe31ff1b6bdd1be8fc9ce8088bf297fdd4e6
6,ph_wasserstein_H0,63.860894203186035,200,cls,none,defocus_blur,1,score,True,274f49f21a03df6f7da7f330fed2fe31ff1b6bdd1be8fc9ce8088bf297fdd4e6
6,ph_bottleneck_H1,0.25660550594329834,200,cls,none,defocus_blur,1,score,True,274f49f21a03df6f7da7f330fed2fe31ff1b6bdd1be8fc9ce8088bf297fdd4e6
6,ph_wasserstein_H1,18.895307379505255,200,cls,none,defocus_blur,1,score,True,274f49f21a03df6f7da7f330fed2fe31ff1b6bdd1be8fc9ce8088bf297fdd4e6
6,ph_bottleneck_H0,1.3096351623535156,200,patch_mean,none,defocus_blur,1,score,True,274f49f21a03df6f7da7f330fed2fe31ff1b6bdd1be8fc9ce8088bf297fdd4e6
6,ph_wasserstein_H0,59.07999563217163,200,patch_mean,none,defocus_blur,1,score,True,274f49f21a03df6f7da7f330fed2fe31ff1b6bdd1be8fc9ce8088bf297fdd4e6
6,ph_bottleneck_H1,0.43373584747314453,200,patch_mean,none,defocus_blur,1,score,True,274f49f21a03df6f7da7f330fed2fe31ff1b6bdd1be8fc9ce8088bf297fdd4e6
6,ph_wasserstein_H1,16.532719606304923,200,patch_mean,none,defocus_blur,1,score,True,274f49f21a03df6f7da7f330fed2fe31ff1b6bdd1be8fc9ce8088bf297fdd4e6
7,ph_bottleneck_H0,0.5718584060668945,200,cls,none,defocus_blur,1,score,True,274f49f21a03df6f7da7f330fed2fe31ff1b6bdd1be8fc9ce8088bf297fdd4e6
7,ph_wasserstein_H0,72.40438580513,200,cls,none,defocus_blur,1,score,True,274f49f21a03df6f7da7f330fed2fe31ff1b6bdd1be8fc9ce8088bf297fdd4e6
7,ph_bottleneck_H1,0.29189014434814453,200,cls,none,defocus_blur,1,score,True,274f49f21a03df6f7da7f330fed2fe31ff1b6bdd1be8fc9ce8088bf297fdd4e6
7,ph_wasserstein_H1,30.24428954956754,200,cls,none,defocus_blur,1,score,True,274f49f21a03df6f7da7f330fed2fe31ff1b6bdd1be8fc9ce8088bf297fdd4e6
7,ph_bottleneck_H0,0.7283668518066406,200,patch_mean,none,defocus_blur,1,score,True,274f49f21a03df6f7da7f330fed2fe31ff1b6bdd1be8fc9ce8088bf297fdd4e6
7,ph_wasserstein_H0,61.66143250465393,200,patch_mean,none,defocus_blur,1,score,True,274f49f21a03df6f7da7f330fed2fe31ff1b6bdd1be8fc9ce8088bf297fdd4e6
7,ph_bottleneck_H1,0.41046571731567383,200,patch_mean,none,defocus_blur,1,score,True,274f49f21a03df6f7da7f330fed2fe31ff1b6bdd1be8fc9ce8088bf297fdd4e6
7,ph_wasserstein_H1,18.450601868096232,200,patch_mean,none,defocus_blur,1,score,True,274f49f21a03df6f7da7f330fed2fe31ff1b6bdd1be8fc9ce8088bf297fdd4e6
8,ph_bottleneck_H0,1.020815372467041,200,cls,none,defocus_blur,1,score,True,274f49f21a03df6f7da7f330fed2fe31ff1b6bdd1be8fc9ce8088bf297fdd4e6
8,ph_wasserstein_H0,52.822044134140015,200,cls,none,defocus_blur,1,score,True,274f49f21a03df6f7da7f330fed2fe31ff1b6bdd1be8fc9ce8088bf297fdd4e6
8,ph_bottleneck_H1,0.4561886787414551,200,cls,none,defocus_blur,1,score,True,274f49f21a03df6f7da7f330fed2fe31ff1b6bdd1be8fc9ce8088bf297fdd4e6
8,ph_wasserstein_H1,31.330361801949763,200,cls,none,defocus_blur,1,score,True,274f49f21a03df6f7da7f330fed2fe31ff1b6bdd1be8fc9ce8088bf297fdd4e6
8,ph_bottleneck_H0,2.6899185180664062,200,patch_mean,none,defocus_blur,1,score,True,274f49f21a03df6f7da7f330fed2fe31ff1b6bdd1be8fc9ce8088bf297fdd4e6
8,ph_wasserstein_H0,47.29531645774841,200,patch_mean,none,defocus_blur,1,score,True,274f49f21a03df6f7da7f330fed2fe31ff1b6bdd1be8fc9ce8088bf297fdd4e6
8,ph_bottleneck_H1,0.7635526657104492,200,patch_mean,none,defocus_blur,1,score,True,274f49f21a03df6f7da7f330fed2fe31ff1b6bdd1be8fc9ce8088bf297fdd4e6
8,ph_wasserstein_H1,20.331075486683712,200,patch_mean,none,defocus_blur,1,score,True,274f49f21a03df6f7da7f330fed2fe31ff1b6bdd1be8fc9ce8088bf297fdd4e6
9,ph_bottleneck_H0,1.1973848342895508,200,cls,none,defocus_blur,1,score,True,274f49f21a03df6f7da7f330fed2fe31ff1b6bdd1be8fc9ce8088bf297fdd4e6
9,ph_wasserstein_H0,62.624826431274414,200,cls,none,defocus_blur,1,score,True,274f49f21a03df6f7da7f330fed2fe31ff1b6bdd1be8fc9ce8088bf297fdd4e6
9,ph_bottleneck_H1,0.2928590774536133,200,cls,none,defocus_blur,1,score,True,274f49f21a03df6f7da7f330fed2fe31ff1b6bdd1be8fc9ce8088bf297fdd4e6
9,ph_wasserstein_H1,21.00762839073374,200,cls,none,defocus_blur,1,score,True,274f49f21a03df6f7da7f330fed2fe31ff1b6bdd1be8fc9ce8088bf297fdd4e6
9,ph_bottleneck_H0,3.350398063659668,200,patch_mean,none,defocus_blur,1,score,True,274f49f21a03df6f7da7f330fed2fe31ff1b6bdd1be8fc9ce8088bf297fdd4e6
9,ph_wasserstein_H0,26.652796983718872,200,patch_mean,none,defocus_blur,1,score,True,274f49f21a03df6f7da7f330fed2fe31ff1b6bdd1be8fc9ce8088bf297fdd4e6
9,ph_bottleneck_H1,0.697087287902832,200,patch_mean,none,defocus_blur,1,score,True,274f49f21a03df6f7da7f330fed2fe31ff1b6bdd1be8fc9ce8088bf297fdd4e6
9,ph_wasserstein_H1,21.65597490439943,200,patch_mean,none,defocus_blur,1,score,True,274f49f21a03df6f7da7f330fed2fe31ff1b6bdd1be8fc9ce8088bf297fdd4e6
10,ph_bottleneck_H0,1.2006607055664062,200,cls,none,defocus_blur,1,score,True,274f49f21a03df6f7da7f330fed2fe31ff1b6bdd1be8fc9ce8088bf297fdd4e6
10,ph_wasserstein_H0,105.1765718460083,200,cls,none,defocus_blur,1,score,True,274f49f21a03df6f7da7f330fed2fe31ff1b6bdd1be8fc9ce8088bf297fdd4e6
10,ph_bottleneck_H1,0.4285101890563965,200,cls,none,defocus_blur,1,score,True,274f49f21a03df6f7da7f330fed2fe31ff1b6bdd1be8fc9ce8088bf297fdd4e6
10,ph_wasserstein_H1,24.162360397721972,200,cls,none,defocus_blur,1,score,True,274f49f21a03df6f7da7f330fed2fe31ff1b6bdd1be8fc9ce8088bf297fdd4e6
10,ph_bottleneck_H0,2.4987401962280273,200,patch_mean,none,defocus_blur,1,score,True,274f49f21a03df6f7da7f330fed2fe31ff1b6bdd1be8fc9ce8088bf297fdd4e6
10,ph_wasserstein_H0,21.576160430908203,200,patch_mean,none,defocus_blur,1,score,True,274f49f21a03df6f7da7f330fed2fe31ff1b6bdd1be8fc9ce8088bf297fdd4e6
10,ph_bottleneck_H1,0.534174919128418,200,patch_mean,none,defocus_blur,1,score,True,274f49f21a03df6f7da7f330fed2fe31ff1b6bdd1be8fc9ce8088bf297fdd4e6
10,ph_wasserstein_H1,22.379748888602272,200,patch_mean,none,defocus_blur,1,score,True,274f49f21a03df6f7da7f330fed2fe31ff1b6bdd1be8fc9ce8088bf297fdd4e6
11,ph_bottleneck_H0,1.000075340270996,200,cls,none,defocus_blur,1,score,True,274f49f21a03df6f7da7f330fed2fe31ff1b6bdd1be8fc9ce8088bf297fdd4e6
11,ph_wasserstein_H0,111.79962825775146,200,cls,none,defocus_blur,1,score,True,274f49f21a03df6f7da7f330fed2fe31ff1b6bdd1be8fc9ce8088bf297fdd4e6
11,ph_bottleneck_H1,0.5276012420654297,200,cls,none,defocus_blur,1,score,True,274f49f21a03df6f7da7f330fed2fe31ff1b6bdd1be8fc9ce8088bf297fdd4e6
11,ph_wasserstein_H1,29.831032190004017,200,cls,none,defocus_blur,1,score,True,274f49f21a03df6f7da7f330fed2fe31ff1b6bdd1be8fc9ce8088bf297fdd4e6
11,ph_bottleneck_H0,0.579075813293457,200,patch_mean,none,defocus_blur,1,score,True,274f49f21a03df6f7da7f330fed2fe31ff1b6bdd1be8fc9ce8088bf297fdd4e6
11,ph_wasserstein_H0,36.312262535095215,200,patch_mean,none,defocus_blur,1,score,True,274f49f21a03df6f7da7f330fed2fe31ff1b6bdd1be8fc9ce8088bf297fdd4e6
11,ph_bottleneck_H1,0.6446695327758789,200,patch_mean,none,defocus_blur,1,score,True,274f49f21a03df6f7da7f330fed2fe31ff1b6bdd1be8fc9ce8088bf297fdd4e6
11,ph_wasserstein_H1,27.49963103089668,200,patch_mean,none,defocus_blur,1,score,True,274f49f21a03df6f7da7f330fed2fe31ff1b6bdd1be8fc9ce8088bf297fdd4e6
0,ph_bottleneck_H0,0.0714678168296814,200,cls,none,defocus_blur,3,score,True,274f49f21a03df6f7da7f330fed2fe31ff1b6bdd1be8fc9ce8088bf297fdd4e6
0,ph_wasserstein_H0,4.532105937600136,200,cls,none,defocus_blur,3,score,True,274f49f21a03df6f7da7f330fed2fe31ff1b6bdd1be8fc9ce8088bf297fdd4e6
0,ph_bottleneck_H1,0.05535614490509033,200,cls,none,defocus_blur,3,score,True,274f49f21a03df6f7da7f330fed2fe31ff1b6bdd1be8fc9ce8088bf297fdd4e6
0,ph_wasserstein_H1,2.5603426931752398,200,cls,none,defocus_blur,3,score,True,274f49f21a03df6f7da7f330fed2fe31ff1b6bdd1be8fc9ce8088bf297fdd4e6
0,ph_bottleneck_H0,2.494115114212036,200,patch_mean,none,defocus_blur,3,score,True,274f49f21a03df6f7da7f330fed2fe31ff1b6bdd1be8fc9ce8088bf297fdd4e6
0,ph_wasserstein_H0,276.0049113035202,200,patch_mean,none,defocus_blur,3,score,True,274f49f21a03df6f7da7f330fed2fe31ff1b6bdd1be8fc9ce8088bf297fdd4e6
0,ph_bottleneck_H1,0.43050575256347656,200,patch_mean,none,defocus_blur,3,score,True,274f49f21a03df6f7da7f330fed2fe31ff1b6bdd1be8fc9ce8088bf297fdd4e6
0,ph_wasserstein_H1,30.52185626861474,200,patch_mean,none,defocus_blur,3,score,True,274f49f21a03df6f7da7f330fed2fe31ff1b6bdd1be8fc9ce8088bf297fdd4e6
1,ph_bottleneck_H0,0.217559814453125,200,cls,none,defocus_blur,3,score,True,274f49f21a03df6f7da7f330fed2fe31ff1b6bdd1be8fc9ce8088bf297fdd4e6
1,ph_wasserstein_H0,21.72972896695137,200,cls,none,defocus_blur,3,score,True,274f49f21a03df6f7da7f330fed2fe31ff1b6bdd1be8fc9ce8088bf297fdd4e6
1,ph_bottleneck_H1,0.04842275381088257,200,cls,none,defocus_blur,3,score,True,274f49f21a03df6f7da7f330fed2fe31ff1b6bdd1be8fc9ce8088bf297fdd4e6
1,ph_wasserstein_H1,3.3658428297470717,200,cls,none,defocus_blur,3,score,True,274f49f21a03df6f7da7f330fed2fe31ff1b6bdd1be8fc9ce8088bf297fdd4e6
1,ph_bottleneck_H0,2.073732376098633,200,patch_mean,none,defocus_blur,3,score,True,274f49f21a03df6f7da7f330fed2fe31ff1b6bdd1be8fc9ce8088bf297fdd4e6
1,ph_wasserstein_H0,192.6910890340805,200,patch_mean,none,defocus_blur,3,score,True,274f49f21a03df6f7da7f330fed2fe31ff1b6bdd1be8fc9ce8088bf297fdd4e6
1,ph_bottleneck_H1,0.24168038368225098,200,patch_mean,none,defocus_blur,3,score,True,274f49f21a03df6f7da7f330fed2fe31ff1b6bdd1be8fc9ce8088bf297fdd4e6
1,ph_wasserstein_H1,21.96344857423918,200,patch_mean,none,defocus_blur,3,score,True,274f49f21a03df6f7da7f330fed2fe31ff1b6bdd1be8fc9ce8088bf297fdd4e6
2,ph_bottleneck_H0,0.3737924098968506,200,cls,none,defocus_blur,3,score,True,274f49f21a03df6f7da7f330fed2fe31ff1b6bdd1be8fc9ce8088bf297fdd4e6
2,ph_wasserstein_H0,56.10076594352722,200,cls,none,defocus_blur,3,score,True,274f49f21a03df6f7da7f330fed2fe31ff1b6bdd1be8fc9ce8088bf297fdd4e6
2,ph_bottleneck_H1,0.12898093461990356,200,cls,none,defocus_blur,3,score,True,274f49f21a03df6f7da7f330fed2fe31ff1b6bdd1be8fc9ce8088bf297fdd4e6
2,ph_wasserstein_H1,8.71169467731392,200,cls,none,defocus_blur,3,score,True,274f49f21a03df6f7da7f330fed2fe31ff1b6bdd1be8fc9ce8088bf297fdd4e6
2,ph_bottleneck_H0,1.9568166732788086,200,patch_mean,none,defocus_blur,3,score,True,274f49f21a03df6f7da7f330fed2fe31ff1b6bdd1be8fc9ce8088bf297fdd4e6
2,ph_wasserstein_H0,160.9549219608307,200,patch_mean,none,defocus_blur,3,score,True,274f49f21a03df6f7da7f330fed2fe31ff1b6bdd1be8fc9ce8088bf297fdd4e6
2,ph_bottleneck_H1,0.2813037633895874,200,patch_mean,none,defocus_blur,3,score,True,274f49f21a03df6f7da7f330fed2fe31ff1b6bdd1be8fc9ce8088bf297fdd4e6
2,ph_wasserstein_H1,21.275431198051336,200,patch_mean,none,defocus_blur,3,score,True,274f49f21a03df6f7da7f330fed2fe31ff1b6bdd1be8fc9ce8088bf297fdd4e6
3,ph_bottleneck_H0,0.7424204349517822,200,cls,none,defocus_blur,3,score,True,274f49f21a03df6f7da7f330fed2fe31ff1b6bdd1be8fc9ce8088bf297fdd4e6
3,ph_wasserstein_H0,71.6490769982338,200,cls,none,defocus_blur,3,score,True,274f49f21a03df6f7da7f330fed2fe31ff1b6bdd1be8fc9ce8088bf297fdd4e6
3,ph_bottleneck_H1,0.09462308883666992,200,cls,none,defocus_blur,3,score,True,274f49f21a03df6f7da7f330fed2fe31ff1b6bdd1be8fc9ce8088bf297fdd4e6
3,ph_wasserstein_H1,12.603934136170157,200,cls,none,defocus_blur,3,score,True,274f49f21a03df6f7da7f330fed2fe31ff1b6bdd1be8fc9ce8088bf297fdd4e6
3,ph_bottleneck_H0,1.669774055480957,200,patch_mean,none,defocus_blur,3,score,True,274f49f21a03df6f7da7f330fed2fe31ff1b6bdd1be8fc9ce8088bf297fdd4e6
3,ph_wasserstein_H0,133.11378371715546,200,patch_mean,none,defocus_blur,3,score,True,274f49f21a03df6f7da7f330fed2fe31ff1b6bdd1be8fc9ce8088bf297fdd4e6
3,ph_bottleneck_H1,0.2655363082885742,200,patch_mean,none,defocus_blur,3,score,True,274f49f21a03df6f7da7f330fed2fe31ff1b6bdd1be8fc9ce8088bf297fdd4e6
3,ph_wasserstein_H1,19.14963002915985,200,patch_mean,none,defocus_blur,3,score,True,274f49f21a03df6f7da7f330fed2fe31ff1b6bdd1be8fc9ce8088bf297fdd4e6
4,ph_bottleneck_H0,0.9796030521392822,200,cls,none,defocus_blur,3,score,True,274f49f21a03df6f7da7f330fed2fe31ff1b6bdd1be8fc9ce8088bf297fdd4e6
4,ph_wasserstein_H0,91.10618722438812,200,cls,none,defocus_blur,3,score,True,274f49f21a03df6f7da7f330fed2fe31ff1b6bdd1be8fc9ce8088bf297fdd4e6
4,ph_bottleneck_H1,0.15903711318969727,200,cls,none,defocus_blur,3,score,True,274f49f21a03df6f7da7f330fed2fe31ff1b6bdd1be8fc9ce8088bf297fdd4e6
4,ph_wasserstein_H1,17.14804307259622,200,cls,none,defocus_blur,3,score,True,274f49f21a03df6f7da7f330fed2fe31ff1b6bdd1be8fc9ce8088bf297fdd4e6
4,ph_bottleneck_H0,1.3207392692565918,200,patch_mean,none,defocus_blur,3,score,True,274f49f21a03df6f7da7f330fed2fe31ff1b6bdd1be8fc9ce8088bf297fdd4e6
4,ph_wasserstein_H0,126.31499087810516,200,patch_mean,none,defocus_blur,3,score,True,274f49f21a03df6f7da7f330fed2fe31ff1b6bdd1be8fc9ce8088bf297fdd4e6
4,ph_bottleneck_H1,0.2759087085723877,200,patch_mean,none,defocus_blur,3,score,True,274f49f21a03df6f7da7f330fed2fe31ff1b6bdd1be8fc9ce8088bf297fdd4e6
4,ph_wasserstein_H1,21.43390001403991,200,patch_mean,none,defocus_blur,3,score,True,274f49f21a03df6f7da7f330fed2fe31ff1b6bdd1be8fc9ce8088bf297fdd4e6
5,ph_bottleneck_H0,0.9216303825378418,200,cls,none,defocus_blur,3,score,True,274f49f21a03df6f7da7f330fed2fe31ff1b6bdd1be8fc9ce8088bf297fdd4e6
5,ph_wasserstein_H0,93.46510326862335,200,cls,none,defocus_blur,3,score,True,274f49f21a03df6f7da7f330fed2fe31ff1b6bdd1be8fc9ce8088bf297fdd4e6
5,ph_bottleneck_H1,0.22135210037231445,200,cls,none,defocus_blur,3,score,True,274f49f21a03df6f7da7f330fed2fe31ff1b6bdd1be8fc9ce8088bf297fdd4e6
5,ph_wasserstein_H1,21.589875690742616,200,cls,none,defocus_blur,3,score,True,274f49f21a03df6f7da7f330fed2fe31ff1b6bdd1be8fc9ce8088bf297fdd4e6
5,ph_bottleneck_H0,1.4138298034667969,200,patch_mean,none,defocus_blur,3,score,True,274f49f21a03df6f7da7f330fed2fe31ff1b6bdd1be8fc9ce8088bf297fdd4e6
5,ph_wasserstein_H0,117.76433682441711,200,patch_mean,none,defocus_blur,3,score,True,274f49f21a03df6f7da7f330fed2fe31ff1b6bdd1be8fc9ce8088bf297fdd4e6
5,ph_bottleneck_H1,0.3125324249267578,200,patch_mean,none,defocus_blur,3,score,True,274f49f21a03df6f7da7f330fed2fe31ff1b6bdd1be8fc9ce8088bf297fdd4e6
5,ph_wasserstein_H1,22.648547874640517,200,patch_mean,none,defocus_blur,3,score,True,274f49f21a03df6f7da7f330fed2fe31ff1b6bdd1be8fc9ce8088bf297fdd4e6
6,ph_bottleneck_H0,0.9633708000183105,200,cls,none,defocus_blur,3,score,True,274f49f21a03df6f7da7f330fed2fe31ff1b6bdd1be8fc9ce8088bf297fdd4e6
6,ph_wasserstein_H0,119.63763093948364,200,cls,none,defocus_blur,3,score,True,274f49f21a03df6f7da7f330fed2fe31ff1b6bdd1be8fc9ce8088bf297fdd4e6
6,ph_bottleneck_H1,0.28160905838012695,200,cls,none,defocus_blur,3,score,True,274f49f21a03df6f7da7f330fed2fe31ff1b6bdd1be8fc9ce8088bf297fdd4e6
6,ph_wasserstein_H1,32.86848656186301,200,cls,none,defocus_blur,3,score,True,274f49f21a03df6f7da7f330fed2fe31ff1b6bdd1be8fc9ce8088bf297fdd4e6
6,ph_bottleneck_H0,1.2836389541625977,200,patch_mean,none,defocus_blur,3,score,True,274f49f21a03df6f7da7f330fed2fe31ff1b6bdd1be8fc9ce8088bf297fdd4e6
6,ph_wasserstein_H0,109.347984790802,200,patch_mean,none,defocus_blur,3,score,True,274f49f21a03df6f7da7f330fed2fe31ff1b6bdd1be8fc9ce8088bf297fdd4e6
6,ph_bottleneck_H1,0.4405183792114258,200,patch_mean,none,defocus_blur,3,score,True,274f49f21a03df6f7da7f330fed2fe31ff1b6bdd1be8fc9ce8088bf297fdd4e6
6,ph_wasserstein_H1,25.13042710457544,200,patch_mean,none,defocus_blur,3,score,True,274f49f21a03df6f7da7f330fed2fe31ff1b6bdd1be8fc9ce8088bf297fdd4e6
7,ph_bottleneck_H0,1.5469279289245605,200,cls,none,defocus_blur,3,score,True,274f49f21a03df6f7da7f330fed2fe31ff1b6bdd1be8fc9ce8088bf297fdd4e6
7,ph_wasserstein_H0,137.16058588027954,200,cls,none,defocus_blur,3,score,True,274f49f21a03df6f7da7f330fed2fe31ff1b6bdd1be8fc9ce8088bf297fdd4e6
7,ph_bottleneck_H1,0.36913108825683594,200,cls,none,defocus_blur,3,score,True,274f49f21a03df6f7da7f330fed2fe31ff1b6bdd1be8fc9ce8088bf297fdd4e6
7,ph_wasserstein_H1,47.563592757954396,200,cls,none,defocus_blur,3,score,True,274f49f21a03df6f7da7f330fed2fe31ff1b6bdd1be8fc9ce8088bf297fdd4e6
7,ph_bottleneck_H0,1.0761032104492188,200,patch_mean,none,defocus_blur,3,score,True,274f49f21a03df6f7da7f330fed2fe31ff1b6bdd1be8fc9ce8088bf297fdd4e6
7,ph_wasserstein_H0,105.4131247997284,200,patch_mean,none,defocus_blur,3,score,True,274f49f21a03df6f7da7f330fed2fe31ff1b6bdd1be8fc9ce8088bf297fdd4e6
7,ph_bottleneck_H1,0.6142699718475342,200,patch_mean,none,defocus_blur,3,score,True,274f49f21a03df6f7da7f330fed2fe31ff1b6bdd1be8fc9ce8088bf297fdd4e6
7,ph_wasserstein_H1,29.602160107955413,200,patch_mean,none,defocus_blur,3,score,True,274f49f21a03df6f7da7f330fed2fe31ff1b6bdd1be8fc9ce8088bf297fdd4e6
8,ph_bottleneck_H0,1.0700597763061523,200,cls,none,defocus_blur,3,score,True,274f49f21a03df6f7da7f330fed2fe31ff1b6bdd1be8fc9ce8088bf297fdd4e6
8,ph_wasserstein_H0,112.46834254264832,200,cls,none,defocus_blur,3,score,True,274f49f21a03df6f7da7f330fed2fe31ff1b6bdd1be8fc9ce8088bf297fdd4e6
8,ph_bottleneck_H1,0.5274231433868408,200,cls,none,defocus_blur,3,score,True,274f49f21a03df6f7da7f330fed2fe31ff1b6bdd1be8fc9ce8088bf297fdd4e6
8,ph_wasserstein_H1,51.303262014472224,200,cls,none,defocus_blur,3,score,True,274f49f21a03df6f7da7f330fed2fe31ff1b6bdd1be8fc9ce8088bf297fdd4e6
8,ph_bottleneck_H0,4.842191696166992,200,patch_mean,none,defocus_blur,3,score,True,274f49f21a03df6f7da7f330fed2fe31ff1b6bdd1be8fc9ce8088bf297fdd4e6
8,ph_wasserstein_H0,86.30353426933289,200,patch_mean,none,defocus_blur,3,score,True,274f49f21a03df6f7da7f330fed2fe31ff1b6bdd1be8fc9ce8088bf297fdd4e6
8,ph_bottleneck_H1,0.9039201736450195,200,patch_mean,none,defocus_blur,3,score,True,274f49f21a03df6f7da7f330fed2fe31ff1b6bdd1be8fc9ce8088bf297fdd4e6
8,ph_wasserstein_H1,24.409856408694424,200,patch_mean,none,defocus_blur,3,score,True,274f49f21a03df6f7da7f330fed2fe31ff1b6bdd1be8fc9ce8088bf297fdd4e6
9,ph_bottleneck_H0,3.3546714782714844,200,cls,none,defocus_blur,3,score,True,274f49f21a03df6f7da7f330fed2fe31ff1b6bdd1be8fc9ce8088bf297fdd4e6
9,ph_wasserstein_H0,148.2277476787567,200,cls,none,defocus_blur,3,score,True,274f49f21a03df6f7da7f330fed2fe31ff1b6bdd1be8fc9ce8088bf297fdd4e6
9,ph_bottleneck_H1,0.40421628952026367,200,cls,none,defocus_blur,3,score,True,274f49f21a03df6f7da7f330fed2fe31ff1b6bdd1be8fc9ce8088bf297fdd4e6
9,ph_wasserstein_H1,45.520854961563465,200,cls,none,defocus_blur,3,score,True,274f49f21a03df6f7da7f330fed2fe31ff1b6bdd1be8fc9ce8088bf297fdd4e6
9,ph_bottleneck_H0,4.841897964477539,200,patch_mean,none,defocus_blur,3,score,True,274f49f21a03df6f7da7f330fed2fe31ff1b6bdd1be8fc9ce8088bf297fdd4e6
9,ph_wasserstein_H0,65.41224384307861,200,patch_mean,none,defocus_blur,3,score,True,274f49f21a03df6f7da7f330fed2fe31ff1b6bdd1be8fc9ce8088bf297fdd4e6
9,ph_bottleneck_H1,0.5655102729797363,200,patch_mean,none,defocus_blur,3,score,True,274f49f21a03df6f7da7f330fed2fe31ff1b6bdd1be8fc9ce8088bf297fdd4e6
9,ph_wasserstein_H1,24.371085561027936,200,patch_mean,none,defocus_blur,3,score,True,274f49f21a03df6f7da7f330fed2fe31ff1b6bdd1be8fc9ce8088bf297fdd4e6
10,ph_bottleneck_H0,2.9758567810058594,200,cls,none,defocus_blur,3,score,True,274f49f21a03df6f7da7f330fed2fe31ff1b6bdd1be8fc9ce8088bf297fdd4e6
10,ph_wasserstein_H0,229.82950067520142,200,cls,none,defocus_blur,3,score,True,274f49f21a03df6f7da7f330fed2fe31ff1b6bdd1be8fc9ce8088bf297fdd4e6
10,ph_bottleneck_H1,0.49206066131591797,200,cls,none,defocus_blur,3,score,True,274f49f21a03df6f7da7f330fed2fe31ff1b6bdd1be8fc9ce8088bf297fdd4e6
10,ph_wasserstein_H1,42.88390219383061,200,cls,none,defocus_blur,3,score,True,274f49f21a03df6f7da7f330fed2fe31ff1b6bdd1be8fc9ce8088bf297fdd4e6
10,ph_bottleneck_H0,2.5778656005859375,200,patch_mean,none,defocus_blur,3,score,True,274f49f21a03df6f7da7f330fed2fe31ff1b6bdd1be8fc9ce8088bf297fdd4e6
10,ph_wasserstein_H0,74.80690383911133,200,patch_mean,none,defocus_blur,3,score,True,274f49f21a03df6f7da7f330fed2fe31ff1b6bdd1be8fc9ce8088bf297fdd4e6
10,ph_bottleneck_H1,0.47559547424316406,200,patch_mean,none,defocus_blur,3,score,True,274f49f21a03df6f7da7f330fed2fe31ff1b6bdd1be8fc9ce8088bf297fdd4e6
10,ph_wasserstein_H1,24.71799455167657,200,patch_mean,none,defocus_blur,3,score,True,274f49f21a03df6f7da7f330fed2fe31ff1b6bdd1be8fc9ce8088bf297fdd4e6
11,ph_bottleneck_H0,2.201655387878418,200,cls,none,defocus_blur,3,score,True,274f49f21a03df6f7da7f330fed2fe31ff1b6bdd1be8fc9ce8088bf297fdd4e6
11,ph_wasserstein_H0,269.9639735221863,200,cls,none,defocus_blur,3,score,True,274f49f21a03df6f7da7f330fed2fe31ff1b6bdd1be8fc9ce8088bf297fdd4e6
11,ph_bottleneck_H1,0.5273199081420898,200,cls,none,defocus_blur,3,score,True,274f49f21a03df6f7da7f330fed2fe31ff1b6bdd1be8fc9ce8088bf297fdd4e6
11,ph_wasserstein_H1,42.61479872191697,200,cls,none,defocus_blur,3,score,True,274f49f21a03df6f7da7f330fed2fe31ff1b6bdd1be8fc9ce8088bf297fdd4e6
11,ph_bottleneck_H0,1.956155776977539,200,patch_mean,none,defocus_blur,3,score,True,274f49f21a03df6f7da7f330fed2fe31ff1b6bdd1be8fc9ce8088bf297fdd4e6
11,ph_wasserstein_H0,132.56471180915833,200,patch_mean,none,defocus_blur,3,score,True,274f49f21a03df6f7da7f330fed2fe31ff1b6bdd1be8fc9ce8088bf297fdd4e6
11,ph_bottleneck_H1,0.6302995681762695,200,patch_mean,none,defocus_blur,3,score,True,274f49f21a03df6f7da7f330fed2fe31ff1b6bdd1be8fc9ce8088bf297fdd4e6
11,ph_wasserstein_H1,40.151354401569655,200,patch_mean,none,defocus_blur,3,score,True,274f49f21a03df6f7da7f330fed2fe31ff1b6bdd1be8fc9ce8088bf297fdd4e6
0,ph_bottleneck_H0,0.10738891363143921,200,cls,none,defocus_blur,5,score,True,274f49f21a03df6f7da7f330fed2fe31ff1b6bdd1be8fc9ce8088bf297fdd4e6
0,ph_wasserstein_H0,9.190243884921074,200,cls,none,defocus_blur,5,score,True,274f49f21a03df6f7da7f330fed2fe31ff1b6bdd1be8fc9ce8088bf297fdd4e6
0,ph_bottleneck_H1,0.05535614490509033,200,cls,none,defocus_blur,5,score,True,274f49f21a03df6f7da7f330fed2fe31ff1b6bdd1be8fc9ce8088bf297fdd4e6
0,ph_wasserstein_H1,3.063335404597982,200,cls,none,defocus_blur,5,score,True,274f49f21a03df6f7da7f330fed2fe31ff1b6bdd1be8fc9ce8088bf297fdd4e6
0,ph_bottleneck_H0,3.2427871227264404,200,patch_mean,none,defocus_blur,5,score,True,274f49f21a03df6f7da7f330fed2fe31ff1b6bdd1be8fc9ce8088bf297fdd4e6
0,ph_wasserstein_H0,317.87206082155035,200,patch_mean,none,defocus_blur,5,score,True,274f49f21a03df6f7da7f330fed2fe31ff1b6bdd1be8fc9ce8088bf297fdd4e6
0,ph_bottleneck_H1,0.43050575256347656,200,patch_mean,none,defocus_blur,5,score,True,274f49f21a03df6f7da7f330fed2fe31ff1b6bdd1be8fc9ce8088bf297fdd4e6
0,ph_wasserstein_H1,32.209375498880746,200,patch_mean,none,defocus_blur,5,score,True,274f49f21a03df6f7da7f330fed2fe31ff1b6bdd1be8fc9ce8088bf297fdd4e6
1,ph_bottleneck_H0,0.2509452700614929,200,cls,none,defocus_blur,5,score,True,274f49f21a03df6f7da7f330fed2fe31ff1b6bdd1be8fc9ce8088bf297fdd4e6
1,ph_wasserstein_H0,31.086325764656067,200,cls,none,defocus_blur,5,score,True,274f49f21a03df6f7da7f330fed2fe31ff1b6bdd1be8fc9ce8088bf297fdd4e6
1,ph_bottleneck_H1,0.05789637565612793,200,cls,none,defocus_blur,5,score,True,274f49f21a03df6f7da7f330fed2fe31ff1b6bdd1be8fc9ce8088bf297fdd4e6
1,ph_wasserstein_H1,4.445106791600292,200,cls,none,defocus_blur,5,score,True,274f49f21a03df6f7da7f330fed2fe31ff1b6bdd1be8fc9ce8088bf297fdd4e6
1,ph_bottleneck_H0,2.296536445617676,200,patch_mean,none,defocus_blur,5,score,True,274f49f21a03df6f7da7f330fed2fe31ff1b6bdd1be8fc9ce8088bf297fdd4e6
1,ph_wasserstein_H0,228.1684376001358,200,patch_mean,none,defocus_blur,5,score,True,274f49f21a03df6f7da7f330fed2fe31ff1b6bdd1be8fc9ce8088bf297fdd4e6
1,ph_bottleneck_H1,0.2897071838378906,200,patch_mean,none,defocus_blur,5,score,True,274f49f21a03df6f7da7f330fed2fe31ff1b6bdd1be8fc9ce8088bf297fdd4e6
1,ph_wasserstein_H1,24.542628831184487,200,patch_mean,none,defocus_blur,5,score,True,274f49f21a03df6f7da7f330fed2fe31ff1b6bdd1be8fc9ce8088bf297fdd4e6
2,ph_bottleneck_H0,0.6721268892288208,200,cls,none,defocus_blur,5,score,True,274f49f21a03df6f7da7f330fed2fe31ff1b6bdd1be8fc9ce8088bf297fdd4e6
2,ph_wasserstein_H0,69.20796591043472,200,cls,none,defocus_blur,5,score,True,274f49f21a03df6f7da7f330fed2fe31ff1b6bdd1be8fc9ce8088bf297fdd4e6
2,ph_bottleneck_H1,0.12898093461990356,200,cls,none,defocus_blur,5,score,True,274f49f21a03df6f7da7f330fed2fe31ff1b6bdd1be8fc9ce8088bf297fdd4e6
2,ph_wasserstein_H1,9.881510672483683,200,cls,none,defocus_blur,5,score,True,274f49f21a03df6f7da7f330fed2fe31ff1b6bdd1be8fc9ce8088bf297fdd4e6
2,ph_bottleneck_H0,2.613196849822998,200,patch_mean,none,defocus_blur,5,score,True,274f49f21a03df6f7da7f330fed2fe31ff1b6bdd1be8fc9ce8088bf297fdd4e6
2,ph_wasserstein_H0,193.67240297794342,200,patch_mean,none,defocus_blur,5,score,True,274f49f21a03df6f7da7f330fed2fe31ff1b6bdd1be8fc9ce8088bf297fdd4e6
2,ph_bottleneck_H1,0.3104182481765747,200,patch_mean,none,defocus_blur,5,score,True,274f49f21a03df6f7da7f330fed2fe31ff1b6bdd1be8fc9ce8088bf297fdd4e6
2,ph_wasserstein_H1,23.36931898960477,200,patch_mean,none,defocus_blur,5,score,True,274f49f21a03df6f7da7f330fed2fe31ff1b6bdd1be8fc9ce8088bf297fdd4e6
3,ph_bottleneck_H0,0.9576811790466309,200,cls,none,defocus_blur,5,score,True,274f49f21a03df6f7da7f330fed2fe31ff1b6bdd1be8fc9ce8088bf297fdd4e6
3,ph_wasserstein_H0,92.56695359945297,200,cls,none,defocus_blur,5,score,True,274f49f21a03df6f7da7f330fed2fe31ff1b6bdd1be8fc9ce8088bf297fdd4e6
3,ph_bottleneck_H1,0.12023484706878662,200,cls,none,defocus_blur,5,score,True,274f49f21a03df6f7da7f330fed2fe31ff1b6bdd1be8fc9ce8088bf297fdd4e6
3,ph_wasserstein_H1,13.593430888865512,200,cls,none,defocus_blur,5,score,True,274f49f21a03df6f7da7f330fed2fe31ff1b6bdd1be8fc9ce8088bf297fdd4e6
3,ph_bottleneck_H0,2.078726291656494,200,patch_mean,none,defocus_blur,5,score,True,274f49f21a03df6f7da7f330fed2fe31ff1b6bdd1be8fc9ce8088bf297fdd4e6
3,ph_wasserstein_H0,165.33427476882935,200,patch_mean,none,defocus_blur,5,score,True,274f49f21a03df6f7da7f330fed2fe31ff1b6bdd1be8fc9ce8088bf297fdd4e6
3,ph_bottleneck_H1,0.29258882999420166,200,patch_mean,none,defocus_blur,5,score,True,274f49f21a03df6f7da7f330fed2fe31ff1b6bdd1be8fc9ce8088bf297fdd4e6
3,ph_wasserstein_H1,23.82052565006861,200,patch_mean,none,defocus_blur,5,score,True,274f49f21a03df6f7da7f330fed2fe31ff1b6bdd1be8fc9ce8088bf297fdd4e6
4,ph_bottleneck_H0,1.0573441982269287,200,cls,none,defocus_blur,5,score,True,274f49f21a03df6f7da7f330fed2fe31ff1b6bdd1be8fc9ce8088bf297fdd4e6
4,ph_wasserstein_H0,119.96248078346252,200,cls,none,defocus_blur,5,score,True,274f49f21a03df6f7da7f330fed2fe31ff1b6bdd1be8fc9ce8088bf297fdd4e6
4,ph_bottleneck_H1,0.16686701774597168,200,cls,none,defocus_blur,5,score,True,274f49f21a03df6f7da7f330fed2fe31ff1b6bdd1be8fc9ce8088bf297fdd4e6
4,ph_wasserstein_H1,19.401759499542027,200,cls,none,defocus_blur,5,score,True,274f49f21a03df6f7da7f330fed2fe31ff1b6bdd1be8fc9ce8088bf297fdd4e6
4,ph_bottleneck_H0,1.6666502952575684,200,patch_mean,none,defocus_blur,5,score,True,274f49f21a03df6f7da7f330fed2fe31ff1b6bdd1be8fc9ce8088bf297fdd4e6
4,ph_wasserstein_H0,167.68948090076447,200,patch_mean,none,defocus_blur,5,score,True,274f49f21a03df6f7da7f330fed2fe31ff1b6bdd1be8fc9ce8088bf297fdd4e6
4,ph_bottleneck_H1,0.2759087085723877,200,patch_mean,none,defocus_blur,5,score,True,274f49f21a03df6f7da7f330fed2fe31ff1b6bdd1be8fc9ce8088bf297fdd4e6
4,ph_wasserstein_H1,27.045581968797602,200,patch_mean,none,defocus_blur,5,score,True,274f49f21a03df6f7da7f330fed2fe31ff1b6bdd1be8fc9ce8088bf297fdd4e6
5,ph_bottleneck_H0,1.2202293872833252,200,cls,none,defocus_blur,5,score,True,274f49f21a03df6f7da7f330fed2fe31ff1b6bdd1be8fc9ce8088bf297fdd4e6
5,ph_wasserstein_H0,147.1219596862793,200,cls,none,defocus_blur,5,score,True,274f49f21a03df6f7da7f330fed2fe31ff1b6bdd1be8fc9ce8088bf297fdd4e6
5,ph_bottleneck_H1,0.2597339153289795,200,cls,none,defocus_blur,5,score,True,274f49f21a03df6f7da7f330fed2fe31ff1b6bdd1be8fc9ce8088bf297fdd4e6
5,ph_wasserstein_H1,27.30375654890339,200,cls,none,defocus_blur,5,score,True,274f49f21a03df6f7da7f330fed2fe31ff1b6bdd1be8fc9ce8088bf297fdd4e6
5,ph_bottleneck_H0,1.68233060836792,200,patch_mean,none,defocus_blur,5,score,True,274f49f21a03df6f7da7f330fed2fe31ff1b6bdd1be8fc9ce8088bf297fdd4e6
5,ph_wasserstein_H0,167.77445816993713,200,patch_mean,none,defocus_blur,5,score,True,274f49f21a03df6f7da7f330fed2fe31ff1b6bdd1be8fc9ce8088bf297fdd4e6
5,ph_bottleneck_H1,0.3843677043914795,200,patch_mean,none,defocus_blur,5,score,True,274f49f21a03df6f7da7f330fed2fe31ff1b6bdd1be8fc9ce8088bf297fdd4e6
5,ph_wasserstein_H1,28.88928725006019,200,patch_mean,none,defocus_blur,5,score,True,274f49f21a03df6f7da7f330fed2fe31ff1b6bdd1be8fc9ce8088bf297fdd4e6
6,ph_bottleneck_H0,1.3229243755340576,200,cls,none,defocus_blur,5,score,True,274f49f21a03df6f7da7f330fed2fe31ff1b6bdd1be8fc9ce8088bf297fdd4e6
6,ph_wasserstein_H0,184.64522683620453,200,cls,none,defocus_blur,5,score,True,274f49f21a03df6f7da7f330fed2fe31ff1b6bdd1be8fc9ce8088bf297fdd4e6
6,ph_bottleneck_H1,0.31928396224975586,200,cls,none,defocus_blur,5,score,True,274f49f21a03df6f7da7f330fed2fe31ff1b6bdd1be8fc9ce8088bf297fdd4e6
6,ph_wasserstein_H1,39.80486194231122,200,cls,none,defocus_blur,5,score,True,274f49f21a03df6f7da7f330fed2fe31ff1b6bdd1be8fc9ce8088bf297fdd4e6
6,ph_bottleneck_H0,1.909778118133545,200,patch_mean,none,defocus_blur,5,score,True,274f49f21a03df6f7da7f330fed2fe31ff1b6bdd1be8fc9ce8088bf297fdd4e6
6,ph_wasserstein_H0,156.88258147239685,200,patch_mean,none,defocus_blur,5,score,True,274f49f21a03df6f7da7f330fed2fe31ff1b6bdd1be8fc9ce8088bf297fdd4e6
6,ph_bottleneck_H1,0.4405183792114258,200,patch_mean,none,defocus_blur,5,score,True,274f49f21a03df6f7da7f330fed2fe31ff1b6bdd1be8fc9ce8088bf297fdd4e6
6,ph_wasserstein_H1,36.3741802412289,200,patch_mean,none,defocus_blur,5,score,True,274f49f21a03df6f7da7f330fed2fe31ff1b6bdd1be8fc9ce8088bf297fdd4e6
7,ph_bottleneck_H0,1.6746068000793457,200,cls,none,defocus_blur,5,score,True,274f49f21a03df6f7da7f330fed2fe31ff1b6bdd1be8fc9ce8088bf297fdd4e6
7,ph_wasserstein_H0,222.73202180862427,200,cls,none,defocus_blur,5,score,True,274f49f21a03df6f7da7f330fed2fe31ff1b6bdd1be8fc9ce8088bf297fdd4e6
7,ph_bottleneck_H1,0.41858458518981934,200,cls,none,defocus_blur,5,score,True,274f49f21a03df6f7da7f330fed2fe31ff1b6bdd1be8fc9ce8088bf297fdd4e6
7,ph_wasserstein_H1,58.62243278256414,200,cls,none,defocus_blur,5,score,True,274f49f21a03df6f7da7f330fed2fe31ff1b6bdd1be8fc9ce8088bf297fdd4e6
7,ph_bottleneck_H0,1.8874430656433105,200,patch_mean,none,defocus_blur,5,score,True,274f49f21a03df6f7da7f330fed2fe31ff1b6bdd1be8fc9ce8088bf297fdd4e6
7,ph_wasserstein_H0,163.5159730911255,200,patch_mean,none,defocus_blur,5,score,True,274f49f21a03df6f7da7f330fed2fe31ff1b6bdd1be8fc9ce8088bf297fdd4e6
7,ph_bottleneck_H1,0.6142699718475342,200,patch_mean,none,defocus_blur,5,score,True,274f49f21a03df6f7da7f330fed2fe31ff1b6bdd1be8fc9ce8088bf297fdd4e6
7,ph_wasserstein_H1,36.92872220692347,200,patch_mean,none,defocus_blur,5,score,True,274f49f21a03df6f7da7f330fed2fe31ff1b6bdd1be8fc9ce8088bf297fdd4e6
8,ph_bottleneck_H0,1.9022879600524902,200,cls,none,defocus_blur,5,score,True,274f49f21a03df6f7da7f330fed2fe31ff1b6bdd1be8fc9ce8088bf297fdd4e6
8,ph_wasserstein_H0,210.5747902393341,200,cls,none,defocus_blur,5,score,True,274f49f21a03df6f7da7f330fed2fe31ff1b6bdd1be8fc9ce8088bf297fdd4e6
8,ph_bottleneck_H1,0.5501077175140381,200,cls,none,defocus_blur,5,score,True,274f49f21a03df6f7da7f330fed2fe31ff1b6bdd1be8fc9ce8088bf297fdd4e6
8,ph_wasserstein_H1,57.97803622302967,200,cls,none,defocus_blur,5,score,True,274f49f21a03df6f7da7f330fed2fe31ff1b6bdd1be8fc9ce8088bf297fdd4e6
8,ph_bottleneck_H0,5.682363510131836,200,patch_mean,none,defocus_blur,5,score,True,274f49f21a03df6f7da7f330fed2fe31ff1b6bdd1be8fc9ce8088bf297fdd4e6
8,ph_wasserstein_H0,153.1761496067047,200,patch_mean,none,defocus_blur,5,score,True,274f49f21a03df6f7da7f330fed2fe31ff1b6bdd1be8fc9ce8088bf297fdd4e6
8,ph_bottleneck_H1,0.7179203033447266,200,patch_mean,none,defocus_blur,5,score,True,274f49f21a03df6f7da7f330fed2fe31ff1b6bdd1be8fc9ce8088bf297fdd4e6
8,ph_wasserstein_H1,30.442872651921984,200,patch_mean,none,defocus_blur,5,score,True,274f49f21a03df6f7da7f330fed2fe31ff1b6bdd1be8fc9ce8088bf297fdd4e6
9,ph_bottleneck_H0,4.156362056732178,200,cls,none,defocus_blur,5,score,True,274f49f21a03df6f7da7f330fed2fe31ff1b6bdd1be8fc9ce8088bf297fdd4e6
9,ph_wasserstein_H0,282.71669721603394,200,cls,none,defocus_blur,5,score,True,274f49f21a03df6f7da7f330fed2fe31ff1b6bdd1be8fc9ce8088bf297fdd4e6
9,ph_bottleneck_H1,0.5352697372436523,200,cls,none,defocus_blur,5,score,True,274f49f21a03df6f7da7f330fed2fe31ff1b6bdd1be8fc9ce8088bf297fdd4e6
9,ph_wasserstein_H1,53.01294862894785,200,cls,none,defocus_blur,5,score,True,274f49f21a03df6f7da7f330fed2fe31ff1b6bdd1be8fc9ce8088bf297fdd4e6
9,ph_bottleneck_H0,5.153505325317383,200,patch_mean,none,defocus_blur,5,score,True,274f49f21a03df6f7da7f330fed2fe31ff1b6bdd1be8fc9ce8088bf297fdd4e6
9,ph_wasserstein_H0,151.02156949043274,200,patch_mean,none,defocus_blur,5,score,True,274f49f21a03df6f7da7f330fed2fe31ff1b6bdd1be8fc9ce8088bf297fdd4e6
9,ph_bottleneck_H1,0.5655102729797363,200,patch_mean,none,defocus_blur,5,score,True,274f49f21a03df6f7da7f330fed2fe31ff1b6bdd1be8fc9ce8088bf297fdd4e6
9,ph_wasserstein_H1,33.80314300575472,200,patch_mean,none,defocus_blur,5,score,True,274f49f21a03df6f7da7f330fed2fe31ff1b6bdd1be8fc9ce8088bf297fdd4e6
10,ph_bottleneck_H0,5.981823921203613,200,cls,none,defocus_blur,5,score,True,274f49f21a03df6f7da7f330fed2fe31ff1b6bdd1be8fc9ce8088bf297fdd4e6
10,ph_wasserstein_H0,374.4642856121063,200,cls,none,defocus_blur,5,score,True,274f49f21a03df6f7da7f330fed2fe31ff1b6bdd1be8fc9ce8088bf297fdd4e6
10,ph_bottleneck_H1,0.5518615245819092,200,cls,none,defocus_blur,5,score,True,274f49f21a03df6f7da7f330fed2fe31ff1b6bdd1be8fc9ce8088bf297fdd4e6
10,ph_wasserstein_H1,46.356206934572754,200,cls,none,defocus_blur,5,score,True,274f49f21a03df6f7da7f330fed2fe31ff1b6bdd1be8fc9ce8088bf297fdd4e6
10,ph_bottleneck_H0,2.4367856979370117,200,patch_mean,none,defocus_blur,5,score,True,274f49f21a03df6f7da7f330fed2fe31ff1b6bdd1be8fc9ce8088bf297fdd4e6
10,ph_wasserstein_H0,172.84615421295166,200,patch_mean,none,defocus_blur,5,score,True,274f49f21a03df6f7da7f330fed2fe31ff1b6bdd1be8fc9ce8088bf297fdd4e6
10,ph_bottleneck_H1,0.771275520324707,200,patch_mean,none,defocus_blur,5,score,True,274f49f21a03df6f7da7f330fed2fe31ff1b6bdd1be8fc9ce8088bf297fdd4e6
10,ph_wasserstein_H1,33.843608999082804,200,patch_mean,none,defocus_blur,5,score,True,274f49f21a03df6f7da7f330fed2fe31ff1b6bdd1be8fc9ce8088bf297fdd4e6
11,ph_bottleneck_H0,2.7039084434509277,200,cls,none,defocus_blur,5,score,True,274f49f21a03df6f7da7f330fed2fe31ff1b6bdd1be8fc9ce8088bf297fdd4e6
11,ph_wasserstein_H0,418.7961468696594,200,cls,none,defocus_blur,5,score,True,274f49f21a03df6f7da7f330fed2fe31ff1b6bdd1be8fc9ce8088bf297fdd4e6
11,ph_bottleneck_H1,0.528435468673706,200,cls,none,defocus_blur,5,score,True,274f49f21a03df6f7da7f330fed2fe31ff1b6bdd1be8fc9ce8088bf297fdd4e6
11,ph_wasserstein_H1,52.51256216672323,200,cls,none,defocus_blur,5,score,True,274f49f21a03df6f7da7f330fed2fe31ff1b6bdd1be8fc9ce8088bf297fdd4e6
11,ph_bottleneck_H0,1.957350730895996,200,patch_mean,none,defocus_blur,5,score,True,274f49f21a03df6f7da7f330fed2fe31ff1b6bdd1be8fc9ce8088bf297fdd4e6
11,ph_wasserstein_H0,276.36370158195496,200,patch_mean,none,defocus_blur,5,score,True,274f49f21a03df6f7da7f330fed2fe31ff1b6bdd1be8fc9ce8088bf297fdd4e6
11,ph_bottleneck_H1,0.8397016525268555,200,patch_mean,none,defocus_blur,5,score,True,274f49f21a03df6f7da7f330fed2fe31ff1b6bdd1be8fc9ce8088bf297fdd4e6
11,ph_wasserstein_H1,57.29177982555489,200,patch_mean,none,defocus_blur,5,score,True,274f49f21a03df6f7da7f330fed2fe31ff1b6bdd1be8fc9ce8088bf297fdd4e6
0,ph_bottleneck_H0,0.10374456644058228,200,cls,none,contrast,1,score,False,274f49f21a03df6f7da7f330fed2fe31ff1b6bdd1be8fc9ce8088bf297fdd4e6
0,ph_wasserstein_H0,15.730914026498795,200,cls,none,contrast,1,score,False,274f49f21a03df6f7da7f330fed2fe31ff1b6bdd1be8fc9ce8088bf297fdd4e6
0,ph_bottleneck_H1,0.06450504064559937,200,cls,none,contrast,1,score,False,274f49f21a03df6f7da7f330fed2fe31ff1b6bdd1be8fc9ce8088bf297fdd4e6
0,ph_wasserstein_H1,4.148839998500455,200,cls,none,contrast,1,score,False,274f49f21a03df6f7da7f330fed2fe31ff1b6bdd1be8fc9ce8088bf297fdd4e6
0,ph_bottleneck_H0,1.5844531059265137,200,patch_mean,none,contrast,1,score,False,274f49f21a03df6f7da7f330fed2fe31ff1b6bdd1be8fc9ce8088bf297fdd4e6
0,ph_wasserstein_H0,121.95572566986084,200,patch_mean,none,contrast,1,score,False,274f49f21a03df6f7da7f330fed2fe31ff1b6bdd1be8fc9ce8088bf297fdd4e6
0,ph_bottleneck_H1,0.3291199207305908,200,patch_mean,none,contrast,1,score,False,274f49f21a03df6f7da7f330fed2fe31ff1b6bdd1be8fc9ce8088bf297fdd4e6
0,ph_wasserstein_H1,16.773497467018224,200,patch_mean,none,contrast,1,score,False,274f49f21a03df6f7da7f330fed2fe31ff1b6bdd1be8fc9ce8088bf297fdd4e6
1,ph_bottleneck_H0,0.21345371007919312,200,cls,none,contrast,1,score,False,274f49f21a03df6f7da7f330fed2fe31ff1b6bdd1be8fc9ce8088bf297fdd4e6
1,ph_wasserstein_H0,20.4631909430027,200,cls,none,contrast,1,score,False,274f49f21a03df6f7da7f330fed2fe31ff1b6bdd1be8fc9ce8088bf297fdd4e6
1,ph_bottleneck_H1,0.052015841007232666,200,cls,none,contrast,1,score,False,274f49f21a03df6f7da7f330fed2fe31ff1b6bdd1be8fc9ce8088bf297fdd4e6
1,ph_wasserstein_H1,3.6213875733092227,200,cls,none,contrast,1,score,False,274f49f21a03df6f7da7f330fed2fe31ff1b6bdd1be8fc9ce8088bf297fdd4e6
1,ph_bottleneck_H0,1.16981840133667,200,patch_mean,none,contrast,1,score,False,274f49f21a03df6f7da7f330fed2fe31ff1b6bdd1be8fc9ce8088bf297fdd4e6
1,ph_wasserstein_H0,65.290682554245,200,patch_mean,none,contrast,1,score,False,274f49f21a03df6f7da7f330fed2fe31ff1b6bdd1be8fc9ce8088bf297fdd4e6
1,ph_bottleneck_H1,0.19685697555541992,200,patch_mean,none,contrast,1,score,False,274f49f21a03df6f7da7f330fed2fe31ff1b6bdd1be8fc9ce8088bf297fdd4e6
1,ph_wasserstein_H1,13.390803697558548,200,patch_mean,none,contrast,1,score,False,274f49f21a03df6f7da7f330fed2fe31ff1b6bdd1be8fc9ce8088bf297fdd4e6
2,ph_bottleneck_H0,0.21806097030639648,200,cls,none,contrast,1,score,False,274f49f21a03df6f7da7f330fed2fe31ff1b6bdd1be8fc9ce8088bf297fdd4e6
2,ph_wasserstein_H0,11.571572005748749,200,cls,none,contrast,1,score,False,274f49f21a03df6f7da7f330fed2fe31ff1b6bdd1be8fc9ce8088bf297fdd4e6
2,ph_bottleneck_H1,0.08967876434326172,200,cls,none,contrast,1,score,False,274f49f21a03df6f7da7f330fed2fe31ff1b6bdd1be8fc9ce8088bf297fdd4e6
2,ph_wasserstein_H1,3.4615717939766957,200,cls,none,contrast,1,score,False,274f49f21a03df6f7da7f330fed2fe31ff1b6bdd1be8fc9ce8088bf297fdd4e6
2,ph_bottleneck_H0,1.2070651054382324,200,patch_mean,none,contrast,1,score,False,274f49f21a03df6f7da7f330fed2fe31ff1b6bdd1be8fc9ce8088bf297fdd4e6
2,ph_wasserstein_H0,47.271623730659485,200,patch_mean,none,contrast,1,score,False,274f49f21a03df6f7da7f330fed2fe31ff1b6bdd1be8fc9ce8088bf297fdd4e6
2,ph_bottleneck_H1,0.231034517288208,200,patch_mean,none,contrast,1,score,False,274f49f21a03df6f7da7f330fed2fe31ff1b6bdd1be8fc9ce8088bf297fdd4e6
2,ph_wasserstein_H1,10.75888748645599,200,patch_mean,none,contrast,1,score,False,274f49f21a03df6f7da7f330fed2fe31ff1b6bdd1be8fc9ce8088bf297fdd4e6
3,ph_bottleneck_H0,0.39705801010131836,200,cls,none,contrast,1,score,False,274f49f21a03df6f7da7f330fed2fe31ff1b6bdd1be8fc9ce8088bf297fdd4e6
3,ph_wasserstein_H0,22.507956862449646,200,cls,none,contrast,1,score,False,274f49f21a03df6f7da7f330fed2fe31ff1b6bdd1be8fc9ce8088bf297fdd4e6
3,ph_bottleneck_H1,0.05907857418060303,200,cls,none,contrast,1,score,False,274f49f21a03df6f7da7f330fed2fe31ff1b6bdd1be8fc9ce8088bf297fdd4e6
3,ph_wasserstein_H1,5.6044151955220975,200,cls,none,contrast,1,score,False,274f49f21a03df6f7da7f330fed2fe31ff1b6bdd1be8fc9ce8088bf297fdd4e6
3,ph_bottleneck_H0,1.397691249847412,200,patch_mean,none,contrast,1,score,False,274f49f21a03df6f7da7f330fed2fe31ff1b6bdd1be8fc9ce8088bf297fdd4e6
3,ph_wasserstein_H0,45.934255838394165,200,patch_mean,none,contrast,1,score,False,274f49f21a03df6f7da7f330fed2fe31ff1b6bdd1be8fc9ce8088bf297fdd4e6
3,ph_bottleneck_H1,0.25520801544189453,200,patch_mean,none,contrast,1,score,False,274f49f21a03df6f7da7f330fed2fe31ff1b6bdd1be8fc9ce8088bf297fdd4e6
3,ph_wasserstein_H1,11.311696933748271,200,patch_mean,none,contrast,1,score,False,274f49f21a03df6f7da7f330fed2fe31ff1b6bdd1be8fc9ce8088bf297fdd4e6
4,ph_bottleneck_H0,0.45588064193725586,200,cls,none,contrast,1,score,False,274f49f21a03df6f7da7f330fed2fe31ff1b6bdd1be8fc9ce8088bf297fdd4e6
4,ph_wasserstein_H0,57.36423909664154,200,cls,none,contrast,1,score,False,274f49f21a03df6f7da7f330fed2fe31ff1b6bdd1be8fc9ce8088bf297fdd4e6
4,ph_bottleneck_H1,0.11934554576873779,200,cls,none,contrast,1,score,False,274f49f21a03df6f7da7f330fed2fe31ff1b6bdd1be8fc9ce8088bf297fdd4e6
4,ph_wasserstein_H1,14.590488246766107,200,cls,none,contrast,1,score,False,274f49f21a03df6f7da7f330fed2fe31ff1b6bdd1be8fc9ce8088bf297fdd4e6
4,ph_bottleneck_H0,1.6305279731750488,200,patch_mean,none,contrast,1,score,False,274f49f21a03df6f7da7f330fed2fe31ff1b6bdd1be8fc9ce8088bf297fdd4e6
4,ph_wasserstein_H0,48.36852955818176,200,patch_mean,none,contrast,1,score,False,274f49f21a03df6f7da7f330fed2fe31ff1b6bdd1be8fc9ce8088bf297fdd4e6
4,ph_bottleneck_H1,0.2545888423919678,200,patch_mean,none,contrast,1,score,False,274f49f21a03df6f7da7f330fed2fe31ff1b6bdd1be8fc9ce8088bf297fdd4e6
4,ph_wasserstein_H1,12.941885131729023,200,patch_mean,none,contrast,1,score,False,274f49f21a03df6f7da7f330fed2fe31ff1b6bdd1be8fc9ce8088bf297fdd4e6
5,ph_bottleneck_H0,0.6526296138763428,200,cls,none,contrast,1,score,False,274f49f21a03df6f7da7f330fed2fe31ff1b6bdd1be8fc9ce8088bf297fdd4e6
5,ph_wasserstein_H0,81.61181926727295,200,cls,none,contrast,1,score,False,274f49f21a03df6f7da7f330fed2fe31ff1b6bdd1be8fc9ce8088bf297fdd4e6
5,ph_bottleneck_H1,0.22135210037231445,200,cls,none,contrast,1,score,False,274f49f21a03df6f7da7f330fed2fe31ff1b6bdd1be8fc9ce8088bf297fdd4e6
5,ph_wasserstein_H1,20.70619471645676,200,cls,none,contrast,1,score,False,274f49f21a03df6f7da7f330fed2fe31ff1b6bdd1be8fc9ce8088bf297fdd4e6
5,ph_bottleneck_H0,1.6355376243591309,200,patch_mean,none,contrast,1,score,False,274f49f21a03df6f7da7f330fed2fe31ff1b6bdd1be8fc9ce8088bf297fdd4e6
5,ph_wasserstein_H0,61.63308262825012,200,patch_mean,none,contrast,1,score,False,274f49f21a03df6f7da7f330fed2fe31ff1b6bdd1be8fc9ce8088bf297fdd4e6
5,ph_bottleneck_H1,0.2647278308868408,200,patch_mean,none,contrast,1,score,False,274f49f21a03df6f7da7f330fed2fe31ff1b6bdd1be8fc9ce8088bf297fdd4e6
5,ph_wasserstein_H1,13.840433742232893,200,patch_mean,none,contrast,1,score,False,274f49f21a03df6f7da7f330fed2fe31ff1b6bdd1be8fc9ce8088bf297fdd4e6
6,ph_bottleneck_H0,1.11619234085083,200,cls,none,contrast,1,score,False,274f49f21a03df6f7da7f330fed2fe31ff1b6bdd1be8fc9ce8088bf297fdd4e6
6,ph_wasserstein_H0,148.5681164264679,200,cls,none,contrast,1,score,False,274f49f21a03df6f7da7f330fed2fe31ff1b6bdd1be8fc9ce8088bf297fdd4e6
6,ph_bottleneck_H1,0.26466894149780273,200,cls,none,contrast,1,score,False,274f49f21a03df6f7da7f330fed2fe31ff1b6bdd1be8fc9ce8088bf297fdd4e6
6,ph_wasserstein_H1,34.31565474638236,200,cls,none,contrast,1,score,False,274f49f21a03df6f7da7f330fed2fe31ff1b6bdd1be8fc9ce8088bf297fdd4e6
6,ph_bottleneck_H0,1.0707149505615234,200,patch_mean,none,contrast,1,score,False,274f49f21a03df6f7da7f330fed2fe31ff1b6bdd1be8fc9ce8088bf297fdd4e6
6,ph_wasserstein_H0,65.76595139503479,200,patch_mean,none,contrast,1,score,False,274f49f21a03df6f7da7f330fed2fe31ff1b6bdd1be8fc9ce8088bf297fdd4e6
6,ph_bottleneck_H1,0.34762001037597656,200,patch_mean,none,contrast,1,score,False,274f49f21a03df6f7da7f330fed2fe31ff1b6bdd1be8fc9ce8088bf297fdd4e6
6,ph_wasserstein_H1,16.4151599914515,200,patch_mean,none,contrast,1,score,False,274f49f21a03df6f7da7f330fed2fe31ff1b6bdd1be8fc9ce8088bf297fdd4e6
7,ph_bottleneck_H0,1.1727709770202637,200,cls,none,contrast,1,score,False,274f49f21a03df6f7da7f330fed2fe31ff1b6bdd1be8fc9ce8088bf297fdd4e6
7,ph_wasserstein_H0,173.83149766921997,200,cls,none,contrast,1,score,False,274f49f21a03df6f7da7f330fed2fe31ff1b6bdd1be8fc9ce8088bf297fdd4e6
7,ph_bottleneck_H1,0.36913108825683594,200,cls,none,contrast,1,score,False,274f49f21a03df6f7da7f330fed2fe31ff1b6bdd1be8fc9ce8088bf297fdd4e6
7,ph_wasserstein_H1,50.20006360681283,200,cls,none,contrast,1,score,False,274f49f21a03df6f7da7f330fed2fe31ff1b6bdd1be8fc9ce8088bf297fdd4e6
7,ph_bottleneck_H0,0.8251261711120605,200,patch_mean,none,contrast,1,score,False,274f49f21a03df6f7da7f330fed2fe31ff1b6bdd1be8fc9ce8088bf297fdd4e6
7,ph_wasserstein_H0,58.76037788391113,200,patch_mean,none,contrast,1,score,False,274f49f21a03df6f7da7f330fed2fe31ff1b6bdd1be8fc9ce8088bf297fdd4e6
7,ph_bottleneck_H1,0.37810850143432617,200,patch_mean,none,contrast,1,score,False,274f49f21a03df6f7da7f330fed2fe31ff1b6bdd1be8fc9ce8088bf297fdd4e6
7,ph_wasserstein_H1,19.37010828939739,200,patch_mean,none,contrast,1,score,False,274f49f21a03df6f7da7f330fed2fe31ff1b6bdd1be8fc9ce8088bf297fdd4e6
8,ph_bottleneck_H0,1.8799982070922852,200,cls,none,contrast,1,score,False,274f49f21a03df6f7da7f330fed2fe31ff1b6bdd1be8fc9ce8088bf297fdd4e6
8,ph_wasserstein_H0,190.79323434829712,200,cls,none,contrast,1,score,False,274f49f21a03df6f7da7f330fed2fe31ff1b6bdd1be8fc9ce8088bf297fdd4e6
8,ph_bottleneck_H1,0.5274231433868408,200,cls,none,contrast,1,score,False,274f49f21a03df6f7da7f330fed2fe31ff1b6bdd1be8fc9ce8088bf297fdd4e6
8,ph_wasserstein_H1,55.12804818944702,200,cls,none,contrast,1,score,False,274f49f21a03df6f7da7f330fed2fe31ff1b6bdd1be8fc9ce8088bf297fdd4e6
8,ph_bottleneck_H0,0.7644081115722656,200,patch_mean,none,contrast,1,score,False,274f49f21a03df6f7da7f330fed2fe31ff1b6bdd1be8fc9ce8088bf297fdd4e6
8,ph_wasserstein_H0,25.27073097229004,200,patch_mean,none,contrast,1,score,False,274f49f21a03df6f7da7f330fed2fe31ff1b6bdd1be8fc9ce8088bf297fdd4e6
8,ph_bottleneck_H1,0.40427255630493164,200,patch_mean,none,contrast,1,score,False,274f49f21a03df6f7da7f330fed2fe31ff1b6bdd1be8fc9ce8088bf297fdd4e6
8,ph_wasserstein_H1,17.66911864658751,200,patch_mean,none,contrast,1,score,False,274f49f21a03df6f7da7f330fed2fe31ff1b6bdd1be8fc9ce8088bf297fdd4e6
9,ph_bottleneck_H0,2.8974475860595703,200,cls,none,contrast,1,score,False,274f49f21a03df6f7da7f330fed2fe31ff1b6bdd1be8fc9ce8088bf297fdd4e6
9,ph_wasserstein_H0,196.88549184799194,200,cls,none,contrast,1,score,False,274f49f21a03df6f7da7f330fed2fe31ff1b6bdd1be8fc9ce8088bf297fdd4e6
9,ph_bottleneck_H1,0.40421628952026367,200,cls,none,contrast,1,score,False,274f49f21a03df6f7da7f330fed2fe31ff1b6bdd1be8fc9ce8088bf297fdd4e6
9,ph_wasserstein_H1,43.34681212826175,200,cls,none,contrast,1,score,False,274f49f21a03df6f7da7f330fed2fe31ff1b6bdd1be8fc9ce8088bf297fdd4e6
9,ph_bottleneck_H0,0.9889602661132812,200,patch_mean,none,contrast,1,score,False,274f49f21a03df6f7da7f330fed2fe31ff1b6bdd1be8fc9ce8088bf297fdd4e6
9,ph_wasserstein_H0,30.525285243988037,200,patch_mean,none,contrast,1,score,False,274f49f21a03df6f7da7f330fed2fe31ff1b6bdd1be8fc9ce8088bf297fdd4e6
9,ph_bottleneck_H1,0.7317161560058594,200,patch_mean,none,contrast,1,score,False,274f49f21a03df6f7da7f330fed2fe31ff1b6bdd1be8fc9ce8088bf297fdd4e6
9,ph_wasserstein_H1,24.02035343667607,200,patch_mean,none,contrast,1,score,False,274f49f21a03df6f7da7f330fed2fe31ff1b6bdd1be8fc9ce8088bf297fdd4e6
10,ph_bottleneck_H0,2.5895233154296875,200,cls,none,contrast,1,score,False,274f49f21a03df6f7da7f330fed2fe31ff1b6bdd1be8fc9ce8088bf297fdd4e6
10,ph_wasserstein_H0,199.44140911102295,200,cls,none,contrast,1,score,False,274f49f21a03df6f7da7f330fed2fe31ff1b6bdd1be8fc9ce8088bf297fdd4e6
10,ph_bottleneck_H1,0.5518615245819092,200,cls,none,contrast,1,score,False,274f49f21a03df6f7da7f330fed2fe31ff1b6bdd1be8fc9ce8088bf297fdd4e6
10,ph_wasserstein_H1,38.89697649447009,200,cls,none,contrast,1,score,False,274f49f21a03df6f7da7f330fed2fe31ff1b6bdd1be8fc9ce8088bf297fdd4e6
10,ph_bottleneck_H0,1.3377037048339844,200,patch_mean,none,contrast,1,score,False,274f49f21a03df6f7da7f330fed2fe31ff1b6bdd1be8fc9ce8088bf297fdd4e6
10,ph_wasserstein_H0,18.791316986083984,200,patch_mean,none,contrast,1,score,False,274f49f21a03df6f7da7f330fed2fe31ff1b6bdd1be8fc9ce8088bf297fdd4e6
10,ph_bottleneck_H1,0.5486593246459961,200,patch_mean,none,contrast,1,score,False,274f49f21a03df6f7da7f330fed2fe31ff1b6bdd1be8fc9ce8088bf297fdd4e6
10,ph_wasserstein_H1,20.677384775729553,200,patch_mean,none,contrast,1,score,False,274f49f21a03df6f7da7f330fed2fe31ff1b6bdd1be8fc9ce8088bf297fdd4e6
11,ph_bottleneck_H0,1.6287317276000977,200,cls,none,contrast,1,score,False,274f49f21a03df6f7da7f330fed2fe31ff1b6bdd1be8fc9ce8088bf297fdd4e6
11,ph_wasserstein_H0,211.89672660827637,200,cls,none,contrast,1,score,False,274f49f21a03df6f7da7f330fed2fe31ff1b6bdd1be8fc9ce8088bf297fdd4e6
11,ph_bottleneck_H1,0.5276012420654297,200,cls,none,contrast,1,score,False,274f49f21a03df6f7da7f330fed2fe31ff1b6bdd1be8fc9ce8088bf297fdd4e6
11,ph_wasserstein_H1,33.44842612117995,200,cls,none,contrast,1,score,False,274f49f21a03df6f7da7f330fed2fe31ff1b6bdd1be8fc9ce8088bf297fdd4e6
11,ph_bottleneck_H0,0.7452239990234375,200,patch_mean,none,contrast,1,score,False,274f49f21a03df6f7da7f330fed2fe31ff1b6bdd1be8fc9ce8088bf297fdd4e6
11,ph_wasserstein_H0,16.56473684310913,200,patch_mean,none,contrast,1,score,False,274f49f21a03df6f7da7f330fed2fe31ff1b6bdd1be8fc9ce8088bf297fdd4e6
11,ph_bottleneck_H1,0.5287284851074219,200,patch_mean,none,contrast,1,score,False,274f49f21a03df6f7da7f330fed2fe31ff1b6bdd1be8fc9ce8088bf297fdd4e6
11,ph_wasserstein_H1,22.589194572452907,200,patch_mean,none,contrast,1,score,False,274f49f21a03df6f7da7f330fed2fe31ff1b6bdd1be8fc9ce8088bf297fdd4e6
0,ph_bottleneck_H0,0.18783152103424072,200,cls,none,contrast,3,score,False,274f49f21a03df6f7da7f330fed2fe31ff1b6bdd1be8fc9ce8088bf297fdd4e6
0,ph_wasserstein_H0,32.471644565463066,200,cls,none,contrast,3,score,False,274f49f21a03df6f7da7f330fed2fe31ff1b6bdd1be8fc9ce8088bf297fdd4e6
0,ph_bottleneck_H1,0.06233835220336914,200,cls,none,contrast,3,score,False,274f49f21a03df6f7da7f330fed2fe31ff1b6bdd1be8fc9ce8088bf297fdd4e6
0,ph_wasserstein_H1,4.447580940319704,200,cls,none,contrast,3,score,False,274f49f21a03df6f7da7f330fed2fe31ff1b6bdd1be8fc9ce8088bf297fdd4e6
0,ph_bottleneck_H0,2.4909162521362305,200,patch_mean,none,contrast,3,score,False,274f49f21a03df6f7da7f330fed2fe31ff1b6bdd1be8fc9ce8088bf297fdd4e6
0,ph_wasserstein_H0,219.4453661441803,200,patch_mean,none,contrast,3,score,False,274f49f21a03df6f7da7f330fed2fe31ff1b6bdd1be8fc9ce8088bf297fdd4e6
0,ph_bottleneck_H1,0.43050575256347656,200,patch_mean,none,contrast,3,score,False,274f49f21a03df6f7da7f330fed2fe31ff1b6bdd1be8fc9ce8088bf297fdd4e6
0,ph_wasserstein_H1,23.919872180813652,200,patch_mean,none,contrast,3,score,False,274f49f21a03df6f7da7f330fed2fe31ff1b6bdd1be8fc9ce8088bf297fdd4e6
1,ph_bottleneck_H0,0.3353848457336426,200,cls,none,contrast,3,score,False,274f49f21a03df6f7da7f330fed2fe31ff1b6bdd1be8fc9ce8088bf297fdd4e6
1,ph_wasserstein_H0,43.71486881375313,200,cls,none,contrast,3,score,False,274f49f21a03df6f7da7f330fed2fe31ff1b6bdd1be8fc9ce8088bf297fdd4e6
1,ph_bottleneck_H1,0.0687761902809143,200,cls,none,contrast,3,score,False,274f49f21a03df6f7da7f330fed2fe31ff1b6bdd1be8fc9ce8088bf297fdd4e6
1,ph_wasserstein_H1,6.238183477083304,200,cls,none,contrast,3,score,False,274f49f21a03df6f7da7f330fed2fe31ff1b6bdd1be8fc9ce8088bf297fdd4e6
1,ph_bottleneck_H0,1.383659839630127,200,patch_mean,none,contrast,3,score,False,274f49f21a03df6f7da7f330fed2fe31ff1b6bdd1be8fc9ce8088bf297fdd4e6
1,ph_wasserstein_H0,117.8850725889206,200,patch_mean,none,contrast,3,score,False,274f49f21a03df6f7da7f330fed2fe31ff1b6bdd1be8fc9ce8088bf297fdd4e6
1,ph_bottleneck_H1,0.26369786262512207,200,patch_mean,none,contrast,3,score,False,274f49f21a03df6f7da7f330fed2fe31ff1b6bdd1be8fc9ce8088bf297fdd4e6
1,ph_wasserstein_H1,16.58076088399868,200,patch_mean,none,contrast,3,score,False,274f49f21a03df6f7da7f330fed2fe31ff1b6bdd1be8fc9ce8088bf297fdd4e6
2,ph_bottleneck_H0,0.2614271640777588,200,cls,none,contrast,3,score,False,274f49f21a03df6f7da7f330fed2fe31ff1b6bdd1be8fc9ce8088bf297fdd4e6
2,ph_wasserstein_H0,21.48232215642929,200,cls,none,contrast,3,score,False,274f49f21a03df6f7da7f330fed2fe31ff1b6bdd1be8fc9ce8088bf297fdd4e6
2,ph_bottleneck_H1,0.10105621814727783,200,cls,none,contrast,3,score,False,274f49f21a03df6f7da7f330fed2fe31ff1b6bdd1be8fc9ce8088bf297fdd4e6
2,ph_wasserstein_H1,4.741292328496073,200,cls,none,contrast,3,score,False,274f49f21a03df6f7da7f330fed2fe31ff1b6bdd1be8fc9ce8088bf297fdd4e6
2,ph_bottleneck_H0,1.673539638519287,200,patch_mean,none,contrast,3,score,False,274f49f21a03df6f7da7f330fed2fe31ff1b6bdd1be8fc9ce8088bf297fdd4e6
2,ph_wasserstein_H0,77.5729991197586,200,patch_mean,none,contrast,3,score,False,274f49f21a03df6f7da7f330fed2fe31ff1b6bdd1be8fc9ce8088bf297fdd4e6
2,ph_bottleneck_H1,0.2317960262298584,200,patch_mean,none,contrast,3,score,False,274f49f21a03df6f7da7f330fed2fe31ff1b6bdd1be8fc9ce8088bf297fdd4e6
2,ph_wasserstein_H1,14.776399523793893,200,patch_mean,none,contrast,3,score,False,274f49f21a03df6f7da7f330fed2fe31ff1b6bdd1be8fc9ce8088bf297fdd4e6
3,ph_bottleneck_H0,0.6337645053863525,200,cls,none,contrast,3,score,False,274f49f21a03df6f7da7f330fed2fe31ff1b6bdd1be8fc9ce8088bf297fdd4e6
3,ph_wasserstein_H0,35.719629406929016,200,cls,none,contrast,3,score,False,274f49f21a03df6f7da7f330fed2fe31ff1b6bdd1be8fc9ce8088bf297fdd4e6
3,ph_bottleneck_H1,0.10833907127380371,200,cls,none,contrast,3,score,False,274f49f21a03df6f7da7f330fed2fe31ff1b6bdd1be8fc9ce8088bf297fdd4e6
3,ph_wasserstein_H1,7.006849193832053,200,cls,none,contrast,3,score,False,274f49f21a03df6f7da7f330fed2fe31ff1b6bdd1be8fc9ce8088bf297fdd4e6
3,ph_bottleneck_H0,1.6092066764831543,200,patch_mean,none,contrast,3,score,False,274f49f21a03df6f7da7f330fed2fe31ff1b6bdd1be8fc9ce8088bf297fdd4e6
3,ph_wasserstein_H0,63.57651948928833,200,patch_mean,none,contrast,3,score,False,274f49f21a03df6f7da7f330fed2fe31ff1b6bdd1be8fc9ce8088bf297fdd4e6
3,ph_bottleneck_H1,0.2397017478942871,200,patch_mean,none,contrast,3,score,False,274f49f21a03df6f7da7f330fed2fe31ff1b6bdd1be8fc9ce8088bf297fdd4e6
3,ph_wasserstein_H1,13.711696727046597,200,patch_mean,none,contrast,3,score,False,274f49f21a03df6f7da7f330fed2fe31ff1b6bdd1be8fc9ce8088bf297fdd4e6
4,ph_bottleneck_H0,0.471538782119751,200,cls,none,contrast,3,score,False,274f49f21a03df6f7da7f330fed2fe31ff1b6bdd1be8fc9ce8088bf297fdd4e6
4,ph_wasserstein_H0,59.143065214157104,200,cls,none,contrast,3,score,False,274f49f21a03df6f7da7f330fed2fe31ff1b6bdd1be8fc9ce8088bf297fdd4e6
4,ph_bottleneck_H1,0.15019112825393677,200,cls,none,contrast,3,score,False,274f49f21a03df6f7da7f330fed2fe31ff1b6bdd1be8fc9ce8088bf297fdd4e6
4,ph_wasserstein_H1,14.330230952376883,200,cls,none,contrast,3,score,False,274f49f21a03df6f7da7f330fed2fe31ff1b6bdd1be8fc9ce8088bf297fdd4e6
4,ph_bottleneck_H0,1.975757122039795,200,patch_mean,none,contrast,3,score,False,274f49f21a03df6f7da7f330fed2fe31ff1b6bdd1be8fc9ce8088bf297fdd4e6
4,ph_wasserstein_H0,62.61775326728821,200,patch_mean,none,contrast,3,score,False,274f49f21a03df6f7da7f330fed2fe31ff1b6bdd1be8fc9ce8088bf297fdd4e6
4,ph_bottleneck_H1,0.33756494522094727,200,patch_mean,none,contrast,3,score,False,274f49f21a03df6f7da7f330fed2fe31ff1b6bdd1be8fc9ce8088bf297fdd4e6
4,ph_wasserstein_H1,15.637499167578877,200,patch_mean,none,contrast,3,score,False,274f49f21a03df6f7da7f330fed2fe31ff1b6bdd1be8fc9ce8088bf297fdd4e6
5,ph_bottleneck_H0,0.4791274070739746,200,cls,none,contrast,3,score,False,274f49f21a03df6f7da7f330fed2fe31ff1b6bdd1be8fc9ce8088bf297fdd4e6
5,ph_wasserstein_H0,56.15944015979767,200,cls,none,contrast,3,score,False,274f49f21a03df6f7da7f330fed2fe31ff1b6bdd1be8fc9ce8088bf297fdd4e6
5,ph_bottleneck_H1,0.22135210037231445,200,cls,none,contrast,3,score,False,274f49f21a03df6f7da7f330fed2fe31ff1b6bdd1be8fc9ce8088bf297fdd4e6
5,ph_wasserstein_H1,17.12377922398489,200,cls,none,contrast,3,score,False,274f49f21a03df6f7da7f330fed2fe31ff1b6bdd1be8fc9ce8088bf297fdd4e6
5,ph_bottleneck_H0,1.592574119567871,200,patch_mean,none,contrast,3,score,False,274f49f21a03df6f7da7f330fed2fe31ff1b6bdd1be8fc9ce8088bf297fdd4e6
5,ph_wasserstein_H0,66.66496253013611,200,patch_mean,none,contrast,3,score,False,274f49f21a03df6f7da7f330fed2fe31ff1b6bdd1be8fc9ce8088bf297fdd4e6
5,ph_bottleneck_H1,0.259246826171875,200,patch_mean,none,contrast,3,score,False,274f49f21a03df6f7da7f330fed2fe31ff1b6bdd1be8fc9ce8088bf297fdd4e6
5,ph_wasserstein_H1,14.886126859403571,200,patch_mean,none,contrast,3,score,False,274f49f21a03df6f7da7f330fed2fe31ff1b6bdd1be8fc9ce8088bf297fdd4e6
6,ph_bottleneck_H0,0.5616426467895508,200,cls,none,contrast,3,score,False,274f49f21a03df6f7da7f330fed2fe31ff1b6bdd1be8fc9ce8088bf297fdd4e6
6,ph_wasserstein_H0,82.27218508720398,200,cls,none,contrast,3,score,False,274f49f21a03df6f7da7f330fed2fe31ff1b6bdd1be8fc9ce8088bf297fdd4e6
6,ph_bottleneck_H1,0.31229472160339355,200,cls,none,contrast,3,score,False,274f49f21a03df6f7da7f330fed2fe31ff1b6bdd1be8fc9ce8088bf297fdd4e6
6,ph_wasserstein_H1,22.977186249468293,200,cls,none,contrast,3,score,False,274f49f21a03df6f7da7f330fed2fe31ff1b6bdd1be8fc9ce8088bf297fdd4e6
6,ph_bottleneck_H0,1.0722355842590332,200,patch_mean,none,contrast,3,score,False,274f49f21a03df6f7da7f330fed2fe31ff1b6bdd1be8fc9ce8088bf297fdd4e6
6,ph_wasserstein_H0,67.36180377006531,200,patch_mean,none,contrast,3,score,False,274f49f21a03df6f7da7f330fed2fe31ff1b6bdd1be8fc9ce8088bf297fdd4e6
6,ph_bottleneck_H1,0.35171079635620117,200,patch_mean,none,contrast,3,score,False,274f49f21a03df6f7da7f330fed2fe31ff1b6bdd1be8fc9ce8088bf297fdd4e6
6,ph_wasserstein_H1,18.249947086975727,200,patch_mean,none,contrast,3,score,False,274f49f21a03df6f7da7f330fed2fe31ff1b6bdd1be8fc9ce8088bf297fdd4e6
7,ph_bottleneck_H0,0.6635696887969971,200,cls,none,contrast,3,score,False,274f49f21a03df6f7da7f330fed2fe31ff1b6bdd1be8fc9ce8088bf297fdd4e6
7,ph_wasserstein_H0,95.87512135505676,200,cls,none,contrast,3,score,False,274f49f21a03df6f7da7f330fed2fe31ff1b6bdd1be8fc9ce8088bf297fdd4e6
7,ph_bottleneck_H1,0.2739448547363281,200,cls,none,contrast,3,score,False,274f49f21a03df6f7da7f330fed2fe31ff1b6bdd1be8fc9ce8088bf297fdd4e6
7,ph_wasserstein_H1,34.39089342756684,200,cls,none,contrast,3,score,False,274f49f21a03df6f7da7f330fed2fe31ff1b6bdd1be8fc9ce8088bf297fdd4e6
7,ph_bottleneck_H0,0.8120975494384766,200,patch_mean,none,contrast,3,score,False,274f49f21a03df6f7da7f330fed2fe31ff1b6bdd1be8fc9ce8088bf297fdd4e6
7,ph_wasserstein_H0,69.128671169281,200,patch_mean,none,contrast,3,score,False,274f49f21a03df6f7da7f330fed2fe31ff1b6bdd1be8fc9ce8088bf297fdd4e6
7,ph_bottleneck_H1,0.5674800872802734,200,patch_mean,none,contrast,3,score,False,274f49f21a03df6f7da7f330fed2fe31ff1b6bdd1be8fc9ce8088bf297fdd4e6
7,ph_wasserstein_H1,18.765866778026442,200,patch_mean,none,contrast,3,score,False,274f49f21a03df6f7da7f330fed2fe31ff1b6bdd1be8fc9ce8088bf297fdd4e6
8,ph_bottleneck_H0,1.2296526432037354,200,cls,none,contrast,3,score,False,274f49f21a03df6f7da7f330fed2fe31ff1b6bdd1be8fc9ce8088bf297fdd4e6
8,ph_wasserstein_H0,109.71623992919922,200,cls,none,contrast,3,score,False,274f49f21a03df6f7da7f330fed2fe31ff1b6bdd1be8fc9ce8088bf297fdd4e6
8,ph_bottleneck_H1,0.47937822341918945,200,cls,none,contrast,3,score,False,274f49f21a03df6f7da7f330fed2fe31ff1b6bdd1be8fc9ce8088bf297fdd4e6
8,ph_wasserstein_H1,45.76464543917981,200,cls,none,contrast,3,score,False,274f49f21a03df6f7da7f330fed2fe31ff1b6bdd1be8fc9ce8088bf297fdd4e6
8,ph_bottleneck_H0,2.0504207611083984,200,patch_mean,none,contrast,3,score,False,274f49f21a03df6f7da7f330fed2fe31ff1b6bdd1be8fc9ce8088bf297fdd4e6
8,ph_wasserstein_H0,45.65982460975647,200,patch_mean,none,contrast,3,score,False,274f49f21a03df6f7da7f330fed2fe31ff1b6bdd1be8fc9ce8088bf297fdd4e6
8,ph_bottleneck_H1,0.5279369354248047,200,patch_mean,none,contrast,3,score,False,274f49f21a03df6f7da7f330fed2fe31ff1b6bdd1be8fc9ce8088bf297fdd4e6
8,ph_wasserstein_H1,18.954785295228383,200,patch_mean,none,contrast,3,score,False,274f49f21a03df6f7da7f330fed2fe31ff1b6bdd1be8fc9ce8088bf297fdd4e6
9,ph_bottleneck_H0,1.5523319244384766,200,cls,none,contrast,3,score,False,274f49f21a03df6f7da7f330fed2fe31ff1b6bdd1be8fc9ce8088bf297fdd4e6
9,ph_wasserstein_H0,111.56325387954712,200,cls,none,contrast,3,score,False,274f49f21a03df6f7da7f330fed2fe31ff1b6bdd1be8fc9ce8088bf297fdd4e6
9,ph_bottleneck_H1,0.3094301223754883,200,cls,none,contrast,3,score,False,274f49f21a03df6f7da7f330fed2fe31ff1b6bdd1be8fc9ce8088bf297fdd4e6
9,ph_wasserstein_H1,27.056164969597305,200,cls,none,contrast,3,score,False,274f49f21a03df6f7da7f330fed2fe31ff1b6bdd1be8fc9ce8088bf297fdd4e6
9,ph_bottleneck_H0,2.5061779022216797,200,patch_mean,none,contrast,3,score,False,274f49f21a03df6f7da7f330fed2fe31ff1b6bdd1be8fc9ce8088bf297fdd4e6
9,ph_wasserstein_H0,37.1962571144104,200,patch_mean,none,contrast,3,score,False,274f49f21a03df6f7da7f330fed2fe31ff1b6bdd1be8fc9ce8088bf297fdd4e6
9,ph_bottleneck_H1,0.5655102729797363,200,patch_mean,none,contrast,3,score,False,274f49f21a03df6f7da7f330fed2fe31ff1b6bdd1be8fc9ce8088bf297fdd4e6
9,ph_wasserstein_H1,21.250772147566675,200,patch_mean,none,contrast,3,score,False,274f49f21a03df6f7da7f330fed2fe31ff1b6bdd1be8fc9ce8088bf297fdd4e6
10,ph_bottleneck_H0,2.6579389572143555,200,cls,none,contrast,3,score,False,274f49f21a03df6f7da7f330fed2fe31ff1b6bdd1be8fc9ce8088bf297fdd4e6
10,ph_wasserstein_H0,135.4261167049408,200,cls,none,contrast,3,score,False,274f49f21a03df6f7da7f330fed2fe31ff1b6bdd1be8fc9ce8088bf297fdd4e6
10,ph_bottleneck_H1,0.4786205291748047,200,cls,none,contrast,3,score,False,274f49f21a03df6f7da7f330fed2fe31ff1b6bdd1be8fc9ce8088bf297fdd4e6
10,ph_wasserstein_H1,28.27004539643086,200,cls,none,contrast,3,score,False,274f49f21a03df6f7da7f330fed2fe31ff1b6bdd1be8fc9ce8088bf297fdd4e6
10,ph_bottleneck_H0,2.811656951904297,200,patch_mean,none,contrast,3,score,False,274f49f21a03df6f7da7f330fed2fe31ff1b6bdd1be8fc9ce8088bf297fdd4e6
10,ph_wasserstein_H0,27.23862385749817,200,patch_mean,none,contrast,3,score,False,274f49f21a03df6f7da7f330fed2fe31ff1b6bdd1be8fc9ce8088bf297fdd4e6
10,ph_bottleneck_H1,0.42310619354248047,200,patch_mean,none,contrast,3,score,False,274f49f21a03df6f7da7f330fed2fe31ff1b6bdd1be8fc9ce8088bf297fdd4e6
10,ph_wasserstein_H1,17.582629823324375,200,patch_mean,none,contrast,3,score,False,274f49f21a03df6f7da7f330fed2fe31ff1b6bdd1be8fc9ce8088bf297fdd4e6
11,ph_bottleneck_H0,1.2024469375610352,200,cls,none,contrast,3,score,False,274f49f21a03df6f7da7f330fed2fe31ff1b6bdd1be8fc9ce8088bf297fdd4e6
11,ph_wasserstein_H0,146.24292993545532,200,cls,none,contrast,3,score,False,274f49f21a03df6f7da7f330fed2fe31ff1b6bdd1be8fc9ce8088bf297fdd4e6
11,ph_bottleneck_H1,0.4742250442504883,200,cls,none,contrast,3,score,False,274f49f21a03df6f7da7f330fed2fe31ff1b6bdd1be8fc9ce8088bf297fdd4e6
11,ph_wasserstein_H1,29.35129972825044,200,cls,none,contrast,3,score,False,274f49f21a03df6f7da7f330fed2fe31ff1b6bdd1be8fc9ce8088bf297fdd4e6
11,ph_bottleneck_H0,1.9050350189208984,200,patch_mean,none,contrast,3,score,False,274f49f21a03df6f7da7f330fed2fe31ff1b6bdd1be8fc9ce8088bf297fdd4e6
11,ph_wasserstein_H0,28.142011165618896,200,patch_mean,none,contrast,3,score,False,274f49f21a03df6f7da7f330fed2fe31ff1b6bdd1be8fc9ce8088bf297fdd4e6
11,ph_bottleneck_H1,0.5148801803588867,200,patch_mean,none,contrast,3,score,False,274f49f21a03df6f7da7f330fed2fe31ff1b6bdd1be8fc9ce8088bf297fdd4e6
11,ph_wasserstein_H1,22.888090624647145,200,patch_mean,none,contrast,3,score,False,274f49f21a03df6f7da7f330fed2fe31ff1b6bdd1be8fc9ce8088bf297fdd4e6
0,ph_bottleneck_H0,0.2709614932537079,200,cls,none,contrast,5,score,False,274f49f21a03df6f7da7f330fed2fe31ff1b6bdd1be8fc9ce8088bf297fdd4e6
0,ph_wasserstein_H0,47.40385647649021,200,cls,none,contrast,5,score,False,274f49f21a03df6f7da7f330fed2fe31ff1b6bdd1be8fc9ce8088bf297fdd4e6
0,ph_bottleneck_H1,0.07116633653640747,200,cls,none,contrast,5,score,False,274f49f21a03df6f7da7f330fed2fe31ff1b6bdd1be8fc9ce8088bf297fdd4e6
0,ph_wasserstein_H1,4.782622357819047,200,cls,none,contrast,5,score,False,274f49f21a03df6f7da7f330fed2fe31ff1b6bdd1be8fc9ce8088bf297fdd4e6
0,ph_bottleneck_H0,3.5733816623687744,200,patch_mean,none,contrast,5,score,False,274f49f21a03df6f7da7f330fed2fe31ff1b6bdd1be8fc9ce8088bf297fdd4e6
0,ph_wasserstein_H0,447.325665986001,200,patch_mean,none,contrast,5,score,False,274f49f21a03df6f7da7f330fed2fe31ff1b6bdd1be8fc9ce8088bf297fdd4e6
0,ph_bottleneck_H1,0.46759283542633057,200,patch_mean,none,contrast,5,score,False,274f49f21a03df6f7da7f330fed2fe31ff1b6bdd1be8fc9ce8088bf297fdd4e6
0,ph_wasserstein_H1,32.14938851813255,200,patch_mean,none,contrast,5,score,False,274f49f21a03df6f7da7f330fed2fe31ff1b6bdd1be8fc9ce8088bf297fdd4e6
1,ph_bottleneck_H0,0.6490994095802307,200,cls,none,contrast,5,score,False,274f49f21a03df6f7da7f330fed2fe31ff1b6bdd1be8fc9ce8088bf297fdd4e6
1,ph_wasserstein_H0,96.20235543103446,200,cls,none,contrast,5,score,False,274f49f21a03df6f7da7f330fed2fe31ff1b6bdd1be8fc9ce8088bf297fdd4e6
1,ph_bottleneck_H1,0.11326673626899719,200,cls,none,contrast,5,score,False,274f49f21a03df6f7da7f330fed2fe31ff1b6bdd1be8fc9ce8088bf297fdd4e6
1,ph_wasserstein_H1,6.9332438804266765,200,cls,none,contrast,5,score,False,274f49f21a03df6f7da7f330fed2fe31ff1b6bdd1be8fc9ce8088bf297fdd4e6
1,ph_bottleneck_H0,2.574171543121338,200,patch_mean,none,contrast,5,score,False,274f49f21a03df6f7da7f330fed2fe31ff1b6bdd1be8fc9ce8088bf297fdd4e6
1,ph_wasserstein_H0,279.5976792652127,200,patch_mean,none,contrast,5,score,False,274f49f21a03df6f7da7f330fed2fe31ff1b6bdd1be8fc9ce8088bf297fdd4e6
1,ph_bottleneck_H1,0.26141440868377686,200,patch_mean,none,contrast,5,score,False,274f49f21a03df6f7da7f330fed2fe31ff1b6bdd1be8fc9ce8088bf297fdd4e6
1,ph_wasserstein_H1,21.85339222178866,200,patch_mean,none,contrast,5,score,False,274f49f21a03df6f7da7f330fed2fe31ff1b6bdd1be8fc9ce8088bf297fdd4e6
2,ph_bottleneck_H0,0.6955785751342773,200,cls,none,contrast,5,score,False,274f49f21a03df6f7da7f330fed2fe31ff1b6bdd1be8fc9ce8088bf297fdd4e6
2,ph_wasserstein_H0,63.691311955451965,200,cls,none,contrast,5,score,False,274f49f21a03df6f7da7f330fed2fe31ff1b6bdd1be8fc9ce8088bf297fdd4e6
2,ph_bottleneck_H1,0.12898093461990356,200,cls,none,contrast,5,score,False,274f49f21a03df6f7da7f330fed2fe31ff1b6bdd1be8fc9ce8088bf297fdd4e6
2,ph_wasserstein_H1,10.692770861472805,200,cls,none,contrast,5,score,False,274f49f21a03df6f7da7f330fed2fe31ff1b6bdd1be8fc9ce8088bf297fdd4e6
2,ph_bottleneck_H0,2.6716866493225098,200,patch_mean,none,contrast,5,score,False,274f49f21a03df6f7da7f330fed2fe31ff1b6bdd1be8fc9ce8088bf297fdd4e6
2,ph_wasserstein_H0,179.59249258041382,200,patch_mean,none,contrast,5,score,False,274f49f21a03df6f7da7f330fed2fe31ff1b6bdd1be8fc9ce8088bf297fdd4e6
2,ph_bottleneck_H1,0.2655467987060547,200,patch_mean,none,contrast,5,score,False,274f49f21a03df6f7da7f330fed2fe31ff1b6bdd1be8fc9ce8088bf297fdd4e6
2,ph_wasserstein_H1,23.160277462041385,200,patch_mean,none,contrast,5,score,False,274f49f21a03df6f7da7f330fed2fe31ff1b6bdd1be8fc9ce8088bf297fdd4e6
3,ph_bottleneck_H0,1.2123873233795166,200,cls,none,contrast,5,score,False,274f49f21a03df6f7da7f330fed2fe31ff1b6bdd1be8fc9ce8088bf297fdd4e6
3,ph_wasserstein_H0,96.44492548704147,200,cls,none,contrast,5,score,False,274f49f21a03df6f7da7f330fed2fe31ff1b6bdd1be8fc9ce8088bf297fdd4e6
3,ph_bottleneck_H1,0.12416088581085205,200,cls,none,contrast,5,score,False,274f49f21a03df6f7da7f330fed2fe31ff1b6bdd1be8fc9ce8088bf297fdd4e6
3,ph_wasserstein_H1,14.502512174301096,200,cls,none,contrast,5,score,False,274f49f21a03df6f7da7f330fed2fe31ff1b6bdd1be8fc9ce8088bf297fdd4e6
3,ph_bottleneck_H0,2.300935745239258,200,patch_mean,none,contrast,5,score,False,274f49f21a03df6f7da7f330fed2fe31ff1b6bdd1be8fc9ce8088bf297fdd4e6
3,ph_wasserstein_H0,149.29660975933075,200,patch_mean,none,contrast,5,score,False,274f49f21a03df6f7da7f330fed2fe31ff1b6bdd1be8fc9ce8088bf297fdd4e6
3,ph_bottleneck_H1,0.29258882999420166,200,patch_mean,none,contrast,5,score,False,274f49f21a03df6f7da7f330fed2fe31ff1b6bdd1be8fc9ce8088bf297fdd4e6
3,ph_wasserstein_H1,23.47473048598892,200,patch_mean,none,contrast,5,score,False,274f49f21a03df6f7da7f330fed2fe31ff1b6bdd1be8fc9ce8088bf297fdd4e6
4,ph_bottleneck_H0,1.005875825881958,200,cls,none,contrast,5,score,False,274f49f21a03df6f7da7f330fed2fe31ff1b6bdd1be8fc9ce8088bf297fdd4e6
4,ph_wasserstein_H0,143.4077446460724,200,cls,none,contrast,5,score,False,274f49f21a03df6f7da7f330fed2fe31ff1b6bdd1be8fc9ce8088bf297fdd4e6
4,ph_bottleneck_H1,0.16686701774597168,200,cls,none,contrast,5,score,False,274f49f21a03df6f7da7f330fed2fe31ff1b6bdd1be8fc9ce8088bf297fdd4e6
4,ph_wasserstein_H1,20.323318360197845,200,cls,none,contrast,5,score,False,274f49f21a03df6f7da7f330fed2fe31ff1b6bdd1be8fc9ce8088bf297fdd4e6
4,ph_bottleneck_H0,2.5030531883239746,200,patch_mean,none,contrast,5,score,False,274f49f21a03df6f7da7f330fed2fe31ff1b6bdd1be8fc9ce8088bf297fdd4e6
4,ph_wasserstein_H0,152.34533524513245,200,patch_mean,none,contrast,5,score,False,274f49f21a03df6f7da7f330fed2fe31ff1b6bdd1be8fc9ce8088bf297fdd4e6
4,ph_bottleneck_H1,0.293933629989624,200,patch_mean,none,contrast,5,score,False,274f49f21a03df6f7da7f330fed2fe31ff1b6bdd1be8fc9ce8088bf297fdd4e6
4,ph_wasserstein_H1,26.12946555551029,200,patch_mean,none,contrast,5,score,False,274f49f21a03df6f7da7f330fed2fe31ff1b6bdd1be8fc9ce8088bf297fdd4e6
5,ph_bottleneck_H0,1.1739106178283691,200,cls,none,contrast,5,score,False,274f49f21a03df6f7da7f330fed2fe31ff1b6bdd1be8fc9ce8088bf297fdd4e6
5,ph_wasserstein_H0,179.56894385814667,200,cls,none,contrast,5,score,False,274f49f21a03df6f7da7f330fed2fe31ff1b6bdd1be8fc9ce8088bf297fdd4e6
5,ph_bottleneck_H1,0.2597339153289795,200,cls,none,contrast,5,score,False,274f49f21a03df6f7da7f330fed2fe31ff1b6bdd1be8fc9ce8088bf297fdd4e6
5,ph_wasserstein_H1,29.41799145987617,200,cls,none,contrast,5,score,False,274f49f21a03df6f7da7f330fed2fe31ff1b6bdd1be8fc9ce8088bf297fdd4e6
5,ph_bottleneck_H0,2.5195178985595703,200,patch_mean,none,contrast,5,score,False,274f49f21a03df6f7da7f330fed2fe31ff1b6bdd1be8fc9ce8088bf297fdd4e6
5,ph_wasserstein_H0,169.3221035003662,200,patch_mean,none,contrast,5,score,False,274f49f21a03df6f7da7f330fed2fe31ff1b6bdd1be8fc9ce8088bf297fdd4e6
5,ph_bottleneck_H1,0.3843677043914795,200,patch_mean,none,contrast,5,score,False,274f49f21a03df6f7da7f330fed2fe31ff1b6bdd1be8fc9ce8088bf297fdd4e6
5,ph_wasserstein_H1,27.596296577373682,200,patch_mean,none,contrast,5,score,False,274f49f21a03df6f7da7f330fed2fe31ff1b6bdd1be8fc9ce8088bf297fdd4e6
6,ph_bottleneck_H0,1.6281425952911377,200,cls,none,contrast,5,score,False,274f49f21a03df6f7da7f330fed2fe31ff1b6bdd1be8fc9ce8088bf297fdd4e6
6,ph_wasserstein_H0,258.04790937900543,200,cls,none,contrast,5,score,False,274f49f21a03df6f7da7f330fed2fe31ff1b6bdd1be8fc9ce8088bf297fdd4e6
6,ph_bottleneck_H1,0.3513474464416504,200,cls,none,contrast,5,score,False,274f49f21a03df6f7da7f330fed2fe31ff1b6bdd1be8fc9ce8088bf297fdd4e6
6,ph_wasserstein_H1,33.80893254302994,200,cls,none,contrast,5,score,False,274f49f21a03df6f7da7f330fed2fe31ff1b6bdd1be8fc9ce8088bf297fdd4e6
6,ph_bottleneck_H0,1.9285931587219238,200,patch_mean,none,contrast,5,score,False,274f49f21a03df6f7da7f330fed2fe31ff1b6bdd1be8fc9ce8088bf297fdd4e6
6,ph_wasserstein_H0,173.4870765209198,200,patch_mean,none,contrast,5,score,False,274f49f21a03df6f7da7f330fed2fe31ff1b6bdd1be8fc9ce8088bf297fdd4e6
6,ph_bottleneck_H1,0.4405183792114258,200,patch_mean,none,contrast,5,score,False,274f49f21a03df6f7da7f330fed2fe31ff1b6bdd1be8fc9ce8088bf297fdd4e6
6,ph_wasserstein_H1,33.139333227395525,200,patch_mean,none,contrast,5,score,False,274f49f21a03df6f7da7f330fed2fe31ff1b6bdd1be8fc9ce8088bf297fdd4e6
7,ph_bottleneck_H0,1.8814358711242676,200,cls,none,contrast,5,score,False,274f49f21a03df6f7da7f330fed2fe31ff1b6bdd1be8fc9ce8088bf297fdd4e6
7,ph_wasserstein_H0,313.1881139278412,200,cls,none,contrast,5,score,False,274f49f21a03df6f7da7f330fed2fe31ff1b6bdd1be8fc9ce8088bf297fdd4e6
7,ph_bottleneck_H1,0.41858458518981934,200,cls,none,contrast,5,score,False,274f49f21a03df6f7da7f330fed2fe31ff1b6bdd1be8fc9ce8088bf297fdd4e6
7,ph_wasserstein_H1,43.1544707136438,200,cls,none,contrast,5,score,False,274f49f21a03df6f7da7f330fed2fe31ff1b6bdd1be8fc9ce8088bf297fdd4e6
7,ph_bottleneck_H0,1.208702564239502,200,patch_mean,none,contrast,5,score,False,274f49f21a03df6f7da7f330fed2fe31ff1b6bdd1be8fc9ce8088bf297fdd4e6
7,ph_wasserstein_H0,158.9020426273346,200,patch_mean,none,contrast,5,score,False,274f49f21a03df6f7da7f330fed2fe31ff1b6bdd1be8fc9ce8088bf297fdd4e6
7,ph_bottleneck_H1,0.4740786552429199,200,patch_mean,none,contrast,5,score,False,274f49f21a03df6f7da7f330fed2fe31ff1b6bdd1be8fc9ce8088bf297fdd4e6
7,ph_wasserstein_H1,32.243287572498566,200,patch_mean,none,contrast,5,score,False,274f49f21a03df6f7da7f330fed2fe31ff1b6bdd1be8fc9ce8088bf297fdd4e6
8,ph_bottleneck_H0,2.0919909477233887,200,cls,none,contrast,5,score,False,274f49f21a03df6f7da7f330fed2fe31ff1b6bdd1be8fc9ce8088bf297fdd4e6
8,ph_wasserstein_H0,305.0029925107956,200,cls,none,contrast,5,score,False,274f49f21a03df6f7da7f330fed2fe31ff1b6bdd1be8fc9ce8088bf297fdd4e6
8,ph_bottleneck_H1,0.5501077175140381,200,cls,none,contrast,5,score,False,274f49f21a03df6f7da7f330fed2fe31ff1b6bdd1be8fc9ce8088bf297fdd4e6
8,ph_wasserstein_H1,48.17320775028772,200,cls,none,contrast,5,score,False,274f49f21a03df6f7da7f330fed2fe31ff1b6bdd1be8fc9ce8088bf297fdd4e6
8,ph_bottleneck_H0,5.720855712890625,200,patch_mean,none,contrast,5,score,False,274f49f21a03df6f7da7f330fed2fe31ff1b6bdd1be8fc9ce8088bf297fdd4e6
8,ph_wasserstein_H0,87.78132510185242,200,patch_mean,none,contrast,5,score,False,274f49f21a03df6f7da7f330fed2fe31ff1b6bdd1be8fc9ce8088bf297fdd4e6
8,ph_bottleneck_H1,0.6475615501403809,200,patch_mean,none,contrast,5,score,False,274f49f21a03df6f7da7f330fed2fe31ff1b6bdd1be8fc9ce8088bf297fdd4e6
8,ph_wasserstein_H1,20.941148282327877,200,patch_mean,none,contrast,5,score,False,274f49f21a03df6f7da7f330fed2fe31ff1b6bdd1be8fc9ce8088bf297fdd4e6
9,ph_bottleneck_H0,2.1761975288391113,200,cls,none,contrast,5,score,False,274f49f21a03df6f7da7f330fed2fe31ff1b6bdd1be8fc9ce8088bf297fdd4e6
9,ph_wasserstein_H0,307.6084086894989,200,cls,none,contrast,5,score,False,274f49f21a03df6f7da7f330fed2fe31ff1b6bdd1be8fc9ce8088bf297fdd4e6
9,ph_bottleneck_H1,0.5352697372436523,200,cls,none,contrast,5,score,False,274f49f21a03df6f7da7f330fed2fe31ff1b6bdd1be8fc9ce8088bf297fdd4e6
9,ph_wasserstein_H1,45.12748061695872,200,cls,none,contrast,5,score,False,274f49f21a03df6f7da7f330fed2fe31ff1b6bdd1be8fc9ce8088bf297fdd4e6
9,ph_bottleneck_H0,4.826820373535156,200,patch_mean,none,contrast,5,score,False,274f49f21a03df6f7da7f330fed2fe31ff1b6bdd1be8fc9ce8088bf297fdd4e6
9,ph_wasserstein_H0,59.17575788497925,200,patch_mean,none,contrast,5,score,False,274f49f21a03df6f7da7f330fed2fe31ff1b6bdd1be8fc9ce8088bf297fdd4e6
9,ph_bottleneck_H1,0.6155071258544922,200,patch_mean,none,contrast,5,score,False,274f49f21a03df6f7da7f330fed2fe31ff1b6bdd1be8fc9ce8088bf297fdd4e6
9,ph_wasserstein_H1,25.841671407418147,200,patch_mean,none,contrast,5,score,False,274f49f21a03df6f7da7f330fed2fe31ff1b6bdd1be8fc9ce8088bf297fdd4e6
10,ph_bottleneck_H0,5.7629852294921875,200,cls,none,contrast,5,score,False,274f49f21a03df6f7da7f330fed2fe31ff1b6bdd1be8fc9ce8088bf297fdd4e6
10,ph_wasserstein_H0,361.8158600330353,200,cls,none,contrast,5,score,False,274f49f21a03df6f7da7f330fed2fe31ff1b6bdd1be8fc9ce8088bf297fdd4e6
10,ph_bottleneck_H1,0.5838074684143066,200,cls,none,contrast,5,score,False,274f49f21a03df6f7da7f330fed2fe31ff1b6bdd1be8fc9ce8088bf297fdd4e6
10,ph_wasserstein_H1,39.717504905960155,200,cls,none,contrast,5,score,False,274f49f21a03df6f7da7f330fed2fe31ff1b6bdd1be8fc9ce8088bf297fdd4e6
10,ph_bottleneck_H0,5.767543792724609,200,patch_mean,none,contrast,5,score,False,274f49f21a03df6f7da7f330fed2fe31ff1b6bdd1be8fc9ce8088bf297fdd4e6
10,ph_wasserstein_H0,74.4366352558136,200,patch_mean,none,contrast,5,score,False,274f49f21a03df6f7da7f330fed2fe31ff1b6bdd1be8fc9ce8088bf297fdd4e6
10,ph_bottleneck_H1,0.6126232147216797,200,patch_mean,none,contrast,5,score,False,274f49f21a03df6f7da7f330fed2fe31ff1b6bdd1be8fc9ce8088bf297fdd4e6
10,ph_wasserstein_H1,22.926834267927596,200,patch_mean,none,contrast,5,score,False,274f49f21a03df6f7da7f330fed2fe31ff1b6bdd1be8fc9ce8088bf297fdd4e6
11,ph_bottleneck_H0,2.544945240020752,200,cls,none,contrast,5,score,False,274f49f21a03df6f7da7f330fed2fe31ff1b6bdd1be8fc9ce8088bf297fdd4e6
11,ph_wasserstein_H0,400.7641305923462,200,cls,none,contrast,5,score,False,274f49f21a03df6f7da7f330fed2fe31ff1b6bdd1be8fc9ce8088bf297fdd4e6
11,ph_bottleneck_H1,0.528435468673706,200,cls,none,contrast,5,score,False,274f49f21a03df6f7da7f330fed2fe31ff1b6bdd1be8fc9ce8088bf297fdd4e6
11,ph_wasserstein_H1,43.48530144816523,200,cls,none,contrast,5,score,False,274f49f21a03df6f7da7f330fed2fe31ff1b6bdd1be8fc9ce8088bf297fdd4e6
11,ph_bottleneck_H0,3.484434127807617,200,patch_mean,none,contrast,5,score,False,274f49f21a03df6f7da7f330fed2fe31ff1b6bdd1be8fc9ce8088bf297fdd4e6
11,ph_wasserstein_H0,99.73357725143433,200,patch_mean,none,contrast,5,score,False,274f49f21a03df6f7da7f330fed2fe31ff1b6bdd1be8fc9ce8088bf297fdd4e6
11,ph_bottleneck_H1,0.6433181762695312,200,patch_mean,none,contrast,5,score,False,274f49f21a03df6f7da7f330fed2fe31ff1b6bdd1be8fc9ce8088bf297fdd4e6
11,ph_wasserstein_H1,29.19995711627898,200,patch_mean,none,contrast,5,score,False,274f49f21a03df6f7da7f330fed2fe31ff1b6bdd1be8fc9ce8088bf297fdd4e6
0,ph_bottleneck_H0,0.06455039978027344,200,cls,none,jpeg_compression,1,score,False,274f49f21a03df6f7da7f330fed2fe31ff1b6bdd1be8fc9ce8088bf297fdd4e6
0,ph_wasserstein_H0,1.8658545911312103,200,cls,none,jpeg_compression,1,score,False,274f49f21a03df6f7da7f330fed2fe31ff1b6bdd1be8fc9ce8088bf297fdd4e6
0,ph_bottleneck_H1,0.05535614490509033,200,cls,none,jpeg_compression,1,score,False,274f49f21a03df6f7da7f330fed2fe31ff1b6bdd1be8fc9ce8088bf297fdd4e6
0,ph_wasserstein_H1,1.4784493540672048,200,cls,none,jpeg_compression,1,score,False,274f49f21a03df6f7da7f330fed2fe31ff1b6bdd1be8fc9ce8088bf297fdd4e6
0,ph_bottleneck_H0,0.7830262184143066,200,patch_mean,none,jpeg_compression,1,score,False,274f49f21a03df6f7da7f330fed2fe31ff1b6bdd1be8fc9ce8088bf297fdd4e6
0,ph_wasserstein_H0,76.0691442489624,200,patch_mean,none,jpeg_compression,1,score,False,274f49f21a03df6f7da7f330fed2fe31ff1b6bdd1be8fc9ce8088bf297fdd4e6
0,ph_bottleneck_H1,0.3868579864501953,200,patch_mean,none,jpeg_compression,1,score,False,274f49f21a03df6f7da7f330fed2fe31ff1b6bdd1be8fc9ce8088bf297fdd4e6
0,ph_wasserstein_H1,14.242917056746686,200,patch_mean,none,jpeg_compression,1,score,False,274f49f21a03df6f7da7f330fed2fe31ff1b6bdd1be8fc9ce8088bf297fdd4e6
1,ph_bottleneck_H0,0.1477872133255005,200,cls,none,jpeg_compression,1,score,False,274f49f21a03df6f7da7f330fed2fe31ff1b6bdd1be8fc9ce8088bf297fdd4e6
1,ph_wasserstein_H0,9.564577132463455,200,cls,none,jpeg_compression,1,score,False,274f49f21a03df6f7da7f330fed2fe31ff1b6bdd1be8fc9ce8088bf297fdd4e6
1,ph_bottleneck_H1,0.041699886322021484,200,cls,none,jpeg_compression,1,score,False,274f49f21a03df6f7da7f330fed2fe31ff1b6bdd1be8fc9ce8088bf297fdd4e6
1,ph_wasserstein_H1,2.776435454330316,200,cls,none,jpeg_compression,1,score,False,274f49f21a03df6f7da7f330fed2fe31ff1b6bdd1be8fc9ce8088bf297fdd4e6
1,ph_bottleneck_H0,0.9020123481750488,200,patch_mean,none,jpeg_compression,1,score,False,274f49f21a03df6f7da7f330fed2fe31ff1b6bdd1be8fc9ce8088bf297fdd4e6
1,ph_wasserstein_H0,82.17279350757599,200,patch_mean,none,jpeg_compression,1,score,False,274f49f21a03df6f7da7f330fed2fe31ff1b6bdd1be8fc9ce8088bf297fdd4e6
1,ph_bottleneck_H1,0.17856812477111816,200,patch_mean,none,jpeg_compression,1,score,False,274f49f21a03df6f7da7f330fed2fe31ff1b6bdd1be8fc9ce8088bf297fdd4e6
1,ph_wasserstein_H1,14.075507079340746,200,patch_mean,none,jpeg_compression,1,score,False,274f49f21a03df6f7da7f330fed2fe31ff1b6bdd1be8fc9ce8088bf297fdd4e6
2,ph_bottleneck_H0,0.26975131034851074,200,cls,none,jpeg_compression,1,score,False,274f49f21a03df6f7da7f330fed2fe31ff1b6bdd1be8fc9ce8088bf297fdd4e6
2,ph_wasserstein_H0,35.034222304821014,200,cls,none,jpeg_compression,1,score,False,274f49f21a03df6f7da7f330fed2fe31ff1b6bdd1be8fc9ce8088bf297fdd4e6
2,ph_bottleneck_H1,0.08804833889007568,200,cls,none,jpeg_compression,1,score,False,274f49f21a03df6f7da7f330fed2fe31ff1b6bdd1be8fc9ce8088bf297fdd4e6
2,ph_wasserstein_H1,6.721489850677542,200,cls,none,jpeg_compression,1,score,False,274f49f21a03df6f7da7f330fed2fe31ff1b6bdd1be8fc9ce8088bf297fdd4e6
2,ph_bottleneck_H0,1.0879535675048828,200,patch_mean,none,jpeg_compression,1,score,False,274f49f21a03df6f7da7f330fed2fe31ff1b6bdd1be8fc9ce8088bf297fdd4e6
2,ph_wasserstein_H0,85.39914965629578,200,patch_mean,none,jpeg_compression,1,score,False,274f49f21a03df6f7da7f330fed2fe31ff1b6bdd1be8fc9ce8088bf297fdd4e6
2,ph_bottleneck_H1,0.27442502975463867,200,patch_mean,none,jpeg_compression,1,score,False,274f49f21a03df6f7da7f330fed2fe31ff1b6bdd1be8fc9ce8088bf297fdd4e6
2,ph_wasserstein_H1,14.88180885554625,200,patch_mean,none,jpeg_compression,1,score,False,274f49f21a03df6f7da7f330fed2fe31ff1b6bdd1be8fc9ce8088bf297fdd4e6
3,ph_bottleneck_H0,0.3045787811279297,200,cls,none,jpeg_compression,1,score,False,274f49f21a03df6f7da7f330fed2fe31ff1b6bdd1be8fc9ce8088bf297fdd4e6
3,ph_wasserstein_H0,42.44517034292221,200,cls,none,jpeg_compression,1,score,False,274f49f21a03df6f7da7f330fed2fe31ff1b6bdd1be8fc9ce8088bf297fdd4e6
3,ph_bottleneck_H1,0.11758244037628174,200,cls,none,jpeg_compression,1,score,False,274f49f21a03df6f7da7f330fed2fe31ff1b6bdd1be8fc9ce8088bf297fdd4e6
3,ph_wasserstein_H1,9.412523071637175,200,cls,none,jpeg_compression,1,score,False,274f49f21a03df6f7da7f330fed2fe31ff1b6bdd1be8fc9ce8088bf297fdd4e6
3,ph_bottleneck_H0,1.3591995239257812,200,patch_mean,none,jpeg_compression,1,score,False,274f49f21a03df6f7da7f330fed2fe31ff1b6bdd1be8fc9ce8088bf297fdd4e6
3,ph_wasserstein_H0,114.02187860012054,200,patch_mean,none,jpeg_compression,1,score,False,274f49f21a03df6f7da7f330fed2fe31ff1b6bdd1be8fc9ce8088bf297fdd4e6
3,ph_bottleneck_H1,0.2616703510284424,200,patch_mean,none,jpeg_compression,1,score,False,274f49f21a03df6f7da7f330fed2fe31ff1b6bdd1be8fc9ce8088bf297fdd4e6
3,ph_wasserstein_H1,19.159643322517084,200,patch_mean,none,jpeg_compression,1,score,False,274f49f21a03df6f7da7f330fed2fe31ff1b6bdd1be8fc9ce8088bf297fdd4e6
4,ph_bottleneck_H0,0.8059399127960205,200,cls,none,jpeg_compression,1,score,False,274f49f21a03df6f7da7f330fed2fe31ff1b6bdd1be8fc9ce8088bf297fdd4e6
4,ph_wasserstein_H0,85.26170980930328,200,cls,none,jpeg_compression,1,score,False,274f49f21a03df6f7da7f330fed2fe31ff1b6bdd1be8fc9ce8088bf297fdd4e6
4,ph_bottleneck_H1,0.18267011642456055,200,cls,none,jpeg_compression,1,score,False,274f49f21a03df6f7da7f330fed2fe31ff1b6bdd1be8fc9ce8088bf297fdd4e6
4,ph_wasserstein_H1,18.034640867899203,200,cls,none,jpeg_compression,1,score,False,274f49f21a03df6f7da7f330fed2fe31ff1b6bdd1be8fc9ce8088bf297fdd4e6
4,ph_bottleneck_H0,1.2472105026245117,200,patch_mean,none,jpeg_compression,1,score,False,274f49f21a03df6f7da7f330fed2fe31ff1b6bdd1be8fc9ce8088bf297fdd4e6
4,ph_wasserstein_H0,106.0206161737442,200,patch_mean,none,jpeg_compression,1,score,False,274f49f21a03df6f7da7f330fed2fe31ff1b6bdd1be8fc9ce8088bf297fdd4e6
4,ph_bottleneck_H1,0.24178409576416016,200,patch_mean,none,jpeg_compression,1,score,False,274f49f21a03df6f7da7f330fed2fe31ff1b6bdd1be8fc9ce8088bf297fdd4e6
4,ph_wasserstein_H1,19.071005499287775,200,patch_mean,none,jpeg_compression,1,score,False,274f49f21a03df6f7da7f330fed2fe31ff1b6bdd1be8fc9ce8088bf297fdd4e6
5,ph_bottleneck_H0,0.5964205265045166,200,cls,none,jpeg_compression,1,score,False,274f49f21a03df6f7da7f330fed2fe31ff1b6bdd1be8fc9ce8088bf297fdd4e6
5,ph_wasserstein_H0,93.58212018013,200,cls,none,jpeg_compression,1,score,False,274f49f21a03df6f7da7f330fed2fe31ff1b6bdd1be8fc9ce8088bf297fdd4e6
5,ph_bottleneck_H1,0.2219083309173584,200,cls,none,jpeg_compression,1,score,False,274f49f21a03df6f7da7f330fed2fe31ff1b6bdd1be8fc9ce8088bf297fdd4e6
5,ph_wasserstein_H1,23.537528704520064,200,cls,none,jpeg_compression,1,score,False,274f49f21a03df6f7da7f330fed2fe31ff1b6bdd1be8fc9ce8088bf297fdd4e6
5,ph_bottleneck_H0,1.7652835845947266,200,patch_mean,none,jpeg_compression,1,score,False,274f49f21a03df6f7da7f330fed2fe31ff1b6bdd1be8fc9ce8088bf297fdd4e6
5,ph_wasserstein_H0,96.21691536903381,200,patch_mean,none,jpeg_compression,1,score,False,274f49f21a03df6f7da7f330fed2fe31ff1b6bdd1be8fc9ce8088bf297fdd4e6
5,ph_bottleneck_H1,0.36162233352661133,200,patch_mean,none,jpeg_compression,1,score,False,274f49f21a03df6f7da7f330fed2fe31ff1b6bdd1be8fc9ce8088bf297fdd4e6
5,ph_wasserstein_H1,18.733364398325687,200,patch_mean,none,jpeg_compression,1,score,False,274f49f21a03df6f7da7f330fed2fe31ff1b6bdd1be8fc9ce8088bf297fdd4e6
6,ph_bottleneck_H0,0.6975932121276855,200,cls,none,jpeg_compression,1,score,False,274f49f21a03df6f7da7f330fed2fe31ff1b6bdd1be8fc9ce8088bf297fdd4e6
6,ph_wasserstein_H0,102.2823588848114,200,cls,none,jpeg_compression,1,score,False,274f49f21a03df6f7da7f330fed2fe31ff1b6bdd1be8fc9ce8088bf297fdd4e6
6,ph_bottleneck_H1,0.2895009517669678,200,cls,none,jpeg_compression,1,score,False,274f49f21a03df6f7da7f330fed2fe31ff1b6bdd1be8fc9ce8088bf297fdd4e6
6,ph_wasserstein_H1,25.817458020573202,200,cls,none,jpeg_compression,1,score,False,274f49f21a03df6f7da7f330fed2fe31ff1b6bdd1be8fc9ce8088bf297fdd4e6
6,ph_bottleneck_H0,1.425201416015625,200,patch_mean,none,jpeg_compression,1,score,False,274f49f21a03df6f7da7f330fed2fe31ff1b6bdd1be8fc9ce8088bf297fdd4e6
6,ph_wasserstein_H0,91.47965908050537,200,patch_mean,none,jpeg_compression,1,score,False,274f49f21a03df6f7da7f330fed2fe31ff1b6bdd1be8fc9ce8088bf297fdd4e6
6,ph_bottleneck_H1,0.3456425666809082,200,patch_mean,none,jpeg_compression,1,score,False,274f49f21a03df6f7da7f330fed2fe31ff1b6bdd1be8fc9ce8088bf297fdd4e6
6,ph_wasserstein_H1,17.932712885809508,200,patch_mean,none,jpeg_compression,1,score,False,274f49f21a03df6f7da7f330fed2fe31ff1b6bdd1be8fc9ce8088bf297fdd4e6
7,ph_bottleneck_H0,1.5373649597167969,200,cls,none,jpeg_compression,1,score,False,274f49f21a03df6f7da7f330fed2fe31ff1b6bdd1be8fc9ce8088bf297fdd4e6
7,ph_wasserstein_H0,110.8151867389679,200,cls,none,jpeg_compression,1,score,False,274f49f21a03df6f7da7f330fed2fe31ff1b6bdd1be8fc9ce8088bf297fdd4e6
7,ph_bottleneck_H1,0.3923797607421875,200,cls,none,jpeg_compression,1,score,False,274f49f21a03df6f7da7f330fed2fe31ff1b6bdd1be8fc9ce8088bf297fdd4e6
7,ph_wasserstein_H1,39.31055457765232,200,cls,none,jpeg_compression,1,score,False,274f49f21a03df6f7da7f330fed2fe31ff1b6bdd1be8fc9ce8088bf297fdd4e6
7,ph_bottleneck_H0,0.8447136878967285,200,patch_mean,none,jpeg_compression,1,score,False,274f49f21a03df6f7da7f330fed2fe31ff1b6bdd1be8fc9ce8088bf297fdd4e6
7,ph_wasserstein_H0,68.79070591926575,200,patch_mean,none,jpeg_compression,1,score,False,274f49f21a03df6f7da7f330fed2fe31ff1b6bdd1be8fc9ce8088bf297fdd4e6
7,ph_bottleneck_H1,0.5884494781494141,200,patch_mean,none,jpeg_compression,1,score,False,274f49f21a03df6f7da7f330fed2fe31ff1b6bdd1be8fc9ce8088bf297fdd4e6
7,ph_wasserstein_H1,21.018895541953256,200,patch_mean,none,jpeg_compression,1,score,False,274f49f21a03df6f7da7f330fed2fe31ff1b6bdd1be8fc9ce8088bf297fdd4e6
8,ph_bottleneck_H0,1.5520710945129395,200,cls,none,jpeg_compression,1,score,False,274f49f21a03df6f7da7f330fed2fe31ff1b6bdd1be8fc9ce8088bf297fdd4e6
8,ph_wasserstein_H0,123.22984457015991,200,cls,none,jpeg_compression,1,score,False,274f49f21a03df6f7da7f330fed2fe31ff1b6bdd1be8fc9ce8088bf297fdd4e6
8,ph_bottleneck_H1,0.5274231433868408,200,cls,none,jpeg_compression,1,score,False,274f49f21a03df6f7da7f330fed2fe31ff1b6bdd1be8fc9ce8088bf297fdd4e6
8,ph_wasserstein_H1,48.60500258975915,200,cls,none,jpeg_compression,1,score,False,274f49f21a03df6f7da7f330fed2fe31ff1b6bdd1be8fc9ce8088bf297fdd4e6
8,ph_bottleneck_H0,2.2369861602783203,200,patch_mean,none,jpeg_compression,1,score,False,274f49f21a03df6f7da7f330fed2fe31ff1b6bdd1be8fc9ce8088bf297fdd4e6
8,ph_wasserstein_H0,45.30850172042847,200,patch_mean,none,jpeg_compression,1,score,False,274f49f21a03df6f7da7f330fed2fe31ff1b6bdd1be8fc9ce8088bf297fdd4e6
8,ph_bottleneck_H1,0.5452518463134766,200,patch_mean,none,jpeg_compression,1,score,False,274f49f21a03df6f7da7f330fed2fe31ff1b6bdd1be8fc9ce8088bf297fdd4e6
8,ph_wasserstein_H1,17.41599793041511,200,patch_mean,none,jpeg_compression,1,score,False,274f49f21a03df6f7da7f330fed2fe31ff1b6bdd1be8fc9ce8088bf297fdd4e6
9,ph_bottleneck_H0,1.4185733795166016,200,cls,none,jpeg_compression,1,score,False,274f49f21a03df6f7da7f330fed2fe31ff1b6bdd1be8fc9ce8088bf297fdd4e6
9,ph_wasserstein_H0,87.60568904876709,200,cls,none,jpeg_compression,1,score,False,274f49f21a03df6f7da7f330fed2fe31ff1b6bdd1be8fc9ce8088bf297fdd4e6
9,ph_bottleneck_H1,0.42844438552856445,200,cls,none,jpeg_compression,1,score,False,274f49f21a03df6f7da7f330fed2fe31ff1b6bdd1be8fc9ce8088bf297fdd4e6
9,ph_wasserstein_H1,27.524250014905867,200,cls,none,jpeg_compression,1,score,False,274f49f21a03df6f7da7f330fed2fe31ff1b6bdd1be8fc9ce8088bf297fdd4e6
9,ph_bottleneck_H0,2.8059921264648438,200,patch_mean,none,jpeg_compression,1,score,False,274f49f21a03df6f7da7f330fed2fe31ff1b6bdd1be8fc9ce8088bf297fdd4e6
9,ph_wasserstein_H0,30.724790334701538,200,patch_mean,none,jpeg_compression,1,score,False,274f49f21a03df6f7da7f330fed2fe31ff1b6bdd1be8fc9ce8088bf297fdd4e6
9,ph_bottleneck_H1,0.5655102729797363,200,patch_mean,none,jpeg_compression,1,score,False,274f49f21a03df6f7da7f330fed2fe31ff1b6bdd1be8fc9ce8088bf297fdd4e6
9,ph_wasserstein_H1,25.951981957700507,200,patch_mean,none,jpeg_compression,1,score,False,274f49f21a03df6f7da7f330fed2fe31ff1b6bdd1be8fc9ce8088bf297fdd4e6
10,ph_bottleneck_H0,1.8172616958618164,200,cls,none,jpeg_compression,1,score,False,274f49f21a03df6f7da7f330fed2fe31ff1b6bdd1be8fc9ce8088bf297fdd4e6
10,ph_wasserstein_H0,95.46536660194397,200,cls,none,jpeg_compression,1,score,False,274f49f21a03df6f7da7f330fed2fe31ff1b6bdd1be8fc9ce8088bf297fdd4e6
10,ph_bottleneck_H1,0.45969247817993164,200,cls,none,jpeg_compression,1,score,False,274f49f21a03df6f7da7f330fed2fe31ff1b6bdd1be8fc9ce8088bf297fdd4e6
10,ph_wasserstein_H1,22.656038333663766,200,cls,none,jpeg_compression,1,score,False,274f49f21a03df6f7da7f330fed2fe31ff1b6bdd1be8fc9ce8088bf297fdd4e6
10,ph_bottleneck_H0,4.17194938659668,200,patch_mean,none,jpeg_compression,1,score,False,274f49f21a03df6f7da7f330fed2fe31ff1b6bdd1be8fc9ce8088bf297fdd4e6
10,ph_wasserstein_H0,26.57961678504944,200,patch_mean,none,jpeg_compression,1,score,False,274f49f21a03df6f7da7f330fed2fe31ff1b6bdd1be8fc9ce8088bf297fdd4e6
10,ph_bottleneck_H1,0.8391871452331543,200,patch_mean,none,jpeg_compression,1,score,False,274f49f21a03df6f7da7f330fed2fe31ff1b6bdd1be8fc9ce8088bf297fdd4e6
10,ph_wasserstein_H1,21.35754814895302,200,patch_mean,none,jpeg_compression,1,score,False,274f49f21a03df6f7da7f330fed2fe31ff1b6bdd1be8fc9ce8088bf297fdd4e6
11,ph_bottleneck_H0,0.8245563507080078,200,cls,none,jpeg_compression,1,score,False,274f49f21a03df6f7da7f330fed2fe31ff1b6bdd1be8fc9ce8088bf297fdd4e6
11,ph_wasserstein_H0,108.85789155960083,200,cls,none,jpeg_compression,1,score,False,274f49f21a03df6f7da7f330fed2fe31ff1b6bdd1be8fc9ce8088bf297fdd4e6
11,ph_bottleneck_H1,0.4481048583984375,200,cls,none,jpeg_compression,1,score,False,274f49f21a03df6f7da7f330fed2fe31ff1b6bdd1be8fc9ce8088bf297fdd4e6
11,ph_wasserstein_H1,24.26035244387494,200,cls,none,jpeg_compression,1,score,False,274f49f21a03df6f7da7f330fed2fe31ff1b6bdd1be8fc9ce8088bf297fdd4e6
11,ph_bottleneck_H0,1.649099349975586,200,patch_mean,none,jpeg_compression,1,score,False,274f49f21a03df6f7da7f330fed2fe31ff1b6bdd1be8fc9ce8088bf297fdd4e6
11,ph_wasserstein_H0,28.9123272895813,200,patch_mean,none,jpeg_compression,1,score,False,274f49f21a03df6f7da7f330fed2fe31ff1b6bdd1be8fc9ce8088bf297fdd4e6
11,ph_bottleneck_H1,0.5967178344726562,200,patch_mean,none,jpeg_compression,1,score,False,274f49f21a03df6f7da7f330fed2fe31ff1b6bdd1be8fc9ce8088bf297fdd4e6
11,ph_wasserstein_H1,28.432548629677733,200,patch_mean,none,jpeg_compression,1,score,False,274f49f21a03df6f7da7f330fed2fe31ff1b6bdd1be8fc9ce8088bf297fdd4e6
0,ph_bottleneck_H0,0.21694457530975342,200,cls,none,jpeg_compression,3,score,False,274f49f21a03df6f7da7f330fed2fe31ff1b6bdd1be8fc9ce8088bf297fdd4e6
0,ph_wasserstein_H0,4.248467400670052,200,cls,none,jpeg_compression,3,score,False,274f49f21a03df6f7da7f330fed2fe31ff1b6bdd1be8fc9ce8088bf297fdd4e6
0,ph_bottleneck_H1,0.05535614490509033,200,cls,none,jpeg_compression,3,score,False,274f49f21a03df6f7da7f330fed2fe31ff1b6bdd1be8fc9ce8088bf297fdd4e6
0,ph_wasserstein_H1,1.8934763766705387,200,cls,none,jpeg_compression,3,score,False,274f49f21a03df6f7da7f330fed2fe31ff1b6bdd1be8fc9ce8088bf297fdd4e6
0,ph_bottleneck_H0,0.8375005722045898,200,patch_mean,none,jpeg_compression,3,score,False,274f49f21a03df6f7da7f330fed2fe31ff1b6bdd1be8fc9ce8088bf297fdd4e6
0,ph_wasserstein_H0,110.15089106559753,200,patch_mean,none,jpeg_compression,3,score,False,274f49f21a03df6f7da7f330fed2fe31ff1b6bdd1be8fc9ce8088bf297fdd4e6
0,ph_bottleneck_H1,0.43050575256347656,200,patch_mean,none,jpeg_compression,3,score,False,274f49f21a03df6f7da7f330fed2fe31ff1b6bdd1be8fc9ce8088bf297fdd4e6
0,ph_wasserstein_H1,16.707401701536696,200,patch_mean,none,jpeg_compression,3,score,False,274f49f21a03df6f7da7f330fed2fe31ff1b6bdd1be8fc9ce8088bf297fdd4e6
1,ph_bottleneck_H0,0.18494033813476562,200,cls,none,jpeg_compression,3,score,False,274f49f21a03df6f7da7f330fed2fe31ff1b6bdd1be8fc9ce8088bf297fdd4e6
1,ph_wasserstein_H0,15.8848457634449,200,cls,none,jpeg_compression,3,score,False,274f49f21a03df6f7da7f330fed2fe31ff1b6bdd1be8fc9ce8088bf297fdd4e6
1,ph_bottleneck_H1,0.0675654411315918,200,cls,none,jpeg_compression,3,score,False,274f49f21a03df6f7da7f330fed2fe31ff1b6bdd1be8fc9ce8088bf297fdd4e6
1,ph_wasserstein_H1,3.482087591772526,200,cls,none,jpeg_compression,3,score,False,274f49f21a03df6f7da7f330fed2fe31ff1b6bdd1be8fc9ce8088bf297fdd4e6
1,ph_bottleneck_H0,0.8958053588867188,200,patch_mean,none,jpeg_compression,3,score,False,274f49f21a03df6f7da7f330fed2fe31ff1b6bdd1be8fc9ce8088bf297fdd4e6
1,ph_wasserstein_H0,112.94776368141174,200,patch_mean,none,jpeg_compression,3,score,False,274f49f21a03df6f7da7f330fed2fe31ff1b6bdd1be8fc9ce8088bf297fdd4e6
1,ph_bottleneck_H1,0.23721134662628174,200,patch_mean,none,jpeg_compression,3,score,False,274f49f21a03df6f7da7f330fed2fe31ff1b6bdd1be8fc9ce8088bf297fdd4e6
1,ph_wasserstein_H1,15.694826714384133,200,patch_mean,none,jpeg_compression,3,score,False,274f49f21a03df6f7da7f330fed2fe31ff1b6bdd1be8fc9ce8088bf297fdd4e6
2,ph_bottleneck_H0,0.3092254400253296,200,cls,none,jpeg_compression,3,score,False,274f49f21a03df6f7da7f330fed2fe31ff1b6bdd1be8fc9ce8088bf297fdd4e6
2,ph_wasserstein_H0,48.86032921075821,200,cls,none,jpeg_compression,3,score,False,274f49f21a03df6f7da7f330fed2fe31ff1b6bdd1be8fc9ce8088bf297fdd4e6
2,ph_bottleneck_H1,0.11190739274024963,200,cls,none,jpeg_compression,3,score,False,274f49f21a03df6f7da7f330fed2fe31ff1b6bdd1be8fc9ce8088bf297fdd4e6
2,ph_wasserstein_H1,7.081835675878384,200,cls,none,jpeg_compression,3,score,False,274f49f21a03df6f7da7f330fed2fe31ff1b6bdd1be8fc9ce8088bf297fdd4e6
2,ph_bottleneck_H0,1.1341261863708496,200,patch_mean,none,jpeg_compression,3,score,False,274f49f21a03df6f7da7f330fed2fe31ff1b6bdd1be8fc9ce8088bf297fdd4e6
2,ph_wasserstein_H0,116.60372161865234,200,patch_mean,none,jpeg_compression,3,score,False,274f49f21a03df6f7da7f330fed2fe31ff1b6bdd1be8fc9ce8088bf297fdd4e6
2,ph_bottleneck_H1,0.23923444747924805,200,patch_mean,none,jpeg_compression,3,score,False,274f49f21a03df6f7da7f330fed2fe31ff1b6bdd1be8fc9ce8088bf297fdd4e6
2,ph_wasserstein_H1,16.73266701870828,200,patch_mean,none,jpeg_compression,3,score,False,274f49f21a03df6f7da7f330fed2fe31ff1b6bdd1be8fc9ce8088bf297fdd4e6
3,ph_bottleneck_H0,0.41657066345214844,200,cls,none,jpeg_compression,3,score,False,274f49f21a03df6f7da7f330fed2fe31ff1b6bdd1be8fc9ce8088bf297fdd4e6
3,ph_wasserstein_H0,59.064082980155945,200,cls,none,jpeg_compression,3,score,False,274f49f21a03df6f7da7f330fed2fe31ff1b6bdd1be8fc9ce8088bf297fdd4e6
3,ph_bottleneck_H1,0.10558384656906128,200,cls,none,jpeg_compression,3,score,False,274f49f21a03df6f7da7f330fed2fe31ff1b6bdd1be8fc9ce8088bf297fdd4e6
3,ph_wasserstein_H1,10.462622420322244,200,cls,none,jpeg_compression,3,score,False,274f49f21a03df6f7da7f330fed2fe31ff1b6bdd1be8fc9ce8088bf297fdd4e6
3,ph_bottleneck_H0,1.410013198852539,200,patch_mean,none,jpeg_compression,3,score,False,274f49f21a03df6f7da7f330fed2fe31ff1b6bdd1be8fc9ce8088bf297fdd4e6
3,ph_wasserstein_H0,149.59938168525696,200,patch_mean,none,jpeg_compression,3,score,False,274f49f21a03df6f7da7f330fed2fe31ff1b6bdd1be8fc9ce8088bf297fdd4e6
3,ph_bottleneck_H1,0.2978609800338745,200,patch_mean,none,jpeg_compression,3,score,False,274f49f21a03df6f7da7f330fed2fe31ff1b6bdd1be8fc9ce8088bf297fdd4e6
3,ph_wasserstein_H1,20.48711632021184,200,patch_mean,none,jpeg_compression,3,score,False,274f49f21a03df6f7da7f330fed2fe31ff1b6bdd1be8fc9ce8088bf297fdd4e6
4,ph_bottleneck_H0,0.8708500862121582,200,cls,none,jpeg_compression,3,score,False,274f49f21a03df6f7da7f330fed2fe31ff1b6bdd1be8fc9ce8088bf297fdd4e6
4,ph_wasserstein_H0,111.7263354063034,200,cls,none,jpeg_compression,3,score,False,274f49f21a03df6f7da7f330fed2fe31ff1b6bdd1be8fc9ce8088bf297fdd4e6
4,ph_bottleneck_H1,0.16864615678787231,200,cls,none,jpeg_compression,3,score,False,274f49f21a03df6f7da7f330fed2fe31ff1b6bdd1be8fc9ce8088bf297fdd4e6
4,ph_wasserstein_H1,19.538218191419624,200,cls,none,jpeg_compression,3,score,False,274f49f21a03df6f7da7f330fed2fe31ff1b6bdd1be8fc9ce8088bf297fdd4e6
4,ph_bottleneck_H0,1.2177810668945312,200,patch_mean,none,jpeg_compression,3,score,False,274f49f21a03df6f7da7f330fed2fe31ff1b6bdd1be8fc9ce8088bf297fdd4e6
4,ph_wasserstein_H0,146.31512534618378,200,patch_mean,none,jpeg_compression,3,score,False,274f49f21a03df6f7da7f330fed2fe31ff1b6bdd1be8fc9ce8088bf297fdd4e6
4,ph_bottleneck_H1,0.30066490173339844,200,patch_mean,none,jpeg_compression,3,score,False,274f49f21a03df6f7da7f330fed2fe31ff1b6bdd1be8fc9ce8088bf297fdd4e6
4,ph_wasserstein_H1,24.143456045174236,200,patch_mean,none,jpeg_compression,3,score,False,274f49f21a03df6f7da7f330fed2fe31ff1b6bdd1be8fc9ce8088bf297fdd4e6
5,ph_bottleneck_H0,0.8006608486175537,200,cls,none,jpeg_compression,3,score,False,274f49f21a03df6f7da7f330fed2fe31ff1b6bdd1be8fc9ce8088bf297fdd4e6
5,ph_wasserstein_H0,130.3627905845642,200,cls,none,jpeg_compression,3,score,False,274f49f21a03df6f7da7f330fed2fe31ff1b6bdd1be8fc9ce8088bf297fdd4e6
5,ph_bottleneck_H1,0.2819194793701172,200,cls,none,jpeg_compression,3,score,False,274f49f21a03df6f7da7f330fed2fe31ff1b6bdd1be8fc9ce8088bf297fdd4e6
5,ph_wasserstein_H1,25.764525302545152,200,cls,none,jpeg_compression,3,score,False,274f49f21a03df6f7da7f330fed2fe31ff1b6bdd1be8fc9ce8088bf297fdd4e6
5,ph_bottleneck_H0,1.5011801719665527,200,patch_mean,none,jpeg_compression,3,score,False,274f49f21a03df6f7da7f330fed2fe31ff1b6bdd1be8fc9ce8088bf297fdd4e6
5,ph_wasserstein_H0,136.31139969825745,200,patch_mean,none,jpeg_compression,3,score,False,274f49f21a03df6f7da7f330fed2fe31ff1b6bdd1be8fc9ce8088bf297fdd4e6
5,ph_bottleneck_H1,0.29607629776000977,200,patch_mean,none,jpeg_compression,3,score,False,274f49f21a03df6f7da7f330fed2fe31ff1b6bdd1be8fc9ce8088bf297fdd4e6
5,ph_wasserstein_H1,25.134616512639667,200,patch_mean,none,jpeg_compression,3,score,False,274f49f21a03df6f7da7f330fed2fe31ff1b6bdd1be8fc9ce8088bf297fdd4e6
6,ph_bottleneck_H0,0.9581351280212402,200,cls,none,jpeg_compression,3,score,False,274f49f21a03df6f7da7f330fed2fe31ff1b6bdd1be8fc9ce8088bf297fdd4e6
6,ph_wasserstein_H0,141.83992338180542,200,cls,none,jpeg_compression,3,score,False,274f49f21a03df6f7da7f330fed2fe31ff1b6bdd1be8fc9ce8088bf297fdd4e6
6,ph_bottleneck_H1,0.2895009517669678,200,cls,none,jpeg_compression,3,score,False,274f49f21a03df6f7da7f330fed2fe31ff1b6bdd1be8fc9ce8088bf297fdd4e6
6,ph_wasserstein_H1,30.17459031058185,200,cls,none,jpeg_compression,3,score,False,274f49f21a03df6f7da7f330fed2fe31ff1b6bdd1be8fc9ce8088bf297fdd4e6
6,ph_bottleneck_H0,1.9703516960144043,200,patch_mean,none,jpeg_compression,3,score,False,274f49f21a03df6f7da7f330fed2fe31ff1b6bdd1be8fc9ce8088bf297fdd4e6
6,ph_wasserstein_H0,126.92365217208862,200,patch_mean,none,jpeg_compression,3,score,False,274f49f21a03df6f7da7f330fed2fe31ff1b6bdd1be8fc9ce8088bf297fdd4e6
6,ph_bottleneck_H1,0.41506052017211914,200,patch_mean,none,jpeg_compression,3,score,False,274f49f21a03df6f7da7f330fed2fe31ff1b6bdd1be8fc9ce8088bf297fdd4e6
6,ph_wasserstein_H1,25.18047606819224,200,patch_mean,none,jpeg_compression,3,score,False,274f49f21a03df6f7da7f330fed2fe31ff1b6bdd1be8fc9ce8088bf297fdd4e6
7,ph_bottleneck_H0,1.856025218963623,200,cls,none,jpeg_compression,3,score,False,274f49f21a03df6f7da7f330fed2fe31ff1b6bdd1be8fc9ce8088bf297fdd4e6
7,ph_wasserstein_H0,151.14943718910217,200,cls,none,jpeg_compression,3,score,False,274f49f21a03df6f7da7f330fed2fe31ff1b6bdd1be8fc9ce8088bf297fdd4e6
7,ph_bottleneck_H1,0.3418464660644531,200,cls,none,jpeg_compression,3,score,False,274f49f21a03df6f7da7f330fed2fe31ff1b6bdd1be8fc9ce8088bf297fdd4e6
7,ph_wasserstein_H1,45.46908349644213,200,cls,none,jpeg_compression,3,score,False,274f49f21a03df6f7da7f330fed2fe31ff1b6bdd1be8fc9ce8088bf297fdd4e6
7,ph_bottleneck_H0,1.1681537628173828,200,patch_mean,none,jpeg_compression,3,score,False,274f49f21a03df6f7da7f330fed2fe31ff1b6bdd1be8fc9ce8088bf297fdd4e6
7,ph_wasserstein_H0,119.38721561431885,200,patch_mean,none,jpeg_compression,3,score,False,274f49f21a03df6f7da7f330fed2fe31ff1b6bdd1be8fc9ce8088bf297fdd4e6
7,ph_bottleneck_H1,0.47379493713378906,200,patch_mean,none,jpeg_compression,3,score,False,274f49f21a03df6f7da7f330fed2fe31ff1b6bdd1be8fc9ce8088bf297fdd4e6
7,ph_wasserstein_H1,26.78442161824211,200,patch_mean,none,jpeg_compression,3,score,False,274f49f21a03df6f7da7f330fed2fe31ff1b6bdd1be8fc9ce8088bf297fdd4e6
8,ph_bottleneck_H0,2.0679984092712402,200,cls,none,jpeg_compression,3,score,False,274f49f21a03df6f7da7f330fed2fe31ff1b6bdd1be8fc9ce8088bf297fdd4e6
8,ph_wasserstein_H0,154.4021143913269,200,cls,none,jpeg_compression,3,score,False,274f49f21a03df6f7da7f330fed2fe31ff1b6bdd1be8fc9ce8088bf297fdd4e6
8,ph_bottleneck_H1,0.5274231433868408,200,cls,none,jpeg_compression,3,score,False,274f49f21a03df6f7da7f330fed2fe31ff1b6bdd1be8fc9ce8088bf297fdd4e6
8,ph_wasserstein_H1,55.57463693876195,200,cls,none,jpeg_compression,3,score,False,274f49f21a03df6f7da7f330fed2fe31ff1b6bdd1be8fc9ce8088bf297fdd4e6
8,ph_bottleneck_H0,2.2211971282958984,200,patch_mean,none,jpeg_compression,3,score,False,274f49f21a03df6f7da7f330fed2fe31ff1b6bdd1be8fc9ce8088bf297fdd4e6
8,ph_wasserstein_H0,93.09818387031555,200,patch_mean,none,jpeg_compression,3,score,False,274f49f21a03df6f7da7f330fed2fe31ff1b6bdd1be8fc9ce8088bf297fdd4e6
8,ph_bottleneck_H1,0.8068323135375977,200,patch_mean,none,jpeg_compression,3,score,False,274f49f21a03df6f7da7f330fed2fe31ff1b6bdd1be8fc9ce8088bf297fdd4e6
8,ph_wasserstein_H1,21.72898778735978,200,patch_mean,none,jpeg_compression,3,score,False,274f49f21a03df6f7da7f330fed2fe31ff1b6bdd1be8fc9ce8088bf297fdd4e6
9,ph_bottleneck_H0,1.2077183723449707,200,cls,none,jpeg_compression,3,score,False,274f49f21a03df6f7da7f330fed2fe31ff1b6bdd1be8fc9ce8088bf297fdd4e6
9,ph_wasserstein_H0,113.4624240398407,200,cls,none,jpeg_compression,3,score,False,274f49f21a03df6f7da7f330fed2fe31ff1b6bdd1be8fc9ce8088bf297fdd4e6
9,ph_bottleneck_H1,0.43704748153686523,200,cls,none,jpeg_compression,3,score,False,274f49f21a03df6f7da7f330fed2fe31ff1b6bdd1be8fc9ce8088bf297fdd4e6
9,ph_wasserstein_H1,33.37037950630688,200,cls,none,jpeg_compression,3,score,False,274f49f21a03df6f7da7f330fed2fe31ff1b6bdd1be8fc9ce8088bf297fdd4e6
9,ph_bottleneck_H0,1.7675056457519531,200,patch_mean,none,jpeg_compression,3,score,False,274f49f21a03df6f7da7f330fed2fe31ff1b6bdd1be8fc9ce8088bf297fdd4e6
9,ph_wasserstein_H0,68.46265459060669,200,patch_mean,none,jpeg_compression,3,score,False,274f49f21a03df6f7da7f330fed2fe31ff1b6bdd1be8fc9ce8088bf297fdd4e6
9,ph_bottleneck_H1,0.5655102729797363,200,patch_mean,none,jpeg_compression,3,score,False,274f49f21a03df6f7da7f330fed2fe31ff1b6bdd1be8fc9ce8088bf297fdd4e6
9,ph_wasserstein_H1,21.449633411558583,200,patch_mean,none,jpeg_compression,3,score,False,274f49f21a03df6f7da7f330fed2fe31ff1b6bdd1be8fc9ce8088bf297fdd4e6
10,ph_bottleneck_H0,2.997701644897461,200,cls,none,jpeg_compression,3,score,False,274f49f21a03df6f7da7f330fed2fe31ff1b6bdd1be8fc9ce8088bf297fdd4e6
10,ph_wasserstein_H0,147.53492069244385,200,cls,none,jpeg_compression,3,score,False,274f49f21a03df6f7da7f330fed2fe31ff1b6bdd1be8fc9ce8088bf297fdd4e6
10,ph_bottleneck_H1,0.44624853134155273,200,cls,none,jpeg_compression,3,score,False,274f49f21a03df6f7da7f330fed2fe31ff1b6bdd1be8fc9ce8088bf297fdd4e6
10,ph_wasserstein_H1,30.069159314162285,200,cls,none,jpeg_compression,3,score,False,274f49f21a03df6f7da7f330fed2fe31ff1b6bdd1be8fc9ce8088bf297fdd4e6
10,ph_bottleneck_H0,1.927642822265625,200,patch_mean,none,jpeg_compression,3,score,False,274f49f21a03df6f7da7f330fed2fe31ff1b6bdd1be8fc9ce8088bf297fdd4e6
10,ph_wasserstein_H0,67.22084450721741,200,patch_mean,none,jpeg_compression,3,score,False,274f49f21a03df6f7da7f330fed2fe31ff1b6bdd1be8fc9ce8088bf297fdd4e6
10,ph_bottleneck_H1,0.4703502655029297,200,patch_mean,none,jpeg_compression,3,score,False,274f49f21a03df6f7da7f330fed2fe31ff1b6bdd1be8fc9ce8088bf297fdd4e6
10,ph_wasserstein_H1,21.742884510067974,200,patch_mean,none,jpeg_compression,3,score,False,274f49f21a03df6f7da7f330fed2fe31ff1b6bdd1be8fc9ce8088bf297fdd4e6
11,ph_bottleneck_H0,1.395456314086914,200,cls,none,jpeg_compression,3,score,False,274f49f21a03df6f7da7f330fed2fe31ff1b6bdd1be8fc9ce8088bf297fdd4e6
11,ph_wasserstein_H0,179.78883123397827,200,cls,none,jpeg_compression,3,score,False,274f49f21a03df6f7da7f330fed2fe31ff1b6bdd1be8fc9ce8088bf297fdd4e6
11,ph_bottleneck_H1,0.40857434272766113,200,cls,none,jpeg_compression,3,score,False,274f49f21a03df6f7da7f330fed2fe31ff1b6bdd1be8fc9ce8088bf297fdd4e6
11,ph_wasserstein_H1,35.301668195679056,200,cls,none,jpeg_compression,3,score,False,274f49f21a03df6f7da7f330fed2fe31ff1b6bdd1be8fc9ce8088bf297fdd4e6
11,ph_bottleneck_H0,1.6761035919189453,200,patch_mean,none,jpeg_compression,3,score,False,274f49f21a03df6f7da7f330fed2fe31ff1b6bdd1be8fc9ce8088bf297fdd4e6
11,ph_wasserstein_H0,77.03333282470703,200,patch_mean,none,jpeg_compression,3,score,False,274f49f21a03df6f7da7f330fed2fe31ff1b6bdd1be8fc9ce8088bf297fdd4e6
11,ph_bottleneck_H1,0.5532221794128418,200,patch_mean,none,jpeg_compression,3,score,False,274f49f21a03df6f7da7f330fed2fe31ff1b6bdd1be8fc9ce8088bf297fdd4e6
11,ph_wasserstein_H1,29.507305685405363,200,patch_mean,none,jpeg_compression,3,score,False,274f49f21a03df6f7da7f330fed2fe31ff1b6bdd1be8fc9ce8088bf297fdd4e6
0,ph_bottleneck_H0,0.29353535175323486,200,cls,none,jpeg_compression,5,score,False,274f49f21a03df6f7da7f330fed2fe31ff1b6bdd1be8fc9ce8088bf297fdd4e6
0,ph_wasserstein_H0,8.297256842255592,200,cls,none,jpeg_compression,5,score,False,274f49f21a03df6f7da7f330fed2fe31ff1b6bdd1be8fc9ce8088bf297fdd4e6
0,ph_bottleneck_H1,0.05535614490509033,200,cls,none,jpeg_compression,5,score,False,274f49f21a03df6f7da7f330fed2fe31ff1b6bdd1be8fc9ce8088bf297fdd4e6
0,ph_wasserstein_H1,2.220932362452717,200,cls,none,jpeg_compression,5,score,False,274f49f21a03df6f7da7f330fed2fe31ff1b6bdd1be8fc9ce8088bf297fdd4e6
0,ph_bottleneck_H0,1.4676504135131836,200,patch_mean,none,jpeg_compression,5,score,False,274f49f21a03df6f7da7f330fed2fe31ff1b6bdd1be8fc9ce8088bf297fdd4e6
0,ph_wasserstein_H0,179.98192262649536,200,patch_mean,none,jpeg_compression,5,score,False,274f49f21a03df6f7da7f330fed2fe31ff1b6bdd1be8fc9ce8088bf297fdd4e6
0,ph_bottleneck_H1,0.40857839584350586,200,patch_mean,none,jpeg_compression,5,score,False,274f49f21a03df6f7da7f330fed2fe31ff1b6bdd1be8fc9ce8088bf297fdd4e6
0,ph_wasserstein_H1,22.26757999080077,200,patch_mean,none,jpeg_compression,5,score,False,274f49f21a03df6f7da7f330fed2fe31ff1b6bdd1be8fc9ce8088bf297fdd4e6
1,ph_bottleneck_H0,0.2898036241531372,200,cls,none,jpeg_compression,5,score,False,274f49f21a03df6f7da7f330fed2fe31ff1b6bdd1be8fc9ce8088bf297fdd4e6
1,ph_wasserstein_H0,29.357232719659805,200,cls,none,jpeg_compression,5,score,False,274f49f21a03df6f7da7f330fed2fe31ff1b6bdd1be8fc9ce8088bf297fdd4e6
1,ph_bottleneck_H1,0.06454414129257202,200,cls,none,jpeg_compression,5,score,False,274f49f21a03df6f7da7f330fed2fe31ff1b6bdd1be8fc9ce8088bf297fdd4e6
1,ph_wasserstein_H1,5.010524360907011,200,cls,none,jpeg_compression,5,score,False,274f49f21a03df6f7da7f330fed2fe31ff1b6bdd1be8fc9ce8088bf297fdd4e6
1,ph_bottleneck_H0,1.6175336837768555,200,patch_mean,none,jpeg_compression,5,score,False,274f49f21a03df6f7da7f330fed2fe31ff1b6bdd1be8fc9ce8088bf297fdd4e6
1,ph_wasserstein_H0,171.38341164588928,200,patch_mean,none,jpeg_compression,5,score,False,274f49f21a03df6f7da7f330fed2fe31ff1b6bdd1be8fc9ce8088bf297fdd4e6
1,ph_bottleneck_H1,0.24168038368225098,200,patch_mean,none,jpeg_compression,5,score,False,274f49f21a03df6f7da7f330fed2fe31ff1b6bdd1be8fc9ce8088bf297fdd4e6
1,ph_wasserstein_H1,19.21650831193244,200,patch_mean,none,jpeg_compression,5,score,False,274f49f21a03df6f7da7f330fed2fe31ff1b6bdd1be8fc9ce8088bf297fdd4e6
2,ph_bottleneck_H0,0.44992756843566895,200,cls,none,jpeg_compression,5,score,False,274f49f21a03df6f7da7f330fed2fe31ff1b6bdd1be8fc9ce8088bf297fdd4e6
2,ph_wasserstein_H0,70.67471200227737,200,cls,none,jpeg_compression,5,score,False,274f49f21a03df6f7da7f330fed2fe31ff1b6bdd1be8fc9ce8088bf297fdd4e6
2,ph_bottleneck_H1,0.12741172313690186,200,cls,none,jpeg_compression,5,score,False,274f49f21a03df6f7da7f330fed2fe31ff1b6bdd1be8fc9ce8088bf297fdd4e6
2,ph_wasserstein_H1,8.443658667858855,200,cls,none,jpeg_compression,5,score,False,274f49f21a03df6f7da7f330fed2fe31ff1b6bdd1be8fc9ce8088bf297fdd4e6
2,ph_bottleneck_H0,1.530019760131836,200,patch_mean,none,jpeg_compression,5,score,False,274f49f21a03df6f7da7f330fed2fe31ff1b6bdd1be8fc9ce8088bf297fdd4e6
2,ph_wasserstein_H0,174.02898597717285,200,patch_mean,none,jpeg_compression,5,score,False,274f49f21a03df6f7da7f330fed2fe31ff1b6bdd1be8fc9ce8088bf297fdd4e6
2,ph_bottleneck_H1,0.3104182481765747,200,patch_mean,none,jpeg_compression,5,score,False,274f49f21a03df6f7da7f330fed2fe31ff1b6bdd1be8fc9ce8088bf297fdd4e6
2,ph_wasserstein_H1,21.698643384764516,200,patch_mean,none,jpeg_compression,5,score,False,274f49f21a03df6f7da7f330fed2fe31ff1b6bdd1be8fc9ce8088bf297fdd4e6
3,ph_bottleneck_H0,0.7291929721832275,200,cls,none,jpeg_compression,5,score,False,274f49f21a03df6f7da7f330fed2fe31ff1b6bdd1be8fc9ce8088bf297fdd4e6
3,ph_wasserstein_H0,79.87134301662445,200,cls,none,jpeg_compression,5,score,False,274f49f21a03df6f7da7f330fed2fe31ff1b6bdd1be8fc9ce8088bf297fdd4e6
3,ph_bottleneck_H1,0.12971490621566772,200,cls,none,jpeg_compression,5,score,False,274f49f21a03df6f7da7f330fed2fe31ff1b6bdd1be8fc9ce8088bf297fdd4e6
3,ph_wasserstein_H1,13.353195011691454,200,cls,none,jpeg_compression,5,score,False,274f49f21a03df6f7da7f330fed2fe31ff1b6bdd1be8fc9ce8088bf297fdd4e6
3,ph_bottleneck_H0,2.1005125045776367,200,patch_mean,none,jpeg_compression,5,score,False,274f49f21a03df6f7da7f330fed2fe31ff1b6bdd1be8fc9ce8088bf297fdd4e6
3,ph_wasserstein_H0,202.42976987361908,200,patch_mean,none,jpeg_compression,5,score,False,274f49f21a03df6f7da7f330fed2fe31ff1b6bdd1be8fc9ce8088bf297fdd4e6
3,ph_bottleneck_H1,0.2978609800338745,200,patch_mean,none,jpeg_compression,5,score,False,274f49f21a03df6f7da7f330fed2fe31ff1b6bdd1be8fc9ce8088bf297fdd4e6
3,ph_wasserstein_H1,24.80606306314442,200,patch_mean,none,jpeg_compression,5,score,False,274f49f21a03df6f7da7f330fed2fe31ff1b6bdd1be8fc9ce8088bf297fdd4e6
4,ph_bottleneck_H0,1.287400245666504,200,cls,none,jpeg_compression,5,score,False,274f49f21a03df6f7da7f330fed2fe31ff1b6bdd1be8fc9ce8088bf297fdd4e6
4,ph_wasserstein_H0,159.19983744621277,200,cls,none,jpeg_compression,5,score,False,274f49f21a03df6f7da7f330fed2fe31ff1b6bdd1be8fc9ce8088bf297fdd4e6
4,ph_bottleneck_H1,0.16686701774597168,200,cls,none,jpeg_compression,5,score,False,274f49f21a03df6f7da7f330fed2fe31ff1b6bdd1be8fc9ce8088bf297fdd4e6
4,ph_wasserstein_H1,20.069658658808542,200,cls,none,jpeg_compression,5,score,False,274f49f21a03df6f7da7f330fed2fe31ff1b6bdd1be8fc9ce8088bf297fdd4e6
4,ph_bottleneck_H0,2.1050186157226562,200,patch_mean,none,jpeg_compression,5,score,False,274f49f21a03df6f7da7f330fed2fe31ff1b6bdd1be8fc9ce8088bf297fdd4e6
4,ph_wasserstein_H0,207.9959832429886,200,patch_mean,none,jpeg_compression,5,score,False,274f49f21a03df6f7da7f330fed2fe31ff1b6bdd1be8fc9ce8088bf297fdd4e6
4,ph_bottleneck_H1,0.2759087085723877,200,patch_mean,none,jpeg_compression,5,score,False,274f49f21a03df6f7da7f330fed2fe31ff1b6bdd1be8fc9ce8088bf297fdd4e6
4,ph_wasserstein_H1,25.974892885683083,200,patch_mean,none,jpeg_compression,5,score,False,274f49f21a03df6f7da7f330fed2fe31ff1b6bdd1be8fc9ce8088bf297fdd4e6
5,ph_bottleneck_H0,1.3934314250946045,200,cls,none,jpeg_compression,5,score,False,274f49f21a03df6f7da7f330fed2fe31ff1b6bdd1be8fc9ce8088bf297fdd4e6
5,ph_wasserstein_H0,201.11177706718445,200,cls,none,jpeg_compression,5,score,False,274f49f21a03df6f7da7f330fed2fe31ff1b6bdd1be8fc9ce8088bf297fdd4e6
5,ph_bottleneck_H1,0.3018801212310791,200,cls,none,jpeg_compression,5,score,False,274f49f21a03df6f7da7f330fed2fe31ff1b6bdd1be8fc9ce8088bf297fdd4e6
5,ph_wasserstein_H1,28.99320030590277,200,cls,none,jpeg_compression,5,score,False,274f49f21a03df6f7da7f330fed2fe31ff1b6bdd1be8fc9ce8088bf297fdd4e6
5,ph_bottleneck_H0,2.0889930725097656,200,patch_mean,none,jpeg_compression,5,score,False,274f49f21a03df6f7da7f330fed2fe31ff1b6bdd1be8fc9ce8088bf297fdd4e6
5,ph_wasserstein_H0,205.5568766593933,200,patch_mean,none,jpeg_compression,5,score,False,274f49f21a03df6f7da7f330fed2fe31ff1b6bdd1be8fc9ce8088bf297fdd4e6
5,ph_bottleneck_H1,0.3843677043914795,200,patch_mean,none,jpeg_compression,5,score,False,274f49f21a03df6f7da7f330fed2fe31ff1b6bdd1be8fc9ce8088bf297fdd4e6
5,ph_wasserstein_H1,33.04728331473999,200,patch_mean,none,jpeg_compression,5,score,False,274f49f21a03df6f7da7f330fed2fe31ff1b6bdd1be8fc9ce8088bf297fdd4e6
6,ph_bottleneck_H0,1.5691425800323486,200,cls,none,jpeg_compression,5,score,False,274f49f21a03df6f7da7f330fed2fe31ff1b6bdd1be8fc9ce8088bf297fdd4e6
6,ph_wasserstein_H0,225.40999019145966,200,cls,none,jpeg_compression,5,score,False,274f49f21a03df6f7da7f330fed2fe31ff1b6bdd1be8fc9ce8088bf297fdd4e6
6,ph_bottleneck_H1,0.33258962631225586,200,cls,none,jpeg_compression,5,score,False,274f49f21a03df6f7da7f330fed2fe31ff1b6bdd1be8fc9ce8088bf297fdd4e6
6,ph_wasserstein_H1,35.973426729325254,200,cls,none,jpeg_compression,5,score,False,274f49f21a03df6f7da7f330fed2fe31ff1b6bdd1be8fc9ce8088bf297fdd4e6
6,ph_bottleneck_H0,2.0312037467956543,200,patch_mean,none,jpeg_compression,5,score,False,274f49f21a03df6f7da7f330fed2fe31ff1b6bdd1be8fc9ce8088bf297fdd4e6
6,ph_wasserstein_H0,200.5526623725891,200,patch_mean,none,jpeg_compression,5,score,False,274f49f21a03df6f7da7f330fed2fe31ff1b6bdd1be8fc9ce8088bf297fdd4e6
6,ph_bottleneck_H1,0.4405183792114258,200,patch_mean,none,jpeg_compression,5,score,False,274f49f21a03df6f7da7f330fed2fe31ff1b6bdd1be8fc9ce8088bf297fdd4e6
6,ph_wasserstein_H1,35.799019628210615,200,patch_mean,none,jpeg_compression,5,score,False,274f49f21a03df6f7da7f330fed2fe31ff1b6bdd1be8fc9ce8088bf297fdd4e6
7,ph_bottleneck_H0,1.989180088043213,200,cls,none,jpeg_compression,5,score,False,274f49f21a03df6f7da7f330fed2fe31ff1b6bdd1be8fc9ce8088bf297fdd4e6
7,ph_wasserstein_H0,237.85246968269348,200,cls,none,jpeg_compression,5,score,False,274f49f21a03df6f7da7f330fed2fe31ff1b6bdd1be8fc9ce8088bf297fdd4e6
7,ph_bottleneck_H1,0.4046900272369385,200,cls,none,jpeg_compression,5,score,False,274f49f21a03df6f7da7f330fed2fe31ff1b6bdd1be8fc9ce8088bf297fdd4e6
7,ph_wasserstein_H1,49.62284534059154,200,cls,none,jpeg_compression,5,score,False,274f49f21a03df6f7da7f330fed2fe31ff1b6bdd1be8fc9ce8088bf297fdd4e6
7,ph_bottleneck_H0,1.8322381973266602,200,patch_mean,none,jpeg_compression,5,score,False,274f49f21a03df6f7da7f330fed2fe31ff1b6bdd1be8fc9ce8088bf297fdd4e6
7,ph_wasserstein_H0,203.82925415039062,200,patch_mean,none,jpeg_compression,5,score,False,274f49f21a03df6f7da7f330fed2fe31ff1b6bdd1be8fc9ce8088bf297fdd4e6
7,ph_bottleneck_H1,0.5538511276245117,200,patch_mean,none,jpeg_compression,5,score,False,274f49f21a03df6f7da7f330fed2fe31ff1b6bdd1be8fc9ce8088bf297fdd4e6
7,ph_wasserstein_H1,37.368201127734764,200,patch_mean,none,jpeg_compression,5,score,False,274f49f21a03df6f7da7f330fed2fe31ff1b6bdd1be8fc9ce8088bf297fdd4e6
8,ph_bottleneck_H0,2.589297294616699,200,cls,none,jpeg_compression,5,score,False,274f49f21a03df6f7da7f330fed2fe31ff1b6bdd1be8fc9ce8088bf297fdd4e6
8,ph_wasserstein_H0,233.46870231628418,200,cls,none,jpeg_compression,5,score,False,274f49f21a03df6f7da7f330fed2fe31ff1b6bdd1be8fc9ce8088bf297fdd4e6
8,ph_bottleneck_H1,0.5274231433868408,200,cls,none,jpeg_compression,5,score,False,274f49f21a03df6f7da7f330fed2fe31ff1b6bdd1be8fc9ce8088bf297fdd4e6
8,ph_wasserstein_H1,61.91679011232638,200,cls,none,jpeg_compression,5,score,False,274f49f21a03df6f7da7f330fed2fe31ff1b6bdd1be8fc9ce8088bf297fdd4e6
8,ph_bottleneck_H0,6.370595932006836,200,patch_mean,none,jpeg_compression,5,score,False,274f49f21a03df6f7da7f330fed2fe31ff1b6bdd1be8fc9ce8088bf297fdd4e6
8,ph_wasserstein_H0,171.3588466644287,200,patch_mean,none,jpeg_compression,5,score,False,274f49f21a03df6f7da7f330fed2fe31ff1b6bdd1be8fc9ce8088bf297fdd4e6
8,ph_bottleneck_H1,0.6475615501403809,200,patch_mean,none,jpeg_compression,5,score,False,274f49f21a03df6f7da7f330fed2fe31ff1b6bdd1be8fc9ce8088bf297fdd4e6
8,ph_wasserstein_H1,28.65135211325871,200,patch_mean,none,jpeg_compression,5,score,False,274f49f21a03df6f7da7f330fed2fe31ff1b6bdd1be8fc9ce8088bf297fdd4e6
9,ph_bottleneck_H0,3.4565048217773438,200,cls,none,jpeg_compression,5,score,False,274f49f21a03df6f7da7f330fed2fe31ff1b6bdd1be8fc9ce8088bf297fdd4e6
9,ph_wasserstein_H0,204.03149962425232,200,cls,none,jpeg_compression,5,score,False,274f49f21a03df6f7da7f330fed2fe31ff1b6bdd1be8fc9ce8088bf297fdd4e6
9,ph_bottleneck_H1,0.526397705078125,200,cls,none,jpeg_compression,5,score,False,274f49f21a03df6f7da7f330fed2fe31ff1b6bdd1be8fc9ce8088bf297fdd4e6
9,ph_wasserstein_H1,46.60483306118254,200,cls,none,jpeg_compression,5,score,False,274f49f21a03df6f7da7f330fed2fe31ff1b6bdd1be8fc9ce8088bf297fdd4e6
9,ph_bottleneck_H0,7.445448875427246,200,patch_mean,none,jpeg_compression,5,score,False,274f49f21a03df6f7da7f330fed2fe31ff1b6bdd1be8fc9ce8088bf297fdd4e6
9,ph_wasserstein_H0,165.49943852424622,200,patch_mean,none,jpeg_compression,5,score,False,274f49f21a03df6f7da7f330fed2fe31ff1b6bdd1be8fc9ce8088bf297fdd4e6
9,ph_bottleneck_H1,0.5901660919189453,200,patch_mean,none,jpeg_compression,5,score,False,274f49f21a03df6f7da7f330fed2fe31ff1b6bdd1be8fc9ce8088bf297fdd4e6
9,ph_wasserstein_H1,32.33112975714783,200,patch_mean,none,jpeg_compression,5,score,False,274f49f21a03df6f7da7f330fed2fe31ff1b6bdd1be8fc9ce8088bf297fdd4e6
10,ph_bottleneck_H0,4.636884689331055,200,cls,none,jpeg_compression,5,score,False,274f49f21a03df6f7da7f330fed2fe31ff1b6bdd1be8fc9ce8088bf297fdd4e6
10,ph_wasserstein_H0,251.16661834716797,200,cls,none,jpeg_compression,5,score,False,274f49f21a03df6f7da7f330fed2fe31ff1b6bdd1be8fc9ce8088bf297fdd4e6
10,ph_bottleneck_H1,0.5181441307067871,200,cls,none,jpeg_compression,5,score,False,274f49f21a03df6f7da7f330fed2fe31ff1b6bdd1be8fc9ce8088bf297fdd4e6
10,ph_wasserstein_H1,41.79587505082887,200,cls,none,jpeg_compression,5,score,False,274f49f21a03df6f7da7f330fed2fe31ff1b6bdd1be8fc9ce8088bf297fdd4e6
10,ph_bottleneck_H0,2.9552249908447266,200,patch_mean,none,jpeg_compression,5,score,False,274f49f21a03df6f7da7f330fed2fe31ff1b6bdd1be8fc9ce8088bf297fdd4e6
10,ph_wasserstein_H0,161.6017279624939,200,patch_mean,none,jpeg_compression,5,score,False,274f49f21a03df6f7da7f330fed2fe31ff1b6bdd1be8fc9ce8088bf297fdd4e6
10,ph_bottleneck_H1,0.5058927536010742,200,patch_mean,none,jpeg_compression,5,score,False,274f49f21a03df6f7da7f330fed2fe31ff1b6bdd1be8fc9ce8088bf297fdd4e6
10,ph_wasserstein_H1,28.60424783868705,200,patch_mean,none,jpeg_compression,5,score,False,274f49f21a03df6f7da7f330fed2fe31ff1b6bdd1be8fc9ce8088bf297fdd4e6
11,ph_bottleneck_H0,1.866797924041748,200,cls,none,jpeg_compression,5,score,False,274f49f21a03df6f7da7f330fed2fe31ff1b6bdd1be8fc9ce8088bf297fdd4e6
11,ph_wasserstein_H0,282.73965311050415,200,cls,none,jpeg_compression,5,score,False,274f49f21a03df6f7da7f330fed2fe31ff1b6bdd1be8fc9ce8088bf297fdd4e6
11,ph_bottleneck_H1,0.5276012420654297,200,cls,none,jpeg_compression,5,score,False,274f49f21a03df6f7da7f330fed2fe31ff1b6bdd1be8fc9ce8088bf297fdd4e6
11,ph_wasserstein_H1,42.76984089447815,200,cls,none,jpeg_compression,5,score,False,274f49f21a03df6f7da7f330fed2fe31ff1b6bdd1be8fc9ce8088bf297fdd4e6
11,ph_bottleneck_H0,1.3773999214172363,200,patch_mean,none,jpeg_compression,5,score,False,274f49f21a03df6f7da7f330fed2fe31ff1b6bdd1be8fc9ce8088bf297fdd4e6
11,ph_wasserstein_H0,215.15164518356323,200,patch_mean,none,jpeg_compression,5,score,False,274f49f21a03df6f7da7f330fed2fe31ff1b6bdd1be8fc9ce8088bf297fdd4e6
11,ph_bottleneck_H1,0.7796010971069336,200,patch_mean,none,jpeg_compression,5,score,False,274f49f21a03df6f7da7f330fed2fe31ff1b6bdd1be8fc9ce8088bf297fdd4e6
11,ph_wasserstein_H1,46.94231076867314,200,patch_mean,none,jpeg_compression,5,score,False,274f49f21a03df6f7da7f330fed2fe31ff1b6bdd1be8fc9ce8088bf297fdd4e6
